signal_date,symbol,strategy_name,composite_score,forward_10d_return,split
2025-11-07,3MINDIA,RS Momentum Breakout,0.7446808510638299,1.1266,VALIDATION
2025-11-10,3MINDIA,RS Momentum Breakout,0.763888888888889,-1.8056,VALIDATION
2025-11-11,3MINDIA,RS Momentum Breakout,0.4533333333333333,-2.2438,VALIDATION
2025-11-12,3MINDIA,RS Momentum Breakout,0.4272727272727272,-1.8785,VALIDATION
2025-11-13,3MINDIA,RS Momentum Breakout,0.5,-3.1652,VALIDATION
2025-11-14,3MINDIA,RS Momentum Breakout,0.4466666666666667,-2.7902,VALIDATION
2025-11-17,3MINDIA,RS Momentum Breakout,0.52,-4.3544,VALIDATION
2025-11-18,3MINDIA,RS Momentum Breakout,0.5510204081632654,-3.7396,VALIDATION
2025-11-19,3MINDIA,RS Momentum Breakout,0.5308641975308642,-4.0839,VALIDATION
2025-11-20,3MINDIA,RS Momentum Breakout,0.5030303030303029,-2.8108,VALIDATION
2025-11-21,3MINDIA,RS Momentum Breakout,0.4874213836477987,-3.7512,VALIDATION
2025-11-24,3MINDIA,RS Momentum Breakout,0.4795918367346938,-0.5271,VALIDATION
2025-11-25,3MINDIA,RS Momentum Breakout,0.5196078431372548,-2.2805,VALIDATION
2025-11-26,3MINDIA,RS Momentum Breakout,0.4444444444444444,-3.4343,VALIDATION
2025-11-27,3MINDIA,EMA Pullback / Bounce,0.2527777777777778,-1.373,VALIDATION
2025-11-27,3MINDIA,RS Momentum Breakout,0.2527777777777778,-1.373,VALIDATION
2025-11-28,3MINDIA,VCP Volatility Contraction Breakout,0.2860696517412935,0.8244,VALIDATION
2025-11-28,3MINDIA,EMA Pullback / Bounce,0.2860696517412935,0.8244,VALIDATION
2025-12-01,3MINDIA,VCP Volatility Contraction Breakout,0.2611111111111111,2.1542,VALIDATION
2025-12-01,3MINDIA,EMA Pullback / Bounce,0.2611111111111111,2.1542,VALIDATION
2025-12-02,3MINDIA,VCP Volatility Contraction Breakout,0.2604166666666667,1.7842,VALIDATION
2025-12-02,3MINDIA,EMA Pullback / Bounce,0.2604166666666667,1.7842,VALIDATION
2025-12-03,3MINDIA,VCP Volatility Contraction Breakout,0.2857142857142857,1.0644,VALIDATION
2025-12-03,3MINDIA,EMA Pullback / Bounce,0.2857142857142857,1.0644,VALIDATION
2025-12-04,3MINDIA,VCP Volatility Contraction Breakout,0.4845679012345679,0.7046,VALIDATION
2025-12-04,3MINDIA,EMA Pullback / Bounce,0.4845679012345679,0.7046,VALIDATION
2025-12-05,3MINDIA,EMA Pullback / Bounce,0.15625,2.1828,VALIDATION
2025-12-08,3MINDIA,EMA Pullback / Bounce,0.6868686868686869,2.2655,VALIDATION
2025-12-09,3MINDIA,EMA Pullback / Bounce,0.3703703703703704,1.493,VALIDATION
2025-12-10,3MINDIA,EMA Pullback / Bounce,0.5213675213675214,0.392,VALIDATION
2025-12-11,3MINDIA,EMA Pullback / Bounce,0.5047619047619047,-0.4606,VALIDATION
2025-12-12,3MINDIA,RS Momentum Breakout,0.6590909090909091,-3.2426,VALIDATION
2025-12-15,3MINDIA,RS Momentum Breakout,0.5952380952380952,-0.0283,VALIDATION
2025-12-16,3MINDIA,VCP Volatility Contraction Breakout,0.4833333333333333,-0.2556,VALIDATION
2025-12-16,3MINDIA,RS Momentum Breakout,0.4833333333333333,-0.2556,VALIDATION
2025-12-17,3MINDIA,VCP Volatility Contraction Breakout,0.5384615384615384,1.9974,VALIDATION
2025-12-17,3MINDIA,EMA Pullback / Bounce,0.5384615384615384,1.9974,VALIDATION
2025-12-18,3MINDIA,VCP Volatility Contraction Breakout,0.4444444444444444,3.2691,VALIDATION
2025-12-18,3MINDIA,EMA Pullback / Bounce,0.4444444444444444,3.2691,VALIDATION
2025-12-19,3MINDIA,VCP Volatility Contraction Breakout,0.4518518518518519,3.0737,VALIDATION
2025-12-19,3MINDIA,EMA Pullback / Bounce,0.4518518518518519,3.0737,VALIDATION
2025-12-22,3MINDIA,VCP Volatility Contraction Breakout,0.4966666666666667,-0.7932,VALIDATION
2025-12-22,3MINDIA,EMA Pullback / Bounce,0.4966666666666667,-0.7932,VALIDATION
2025-12-23,3MINDIA,VCP Volatility Contraction Breakout,0.5212765957446809,-0.3856,VALIDATION
2025-12-23,3MINDIA,EMA Pullback / Bounce,0.5212765957446809,-0.3856,VALIDATION
2025-12-24,3MINDIA,EMA Pullback / Bounce,0.3576388888888889,0.1438,VALIDATION
2025-12-26,3MINDIA,EMA Pullback / Bounce,0.3484848484848484,-1.3439,VALIDATION
2025-12-29,3MINDIA,EMA Pullback / Bounce,0.2341269841269841,0.9712,VALIDATION
2025-12-30,3MINDIA,EMA Pullback / Bounce,0.7094017094017094,-0.0571,VALIDATION
2025-12-31,3MINDIA,EMA Pullback / Bounce,0.4404761904761904,0.7105,VALIDATION
2026-01-01,3MINDIA,Donchian Channel Breakout,0.6006944444444444,-2.2734,VALIDATION
2026-01-01,3MINDIA,RS Momentum Breakout,0.6006944444444444,-2.2734,VALIDATION
2026-01-02,3MINDIA,Donchian Channel Breakout,0.6578947368421052,-5.2668,VALIDATION
2026-01-02,3MINDIA,RS Momentum Breakout,0.6578947368421052,-5.2668,VALIDATION
2026-01-05,3MINDIA,RS Momentum Breakout,0.5507246376811595,-8.1969,VALIDATION
2026-01-06,3MINDIA,EMA Pullback / Bounce,0.4078014184397163,-2.6361,VALIDATION
2026-01-07,3MINDIA,EMA Pullback / Bounce,0.3598484848484848,-2.7957,VALIDATION
2026-01-08,3MINDIA,EMA Pullback / Bounce,0.2984496124031007,-2.7299,VALIDATION
2026-01-12,3MINDIA,EMA Pullback / Bounce,0.3333333333333333,-3.0146,VALIDATION
2026-01-13,3MINDIA,EMA Pullback / Bounce,0.5904761904761905,-1.0862,VALIDATION
2026-01-14,3MINDIA,EMA Pullback / Bounce,0.5135135135135135,-2.9491,VALIDATION
2026-01-16,3MINDIA,EMA Pullback / Bounce,0.3611111111111111,-1.033,VALIDATION
2026-01-29,3MINDIA,EMA Pullback / Bounce,0.5490196078431372,9.3891,VALIDATION
2026-01-30,3MINDIA,EMA Pullback / Bounce,0.4814814814814814,1.8121,VALIDATION
2026-02-02,3MINDIA,EMA Pullback / Bounce,0.3611111111111111,1.3905,VALIDATION
2025-10-15,ABCAPITAL,VCP Volatility Contraction Breakout,0.5340136054421768,7.6771,VALIDATION
2025-10-15,ABCAPITAL,RS Momentum Breakout,0.5340136054421768,7.6771,VALIDATION
2025-10-16,ABCAPITAL,VCP Volatility Contraction Breakout,0.3611111111111111,8.0667,VALIDATION
2025-10-17,ABCAPITAL,VCP Volatility Contraction Breakout,0.4183006535947712,11.0465,VALIDATION
2025-10-17,ABCAPITAL,EMA Pullback / Bounce,0.4183006535947712,11.0465,VALIDATION
2025-10-20,ABCAPITAL,VCP Volatility Contraction Breakout,0.5887096774193549,8.2462,VALIDATION
2025-10-20,ABCAPITAL,RS Momentum Breakout,0.5887096774193549,8.2462,VALIDATION
2025-10-21,ABCAPITAL,VCP Volatility Contraction Breakout,0.3805555555555555,7.2471,VALIDATION
2025-10-21,ABCAPITAL,RS Momentum Breakout,0.3805555555555555,7.2471,VALIDATION
2025-10-23,ABCAPITAL,Donchian Channel Breakout,0.6140350877192983,9.4706,VALIDATION
2025-10-23,ABCAPITAL,VCP Volatility Contraction Breakout,0.6140350877192983,9.4706,VALIDATION
2025-10-23,ABCAPITAL,RS Momentum Breakout,0.6140350877192983,9.4706,VALIDATION
2025-10-24,ABCAPITAL,VCP Volatility Contraction Breakout,0.5059523809523809,8.9499,VALIDATION
2025-10-24,ABCAPITAL,RS Momentum Breakout,0.5059523809523809,8.9499,VALIDATION
2025-10-27,ABCAPITAL,Donchian Channel Breakout,0.5660377358490566,4.1917,VALIDATION
2025-10-27,ABCAPITAL,VCP Volatility Contraction Breakout,0.5660377358490566,4.1917,VALIDATION
2025-10-27,ABCAPITAL,RS Momentum Breakout,0.5660377358490566,4.1917,VALIDATION
2025-10-28,ABCAPITAL,Donchian Channel Breakout,0.8271604938271606,5.3035,VALIDATION
2025-10-28,ABCAPITAL,VCP Volatility Contraction Breakout,0.8271604938271606,5.3035,VALIDATION
2025-10-28,ABCAPITAL,RS Momentum Breakout,0.8271604938271606,5.3035,VALIDATION
2025-10-29,ABCAPITAL,VCP Volatility Contraction Breakout,0.7424242424242423,6.7568,VALIDATION
2025-10-29,ABCAPITAL,RS Momentum Breakout,0.7424242424242423,6.7568,VALIDATION
2025-10-30,ABCAPITAL,Donchian Channel Breakout,0.956896551724138,1.3611,VALIDATION
2025-10-30,ABCAPITAL,RS Momentum Breakout,0.956896551724138,1.3611,VALIDATION
2025-10-31,ABCAPITAL,RS Momentum Breakout,0.9043715846994536,2.8098,VALIDATION
2025-11-03,ABCAPITAL,Donchian Channel Breakout,0.8779761904761904,-0.6857,VALIDATION
2025-11-03,ABCAPITAL,RS Momentum Breakout,0.8779761904761904,-0.6857,VALIDATION
2025-11-04,ABCAPITAL,RS Momentum Breakout,0.6955128205128206,-0.1208,VALIDATION
2025-11-06,ABCAPITAL,RS Momentum Breakout,0.608843537414966,1.1415,VALIDATION
2025-11-07,ABCAPITAL,Donchian Channel Breakout,0.7907801418439716,-3.9097,VALIDATION
2025-11-07,ABCAPITAL,RS Momentum Breakout,0.7907801418439716,-3.9097,VALIDATION
2025-11-10,ABCAPITAL,RS Momentum Breakout,0.5034722222222222,-0.3154,VALIDATION
2025-11-11,ABCAPITAL,RS Momentum Breakout,0.4166666666666667,4.8884,VALIDATION
2025-11-12,ABCAPITAL,RS Momentum Breakout,0.3696969696969697,6.6463,VALIDATION
2025-11-13,ABCAPITAL,RS Momentum Breakout,0.5,6.5102,VALIDATION
2025-11-14,ABCAPITAL,RS Momentum Breakout,0.4366666666666667,7.6842,VALIDATION
2025-11-17,ABCAPITAL,RS Momentum Breakout,0.4533333333333333,5.9821,VALIDATION
2025-11-18,ABCAPITAL,RS Momentum Breakout,0.3979591836734693,6.896,VALIDATION
2025-11-19,ABCAPITAL,VCP Volatility Contraction Breakout,0.2901234567901234,5.4376,VALIDATION
2025-11-19,ABCAPITAL,RS Momentum Breakout,0.2901234567901234,5.4376,VALIDATION
2025-11-20,ABCAPITAL,VCP Volatility Contraction Breakout,0.303030303030303,6.8502,VALIDATION
2025-11-20,ABCAPITAL,EMA Pullback / Bounce,0.303030303030303,6.8502,VALIDATION
2025-11-21,ABCAPITAL,VCP Volatility Contraction Breakout,0.3113207547169812,10.1643,VALIDATION
2025-11-21,ABCAPITAL,EMA Pullback / Bounce,0.3113207547169812,10.1643,VALIDATION
2025-11-24,ABCAPITAL,VCP Volatility Contraction Breakout,0.445578231292517,6.9322,VALIDATION
2025-11-24,ABCAPITAL,RS Momentum Breakout,0.445578231292517,6.9322,VALIDATION
2025-11-25,ABCAPITAL,Donchian Channel Breakout,0.8267973856209151,4.9287,VALIDATION
2025-11-25,ABCAPITAL,RS Momentum Breakout,0.8267973856209151,4.9287,VALIDATION
2025-11-26,ABCAPITAL,Donchian Channel Breakout,0.7395833333333334,2.5571,VALIDATION
2025-11-26,ABCAPITAL,RS Momentum Breakout,0.7395833333333334,2.5571,VALIDATION
2025-11-27,ABCAPITAL,Donchian Channel Breakout,0.6638888888888889,0.4108,VALIDATION
2025-11-27,ABCAPITAL,VCP Volatility Contraction Breakout,0.6638888888888889,0.4108,VALIDATION
2025-11-27,ABCAPITAL,RS Momentum Breakout,0.6638888888888889,0.4108,VALIDATION
2025-11-28,ABCAPITAL,Donchian Channel Breakout,0.9054726368159204,1.3827,VALIDATION
2025-11-28,ABCAPITAL,VCP Volatility Contraction Breakout,0.9054726368159204,1.3827,VALIDATION
2025-11-28,ABCAPITAL,RS Momentum Breakout,0.9054726368159204,1.3827,VALIDATION
2025-12-01,ABCAPITAL,VCP Volatility Contraction Breakout,0.8555555555555555,-1.2075,VALIDATION
2025-12-01,ABCAPITAL,RS Momentum Breakout,0.8555555555555555,-1.2075,VALIDATION
2025-12-02,ABCAPITAL,VCP Volatility Contraction Breakout,0.7135416666666666,-2.2331,VALIDATION
2025-12-02,ABCAPITAL,RS Momentum Breakout,0.7135416666666666,-2.2331,VALIDATION
2025-12-03,ABCAPITAL,VCP Volatility Contraction Breakout,0.7142857142857143,-0.6873,VALIDATION
2025-12-03,ABCAPITAL,RS Momentum Breakout,0.7142857142857143,-0.6873,VALIDATION
2025-12-04,ABCAPITAL,VCP Volatility Contraction Breakout,0.6018518518518519,-1.474,VALIDATION
2025-12-04,ABCAPITAL,RS Momentum Breakout,0.6018518518518519,-1.474,VALIDATION
2025-12-05,ABCAPITAL,Donchian Channel Breakout,0.8819444444444443,-2.7878,VALIDATION
2025-12-05,ABCAPITAL,VCP Volatility Contraction Breakout,0.8819444444444443,-2.7878,VALIDATION
2025-12-05,ABCAPITAL,RS Momentum Breakout,0.8819444444444443,-2.7878,VALIDATION
2025-12-08,ABCAPITAL,VCP Volatility Contraction Breakout,0.888888888888889,-2.9717,VALIDATION
2025-12-08,ABCAPITAL,RS Momentum Breakout,0.888888888888889,-2.9717,VALIDATION
2025-12-09,ABCAPITAL,Donchian Channel Breakout,0.8981481481481483,-5.0643,VALIDATION
2025-12-09,ABCAPITAL,VCP Volatility Contraction Breakout,0.8981481481481483,-5.0643,VALIDATION
2025-12-09,ABCAPITAL,RS Momentum Breakout,0.8981481481481483,-5.0643,VALIDATION
2025-12-10,ABCAPITAL,RS Momentum Breakout,0.8333333333333334,-3.9004,VALIDATION
2025-12-11,ABCAPITAL,RS Momentum Breakout,0.8523809523809524,-2.3422,VALIDATION
2025-12-12,ABCAPITAL,RS Momentum Breakout,0.8409090909090908,-4.3976,VALIDATION
2025-12-15,ABCAPITAL,EMA Pullback / Bounce,0.6785714285714285,-0.9078,VALIDATION
2025-12-16,ABCAPITAL,EMA Pullback / Bounce,0.6291666666666668,2.5222,VALIDATION
2025-12-17,ABCAPITAL,EMA Pullback / Bounce,0.5854700854700855,4.0385,VALIDATION
2025-12-18,ABCAPITAL,EMA Pullback / Bounce,0.5555555555555556,4.5737,VALIDATION
2025-12-19,ABCAPITAL,EMA Pullback / Bounce,0.5148148148148147,3.7852,VALIDATION
2025-12-22,ABCAPITAL,EMA Pullback / Bounce,0.5233333333333333,3.6351,VALIDATION
2025-12-23,ABCAPITAL,VCP Volatility Contraction Breakout,0.4184397163120568,4.0634,VALIDATION
2025-12-23,ABCAPITAL,EMA Pullback / Bounce,0.4184397163120568,4.0634,VALIDATION
2025-12-24,ABCAPITAL,VCP Volatility Contraction Breakout,0.6354166666666666,2.9724,VALIDATION
2025-12-24,ABCAPITAL,EMA Pullback / Bounce,0.6354166666666666,2.9724,VALIDATION
2025-12-26,ABCAPITAL,VCP Volatility Contraction Breakout,0.6174242424242424,1.1867,VALIDATION
2025-12-26,ABCAPITAL,EMA Pullback / Bounce,0.6174242424242424,1.1867,VALIDATION
2025-12-29,ABCAPITAL,VCP Volatility Contraction Breakout,0.5714285714285715,2.4513,VALIDATION
2025-12-29,ABCAPITAL,EMA Pullback / Bounce,0.5714285714285715,2.4513,VALIDATION
2025-12-30,ABCAPITAL,VCP Volatility Contraction Breakout,0.6923076923076924,0.0,VALIDATION
2025-12-30,ABCAPITAL,EMA Pullback / Bounce,0.6923076923076924,0.0,VALIDATION
2025-12-31,ABCAPITAL,VCP Volatility Contraction Breakout,0.75,0.2516,VALIDATION
2025-12-31,ABCAPITAL,RS Momentum Breakout,0.75,0.2516,VALIDATION
2026-01-01,ABCAPITAL,VCP Volatility Contraction Breakout,0.5868055555555555,-1.2121,VALIDATION
2026-01-01,ABCAPITAL,RS Momentum Breakout,0.5868055555555555,-1.2121,VALIDATION
2026-01-02,ABCAPITAL,VCP Volatility Contraction Breakout,0.391812865497076,-0.0138,VALIDATION
2026-01-02,ABCAPITAL,RS Momentum Breakout,0.391812865497076,-0.0138,VALIDATION
2026-01-05,ABCAPITAL,VCP Volatility Contraction Breakout,0.3659420289855072,-0.9328,VALIDATION
2026-01-05,ABCAPITAL,RS Momentum Breakout,0.3659420289855072,-0.9328,VALIDATION
2026-01-06,ABCAPITAL,VCP Volatility Contraction Breakout,0.3475177304964539,-1.4696,VALIDATION
2026-01-06,ABCAPITAL,RS Momentum Breakout,0.3475177304964539,-1.4696,VALIDATION
2026-01-07,ABCAPITAL,VCP Volatility Contraction Breakout,0.3598484848484848,-4.4564,VALIDATION
2026-01-07,ABCAPITAL,RS Momentum Breakout,0.3598484848484848,-4.4564,VALIDATION
2026-01-08,ABCAPITAL,VCP Volatility Contraction Breakout,0.5813953488372093,-0.7003,VALIDATION
2026-01-08,ABCAPITAL,EMA Pullback / Bounce,0.5813953488372093,-0.7003,VALIDATION
2026-01-09,ABCAPITAL,VCP Volatility Contraction Breakout,0.3838383838383838,-1.1522,VALIDATION
2026-01-09,ABCAPITAL,EMA Pullback / Bounce,0.3838383838383838,-1.1522,VALIDATION
2026-01-12,ABCAPITAL,VCP Volatility Contraction Breakout,0.40625,-2.2415,VALIDATION
2026-01-12,ABCAPITAL,EMA Pullback / Bounce,0.40625,-2.2415,VALIDATION
2026-01-13,ABCAPITAL,EMA Pullback / Bounce,0.319047619047619,-0.7127,VALIDATION
2026-01-14,ABCAPITAL,EMA Pullback / Bounce,0.5675675675675677,-3.9877,VALIDATION
2026-01-15,ABCAPITAL,VCP Volatility Contraction Breakout,0.5643939393939394,-5.6111,VALIDATION
2026-01-15,ABCAPITAL,EMA Pullback / Bounce,0.5643939393939394,-5.6111,VALIDATION
2026-01-16,ABCAPITAL,VCP Volatility Contraction Breakout,0.513888888888889,-7.9972,VALIDATION
2026-01-19,ABCAPITAL,VCP Volatility Contraction Breakout,0.5476190476190476,-4.334,VALIDATION
2026-01-19,ABCAPITAL,EMA Pullback / Bounce,0.5476190476190476,-4.334,VALIDATION
2026-01-20,ABCAPITAL,VCP Volatility Contraction Breakout,0.4385964912280702,-2.2561,VALIDATION
2026-01-20,ABCAPITAL,EMA Pullback / Bounce,0.4385964912280702,-2.2561,VALIDATION
2026-01-22,ABCAPITAL,EMA Pullback / Bounce,0.5833333333333334,-1.9179,VALIDATION
2026-01-27,ABCAPITAL,EMA Pullback / Bounce,0.2604166666666667,1.5065,VALIDATION
2026-01-28,ABCAPITAL,EMA Pullback / Bounce,0.4206349206349206,-0.9495,VALIDATION
2025-10-15,ADANIENSOL,VCP Volatility Contraction Breakout,0.5340136054421769,1.9209,VALIDATION
2025-10-15,ADANIENSOL,RS Momentum Breakout,0.5340136054421769,1.9209,VALIDATION
2025-10-16,ADANIENSOL,VCP Volatility Contraction Breakout,0.5771604938271605,4.9093,VALIDATION
2025-10-16,ADANIENSOL,RS Momentum Breakout,0.5771604938271605,4.9093,VALIDATION
2025-10-17,ADANIENSOL,VCP Volatility Contraction Breakout,0.6437908496732025,6.9696,VALIDATION
2025-10-20,ADANIENSOL,VCP Volatility Contraction Breakout,0.3306451612903225,4.3336,VALIDATION
2025-10-21,ADANIENSOL,VCP Volatility Contraction Breakout,0.3388888888888888,3.2143,VALIDATION
2025-10-23,ADANIENSOL,VCP Volatility Contraction Breakout,0.6637426900584795,0.4812,VALIDATION
2025-10-23,ADANIENSOL,RS Momentum Breakout,0.6637426900584795,0.4812,VALIDATION
2025-10-24,ADANIENSOL,VCP Volatility Contraction Breakout,0.5684523809523809,1.4759,VALIDATION
2025-10-24,ADANIENSOL,RS Momentum Breakout,0.5684523809523809,1.4759,VALIDATION
2025-10-27,ADANIENSOL,VCP Volatility Contraction Breakout,0.3930817610062893,5.1328,VALIDATION
2025-10-27,ADANIENSOL,RS Momentum Breakout,0.3930817610062893,5.1328,VALIDATION
2025-10-28,ADANIENSOL,VCP Volatility Contraction Breakout,0.4506172839506173,7.9575,VALIDATION
2025-10-28,ADANIENSOL,EMA Pullback / Bounce,0.4506172839506173,7.9575,VALIDATION
2025-10-29,ADANIENSOL,Donchian Channel Breakout,0.7777777777777778,5.0931,VALIDATION
2025-10-29,ADANIENSOL,VCP Volatility Contraction Breakout,0.7777777777777778,5.0931,VALIDATION
2025-10-29,ADANIENSOL,RS Momentum Breakout,0.7777777777777778,5.0931,VALIDATION
2025-10-30,ADANIENSOL,VCP Volatility Contraction Breakout,0.5431034482758621,5.4646,VALIDATION
2025-10-30,ADANIENSOL,RS Momentum Breakout,0.5431034482758621,5.4646,VALIDATION
2025-10-31,ADANIENSOL,Donchian Channel Breakout,0.7814207650273223,3.5005,VALIDATION
2025-10-31,ADANIENSOL,VCP Volatility Contraction Breakout,0.7814207650273223,3.5005,VALIDATION
2025-10-31,ADANIENSOL,RS Momentum Breakout,0.7814207650273223,3.5005,VALIDATION
2025-11-03,ADANIENSOL,VCP Volatility Contraction Breakout,0.7470238095238094,2.7626,VALIDATION
2025-11-03,ADANIENSOL,RS Momentum Breakout,0.7470238095238094,2.7626,VALIDATION
2025-11-04,ADANIENSOL,VCP Volatility Contraction Breakout,0.6826923076923076,2.0641,VALIDATION
2025-11-04,ADANIENSOL,RS Momentum Breakout,0.6826923076923076,2.0641,VALIDATION
2025-11-06,ADANIENSOL,VCP Volatility Contraction Breakout,0.5408163265306123,2.7667,VALIDATION
2025-11-07,ADANIENSOL,VCP Volatility Contraction Breakout,0.4609929078014185,0.958,VALIDATION
2025-11-07,ADANIENSOL,EMA Pullback / Bounce,0.4609929078014185,0.958,VALIDATION
2025-11-10,ADANIENSOL,VCP Volatility Contraction Breakout,0.3229166666666667,1.0415,VALIDATION
2025-11-10,ADANIENSOL,EMA Pullback / Bounce,0.3229166666666667,1.0415,VALIDATION
2025-11-11,ADANIENSOL,VCP Volatility Contraction Breakout,0.61,-1.8042,VALIDATION
2025-11-11,ADANIENSOL,RS Momentum Breakout,0.61,-1.8042,VALIDATION
2025-11-12,ADANIENSOL,RS Momentum Breakout,0.5757575757575757,-1.1962,VALIDATION
2025-11-13,ADANIENSOL,Donchian Channel Breakout,0.8044871794871794,-4.1529,VALIDATION
2025-11-13,ADANIENSOL,RS Momentum Breakout,0.8044871794871794,-4.1529,VALIDATION
2025-11-14,ADANIENSOL,RS Momentum Breakout,0.8266666666666667,-3.018,VALIDATION
2025-11-17,ADANIENSOL,RS Momentum Breakout,0.5966666666666667,-2.4126,VALIDATION
2025-11-18,ADANIENSOL,VCP Volatility Contraction Breakout,0.6904761904761904,-5.3343,VALIDATION
2025-11-18,ADANIENSOL,RS Momentum Breakout,0.6904761904761904,-5.3343,VALIDATION
2025-11-19,ADANIENSOL,RS Momentum Breakout,0.5740740740740741,-4.3886,VALIDATION
2025-11-20,ADANIENSOL,EMA Pullback / Bounce,0.4333333333333333,-2.1795,VALIDATION
2025-11-21,ADANIENSOL,VCP Volatility Contraction Breakout,0.3333333333333333,-0.0153,VALIDATION
2025-11-21,ADANIENSOL,EMA Pullback / Bounce,0.3333333333333333,-0.0153,VALIDATION
2025-11-24,ADANIENSOL,EMA Pullback / Bounce,0.3095238095238095,-0.9794,VALIDATION
2025-11-25,ADANIENSOL,VCP Volatility Contraction Breakout,0.3464052287581698,-0.1383,VALIDATION
2025-11-25,ADANIENSOL,EMA Pullback / Bounce,0.3464052287581698,-0.1383,VALIDATION
2025-11-26,ADANIENSOL,VCP Volatility Contraction Breakout,0.3854166666666667,-1.0125,VALIDATION
2025-11-26,ADANIENSOL,EMA Pullback / Bounce,0.3854166666666667,-1.0125,VALIDATION
2025-11-27,ADANIENSOL,VCP Volatility Contraction Breakout,0.475,1.1025,VALIDATION
2025-11-27,ADANIENSOL,EMA Pullback / Bounce,0.475,1.1025,VALIDATION
2025-11-28,ADANIENSOL,VCP Volatility Contraction Breakout,0.609452736318408,1.2312,VALIDATION
2025-11-28,ADANIENSOL,EMA Pullback / Bounce,0.609452736318408,1.2312,VALIDATION
2025-12-01,ADANIENSOL,VCP Volatility Contraction Breakout,0.7361111111111112,1.3511,VALIDATION
2025-12-01,ADANIENSOL,EMA Pullback / Bounce,0.7361111111111112,1.3511,VALIDATION
2025-12-02,ADANIENSOL,VCP Volatility Contraction Breakout,0.5989583333333334,1.7759,VALIDATION
2025-12-02,ADANIENSOL,EMA Pullback / Bounce,0.5989583333333334,1.7759,VALIDATION
2025-12-03,ADANIENSOL,EMA Pullback / Bounce,0.4017857142857142,0.7783,VALIDATION
2025-12-04,ADANIENSOL,EMA Pullback / Bounce,0.5030864197530863,0.4786,VALIDATION
2025-12-05,ADANIENSOL,VCP Volatility Contraction Breakout,0.4756944444444444,0.9603,VALIDATION
2025-12-05,ADANIENSOL,EMA Pullback / Bounce,0.4756944444444444,0.9603,VALIDATION
2025-12-09,ADANIENSOL,EMA Pullback / Bounce,0.4537037037037037,1.552,VALIDATION
2025-12-10,ADANIENSOL,VCP Volatility Contraction Breakout,0.7564102564102564,1.07,VALIDATION
2025-12-10,ADANIENSOL,EMA Pullback / Bounce,0.7564102564102564,1.07,VALIDATION
2025-12-11,ADANIENSOL,VCP Volatility Contraction Breakout,0.8285714285714286,1.5249,VALIDATION
2025-12-12,ADANIENSOL,VCP Volatility Contraction Breakout,0.7992424242424243,-1.4836,VALIDATION
2025-12-12,ADANIENSOL,RS Momentum Breakout,0.7992424242424243,-1.4836,VALIDATION
2025-12-15,ADANIENSOL,VCP Volatility Contraction Breakout,0.7817460317460317,1.4361,VALIDATION
2025-12-15,ADANIENSOL,RS Momentum Breakout,0.7817460317460317,1.4361,VALIDATION
2025-12-16,ADANIENSOL,VCP Volatility Contraction Breakout,0.6041666666666666,3.7727,VALIDATION
2025-12-16,ADANIENSOL,EMA Pullback / Bounce,0.6041666666666666,3.7727,VALIDATION
2025-12-17,ADANIENSOL,EMA Pullback / Bounce,0.4401709401709401,7.0486,VALIDATION
2025-12-18,ADANIENSOL,EMA Pullback / Bounce,0.4743589743589743,8.2361,VALIDATION
2025-12-19,ADANIENSOL,VCP Volatility Contraction Breakout,0.5592592592592592,5.7324,VALIDATION
2025-12-19,ADANIENSOL,EMA Pullback / Bounce,0.5592592592592592,5.7324,VALIDATION
2025-12-22,ADANIENSOL,VCP Volatility Contraction Breakout,0.36,3.4018,VALIDATION
2025-12-23,ADANIENSOL,VCP Volatility Contraction Breakout,0.25177304964539,3.739,VALIDATION
2025-12-23,ADANIENSOL,EMA Pullback / Bounce,0.25177304964539,3.739,VALIDATION
2025-12-24,ADANIENSOL,VCP Volatility Contraction Breakout,0.1944444444444444,-0.1807,VALIDATION
2025-12-24,ADANIENSOL,EMA Pullback / Bounce,0.1944444444444444,-0.1807,VALIDATION
2025-12-26,ADANIENSOL,Donchian Channel Breakout,0.7083333333333334,-5.8512,VALIDATION
2025-12-26,ADANIENSOL,VCP Volatility Contraction Breakout,0.7083333333333334,-5.8512,VALIDATION
2025-12-29,ADANIENSOL,VCP Volatility Contraction Breakout,0.3214285714285714,-4.948,VALIDATION
2025-12-29,ADANIENSOL,EMA Pullback / Bounce,0.3214285714285714,-4.948,VALIDATION
2025-12-30,ADANIENSOL,Donchian Channel Breakout,0.3888888888888889,-8.9489,VALIDATION
2025-12-30,ADANIENSOL,VCP Volatility Contraction Breakout,0.3888888888888889,-8.9489,VALIDATION
2025-12-31,ADANIENSOL,Donchian Channel Breakout,0.4285714285714286,-10.3401,VALIDATION
2025-12-31,ADANIENSOL,VCP Volatility Contraction Breakout,0.4285714285714286,-10.3401,VALIDATION
2025-12-31,ADANIENSOL,RS Momentum Breakout,0.4285714285714286,-10.3401,VALIDATION
2026-01-01,ADANIENSOL,Donchian Channel Breakout,0.6944444444444445,-12.707,VALIDATION
2026-01-01,ADANIENSOL,VCP Volatility Contraction Breakout,0.6944444444444445,-12.707,VALIDATION
2026-01-01,ADANIENSOL,RS Momentum Breakout,0.6944444444444445,-12.707,VALIDATION
2026-01-02,ADANIENSOL,Donchian Channel Breakout,0.5497076023391813,-13.8428,VALIDATION
2026-01-02,ADANIENSOL,VCP Volatility Contraction Breakout,0.5497076023391813,-13.8428,VALIDATION
2026-01-02,ADANIENSOL,RS Momentum Breakout,0.5497076023391813,-13.8428,VALIDATION
2026-01-05,ADANIENSOL,VCP Volatility Contraction Breakout,0.3297101449275362,-13.395,VALIDATION
2026-01-05,ADANIENSOL,RS Momentum Breakout,0.3297101449275362,-13.395,VALIDATION
2026-01-06,ADANIENSOL,VCP Volatility Contraction Breakout,0.3652482269503546,-15.1251,VALIDATION
2026-01-06,ADANIENSOL,RS Momentum Breakout,0.3652482269503546,-15.1251,VALIDATION
2026-01-07,ADANIENSOL,VCP Volatility Contraction Breakout,0.1742424242424242,-12.8585,VALIDATION
2025-10-16,AEGISLOG,EMA Pullback / Bounce,0.2839506172839506,-6.2312,VALIDATION
2025-10-17,AEGISLOG,VCP Volatility Contraction Breakout,0.3104575163398692,-4.6904,VALIDATION
2025-10-17,AEGISLOG,EMA Pullback / Bounce,0.3104575163398692,-4.6904,VALIDATION
2025-10-20,AEGISLOG,VCP Volatility Contraction Breakout,0.2338709677419355,-5.1821,VALIDATION
2025-10-20,AEGISLOG,EMA Pullback / Bounce,0.2338709677419355,-5.1821,VALIDATION
2025-10-21,AEGISLOG,VCP Volatility Contraction Breakout,0.1583333333333333,-4.8116,VALIDATION
2025-10-21,AEGISLOG,EMA Pullback / Bounce,0.1583333333333333,-4.8116,VALIDATION
2025-10-23,AEGISLOG,VCP Volatility Contraction Breakout,0.1695906432748538,-4.6584,VALIDATION
2025-10-23,AEGISLOG,EMA Pullback / Bounce,0.1695906432748538,-4.6584,VALIDATION
2025-10-27,AEGISLOG,VCP Volatility Contraction Breakout,0.2232704402515723,-3.3395,VALIDATION
2025-10-27,AEGISLOG,EMA Pullback / Bounce,0.2232704402515723,-3.3395,VALIDATION
2025-10-28,AEGISLOG,VCP Volatility Contraction Breakout,0.2006172839506173,-0.0375,VALIDATION
2025-10-28,AEGISLOG,EMA Pullback / Bounce,0.2006172839506173,-0.0375,VALIDATION
2025-10-29,AEGISLOG,EMA Pullback / Bounce,0.1136363636363636,1.4937,VALIDATION
2025-11-11,AEGISLOG,VCP Volatility Contraction Breakout,0.35,-1.5729,VALIDATION
2025-11-11,AEGISLOG,EMA Pullback / Bounce,0.35,-1.5729,VALIDATION
2025-11-12,AEGISLOG,VCP Volatility Contraction Breakout,0.3878787878787879,-5.2625,VALIDATION
2025-11-13,AEGISLOG,VCP Volatility Contraction Breakout,0.3846153846153846,-5.25,VALIDATION
2025-11-14,AEGISLOG,VCP Volatility Contraction Breakout,0.29,-3.9434,VALIDATION
2025-11-14,AEGISLOG,EMA Pullback / Bounce,0.29,-3.9434,VALIDATION
2025-11-17,AEGISLOG,VCP Volatility Contraction Breakout,0.2033333333333333,-3.7801,VALIDATION
2025-11-17,AEGISLOG,EMA Pullback / Bounce,0.2033333333333333,-3.7801,VALIDATION
2025-11-18,AEGISLOG,VCP Volatility Contraction Breakout,0.2210884353741496,-2.3404,VALIDATION
2025-11-18,AEGISLOG,EMA Pullback / Bounce,0.2210884353741496,-2.3404,VALIDATION
2025-11-19,AEGISLOG,VCP Volatility Contraction Breakout,0.1851851851851852,-2.4845,VALIDATION
2025-11-19,AEGISLOG,EMA Pullback / Bounce,0.1851851851851852,-2.4845,VALIDATION
2025-11-28,AETHER,RS Momentum Breakout,0.4402985074626865,-1.1657,VALIDATION
2025-12-01,AETHER,RS Momentum Breakout,0.6,-2.467,VALIDATION
2025-12-04,AETHER,EMA Pullback / Bounce,0.3148148148148148,-2.4121,VALIDATION
2025-12-05,AETHER,EMA Pullback / Bounce,0.2465277777777777,-0.8225,VALIDATION
2025-12-09,AETHER,EMA Pullback / Bounce,0.4444444444444445,-0.6514,VALIDATION
2025-12-10,AETHER,EMA Pullback / Bounce,0.2307692307692308,0.4802,VALIDATION
2025-12-12,AETHER,EMA Pullback / Bounce,0.3598484848484848,-2.9424,VALIDATION
2025-12-16,AETHER,EMA Pullback / Bounce,0.3916666666666666,0.1281,VALIDATION
2025-12-17,AETHER,EMA Pullback / Bounce,0.376068376068376,3.7749,VALIDATION
2025-12-18,AETHER,EMA Pullback / Bounce,0.2264957264957265,12.6611,VALIDATION
2025-12-22,AETHER,EMA Pullback / Bounce,0.6333333333333333,16.1525,VALIDATION
2025-12-23,AETHER,EMA Pullback / Bounce,0.1666666666666666,18.2438,VALIDATION
2025-12-26,AETHER,EMA Pullback / Bounce,0.4015151515151515,16.3579,VALIDATION
2025-12-31,AETHER,EMA Pullback / Bounce,0.246031746031746,16.5029,VALIDATION
2026-01-01,AETHER,Donchian Channel Breakout,0.5868055555555555,11.0356,VALIDATION
2026-01-01,AETHER,RS Momentum Breakout,0.5868055555555555,11.0356,VALIDATION
2026-01-02,AETHER,Donchian Channel Breakout,0.8391812865497076,3.8715,VALIDATION
2026-01-02,AETHER,RS Momentum Breakout,0.8391812865497076,3.8715,VALIDATION
2026-01-05,AETHER,RS Momentum Breakout,0.8405797101449276,3.5943,VALIDATION
2026-01-06,AETHER,Donchian Channel Breakout,0.946808510638298,-3.1371,VALIDATION
2026-01-06,AETHER,RS Momentum Breakout,0.946808510638298,-3.1371,VALIDATION
2026-01-07,AETHER,RS Momentum Breakout,0.9090909090909092,-3.2312,VALIDATION
2026-01-08,AETHER,RS Momentum Breakout,0.7829457364341085,-0.5938,VALIDATION
2026-01-09,AETHER,RS Momentum Breakout,0.7171717171717172,0.8698,VALIDATION
2026-01-12,AETHER,RS Momentum Breakout,0.8020833333333334,-0.2663,VALIDATION
2026-01-13,AETHER,RS Momentum Breakout,0.6809523809523811,0.8241,VALIDATION
2026-01-14,AETHER,RS Momentum Breakout,0.7567567567567567,-1.9175,VALIDATION
2026-01-15,AETHER,RS Momentum Breakout,0.8219696969696969,-0.3877,VALIDATION
2026-01-16,AETHER,RS Momentum Breakout,0.6250000000000001,6.9001,VALIDATION
2026-01-19,AETHER,RS Momentum Breakout,0.613095238095238,2.7248,VALIDATION
2026-01-20,AETHER,RS Momentum Breakout,0.6228070175438597,6.8731,VALIDATION
2026-01-21,AETHER,EMA Pullback / Bounce,0.6354166666666666,4.8205,VALIDATION
2026-01-22,AETHER,RS Momentum Breakout,0.5833333333333334,3.1939,VALIDATION
2026-01-27,AETHER,RS Momentum Breakout,0.6458333333333334,-1.1535,VALIDATION
2026-01-28,AETHER,RS Momentum Breakout,0.6111111111111112,-2.3483,VALIDATION
2026-01-30,AETHER,RS Momentum Breakout,0.6296296296296297,-3.9917,VALIDATION
2026-02-02,AETHER,Donchian Channel Breakout,0.9027777777777778,-9.7383,VALIDATION
2026-02-02,AETHER,RS Momentum Breakout,0.9027777777777778,-9.7383,VALIDATION
2026-02-03,AETHER,RS Momentum Breakout,0.6296296296296297,-2.6583,VALIDATION
2025-11-24,AIAENG,RS Momentum Breakout,0.7346938775510204,-1.6977,VALIDATION
2025-11-25,AIAENG,RS Momentum Breakout,0.8039215686274509,-1.1759,VALIDATION
2025-11-26,AIAENG,RS Momentum Breakout,0.5208333333333334,-1.9548,VALIDATION
2025-11-27,AIAENG,RS Momentum Breakout,0.7305555555555555,-5.403,VALIDATION
2025-11-28,AIAENG,Donchian Channel Breakout,0.7114427860696518,-3.8192,VALIDATION
2025-11-28,AIAENG,RS Momentum Breakout,0.7114427860696518,-3.8192,VALIDATION
2025-12-01,AIAENG,RS Momentum Breakout,0.65,0.5371,VALIDATION
2025-12-02,AIAENG,RS Momentum Breakout,0.5026041666666666,-2.1092,VALIDATION
2025-12-03,AIAENG,RS Momentum Breakout,0.6101190476190476,-2.4789,VALIDATION
2025-12-04,AIAENG,RS Momentum Breakout,0.8333333333333334,-1.2883,VALIDATION
2025-12-05,AIAENG,EMA Pullback / Bounce,0.4618055555555556,0.5153,VALIDATION
2025-12-10,AIAENG,EMA Pullback / Bounce,0.4102564102564103,6.786,VALIDATION
2025-12-12,AIAENG,EMA Pullback / Bounce,0.6742424242424243,2.2668,VALIDATION
2025-12-15,AIAENG,RS Momentum Breakout,0.8809523809523809,1.7439,VALIDATION
2025-12-16,AIAENG,EMA Pullback / Bounce,0.6416666666666667,6.9907,VALIDATION
2025-12-18,AIAENG,EMA Pullback / Bounce,0.5897435897435898,8.3709,VALIDATION
2025-12-19,AIAENG,EMA Pullback / Bounce,0.4666666666666666,7.1494,VALIDATION
2025-12-22,AIAENG,Donchian Channel Breakout,0.85,3.5189,VALIDATION
2025-12-22,AIAENG,RS Momentum Breakout,0.85,3.5189,VALIDATION
2025-12-24,AIAENG,Donchian Channel Breakout,0.8993055555555557,2.9732,VALIDATION
2025-12-24,AIAENG,RS Momentum Breakout,0.8993055555555557,2.9732,VALIDATION
2025-12-29,AIAENG,EMA Pullback / Bounce,0.6349206349206349,5.0817,VALIDATION
2025-12-31,AIAENG,RS Momentum Breakout,0.8174603174603176,-2.3353,VALIDATION
2026-01-01,AIAENG,RS Momentum Breakout,0.6180555555555556,-2.0372,VALIDATION
2026-01-02,AIAENG,Donchian Channel Breakout,0.6228070175438597,-5.4815,VALIDATION
2026-01-02,AIAENG,RS Momentum Breakout,0.6228070175438597,-5.4815,VALIDATION
2026-01-05,AIAENG,RS Momentum Breakout,0.6521739130434783,-8.0007,VALIDATION
2026-01-06,AIAENG,RS Momentum Breakout,0.4964539007092198,-9.0991,VALIDATION
2026-01-08,AIAENG,RS Momentum Breakout,0.8914728682170542,-7.4283,VALIDATION
2026-01-09,AIAENG,EMA Pullback / Bounce,0.5454545454545454,-2.7316,VALIDATION
2026-01-12,AIAENG,EMA Pullback / Bounce,0.5,-2.0752,VALIDATION
2026-01-13,AIAENG,EMA Pullback / Bounce,0.4285714285714286,3.0106,VALIDATION
2026-01-14,AIAENG,EMA Pullback / Bounce,0.4504504504504504,2.2558,VALIDATION
2026-01-16,AIAENG,EMA Pullback / Bounce,0.2916666666666667,2.5849,VALIDATION
2026-01-27,AIAENG,EMA Pullback / Bounce,0.3125,4.8061,VALIDATION
2026-01-28,AIAENG,EMA Pullback / Bounce,0.4444444444444445,3.0457,VALIDATION
2026-01-05,AJANTPHARM,RS Momentum Breakout,0.7246376811594203,-7.826,VALIDATION
2026-01-06,AJANTPHARM,RS Momentum Breakout,0.5886524822695035,-4.4683,VALIDATION
2026-01-07,AJANTPHARM,RS Momentum Breakout,0.5151515151515151,-5.0122,VALIDATION
2026-01-08,AJANTPHARM,RS Momentum Breakout,0.6046511627906977,-5.2506,VALIDATION
2026-01-09,AJANTPHARM,EMA Pullback / Bounce,0.3282828282828282,-2.1682,VALIDATION
2026-01-12,AJANTPHARM,EMA Pullback / Bounce,0.171875,-0.7195,VALIDATION
2026-01-13,AJANTPHARM,EMA Pullback / Bounce,0.1809523809523809,-1.6101,VALIDATION
2026-01-21,AJANTPHARM,EMA Pullback / Bounce,0.5625,3.6153,VALIDATION
2026-01-22,AJANTPHARM,EMA Pullback / Bounce,0.25,5.0718,VALIDATION
2026-01-23,AJANTPHARM,EMA Pullback / Bounce,0.2333333333333333,5.5506,VALIDATION
2026-01-27,AJANTPHARM,EMA Pullback / Bounce,0.1875,6.6232,VALIDATION
2026-01-28,AJANTPHARM,VCP Volatility Contraction Breakout,0.2777777777777778,7.5052,VALIDATION
2026-01-28,AJANTPHARM,EMA Pullback / Bounce,0.2777777777777778,7.5052,VALIDATION
2026-01-29,AJANTPHARM,EMA Pullback / Bounce,0.2450980392156863,7.8358,VALIDATION
2026-01-30,AJANTPHARM,VCP Volatility Contraction Breakout,0.537037037037037,3.9182,VALIDATION
2026-02-02,AJANTPHARM,VCP Volatility Contraction Breakout,0.5277777777777778,2.9231,VALIDATION
2026-02-03,AJANTPHARM,VCP Volatility Contraction Breakout,0.4907407407407407,2.385,VALIDATION
2026-02-03,AJANTPHARM,RS Momentum Breakout,0.4907407407407407,2.385,VALIDATION
2025-10-15,ALKEM,Donchian Channel Breakout,0.7959183673469387,-0.7366,VALIDATION
2025-10-15,ALKEM,VCP Volatility Contraction Breakout,0.7959183673469387,-0.7366,VALIDATION
2025-10-15,ALKEM,RS Momentum Breakout,0.7959183673469387,-0.7366,VALIDATION
2025-10-16,ALKEM,VCP Volatility Contraction Breakout,0.6481481481481481,-0.4789,VALIDATION
2025-10-16,ALKEM,EMA Pullback / Bounce,0.6481481481481481,-0.4789,VALIDATION
2025-10-17,ALKEM,Donchian Channel Breakout,0.562091503267974,0.6437,VALIDATION
2025-10-17,ALKEM,VCP Volatility Contraction Breakout,0.562091503267974,0.6437,VALIDATION
2025-10-17,ALKEM,RS Momentum Breakout,0.562091503267974,0.6437,VALIDATION
2025-10-20,ALKEM,VCP Volatility Contraction Breakout,0.4704301075268817,1.9255,VALIDATION
2025-10-20,ALKEM,EMA Pullback / Bounce,0.4704301075268817,1.9255,VALIDATION
2025-10-21,ALKEM,VCP Volatility Contraction Breakout,0.3944444444444444,1.2196,VALIDATION
2025-10-21,ALKEM,EMA Pullback / Bounce,0.3944444444444444,1.2196,VALIDATION
2025-10-23,ALKEM,VCP Volatility Contraction Breakout,0.3625730994152047,1.7867,VALIDATION
2025-10-23,ALKEM,EMA Pullback / Bounce,0.3625730994152047,1.7867,VALIDATION
2025-10-24,ALKEM,VCP Volatility Contraction Breakout,0.6160714285714285,2.1493,VALIDATION
2025-10-24,ALKEM,EMA Pullback / Bounce,0.6160714285714285,2.1493,VALIDATION
2025-10-27,ALKEM,EMA Pullback / Bounce,0.3018867924528302,4.217,VALIDATION
2025-10-28,ALKEM,EMA Pullback / Bounce,0.3703703703703704,6.1764,VALIDATION
2025-10-29,ALKEM,VCP Volatility Contraction Breakout,0.4318181818181818,3.3484,VALIDATION
2025-10-29,ALKEM,EMA Pullback / Bounce,0.4318181818181818,3.3484,VALIDATION
2025-10-30,ALKEM,VCP Volatility Contraction Breakout,0.3419540229885057,3.5747,VALIDATION
2025-10-30,ALKEM,EMA Pullback / Bounce,0.3419540229885057,3.5747,VALIDATION
2025-10-31,ALKEM,VCP Volatility Contraction Breakout,0.453551912568306,3.6869,VALIDATION
2025-10-31,ALKEM,EMA Pullback / Bounce,0.453551912568306,3.6869,VALIDATION
2025-11-03,ALKEM,Donchian Channel Breakout,0.4642857142857142,1.115,VALIDATION
2025-11-03,ALKEM,VCP Volatility Contraction Breakout,0.4642857142857142,1.115,VALIDATION
2025-11-03,ALKEM,RS Momentum Breakout,0.4642857142857142,1.115,VALIDATION
2025-11-04,ALKEM,Donchian Channel Breakout,0.6923076923076922,0.9435,VALIDATION
2025-11-04,ALKEM,VCP Volatility Contraction Breakout,0.6923076923076922,0.9435,VALIDATION
2025-11-04,ALKEM,RS Momentum Breakout,0.6923076923076922,0.9435,VALIDATION
2025-11-06,ALKEM,VCP Volatility Contraction Breakout,0.5952380952380952,0.9833,VALIDATION
2025-11-06,ALKEM,RS Momentum Breakout,0.5952380952380952,0.9833,VALIDATION
2025-11-07,ALKEM,VCP Volatility Contraction Breakout,0.6063829787234043,-0.0876,VALIDATION
2025-11-07,ALKEM,RS Momentum Breakout,0.6063829787234043,-0.0876,VALIDATION
2025-11-10,ALKEM,VCP Volatility Contraction Breakout,0.6145833333333334,-1.1424,VALIDATION
2025-11-10,ALKEM,RS Momentum Breakout,0.6145833333333334,-1.1424,VALIDATION
2025-11-11,ALKEM,VCP Volatility Contraction Breakout,0.5633333333333334,-0.4018,VALIDATION
2025-11-11,ALKEM,RS Momentum Breakout,0.5633333333333334,-0.4018,VALIDATION
2025-11-12,ALKEM,Donchian Channel Breakout,0.6424242424242425,-0.3624,VALIDATION
2025-11-12,ALKEM,VCP Volatility Contraction Breakout,0.6424242424242425,-0.3624,VALIDATION
2025-11-12,ALKEM,RS Momentum Breakout,0.6424242424242425,-0.3624,VALIDATION
2025-11-13,ALKEM,VCP Volatility Contraction Breakout,0.625,-1.9654,VALIDATION
2025-11-13,ALKEM,RS Momentum Breakout,0.625,-1.9654,VALIDATION
2025-11-14,ALKEM,VCP Volatility Contraction Breakout,0.5633333333333334,-1.1304,VALIDATION
2025-11-14,ALKEM,RS Momentum Breakout,0.5633333333333334,-1.1304,VALIDATION
2025-11-17,ALKEM,VCP Volatility Contraction Breakout,0.4133333333333333,-2.1713,VALIDATION
2025-11-18,ALKEM,VCP Volatility Contraction Breakout,0.4047619047619047,-1.5969,VALIDATION
2025-11-18,ALKEM,EMA Pullback / Bounce,0.4047619047619047,-1.5969,VALIDATION
2025-11-19,ALKEM,VCP Volatility Contraction Breakout,0.2716049382716049,-1.7826,VALIDATION
2025-11-19,ALKEM,EMA Pullback / Bounce,0.2716049382716049,-1.7826,VALIDATION
2025-11-20,ALKEM,VCP Volatility Contraction Breakout,0.2757575757575758,-0.7976,VALIDATION
2025-11-20,ALKEM,EMA Pullback / Bounce,0.2757575757575758,-0.7976,VALIDATION
2025-11-21,ALKEM,VCP Volatility Contraction Breakout,0.330188679245283,-1.1151,VALIDATION
2025-11-21,ALKEM,EMA Pullback / Bounce,0.330188679245283,-1.1151,VALIDATION
2025-11-24,ALKEM,EMA Pullback / Bounce,0.3775510204081633,-0.2849,VALIDATION
2025-11-25,ALKEM,VCP Volatility Contraction Breakout,0.3300653594771242,0.3897,VALIDATION
2025-11-25,ALKEM,EMA Pullback / Bounce,0.3300653594771242,0.3897,VALIDATION
2025-11-26,ALKEM,VCP Volatility Contraction Breakout,0.2777777777777777,-3.2322,VALIDATION
2025-11-27,ALKEM,VCP Volatility Contraction Breakout,0.3305555555555555,-1.3502,VALIDATION
2025-11-27,ALKEM,EMA Pullback / Bounce,0.3305555555555555,-1.3502,VALIDATION
2025-11-28,ALKEM,VCP Volatility Contraction Breakout,0.1417910447761194,-1.4181,VALIDATION
2025-11-28,ALKEM,EMA Pullback / Bounce,0.1417910447761194,-1.4181,VALIDATION
2025-12-01,ALKEM,EMA Pullback / Bounce,0.1027777777777777,0.0089,VALIDATION
2025-12-02,ALKEM,EMA Pullback / Bounce,0.1119791666666666,0.4167,VALIDATION
2025-12-03,ALKEM,VCP Volatility Contraction Breakout,0.1398809523809524,-0.7144,VALIDATION
2025-12-03,ALKEM,EMA Pullback / Bounce,0.1398809523809524,-0.7144,VALIDATION
2025-12-04,ALKEM,VCP Volatility Contraction Breakout,0.3024691358024691,-2.0752,VALIDATION
2025-12-04,ALKEM,EMA Pullback / Bounce,0.3024691358024691,-2.0752,VALIDATION
2025-12-05,ALKEM,VCP Volatility Contraction Breakout,0.40625,-1.7334,VALIDATION
2025-12-05,ALKEM,EMA Pullback / Bounce,0.40625,-1.7334,VALIDATION
2025-12-08,ALKEM,EMA Pullback / Bounce,0.3181818181818182,0.9695,VALIDATION
2025-12-09,ALKEM,VCP Volatility Contraction Breakout,0.2361111111111111,-1.3223,VALIDATION
2025-12-09,ALKEM,EMA Pullback / Bounce,0.2361111111111111,-1.3223,VALIDATION
2025-12-10,ALKEM,EMA Pullback / Bounce,0.1239316239316239,-0.3224,VALIDATION
2025-12-11,ALKEM,EMA Pullback / Bounce,0.2095238095238095,-2.312,VALIDATION
2025-12-12,ALKEM,EMA Pullback / Bounce,0.1136363636363636,-1.8891,VALIDATION
2025-12-15,ALKEM,EMA Pullback / Bounce,0.123015873015873,-2.3567,VALIDATION
2025-12-16,ALKEM,VCP Volatility Contraction Breakout,0.4125,-2.712,VALIDATION
2025-12-16,ALKEM,EMA Pullback / Bounce,0.4125,-2.712,VALIDATION
2025-12-17,ALKEM,EMA Pullback / Bounce,0.1452991452991453,-2.9315,VALIDATION
2025-12-22,ALKEM,EMA Pullback / Bounce,0.3266666666666666,0.7931,VALIDATION
2025-12-23,ALKEM,EMA Pullback / Bounce,0.0425531914893617,4.246,VALIDATION
2026-01-02,ALKEM,VCP Volatility Contraction Breakout,0.1257309941520467,2.6612,VALIDATION
2026-01-02,ALKEM,EMA Pullback / Bounce,0.1257309941520467,2.6612,VALIDATION
2026-01-06,ALKEM,VCP Volatility Contraction Breakout,0.3510638297872341,-0.326,VALIDATION
2026-01-06,ALKEM,EMA Pullback / Bounce,0.3510638297872341,-0.326,VALIDATION
2026-01-07,ALKEM,Donchian Channel Breakout,0.5189393939393939,-0.8096,VALIDATION
2026-01-07,ALKEM,VCP Volatility Contraction Breakout,0.5189393939393939,-0.8096,VALIDATION
2026-01-08,ALKEM,VCP Volatility Contraction Breakout,0.616279069767442,-0.4329,VALIDATION
2026-01-09,ALKEM,VCP Volatility Contraction Breakout,0.6565656565656566,-0.776,VALIDATION
2026-01-12,ALKEM,Donchian Channel Breakout,0.6458333333333334,-3.1234,VALIDATION
2026-01-12,ALKEM,VCP Volatility Contraction Breakout,0.6458333333333334,-3.1234,VALIDATION
2026-01-12,ALKEM,RS Momentum Breakout,0.6458333333333334,-3.1234,VALIDATION
2026-01-13,ALKEM,Donchian Channel Breakout,0.6714285714285714,-2.9721,VALIDATION
2026-01-13,ALKEM,VCP Volatility Contraction Breakout,0.6714285714285714,-2.9721,VALIDATION
2026-01-14,ALKEM,VCP Volatility Contraction Breakout,0.5270270270270271,-2.7159,VALIDATION
2026-01-16,ALKEM,VCP Volatility Contraction Breakout,0.4305555555555555,-5.3727,VALIDATION
2026-01-19,ALKEM,VCP Volatility Contraction Breakout,0.369047619047619,-0.7398,VALIDATION
2026-01-19,ALKEM,EMA Pullback / Bounce,0.369047619047619,-0.7398,VALIDATION
2026-01-20,ALKEM,VCP Volatility Contraction Breakout,0.4210526315789473,-0.4753,VALIDATION
2026-01-20,ALKEM,EMA Pullback / Bounce,0.4210526315789473,-0.4753,VALIDATION
2026-01-21,ALKEM,EMA Pullback / Bounce,0.1770833333333333,-0.3169,VALIDATION
2026-01-22,ALKEM,EMA Pullback / Bounce,0.4583333333333333,-1.7459,VALIDATION
2026-01-23,ALKEM,EMA Pullback / Bounce,0.3166666666666666,-1.0667,VALIDATION
2026-01-27,ALKEM,EMA Pullback / Bounce,0.375,1.0959,VALIDATION
2026-01-28,ALKEM,EMA Pullback / Bounce,0.5,2.4348,VALIDATION
2026-01-29,ALKEM,EMA Pullback / Bounce,0.2254901960784313,3.1722,VALIDATION
2026-01-30,ALKEM,EMA Pullback / Bounce,0.287037037037037,-3.8016,VALIDATION
2026-02-03,ALKEM,EMA Pullback / Bounce,0.2222222222222222,-3.901,VALIDATION
2025-10-29,AMBUJACEM,VCP Volatility Contraction Breakout,0.3257575757575757,-2.5523,VALIDATION
2025-10-29,AMBUJACEM,EMA Pullback / Bounce,0.3257575757575757,-2.5523,VALIDATION
2025-11-03,AMBUJACEM,Donchian Channel Breakout,0.4672619047619048,-4.2896,VALIDATION
2025-11-03,AMBUJACEM,VCP Volatility Contraction Breakout,0.4672619047619048,-4.2896,VALIDATION
2025-11-26,ANGELONE,VCP Volatility Contraction Breakout,0.3923611111111111,-10.2033,VALIDATION
2025-11-26,ANGELONE,RS Momentum Breakout,0.3923611111111111,-10.2033,VALIDATION
2025-11-27,ANGELONE,VCP Volatility Contraction Breakout,0.4361111111111111,-6.7477,VALIDATION
2025-11-27,ANGELONE,RS Momentum Breakout,0.4361111111111111,-6.7477,VALIDATION
2025-11-28,ANGELONE,VCP Volatility Contraction Breakout,0.5522388059701493,-4.1971,VALIDATION
2025-11-28,ANGELONE,EMA Pullback / Bounce,0.5522388059701493,-4.1971,VALIDATION
2025-12-01,ANGELONE,VCP Volatility Contraction Breakout,0.6138888888888889,-6.183,VALIDATION
2025-12-01,ANGELONE,RS Momentum Breakout,0.6138888888888889,-6.183,VALIDATION
2025-12-02,ANGELONE,VCP Volatility Contraction Breakout,0.7109375,-8.7424,VALIDATION
2025-12-02,ANGELONE,RS Momentum Breakout,0.7109375,-8.7424,VALIDATION
2025-12-03,ANGELONE,VCP Volatility Contraction Breakout,0.5416666666666666,-5.8527,VALIDATION
2025-12-03,ANGELONE,EMA Pullback / Bounce,0.5416666666666666,-5.8527,VALIDATION
2025-12-12,ANGELONE,EMA Pullback / Bounce,0.2916666666666667,-6.5814,VALIDATION
2025-12-22,ANGELONE,EMA Pullback / Bounce,0.2933333333333333,-6.6075,VALIDATION
2025-10-15,ANURAS,Donchian Channel Breakout,0.4931972789115646,-2.8407,VALIDATION
2025-10-15,ANURAS,VCP Volatility Contraction Breakout,0.4931972789115646,-2.8407,VALIDATION
2025-11-18,ANURAS,VCP Volatility Contraction Breakout,0.3265306122448979,9.2238,VALIDATION
2025-11-19,ANURAS,Donchian Channel Breakout,0.3672839506172839,12.5685,VALIDATION
2025-11-19,ANURAS,VCP Volatility Contraction Breakout,0.3672839506172839,12.5685,VALIDATION
2025-11-20,ANURAS,Donchian Channel Breakout,0.6151515151515151,5.3456,VALIDATION
2025-11-20,ANURAS,VCP Volatility Contraction Breakout,0.6151515151515151,5.3456,VALIDATION
2025-11-21,ANURAS,Donchian Channel Breakout,0.6981132075471699,0.6704,VALIDATION
2025-12-03,ANURAS,RS Momentum Breakout,0.625,5.4493,VALIDATION
2025-12-04,ANURAS,RS Momentum Breakout,0.7191358024691358,5.5058,VALIDATION
2025-12-05,ANURAS,RS Momentum Breakout,0.7152777777777777,6.247,VALIDATION
2025-12-08,ANURAS,RS Momentum Breakout,0.5050505050505051,8.6478,VALIDATION
2025-12-09,ANURAS,Donchian Channel Breakout,0.7175925925925926,2.0136,VALIDATION
2025-12-09,ANURAS,RS Momentum Breakout,0.7175925925925926,2.0136,VALIDATION
2025-12-10,ANURAS,RS Momentum Breakout,0.7863247863247863,1.772,VALIDATION
2025-12-11,ANURAS,RS Momentum Breakout,0.6714285714285714,2.786,VALIDATION
2025-12-12,ANURAS,RS Momentum Breakout,0.7727272727272728,-0.0457,VALIDATION
2025-12-15,ANURAS,RS Momentum Breakout,0.8412698412698413,-1.188,VALIDATION
2025-12-16,ANURAS,RS Momentum Breakout,0.7916666666666666,0.2051,VALIDATION
2025-12-17,ANURAS,RS Momentum Breakout,0.7991452991452993,-0.113,VALIDATION
2025-12-18,ANURAS,RS Momentum Breakout,0.7350427350427351,1.7114,VALIDATION
2025-12-19,ANURAS,Donchian Channel Breakout,0.7000000000000001,-0.375,VALIDATION
2025-12-19,ANURAS,RS Momentum Breakout,0.7000000000000001,-0.375,VALIDATION
2025-12-22,ANURAS,Donchian Channel Breakout,0.79,2.4811,VALIDATION
2025-12-22,ANURAS,RS Momentum Breakout,0.79,2.4811,VALIDATION
2025-12-23,ANURAS,RS Momentum Breakout,0.8085106382978724,2.0427,VALIDATION
2025-12-24,ANURAS,RS Momentum Breakout,0.8159722222222223,-0.6997,VALIDATION
2025-12-26,ANURAS,RS Momentum Breakout,0.8219696969696969,-0.8404,VALIDATION
2025-12-29,ANURAS,RS Momentum Breakout,0.6150793650793651,0.2214,VALIDATION
2025-12-30,ANURAS,VCP Volatility Contraction Breakout,0.4444444444444445,1.7882,VALIDATION
2025-12-30,ANURAS,RS Momentum Breakout,0.4444444444444445,1.7882,VALIDATION
2025-12-31,ANURAS,VCP Volatility Contraction Breakout,0.5158730158730159,0.0227,VALIDATION
2025-12-31,ANURAS,RS Momentum Breakout,0.5158730158730159,0.0227,VALIDATION
2026-01-01,ANURAS,VCP Volatility Contraction Breakout,0.7048611111111112,-0.3544,VALIDATION
2026-01-01,ANURAS,RS Momentum Breakout,0.7048611111111112,-0.3544,VALIDATION
2026-01-02,ANURAS,VCP Volatility Contraction Breakout,0.5058479532163743,-1.3195,VALIDATION
2026-01-02,ANURAS,RS Momentum Breakout,0.5058479532163743,-1.3195,VALIDATION
2026-01-05,ANURAS,VCP Volatility Contraction Breakout,0.4166666666666667,-0.9553,VALIDATION
2026-01-05,ANURAS,RS Momentum Breakout,0.4166666666666667,-0.9553,VALIDATION
2026-01-06,ANURAS,Donchian Channel Breakout,0.7163120567375887,-6.7028,VALIDATION
2026-01-06,ANURAS,VCP Volatility Contraction Breakout,0.7163120567375887,-6.7028,VALIDATION
2026-01-06,ANURAS,RS Momentum Breakout,0.7163120567375887,-6.7028,VALIDATION
2026-01-07,ANURAS,VCP Volatility Contraction Breakout,0.6401515151515151,-8.5393,VALIDATION
2026-01-07,ANURAS,RS Momentum Breakout,0.6401515151515151,-8.5393,VALIDATION
2026-01-08,ANURAS,VCP Volatility Contraction Breakout,0.5968992248062016,-5.7414,VALIDATION
2026-01-08,ANURAS,EMA Pullback / Bounce,0.5968992248062016,-5.7414,VALIDATION
2026-01-09,ANURAS,VCP Volatility Contraction Breakout,0.6767676767676768,-6.0844,VALIDATION
2026-01-09,ANURAS,EMA Pullback / Bounce,0.6767676767676768,-6.0844,VALIDATION
2026-01-12,ANURAS,VCP Volatility Contraction Breakout,0.5364583333333334,-7.5669,VALIDATION
2026-01-12,ANURAS,EMA Pullback / Bounce,0.5364583333333334,-7.5669,VALIDATION
2026-01-13,ANURAS,VCP Volatility Contraction Breakout,0.7571428571428571,-8.7047,VALIDATION
2026-01-13,ANURAS,RS Momentum Breakout,0.7571428571428571,-8.7047,VALIDATION
2026-01-14,ANURAS,VCP Volatility Contraction Breakout,0.5405405405405406,-7.8937,VALIDATION
2026-01-14,ANURAS,EMA Pullback / Bounce,0.5405405405405406,-7.8937,VALIDATION
2026-01-15,ANURAS,VCP Volatility Contraction Breakout,0.5113636363636364,-5.6019,VALIDATION
2026-01-15,ANURAS,EMA Pullback / Bounce,0.5113636363636364,-5.6019,VALIDATION
2026-01-16,ANURAS,VCP Volatility Contraction Breakout,0.375,-6.6023,VALIDATION
2026-01-16,ANURAS,EMA Pullback / Bounce,0.375,-6.6023,VALIDATION
2026-01-19,ANURAS,VCP Volatility Contraction Breakout,0.3452380952380952,-3.0797,VALIDATION
2026-01-19,ANURAS,EMA Pullback / Bounce,0.3452380952380952,-3.0797,VALIDATION
2025-10-16,APARINDS,VCP Volatility Contraction Breakout,0.5123456790123456,-1.7339,VALIDATION
2025-10-17,APARINDS,VCP Volatility Contraction Breakout,0.3169934640522875,-1.7319,VALIDATION
2025-10-20,APARINDS,VCP Volatility Contraction Breakout,0.2150537634408602,-3.4728,VALIDATION
2025-10-20,APARINDS,EMA Pullback / Bounce,0.2150537634408602,-3.4728,VALIDATION
2025-10-21,APARINDS,VCP Volatility Contraction Breakout,0.2083333333333333,-3.4023,VALIDATION
2025-10-21,APARINDS,EMA Pullback / Bounce,0.2083333333333333,-3.4023,VALIDATION
2025-10-23,APARINDS,VCP Volatility Contraction Breakout,0.260233918128655,-5.2032,VALIDATION
2025-10-23,APARINDS,EMA Pullback / Bounce,0.260233918128655,-5.2032,VALIDATION
2025-10-24,APARINDS,VCP Volatility Contraction Breakout,0.3244047619047619,-5.3606,VALIDATION
2025-10-27,APARINDS,Donchian Channel Breakout,0.5440251572327045,-6.2527,VALIDATION
2025-10-27,APARINDS,VCP Volatility Contraction Breakout,0.5440251572327045,-6.2527,VALIDATION
2025-10-28,APARINDS,Donchian Channel Breakout,0.6203703703703703,-3.3473,VALIDATION
2025-10-28,APARINDS,VCP Volatility Contraction Breakout,0.6203703703703703,-3.3473,VALIDATION
2025-10-29,APARINDS,Donchian Channel Breakout,0.73989898989899,-7.4126,VALIDATION
2025-10-29,APARINDS,VCP Volatility Contraction Breakout,0.73989898989899,-7.4126,VALIDATION
2025-10-30,APARINDS,VCP Volatility Contraction Breakout,0.5258620689655172,-1.9139,VALIDATION
2025-10-31,APARINDS,EMA Pullback / Bounce,0.3469945355191257,6.3912,VALIDATION
2025-11-12,APARINDS,VCP Volatility Contraction Breakout,0.3272727272727272,1.626,VALIDATION
2025-11-13,APARINDS,VCP Volatility Contraction Breakout,0.1185897435897435,2.9899,VALIDATION
2025-11-14,APARINDS,VCP Volatility Contraction Breakout,0.2,0.1805,VALIDATION
2025-11-17,APARINDS,VCP Volatility Contraction Breakout,0.1533333333333333,-2.6625,VALIDATION
2025-11-18,APARINDS,VCP Volatility Contraction Breakout,0.2108843537414966,-3.6688,VALIDATION
2025-11-19,APARINDS,VCP Volatility Contraction Breakout,0.2006172839506172,-7.1459,VALIDATION
2025-11-19,APARINDS,RS Momentum Breakout,0.2006172839506172,-7.1459,VALIDATION
2025-11-20,APARINDS,VCP Volatility Contraction Breakout,0.2696969696969697,-3.8158,VALIDATION
2025-11-21,APARINDS,VCP Volatility Contraction Breakout,0.3113207547169811,-2.8812,VALIDATION
2025-11-24,APARINDS,VCP Volatility Contraction Breakout,0.1496598639455782,-3.5487,VALIDATION
2025-11-24,APARINDS,EMA Pullback / Bounce,0.1496598639455782,-3.5487,VALIDATION
2025-11-25,APARINDS,VCP Volatility Contraction Breakout,0.1339869281045751,-1.475,VALIDATION
2025-11-25,APARINDS,EMA Pullback / Bounce,0.1339869281045751,-1.475,VALIDATION
2025-11-26,APARINDS,VCP Volatility Contraction Breakout,0.2083333333333333,-4.7024,VALIDATION
2025-11-27,APARINDS,VCP Volatility Contraction Breakout,0.3027777777777777,-2.7907,VALIDATION
2025-11-28,APARINDS,VCP Volatility Contraction Breakout,0.5870646766169154,-2.2637,VALIDATION
2025-12-01,APARINDS,VCP Volatility Contraction Breakout,0.3222222222222222,1.3999,VALIDATION
2025-12-01,APARINDS,EMA Pullback / Bounce,0.3222222222222222,1.3999,VALIDATION
2025-12-02,APARINDS,EMA Pullback / Bounce,0.3567708333333333,0.2074,VALIDATION
2025-12-04,APARINDS,EMA Pullback / Bounce,0.2438271604938271,-3.1174,VALIDATION
2025-12-05,APARINDS,EMA Pullback / Bounce,0.2569444444444444,-1.5513,VALIDATION
2025-12-10,APARINDS,EMA Pullback / Bounce,0.3461538461538461,-0.9291,VALIDATION
2025-12-11,APARINDS,VCP Volatility Contraction Breakout,0.4714285714285713,-3.6151,VALIDATION
2025-12-11,APARINDS,EMA Pullback / Bounce,0.4714285714285713,-3.6151,VALIDATION
2025-12-12,APARINDS,VCP Volatility Contraction Breakout,0.4053030303030303,-4.3296,VALIDATION
2025-12-12,APARINDS,EMA Pullback / Bounce,0.4053030303030303,-4.3296,VALIDATION
2025-12-15,APARINDS,VCP Volatility Contraction Breakout,0.373015873015873,-7.5226,VALIDATION
2025-12-16,APARINDS,VCP Volatility Contraction Breakout,0.45,-6.7636,VALIDATION
2025-12-16,APARINDS,EMA Pullback / Bounce,0.45,-6.7636,VALIDATION
2025-12-22,APARINDS,VCP Volatility Contraction Breakout,0.3366666666666666,-8.581,VALIDATION
2025-12-22,APARINDS,EMA Pullback / Bounce,0.3366666666666666,-8.581,VALIDATION
2025-12-23,APARINDS,VCP Volatility Contraction Breakout,0.3156028368794326,-8.3025,VALIDATION
2025-12-23,APARINDS,EMA Pullback / Bounce,0.3156028368794326,-8.3025,VALIDATION
2025-10-15,APLAPOLLO,VCP Volatility Contraction Breakout,0.2993197278911565,2.24,VALIDATION
2025-10-15,APLAPOLLO,EMA Pullback / Bounce,0.2993197278911565,2.24,VALIDATION
2025-10-16,APLAPOLLO,VCP Volatility Contraction Breakout,0.4074074074074074,3.7949,VALIDATION
2025-10-16,APLAPOLLO,EMA Pullback / Bounce,0.4074074074074074,3.7949,VALIDATION
2025-10-17,APLAPOLLO,Donchian Channel Breakout,0.5915032679738562,2.4001,VALIDATION
2025-10-17,APLAPOLLO,VCP Volatility Contraction Breakout,0.5915032679738562,2.4001,VALIDATION
2025-10-20,APLAPOLLO,VCP Volatility Contraction Breakout,0.3387096774193548,1.954,VALIDATION
2025-10-21,APLAPOLLO,VCP Volatility Contraction Breakout,0.2777777777777778,1.4602,VALIDATION
2025-10-23,APLAPOLLO,VCP Volatility Contraction Breakout,0.3625730994152047,2.6745,VALIDATION
2025-10-24,APLAPOLLO,VCP Volatility Contraction Breakout,0.431547619047619,2.507,VALIDATION
2025-10-24,APLAPOLLO,EMA Pullback / Bounce,0.431547619047619,2.507,VALIDATION
2025-10-27,APLAPOLLO,Donchian Channel Breakout,0.4748427672955975,1.3697,VALIDATION
2025-10-27,APLAPOLLO,VCP Volatility Contraction Breakout,0.4748427672955975,1.3697,VALIDATION
2025-10-28,APLAPOLLO,Donchian Channel Breakout,0.6604938271604938,0.5823,VALIDATION
2025-10-28,APLAPOLLO,VCP Volatility Contraction Breakout,0.6604938271604938,0.5823,VALIDATION
2025-10-28,APLAPOLLO,RS Momentum Breakout,0.6604938271604938,0.5823,VALIDATION
2025-10-29,APLAPOLLO,Donchian Channel Breakout,0.8737373737373737,-3.2658,VALIDATION
2025-10-29,APLAPOLLO,VCP Volatility Contraction Breakout,0.8737373737373737,-3.2658,VALIDATION
2025-10-29,APLAPOLLO,RS Momentum Breakout,0.8737373737373737,-3.2658,VALIDATION
2025-10-30,APLAPOLLO,VCP Volatility Contraction Breakout,0.7988505747126436,-1.2544,VALIDATION
2025-10-30,APLAPOLLO,RS Momentum Breakout,0.7988505747126436,-1.2544,VALIDATION
2025-10-31,APLAPOLLO,VCP Volatility Contraction Breakout,0.7049180327868853,-1.129,VALIDATION
2025-10-31,APLAPOLLO,RS Momentum Breakout,0.7049180327868853,-1.129,VALIDATION
2025-11-03,APLAPOLLO,VCP Volatility Contraction Breakout,0.6904761904761904,-2.0111,VALIDATION
2025-11-03,APLAPOLLO,RS Momentum Breakout,0.6904761904761904,-2.0111,VALIDATION
2025-11-04,APLAPOLLO,VCP Volatility Contraction Breakout,0.4391025641025641,-3.812,VALIDATION
2025-11-04,APLAPOLLO,EMA Pullback / Bounce,0.4391025641025641,-3.812,VALIDATION
2025-11-04,APLAPOLLO,RS Momentum Breakout,0.4391025641025641,-3.812,VALIDATION
2025-11-06,APLAPOLLO,VCP Volatility Contraction Breakout,0.608843537414966,-3.3034,VALIDATION
2025-11-06,APLAPOLLO,EMA Pullback / Bounce,0.608843537414966,-3.3034,VALIDATION
2025-11-06,APLAPOLLO,RS Momentum Breakout,0.608843537414966,-3.3034,VALIDATION
2025-11-07,APLAPOLLO,VCP Volatility Contraction Breakout,0.5106382978723404,-4.4887,VALIDATION
2025-11-07,APLAPOLLO,RS Momentum Breakout,0.5106382978723404,-4.4887,VALIDATION
2025-11-10,APLAPOLLO,VCP Volatility Contraction Breakout,0.4861111111111111,-4.6079,VALIDATION
2025-11-10,APLAPOLLO,RS Momentum Breakout,0.4861111111111111,-4.6079,VALIDATION
2025-11-11,APLAPOLLO,VCP Volatility Contraction Breakout,0.2533333333333333,-6.0048,VALIDATION
2025-11-11,APLAPOLLO,EMA Pullback / Bounce,0.2533333333333333,-6.0048,VALIDATION
2025-11-11,APLAPOLLO,RS Momentum Breakout,0.2533333333333333,-6.0048,VALIDATION
2025-11-12,APLAPOLLO,VCP Volatility Contraction Breakout,0.3212121212121212,-3.6477,VALIDATION
2025-11-12,APLAPOLLO,EMA Pullback / Bounce,0.3212121212121212,-3.6477,VALIDATION
2025-11-12,APLAPOLLO,RS Momentum Breakout,0.3212121212121212,-3.6477,VALIDATION
2025-11-13,APLAPOLLO,VCP Volatility Contraction Breakout,0.25,-1.9276,VALIDATION
2025-11-13,APLAPOLLO,EMA Pullback / Bounce,0.25,-1.9276,VALIDATION
2025-11-14,APLAPOLLO,VCP Volatility Contraction Breakout,0.1733333333333333,-2.518,VALIDATION
2025-11-14,APLAPOLLO,EMA Pullback / Bounce,0.1733333333333333,-2.518,VALIDATION
2025-11-17,APLAPOLLO,VCP Volatility Contraction Breakout,0.2166666666666666,-2.4578,VALIDATION
2025-11-17,APLAPOLLO,EMA Pullback / Bounce,0.2166666666666666,-2.4578,VALIDATION
2025-11-18,APLAPOLLO,VCP Volatility Contraction Breakout,0.1496598639455782,-1.106,VALIDATION
2025-11-18,APLAPOLLO,EMA Pullback / Bounce,0.1496598639455782,-1.106,VALIDATION
2025-12-03,APLAPOLLO,VCP Volatility Contraction Breakout,0.3363095238095238,0.2557,VALIDATION
2025-12-03,APLAPOLLO,EMA Pullback / Bounce,0.3363095238095238,0.2557,VALIDATION
2025-12-04,APLAPOLLO,VCP Volatility Contraction Breakout,0.5679012345679012,1.2803,VALIDATION
2025-12-05,APLAPOLLO,VCP Volatility Contraction Breakout,0.4479166666666667,2.4312,VALIDATION
2025-12-05,APLAPOLLO,EMA Pullback / Bounce,0.4479166666666667,2.4312,VALIDATION
2025-12-09,APLAPOLLO,EMA Pullback / Bounce,0.2222222222222222,6.9388,VALIDATION
2025-12-15,APLAPOLLO,EMA Pullback / Bounce,0.3968253968253968,8.8555,VALIDATION
2025-12-17,APLAPOLLO,VCP Volatility Contraction Breakout,0.5,11.6464,VALIDATION
2025-12-17,APLAPOLLO,EMA Pullback / Bounce,0.5,11.6464,VALIDATION
2025-12-18,APLAPOLLO,Donchian Channel Breakout,0.6196581196581197,7.4472,VALIDATION
2025-12-18,APLAPOLLO,VCP Volatility Contraction Breakout,0.6196581196581197,7.4472,VALIDATION
2025-12-19,APLAPOLLO,Donchian Channel Breakout,0.5037037037037037,7.737,VALIDATION
2025-12-19,APLAPOLLO,VCP Volatility Contraction Breakout,0.5037037037037037,7.737,VALIDATION
2025-12-19,APLAPOLLO,RS Momentum Breakout,0.5037037037037037,7.737,VALIDATION
2025-12-22,APLAPOLLO,Donchian Channel Breakout,0.6533333333333333,4.5403,VALIDATION
2025-12-22,APLAPOLLO,VCP Volatility Contraction Breakout,0.6533333333333333,4.5403,VALIDATION
2025-12-22,APLAPOLLO,RS Momentum Breakout,0.6533333333333333,4.5403,VALIDATION
2025-12-23,APLAPOLLO,Donchian Channel Breakout,0.6312056737588653,4.379,VALIDATION
2025-12-23,APLAPOLLO,VCP Volatility Contraction Breakout,0.6312056737588653,4.379,VALIDATION
2025-12-23,APLAPOLLO,RS Momentum Breakout,0.6312056737588653,4.379,VALIDATION
2025-12-24,APLAPOLLO,VCP Volatility Contraction Breakout,0.5381944444444444,2.9754,VALIDATION
2025-12-24,APLAPOLLO,RS Momentum Breakout,0.5381944444444444,2.9754,VALIDATION
2025-12-26,APLAPOLLO,Donchian Channel Breakout,0.6969696969696969,-0.2849,VALIDATION
2025-12-26,APLAPOLLO,VCP Volatility Contraction Breakout,0.6969696969696969,-0.2849,VALIDATION
2025-12-26,APLAPOLLO,RS Momentum Breakout,0.6969696969696969,-0.2849,VALIDATION
2025-12-29,APLAPOLLO,Donchian Channel Breakout,0.7142857142857143,0.7351,VALIDATION
2025-12-29,APLAPOLLO,VCP Volatility Contraction Breakout,0.7142857142857143,0.7351,VALIDATION
2025-12-29,APLAPOLLO,RS Momentum Breakout,0.7142857142857143,0.7351,VALIDATION
2025-12-30,APLAPOLLO,VCP Volatility Contraction Breakout,0.594017094017094,0.8042,VALIDATION
2025-12-30,APLAPOLLO,RS Momentum Breakout,0.594017094017094,0.8042,VALIDATION
2025-12-31,APLAPOLLO,Donchian Channel Breakout,0.5476190476190476,0.4726,VALIDATION
2025-12-31,APLAPOLLO,VCP Volatility Contraction Breakout,0.5476190476190476,0.4726,VALIDATION
2025-12-31,APLAPOLLO,RS Momentum Breakout,0.5476190476190476,0.4726,VALIDATION
2026-01-01,APLAPOLLO,Donchian Channel Breakout,0.7708333333333334,-2.0405,VALIDATION
2026-01-01,APLAPOLLO,VCP Volatility Contraction Breakout,0.7708333333333334,-2.0405,VALIDATION
2026-01-01,APLAPOLLO,RS Momentum Breakout,0.7708333333333334,-2.0405,VALIDATION
2026-01-02,APLAPOLLO,VCP Volatility Contraction Breakout,0.5818713450292398,0.1032,VALIDATION
2026-01-02,APLAPOLLO,RS Momentum Breakout,0.5818713450292398,0.1032,VALIDATION
2026-01-05,APLAPOLLO,VCP Volatility Contraction Breakout,0.6268115942028986,-2.8,VALIDATION
2026-01-05,APLAPOLLO,RS Momentum Breakout,0.6268115942028986,-2.8,VALIDATION
2026-01-06,APLAPOLLO,VCP Volatility Contraction Breakout,0.4929078014184396,-2.151,VALIDATION
2026-01-06,APLAPOLLO,RS Momentum Breakout,0.4929078014184396,-2.151,VALIDATION
2026-01-07,APLAPOLLO,VCP Volatility Contraction Breakout,0.3901515151515151,-3.6171,VALIDATION
2026-01-07,APLAPOLLO,RS Momentum Breakout,0.3901515151515151,-3.6171,VALIDATION
2026-01-08,APLAPOLLO,VCP Volatility Contraction Breakout,0.3449612403100775,3.7652,VALIDATION
2026-01-08,APLAPOLLO,RS Momentum Breakout,0.3449612403100775,3.7652,VALIDATION
2026-01-09,APLAPOLLO,VCP Volatility Contraction Breakout,0.3636363636363636,5.831,VALIDATION
2026-01-09,APLAPOLLO,EMA Pullback / Bounce,0.3636363636363636,5.831,VALIDATION
2026-01-12,APLAPOLLO,VCP Volatility Contraction Breakout,0.4947916666666667,7.8848,VALIDATION
2026-01-12,APLAPOLLO,EMA Pullback / Bounce,0.4947916666666667,7.8848,VALIDATION
2026-01-13,APLAPOLLO,VCP Volatility Contraction Breakout,0.5380952380952381,9.7638,VALIDATION
2026-01-13,APLAPOLLO,EMA Pullback / Bounce,0.5380952380952381,9.7638,VALIDATION
2026-01-14,APLAPOLLO,VCP Volatility Contraction Breakout,0.6081081081081081,6.1353,VALIDATION
2026-01-14,APLAPOLLO,RS Momentum Breakout,0.6081081081081081,6.1353,VALIDATION
2026-01-15,APLAPOLLO,VCP Volatility Contraction Breakout,0.5340909090909091,5.2315,VALIDATION
2026-01-15,APLAPOLLO,RS Momentum Breakout,0.5340909090909091,5.2315,VALIDATION
2026-01-16,APLAPOLLO,VCP Volatility Contraction Breakout,0.3541666666666667,7.1418,VALIDATION
2026-01-16,APLAPOLLO,RS Momentum Breakout,0.3541666666666667,7.1418,VALIDATION
2026-01-19,APLAPOLLO,VCP Volatility Contraction Breakout,0.3273809523809524,11.3455,VALIDATION
2026-01-19,APLAPOLLO,EMA Pullback / Bounce,0.3273809523809524,11.3455,VALIDATION
2026-01-20,APLAPOLLO,VCP Volatility Contraction Breakout,0.4210526315789473,14.1312,VALIDATION
2026-01-20,APLAPOLLO,EMA Pullback / Bounce,0.4210526315789473,14.1312,VALIDATION
2026-01-21,APLAPOLLO,EMA Pullback / Bounce,0.4270833333333333,14.9079,VALIDATION
2026-01-22,APLAPOLLO,RS Momentum Breakout,0.6875,9.9,VALIDATION
2026-01-23,APLAPOLLO,Donchian Channel Breakout,0.75,10.0463,VALIDATION
2026-01-23,APLAPOLLO,RS Momentum Breakout,0.75,10.0463,VALIDATION
2026-01-27,APLAPOLLO,Donchian Channel Breakout,0.8854166666666666,8.1498,VALIDATION
2026-01-27,APLAPOLLO,RS Momentum Breakout,0.8854166666666666,8.1498,VALIDATION
2026-01-28,APLAPOLLO,Donchian Channel Breakout,0.7380952380952381,8.8687,VALIDATION
2026-01-28,APLAPOLLO,RS Momentum Breakout,0.7380952380952381,8.8687,VALIDATION
2026-01-29,APLAPOLLO,RS Momentum Breakout,0.7058823529411765,11.8498,VALIDATION
2026-01-30,APLAPOLLO,RS Momentum Breakout,0.75,8.813,VALIDATION
2026-02-02,APLAPOLLO,RS Momentum Breakout,0.6111111111111112,0.9791,VALIDATION
2026-02-03,APLAPOLLO,RS Momentum Breakout,0.7777777777777778,3.9243,VALIDATION
2025-10-15,APOLLOHOSP,VCP Volatility Contraction Breakout,0.5476190476190476,-0.3071,VALIDATION
2025-10-15,APOLLOHOSP,RS Momentum Breakout,0.5476190476190476,-0.3071,VALIDATION
2025-10-16,APOLLOHOSP,VCP Volatility Contraction Breakout,0.425925925925926,-2.1529,VALIDATION
2025-10-16,APOLLOHOSP,RS Momentum Breakout,0.425925925925926,-2.1529,VALIDATION
2025-10-17,APOLLOHOSP,Donchian Channel Breakout,0.7647058823529412,-1.5786,VALIDATION
2025-10-17,APOLLOHOSP,VCP Volatility Contraction Breakout,0.7647058823529412,-1.5786,VALIDATION
2025-10-17,APOLLOHOSP,RS Momentum Breakout,0.7647058823529412,-1.5786,VALIDATION
2025-10-20,APOLLOHOSP,Donchian Channel Breakout,0.6881720430107526,-2.8303,VALIDATION
2025-10-20,APOLLOHOSP,VCP Volatility Contraction Breakout,0.6881720430107526,-2.8303,VALIDATION
2025-10-20,APOLLOHOSP,RS Momentum Breakout,0.6881720430107526,-2.8303,VALIDATION
2025-10-21,APOLLOHOSP,VCP Volatility Contraction Breakout,0.4583333333333333,-2.1132,VALIDATION
2025-10-21,APOLLOHOSP,RS Momentum Breakout,0.4583333333333333,-2.1132,VALIDATION
2025-10-23,APOLLOHOSP,VCP Volatility Contraction Breakout,0.6345029239766081,-4.1756,VALIDATION
2025-10-23,APOLLOHOSP,RS Momentum Breakout,0.6345029239766081,-4.1756,VALIDATION
2025-10-24,APOLLOHOSP,VCP Volatility Contraction Breakout,0.4166666666666667,-3.9298,VALIDATION
2025-10-24,APOLLOHOSP,EMA Pullback / Bounce,0.4166666666666667,-3.9298,VALIDATION
2025-10-27,APOLLOHOSP,VCP Volatility Contraction Breakout,0.3930817610062893,-4.616,VALIDATION
2025-10-27,APOLLOHOSP,EMA Pullback / Bounce,0.3930817610062893,-4.616,VALIDATION
2025-10-28,APOLLOHOSP,VCP Volatility Contraction Breakout,0.3734567901234567,-4.9743,VALIDATION
2025-10-28,APOLLOHOSP,EMA Pullback / Bounce,0.3734567901234567,-4.9743,VALIDATION
2025-10-29,APOLLOHOSP,VCP Volatility Contraction Breakout,0.2828282828282828,-4.2037,VALIDATION
2025-10-29,APOLLOHOSP,EMA Pullback / Bounce,0.2828282828282828,-4.2037,VALIDATION
2025-10-30,APOLLOHOSP,VCP Volatility Contraction Breakout,0.2528735632183908,-5.2662,VALIDATION
2025-10-30,APOLLOHOSP,EMA Pullback / Bounce,0.2528735632183908,-5.2662,VALIDATION
2025-11-03,APOLLOHOSP,VCP Volatility Contraction Breakout,0.3601190476190476,-5.6106,VALIDATION
2025-11-03,APOLLOHOSP,EMA Pullback / Bounce,0.3601190476190476,-5.6106,VALIDATION
2025-11-04,APOLLOHOSP,VCP Volatility Contraction Breakout,0.3429487179487179,-3.537,VALIDATION
2025-11-04,APOLLOHOSP,EMA Pullback / Bounce,0.3429487179487179,-3.537,VALIDATION
2025-11-06,APOLLOHOSP,EMA Pullback / Bounce,0.2891156462585034,-4.6989,VALIDATION
2025-10-15,APOLLOTYRE,VCP Volatility Contraction Breakout,0.227891156462585,3.243,VALIDATION
2025-10-15,APOLLOTYRE,EMA Pullback / Bounce,0.227891156462585,3.243,VALIDATION
2025-10-16,APOLLOTYRE,VCP Volatility Contraction Breakout,0.5216049382716049,1.9309,VALIDATION
2025-10-17,APOLLOTYRE,VCP Volatility Contraction Breakout,0.6143790849673202,3.2529,VALIDATION
2025-10-17,APOLLOTYRE,EMA Pullback / Bounce,0.6143790849673202,3.2529,VALIDATION
2025-10-20,APOLLOTYRE,Donchian Channel Breakout,0.7634408602150539,2.4216,VALIDATION
2025-10-20,APOLLOTYRE,VCP Volatility Contraction Breakout,0.7634408602150539,2.4216,VALIDATION
2025-10-20,APOLLOTYRE,RS Momentum Breakout,0.7634408602150539,2.4216,VALIDATION
2025-10-21,APOLLOTYRE,Donchian Channel Breakout,0.8555555555555555,-1.7864,VALIDATION
2025-10-21,APOLLOTYRE,VCP Volatility Contraction Breakout,0.8555555555555555,-1.7864,VALIDATION
2025-10-21,APOLLOTYRE,RS Momentum Breakout,0.8555555555555555,-1.7864,VALIDATION
2025-10-23,APOLLOTYRE,VCP Volatility Contraction Breakout,0.716374269005848,0.2626,VALIDATION
2025-10-23,APOLLOTYRE,RS Momentum Breakout,0.716374269005848,0.2626,VALIDATION
2025-10-24,APOLLOTYRE,VCP Volatility Contraction Breakout,0.5446428571428571,4.4,VALIDATION
2025-10-27,APOLLOTYRE,VCP Volatility Contraction Breakout,0.4685534591194968,1.4425,VALIDATION
2025-10-27,APOLLOTYRE,RS Momentum Breakout,0.4685534591194968,1.4425,VALIDATION
2025-10-29,APOLLOTYRE,RS Momentum Breakout,0.3813131313131312,5.9288,VALIDATION
2025-10-30,APOLLOTYRE,VCP Volatility Contraction Breakout,0.4511494252873563,2.4593,VALIDATION
2025-10-31,APOLLOTYRE,VCP Volatility Contraction Breakout,0.3333333333333333,2.7897,VALIDATION
2025-10-31,APOLLOTYRE,EMA Pullback / Bounce,0.3333333333333333,2.7897,VALIDATION
2025-11-03,APOLLOTYRE,VCP Volatility Contraction Breakout,0.4970238095238095,2.5198,VALIDATION
2025-11-03,APOLLOTYRE,RS Momentum Breakout,0.4970238095238095,2.5198,VALIDATION
2025-11-04,APOLLOTYRE,RS Momentum Breakout,0.826923076923077,0.0574,VALIDATION
2025-11-06,APOLLOTYRE,EMA Pullback / Bounce,0.3197278911564625,2.4364,VALIDATION
2025-11-07,APOLLOTYRE,RS Momentum Breakout,0.4609929078014184,-0.5821,VALIDATION
2025-11-10,APOLLOTYRE,RS Momentum Breakout,0.3888888888888889,1.1297,VALIDATION
2025-11-11,APOLLOTYRE,RS Momentum Breakout,0.32,0.0096,VALIDATION
2025-11-12,APOLLOTYRE,Donchian Channel Breakout,0.6696969696969696,-2.2495,VALIDATION
2025-11-12,APOLLOTYRE,RS Momentum Breakout,0.6696969696969696,-2.2495,VALIDATION
2025-11-13,APOLLOTYRE,Donchian Channel Breakout,0.6089743589743589,-2.8183,VALIDATION
2025-11-13,APOLLOTYRE,RS Momentum Breakout,0.6089743589743589,-2.8183,VALIDATION
2025-11-14,APOLLOTYRE,EMA Pullback / Bounce,0.4933333333333333,-2.0952,VALIDATION
2025-11-17,APOLLOTYRE,EMA Pullback / Bounce,0.4133333333333333,0.4572,VALIDATION
2025-11-20,APOLLOTYRE,EMA Pullback / Bounce,0.2424242424242424,2.581,VALIDATION
2025-11-21,APOLLOTYRE,EMA Pullback / Bounce,0.1163522012578616,1.8656,VALIDATION
2025-11-25,APOLLOTYRE,EMA Pullback / Bounce,0.3202614379084967,0.0668,VALIDATION
2025-11-26,APOLLOTYRE,EMA Pullback / Bounce,0.3125,-0.0959,VALIDATION
2025-11-27,APOLLOTYRE,EMA Pullback / Bounce,0.1416666666666666,-0.9441,VALIDATION
2025-11-28,APOLLOTYRE,EMA Pullback / Bounce,0.1666666666666666,-1.4207,VALIDATION
2025-12-01,APOLLOTYRE,EMA Pullback / Bounce,0.2944444444444444,-2.3144,VALIDATION
2025-12-02,APOLLOTYRE,VCP Volatility Contraction Breakout,0.5286458333333334,-2.051,VALIDATION
2025-12-02,APOLLOTYRE,EMA Pullback / Bounce,0.5286458333333334,-2.051,VALIDATION
2025-12-05,APOLLOTYRE,EMA Pullback / Bounce,0.40625,-3.244,VALIDATION
2025-12-08,APOLLOTYRE,EMA Pullback / Bounce,0.409090909090909,-2.0371,VALIDATION
2025-12-09,APOLLOTYRE,EMA Pullback / Bounce,0.5925925925925926,-2.6426,VALIDATION
2025-12-10,APOLLOTYRE,VCP Volatility Contraction Breakout,0.3205128205128205,-2.1606,VALIDATION
2025-12-10,APOLLOTYRE,EMA Pullback / Bounce,0.3205128205128205,-2.1606,VALIDATION
2025-12-11,APOLLOTYRE,EMA Pullback / Bounce,0.1666666666666666,-1.7769,VALIDATION
2025-12-16,APOLLOTYRE,EMA Pullback / Bounce,0.3999999999999999,-2.1526,VALIDATION
2025-12-22,APOLLOTYRE,EMA Pullback / Bounce,0.12,1.445,VALIDATION
2025-12-23,APOLLOTYRE,EMA Pullback / Bounce,0.3794326241134751,0.9263,VALIDATION
2025-12-24,APOLLOTYRE,EMA Pullback / Bounce,0.375,1.6123,VALIDATION
2026-01-06,APOLLOTYRE,VCP Volatility Contraction Breakout,0.4609929078014185,-2.7639,VALIDATION
2026-01-07,APOLLOTYRE,VCP Volatility Contraction Breakout,0.3863636363636364,-2.9952,VALIDATION
2026-01-08,APOLLOTYRE,VCP Volatility Contraction Breakout,0.4883720930232558,-3.0964,VALIDATION
2026-01-13,APOLLOTYRE,VCP Volatility Contraction Breakout,0.4761904761904761,-3.6539,VALIDATION
2026-01-14,APOLLOTYRE,VCP Volatility Contraction Breakout,0.5045045045045046,-6.8567,VALIDATION
2026-01-15,APOLLOTYRE,VCP Volatility Contraction Breakout,0.4128787878787878,-6.3731,VALIDATION
2026-01-19,APOLLOTYRE,EMA Pullback / Bounce,0.119047619047619,-1.5406,VALIDATION
2025-10-15,ASAHIINDIA,VCP Volatility Contraction Breakout,0.4421768707482993,3.9664,VALIDATION
2025-10-16,ASAHIINDIA,VCP Volatility Contraction Breakout,0.6790123456790124,1.0014,VALIDATION
2025-10-17,ASAHIINDIA,VCP Volatility Contraction Breakout,0.7549019607843137,-1.0904,VALIDATION
2025-10-17,ASAHIINDIA,RS Momentum Breakout,0.7549019607843137,-1.0904,VALIDATION
2025-10-20,ASAHIINDIA,VCP Volatility Contraction Breakout,0.3951612903225807,2.8819,VALIDATION
2025-10-20,ASAHIINDIA,RS Momentum Breakout,0.3951612903225807,2.8819,VALIDATION
2025-10-21,ASAHIINDIA,VCP Volatility Contraction Breakout,0.4916666666666667,-1.3919,VALIDATION
2025-10-21,ASAHIINDIA,RS Momentum Breakout,0.4916666666666667,-1.3919,VALIDATION
2025-10-23,ASAHIINDIA,VCP Volatility Contraction Breakout,0.3888888888888889,-0.0374,VALIDATION
2025-10-23,ASAHIINDIA,RS Momentum Breakout,0.3888888888888889,-0.0374,VALIDATION
2025-10-24,ASAHIINDIA,VCP Volatility Contraction Breakout,0.5089285714285715,-0.4105,VALIDATION
2025-10-24,ASAHIINDIA,RS Momentum Breakout,0.5089285714285715,-0.4105,VALIDATION
2025-10-27,ASAHIINDIA,Donchian Channel Breakout,0.660377358490566,1.3455,VALIDATION
2025-10-27,ASAHIINDIA,VCP Volatility Contraction Breakout,0.660377358490566,1.3455,VALIDATION
2025-10-27,ASAHIINDIA,RS Momentum Breakout,0.660377358490566,1.3455,VALIDATION
2025-10-28,ASAHIINDIA,VCP Volatility Contraction Breakout,0.3364197530864197,3.3635,VALIDATION
2025-10-29,ASAHIINDIA,VCP Volatility Contraction Breakout,0.356060606060606,3.3413,VALIDATION
2025-10-29,ASAHIINDIA,RS Momentum Breakout,0.356060606060606,3.3413,VALIDATION
2025-10-30,ASAHIINDIA,VCP Volatility Contraction Breakout,0.4339080459770115,2.6908,VALIDATION
2025-10-31,ASAHIINDIA,VCP Volatility Contraction Breakout,0.360655737704918,7.655,VALIDATION
2025-10-31,ASAHIINDIA,EMA Pullback / Bounce,0.360655737704918,7.655,VALIDATION
2025-11-03,ASAHIINDIA,VCP Volatility Contraction Breakout,0.306547619047619,7.4571,VALIDATION
2025-11-03,ASAHIINDIA,EMA Pullback / Bounce,0.306547619047619,7.4571,VALIDATION
2025-11-04,ASAHIINDIA,Donchian Channel Breakout,0.6923076923076924,7.8536,VALIDATION
2025-11-04,ASAHIINDIA,VCP Volatility Contraction Breakout,0.6923076923076924,7.8536,VALIDATION
2025-11-04,ASAHIINDIA,RS Momentum Breakout,0.6923076923076924,7.8536,VALIDATION
2025-11-06,ASAHIINDIA,VCP Volatility Contraction Breakout,0.5238095238095238,9.006,VALIDATION
2025-11-06,ASAHIINDIA,EMA Pullback / Bounce,0.5238095238095238,9.006,VALIDATION
2025-11-07,ASAHIINDIA,EMA Pullback / Bounce,0.2056737588652482,6.3081,VALIDATION
2025-11-11,ASAHIINDIA,Donchian Channel Breakout,0.35,6.658,VALIDATION
2025-11-11,ASAHIINDIA,RS Momentum Breakout,0.35,6.658,VALIDATION
2025-11-12,ASAHIINDIA,Donchian Channel Breakout,0.2787878787878787,6.0103,VALIDATION
2025-11-12,ASAHIINDIA,VCP Volatility Contraction Breakout,0.2787878787878787,6.0103,VALIDATION
2025-11-12,ASAHIINDIA,RS Momentum Breakout,0.2787878787878787,6.0103,VALIDATION
2025-11-13,ASAHIINDIA,VCP Volatility Contraction Breakout,0.4326923076923077,6.1243,VALIDATION
2025-11-13,ASAHIINDIA,RS Momentum Breakout,0.4326923076923077,6.1243,VALIDATION
2025-11-14,ASAHIINDIA,VCP Volatility Contraction Breakout,0.3466666666666667,4.9347,VALIDATION
2025-11-14,ASAHIINDIA,RS Momentum Breakout,0.3466666666666667,4.9347,VALIDATION
2025-11-17,ASAHIINDIA,Donchian Channel Breakout,0.6533333333333334,5.5683,VALIDATION
2025-11-17,ASAHIINDIA,VCP Volatility Contraction Breakout,0.6533333333333334,5.5683,VALIDATION
2025-11-17,ASAHIINDIA,RS Momentum Breakout,0.6533333333333334,5.5683,VALIDATION
2025-11-18,ASAHIINDIA,Donchian Channel Breakout,0.5034013605442177,6.9609,VALIDATION
2025-11-18,ASAHIINDIA,VCP Volatility Contraction Breakout,0.5034013605442177,6.9609,VALIDATION
2025-11-18,ASAHIINDIA,RS Momentum Breakout,0.5034013605442177,6.9609,VALIDATION
2025-11-19,ASAHIINDIA,VCP Volatility Contraction Breakout,0.25,4.9703,VALIDATION
2025-11-19,ASAHIINDIA,RS Momentum Breakout,0.25,4.9703,VALIDATION
2025-11-20,ASAHIINDIA,VCP Volatility Contraction Breakout,0.4818181818181818,5.5065,VALIDATION
2025-11-20,ASAHIINDIA,RS Momentum Breakout,0.4818181818181818,5.5065,VALIDATION
2025-11-21,ASAHIINDIA,VCP Volatility Contraction Breakout,0.270440251572327,4.2847,VALIDATION
2025-11-24,ASAHIINDIA,Donchian Channel Breakout,0.914965986394558,-1.7861,VALIDATION
2025-11-24,ASAHIINDIA,RS Momentum Breakout,0.914965986394558,-1.7861,VALIDATION
2025-11-25,ASAHIINDIA,RS Momentum Breakout,0.6601307189542484,-2.1604,VALIDATION
2025-11-26,ASAHIINDIA,RS Momentum Breakout,0.3993055555555555,-3.5647,VALIDATION
2025-11-27,ASAHIINDIA,VCP Volatility Contraction Breakout,0.3277777777777778,-2.5561,VALIDATION
2025-11-27,ASAHIINDIA,RS Momentum Breakout,0.3277777777777778,-2.5561,VALIDATION
2025-11-28,ASAHIINDIA,VCP Volatility Contraction Breakout,0.3383084577114428,-3.3754,VALIDATION
2025-11-28,ASAHIINDIA,RS Momentum Breakout,0.3383084577114428,-3.3754,VALIDATION
2025-12-01,ASAHIINDIA,RS Momentum Breakout,0.7944444444444444,-4.7543,VALIDATION
2025-12-02,ASAHIINDIA,VCP Volatility Contraction Breakout,0.6119791666666666,-7.1522,VALIDATION
2025-12-02,ASAHIINDIA,RS Momentum Breakout,0.6119791666666666,-7.1522,VALIDATION
2025-12-03,ASAHIINDIA,RS Momentum Breakout,0.4642857142857142,-4.2217,VALIDATION
2025-12-04,ASAHIINDIA,VCP Volatility Contraction Breakout,0.5401234567901234,-6.6445,VALIDATION
2025-12-04,ASAHIINDIA,RS Momentum Breakout,0.5401234567901234,-6.6445,VALIDATION
2025-12-08,ASAHIINDIA,EMA Pullback / Bounce,0.4696969696969696,-1.9839,VALIDATION
2025-12-09,ASAHIINDIA,EMA Pullback / Bounce,0.375,-1.37,VALIDATION
2025-12-11,ASAHIINDIA,EMA Pullback / Bounce,0.2761904761904761,-0.5395,VALIDATION
2025-12-12,ASAHIINDIA,EMA Pullback / Bounce,0.2613636363636364,-3.5328,VALIDATION
2025-12-15,ASAHIINDIA,VCP Volatility Contraction Breakout,0.3611111111111111,2.7327,VALIDATION
2025-12-15,ASAHIINDIA,EMA Pullback / Bounce,0.3611111111111111,2.7327,VALIDATION
2025-12-17,ASAHIINDIA,EMA Pullback / Bounce,0.1752136752136752,-0.5285,VALIDATION
2025-12-19,ASAHIINDIA,VCP Volatility Contraction Breakout,0.4629629629629629,-3.5328,VALIDATION
2025-12-19,ASAHIINDIA,EMA Pullback / Bounce,0.4629629629629629,-3.5328,VALIDATION
2025-12-22,ASAHIINDIA,VCP Volatility Contraction Breakout,0.32,-4.558,VALIDATION
2025-12-22,ASAHIINDIA,EMA Pullback / Bounce,0.32,-4.558,VALIDATION
2025-12-26,ASAHIINDIA,EMA Pullback / Bounce,0.25,-3.9372,VALIDATION
2025-12-31,ASAHIINDIA,EMA Pullback / Bounce,0.4484126984126984,-5.6052,VALIDATION
2026-01-01,ASAHIINDIA,EMA Pullback / Bounce,0.1979166666666666,-4.7548,VALIDATION
2026-01-02,ASAHIINDIA,EMA Pullback / Bounce,0.1491228070175438,-4.5157,VALIDATION
2026-01-07,ASAHIINDIA,EMA Pullback / Bounce,0.3787878787878787,-6.05,VALIDATION
2026-01-28,ASAHIINDIA,EMA Pullback / Bounce,0.2301587301587301,1.1983,VALIDATION
2025-10-15,ASHOKLEY,EMA Pullback / Bounce,0.2653061224489796,3.5226,VALIDATION
2025-10-16,ASHOKLEY,VCP Volatility Contraction Breakout,0.3919753086419753,3.0433,VALIDATION
2025-10-16,ASHOKLEY,EMA Pullback / Bounce,0.3919753086419753,3.0433,VALIDATION
2025-10-20,ASHOKLEY,EMA Pullback / Bounce,0.271505376344086,2.8111,VALIDATION
2025-10-21,ASHOKLEY,EMA Pullback / Bounce,0.3805555555555555,3.0876,VALIDATION
2025-10-23,ASHOKLEY,VCP Volatility Contraction Breakout,0.3830409356725147,2.4436,VALIDATION
2025-10-23,ASHOKLEY,EMA Pullback / Bounce,0.3830409356725147,2.4436,VALIDATION
2025-10-24,ASHOKLEY,EMA Pullback / Bounce,0.2529761904761904,4.2192,VALIDATION
2025-10-27,ASHOKLEY,VCP Volatility Contraction Breakout,0.6792452830188679,3.2815,VALIDATION
2025-10-28,ASHOKLEY,VCP Volatility Contraction Breakout,0.6296296296296297,1.4593,VALIDATION
2025-10-29,ASHOKLEY,VCP Volatility Contraction Breakout,0.4545454545454546,7.5125,VALIDATION
2025-10-29,ASHOKLEY,EMA Pullback / Bounce,0.4545454545454546,7.5125,VALIDATION
2025-10-30,ASHOKLEY,VCP Volatility Contraction Breakout,0.5919540229885057,5.1862,VALIDATION
2025-10-31,ASHOKLEY,VCP Volatility Contraction Breakout,0.6502732240437159,4.5423,VALIDATION
2025-11-03,ASHOKLEY,VCP Volatility Contraction Breakout,0.5059523809523809,6.2951,VALIDATION
2025-11-03,ASHOKLEY,EMA Pullback / Bounce,0.5059523809523809,6.2951,VALIDATION
2025-11-04,ASHOKLEY,VCP Volatility Contraction Breakout,0.4070512820512821,3.8701,VALIDATION
2025-11-04,ASHOKLEY,EMA Pullback / Bounce,0.4070512820512821,3.8701,VALIDATION
2025-11-06,ASHOKLEY,VCP Volatility Contraction Breakout,0.5986394557823129,4.4197,VALIDATION
2025-11-07,ASHOKLEY,VCP Volatility Contraction Breakout,0.3652482269503546,2.7301,VALIDATION
2025-11-07,ASHOKLEY,EMA Pullback / Bounce,0.3652482269503546,2.7301,VALIDATION
2025-11-10,ASHOKLEY,VCP Volatility Contraction Breakout,0.3993055555555555,1.8119,VALIDATION
2025-11-10,ASHOKLEY,RS Momentum Breakout,0.3993055555555555,1.8119,VALIDATION
2025-11-11,ASHOKLEY,Donchian Channel Breakout,0.7799999999999999,-0.4414,VALIDATION
2025-11-11,ASHOKLEY,VCP Volatility Contraction Breakout,0.7799999999999999,-0.4414,VALIDATION
2025-11-11,ASHOKLEY,RS Momentum Breakout,0.7799999999999999,-0.4414,VALIDATION
2025-11-12,ASHOKLEY,VCP Volatility Contraction Breakout,0.5666666666666667,3.5208,VALIDATION
2025-11-13,ASHOKLEY,Donchian Channel Breakout,0.8173076923076922,7.2223,VALIDATION
2025-11-13,ASHOKLEY,RS Momentum Breakout,0.8173076923076922,7.2223,VALIDATION
2025-11-14,ASHOKLEY,RS Momentum Breakout,0.7333333333333334,6.4832,VALIDATION
2025-11-17,ASHOKLEY,RS Momentum Breakout,0.5433333333333333,7.26,VALIDATION
2025-11-18,ASHOKLEY,RS Momentum Breakout,0.4965986394557823,8.7326,VALIDATION
2025-11-20,ASHOKLEY,RS Momentum Breakout,0.3999999999999999,9.3584,VALIDATION
2025-11-21,ASHOKLEY,EMA Pullback / Bounce,0.380503144654088,11.0912,VALIDATION
2025-11-24,ASHOKLEY,VCP Volatility Contraction Breakout,0.4761904761904761,10.1598,VALIDATION
2025-11-24,ASHOKLEY,EMA Pullback / Bounce,0.4761904761904761,10.1598,VALIDATION
2025-11-26,ASHOKLEY,RS Momentum Breakout,0.5625,5.5722,VALIDATION
2025-11-27,ASHOKLEY,Donchian Channel Breakout,0.8250000000000001,1.4747,VALIDATION
2025-11-27,ASHOKLEY,RS Momentum Breakout,0.8250000000000001,1.4747,VALIDATION
2025-11-28,ASHOKLEY,RS Momentum Breakout,0.8109452736318409,3.5385,VALIDATION
2025-12-01,ASHOKLEY,RS Momentum Breakout,0.8833333333333334,4.2625,VALIDATION
2025-12-02,ASHOKLEY,RS Momentum Breakout,0.859375,4.641,VALIDATION
2025-12-03,ASHOKLEY,RS Momentum Breakout,0.7708333333333334,2.4923,VALIDATION
2025-12-04,ASHOKLEY,RS Momentum Breakout,0.7160493827160493,6.6248,VALIDATION
2025-12-05,ASHOKLEY,RS Momentum Breakout,0.6701388888888888,7.8682,VALIDATION
2025-12-08,ASHOKLEY,RS Momentum Breakout,0.5555555555555556,11.2333,VALIDATION
2025-12-09,ASHOKLEY,RS Momentum Breakout,0.4907407407407407,11.225,VALIDATION
2025-12-10,ASHOKLEY,RS Momentum Breakout,0.4957264957264957,10.6057,VALIDATION
2025-12-11,ASHOKLEY,RS Momentum Breakout,0.7428571428571429,8.6656,VALIDATION
2025-12-12,ASHOKLEY,Donchian Channel Breakout,0.7689393939393939,6.7888,VALIDATION
2025-12-12,ASHOKLEY,RS Momentum Breakout,0.7689393939393939,6.7888,VALIDATION
2025-12-15,ASHOKLEY,Donchian Channel Breakout,0.8928571428571429,7.2853,VALIDATION
2025-12-15,ASHOKLEY,RS Momentum Breakout,0.8928571428571429,7.2853,VALIDATION
2025-12-16,ASHOKLEY,Donchian Channel Breakout,0.9208333333333334,6.9791,VALIDATION
2025-12-16,ASHOKLEY,RS Momentum Breakout,0.9208333333333334,6.9791,VALIDATION
2025-12-17,ASHOKLEY,RS Momentum Breakout,0.7136752136752137,11.2796,VALIDATION
2025-12-18,ASHOKLEY,Donchian Channel Breakout,0.9102564102564102,9.7048,VALIDATION
2025-12-18,ASHOKLEY,RS Momentum Breakout,0.9102564102564102,9.7048,VALIDATION
2025-12-19,ASHOKLEY,Donchian Channel Breakout,0.7444444444444445,7.5311,VALIDATION
2025-12-19,ASHOKLEY,RS Momentum Breakout,0.7444444444444445,7.5311,VALIDATION
2025-12-22,ASHOKLEY,Donchian Channel Breakout,0.7966666666666665,5.122,VALIDATION
2025-12-22,ASHOKLEY,RS Momentum Breakout,0.7966666666666665,5.122,VALIDATION
2025-12-23,ASHOKLEY,Donchian Channel Breakout,0.6914893617021276,4.5031,VALIDATION
2025-12-23,ASHOKLEY,RS Momentum Breakout,0.6914893617021276,4.5031,VALIDATION
2025-12-24,ASHOKLEY,RS Momentum Breakout,0.6875,5.3136,VALIDATION
2025-12-26,ASHOKLEY,RS Momentum Breakout,0.6742424242424242,7.488,VALIDATION
2025-12-29,ASHOKLEY,RS Momentum Breakout,0.7142857142857143,6.5584,VALIDATION
2025-12-30,ASHOKLEY,Donchian Channel Breakout,0.8675213675213675,4.0453,VALIDATION
2025-12-30,ASHOKLEY,RS Momentum Breakout,0.8675213675213675,4.0453,VALIDATION
2025-12-31,ASHOKLEY,Donchian Channel Breakout,0.7579365079365079,4.2971,VALIDATION
2025-12-31,ASHOKLEY,RS Momentum Breakout,0.7579365079365079,4.2971,VALIDATION
2026-01-01,ASHOKLEY,Donchian Channel Breakout,0.8506944444444445,1.0216,VALIDATION
2026-01-01,ASHOKLEY,RS Momentum Breakout,0.8506944444444445,1.0216,VALIDATION
2026-01-02,ASHOKLEY,Donchian Channel Breakout,0.8859649122807017,-2.5132,VALIDATION
2026-01-02,ASHOKLEY,RS Momentum Breakout,0.8859649122807017,-2.5132,VALIDATION
2026-01-05,ASHOKLEY,RS Momentum Breakout,0.8333333333333334,0.0692,VALIDATION
2026-01-06,ASHOKLEY,RS Momentum Breakout,0.7092198581560284,-2.9055,VALIDATION
2026-01-07,ASHOKLEY,RS Momentum Breakout,0.6818181818181818,-2.5591,VALIDATION
2026-01-08,ASHOKLEY,RS Momentum Breakout,0.7131782945736433,3.3569,VALIDATION
2026-01-09,ASHOKLEY,RS Momentum Breakout,0.98989898989899,1.7666,VALIDATION
2026-01-12,ASHOKLEY,RS Momentum Breakout,0.78125,3.181,VALIDATION
2026-01-13,ASHOKLEY,RS Momentum Breakout,0.6666666666666666,5.4641,VALIDATION
2026-01-14,ASHOKLEY,RS Momentum Breakout,0.7027027027027027,3.8365,VALIDATION
2026-01-15,ASHOKLEY,RS Momentum Breakout,0.8219696969696969,5.7871,VALIDATION
2026-01-16,ASHOKLEY,RS Momentum Breakout,0.7638888888888888,6.1715,VALIDATION
2026-01-19,ASHOKLEY,RS Momentum Breakout,0.7142857142857143,5.7905,VALIDATION
2026-01-20,ASHOKLEY,EMA Pullback / Bounce,0.6140350877192983,11.6719,VALIDATION
2026-01-21,ASHOKLEY,EMA Pullback / Bounce,0.8958333333333334,8.7426,VALIDATION
2026-01-22,ASHOKLEY,RS Momentum Breakout,0.8541666666666666,5.125,VALIDATION
2026-01-23,ASHOKLEY,Donchian Channel Breakout,0.8833333333333333,7.0426,VALIDATION
2026-01-23,ASHOKLEY,RS Momentum Breakout,0.8833333333333333,7.0426,VALIDATION
2026-01-27,ASHOKLEY,RS Momentum Breakout,0.875,8.164,VALIDATION
2026-01-28,ASHOKLEY,RS Momentum Breakout,0.873015873015873,5.0662,VALIDATION
2026-01-29,ASHOKLEY,RS Momentum Breakout,0.7352941176470589,9.3935,VALIDATION
2026-01-30,ASHOKLEY,RS Momentum Breakout,0.7222222222222222,7.8305,VALIDATION
2026-02-02,ASHOKLEY,RS Momentum Breakout,0.6944444444444445,1.4089,VALIDATION
2026-02-03,ASHOKLEY,Donchian Channel Breakout,0.6759259259259259,2.9444,VALIDATION
2026-02-03,ASHOKLEY,RS Momentum Breakout,0.6759259259259259,2.9444,VALIDATION
2025-11-12,ASIANPAINT,Donchian Channel Breakout,0.6454545454545455,0.6851,VALIDATION
2025-11-12,ASIANPAINT,RS Momentum Breakout,0.6454545454545455,0.6851,VALIDATION
2025-11-13,ASIANPAINT,Donchian Channel Breakout,0.7916666666666666,0.6455,VALIDATION
2025-11-13,ASIANPAINT,RS Momentum Breakout,0.7916666666666666,0.6455,VALIDATION
2025-11-14,ASIANPAINT,Donchian Channel Breakout,0.8099999999999999,-0.9467,VALIDATION
2025-11-14,ASIANPAINT,RS Momentum Breakout,0.8099999999999999,-0.9467,VALIDATION
2025-11-17,ASIANPAINT,RS Momentum Breakout,0.6666666666666666,-0.6376,VALIDATION
2025-11-18,ASIANPAINT,RS Momentum Breakout,0.7346938775510203,1.3864,VALIDATION
2025-11-19,ASIANPAINT,RS Momentum Breakout,0.6234567901234568,1.9362,VALIDATION
2025-11-20,ASIANPAINT,RS Momentum Breakout,0.6363636363636364,3.0742,VALIDATION
2025-11-21,ASIANPAINT,RS Momentum Breakout,0.5345911949685535,3.2163,VALIDATION
2025-11-24,ASIANPAINT,RS Momentum Breakout,0.7823129251700681,0.9793,VALIDATION
2025-11-25,ASIANPAINT,RS Momentum Breakout,0.7450980392156863,-2.9167,VALIDATION
2025-11-26,ASIANPAINT,RS Momentum Breakout,0.4722222222222222,-2.6215,VALIDATION
2025-11-27,ASIANPAINT,RS Momentum Breakout,0.6388888888888888,-3.4931,VALIDATION
2025-11-28,ASIANPAINT,RS Momentum Breakout,0.5422885572139303,-3.9233,VALIDATION
2025-12-01,ASIANPAINT,VCP Volatility Contraction Breakout,0.4972222222222222,-3.0276,VALIDATION
2025-12-01,ASIANPAINT,RS Momentum Breakout,0.4972222222222222,-3.0276,VALIDATION
2025-12-02,ASIANPAINT,Donchian Channel Breakout,0.6901041666666666,-5.9987,VALIDATION
2025-12-02,ASIANPAINT,RS Momentum Breakout,0.6901041666666666,-5.9987,VALIDATION
2025-12-03,ASIANPAINT,Donchian Channel Breakout,0.5922619047619048,-5.5695,VALIDATION
2025-12-03,ASIANPAINT,RS Momentum Breakout,0.5922619047619048,-5.5695,VALIDATION
2025-12-04,ASIANPAINT,Donchian Channel Breakout,0.75,-6.6091,VALIDATION
2025-12-04,ASIANPAINT,RS Momentum Breakout,0.75,-6.6091,VALIDATION
2025-12-05,ASIANPAINT,RS Momentum Breakout,0.6631944444444445,-5.7273,VALIDATION
2025-12-08,ASIANPAINT,RS Momentum Breakout,0.5757575757575758,-3.5189,VALIDATION
2025-12-10,ASIANPAINT,EMA Pullback / Bounce,0.3247863247863247,-0.5179,VALIDATION
2025-12-16,ASIANPAINT,EMA Pullback / Bounce,0.3916666666666666,-1.0893,VALIDATION
2025-12-17,ASIANPAINT,EMA Pullback / Bounce,0.2905982905982906,-1.0072,VALIDATION
2025-12-19,ASIANPAINT,VCP Volatility Contraction Breakout,0.4851851851851851,1.0697,VALIDATION
2025-12-19,ASIANPAINT,EMA Pullback / Bounce,0.4851851851851851,1.0697,VALIDATION
2025-12-22,ASIANPAINT,VCP Volatility Contraction Breakout,0.1966666666666666,1.7084,VALIDATION
2025-12-22,ASIANPAINT,EMA Pullback / Bounce,0.1966666666666666,1.7084,VALIDATION
2025-12-23,ASIANPAINT,VCP Volatility Contraction Breakout,0.2588652482269503,0.057,VALIDATION
2025-12-23,ASIANPAINT,EMA Pullback / Bounce,0.2588652482269503,0.057,VALIDATION
2025-12-24,ASIANPAINT,EMA Pullback / Bounce,0.2743055555555556,0.0539,VALIDATION
2025-12-29,ASIANPAINT,EMA Pullback / Bounce,0.3888888888888888,4.5518,VALIDATION
2025-12-30,ASIANPAINT,EMA Pullback / Bounce,0.4230769230769231,4.7659,VALIDATION
2025-12-31,ASIANPAINT,EMA Pullback / Bounce,0.3809523809523809,1.3689,VALIDATION
2026-01-01,ASIANPAINT,EMA Pullback / Bounce,0.1701388888888888,2.1083,VALIDATION
2026-01-02,ASIANPAINT,EMA Pullback / Bounce,0.2105263157894736,-0.4729,VALIDATION
2026-01-05,ASIANPAINT,VCP Volatility Contraction Breakout,0.394927536231884,-2.3404,VALIDATION
2026-01-05,ASIANPAINT,EMA Pullback / Bounce,0.394927536231884,-2.3404,VALIDATION
2026-01-06,ASIANPAINT,VCP Volatility Contraction Breakout,0.3829787234042552,-5.9807,VALIDATION
2026-01-07,ASIANPAINT,VCP Volatility Contraction Breakout,0.2878787878787879,-4.7907,VALIDATION
2026-01-07,ASIANPAINT,EMA Pullback / Bounce,0.2878787878787879,-4.7907,VALIDATION
2026-01-08,ASIANPAINT,EMA Pullback / Bounce,0.3100775193798449,-3.0861,VALIDATION
2026-01-09,ASIANPAINT,VCP Volatility Contraction Breakout,0.7727272727272728,-4.3277,VALIDATION
2026-01-09,ASIANPAINT,EMA Pullback / Bounce,0.7727272727272728,-4.3277,VALIDATION
2026-01-12,ASIANPAINT,Donchian Channel Breakout,0.8177083333333334,-9.5586,VALIDATION
2026-01-12,ASIANPAINT,RS Momentum Breakout,0.8177083333333334,-9.5586,VALIDATION
2026-01-13,ASIANPAINT,Donchian Channel Breakout,0.7333333333333333,-12.9057,VALIDATION
2026-01-13,ASIANPAINT,VCP Volatility Contraction Breakout,0.7333333333333333,-12.9057,VALIDATION
2026-01-13,ASIANPAINT,RS Momentum Breakout,0.7333333333333333,-12.9057,VALIDATION
2026-01-14,ASIANPAINT,EMA Pullback / Bounce,0.4279279279279279,-14.1405,VALIDATION
2026-01-15,ASIANPAINT,VCP Volatility Contraction Breakout,0.481060606060606,-12.8986,VALIDATION
2026-01-15,ASIANPAINT,EMA Pullback / Bounce,0.481060606060606,-12.8986,VALIDATION
2025-10-15,AUBANK,Donchian Channel Breakout,0.7040816326530613,9.6162,VALIDATION
2025-10-15,AUBANK,VCP Volatility Contraction Breakout,0.7040816326530613,9.6162,VALIDATION
2025-10-16,AUBANK,VCP Volatility Contraction Breakout,0.5895061728395061,10.1512,VALIDATION
2025-10-17,AUBANK,VCP Volatility Contraction Breakout,0.6372549019607843,5.9841,VALIDATION
2025-10-20,AUBANK,Donchian Channel Breakout,0.7983870967741935,1.6513,VALIDATION
2025-10-20,AUBANK,RS Momentum Breakout,0.7983870967741935,1.6513,VALIDATION
2025-10-21,AUBANK,RS Momentum Breakout,0.7805555555555556,2.3169,VALIDATION
2025-10-23,AUBANK,Donchian Channel Breakout,0.8625730994152047,4.2087,VALIDATION
2025-10-23,AUBANK,RS Momentum Breakout,0.8625730994152047,4.2087,VALIDATION
2025-10-24,AUBANK,RS Momentum Breakout,0.675595238095238,6.3488,VALIDATION
2025-10-27,AUBANK,RS Momentum Breakout,0.6855345911949686,2.916,VALIDATION
2025-10-28,AUBANK,Donchian Channel Breakout,0.7407407407407408,-0.4458,VALIDATION
2025-10-28,AUBANK,VCP Volatility Contraction Breakout,0.7407407407407408,-0.4458,VALIDATION
2025-10-28,AUBANK,RS Momentum Breakout,0.7407407407407408,-0.4458,VALIDATION
2025-10-29,AUBANK,Donchian Channel Breakout,0.8282828282828283,0.419,VALIDATION
2025-10-29,AUBANK,VCP Volatility Contraction Breakout,0.8282828282828283,0.419,VALIDATION
2025-10-29,AUBANK,RS Momentum Breakout,0.8282828282828283,0.419,VALIDATION
2025-10-30,AUBANK,VCP Volatility Contraction Breakout,0.7126436781609194,1.4062,VALIDATION
2025-10-30,AUBANK,RS Momentum Breakout,0.7126436781609194,1.4062,VALIDATION
2025-10-31,AUBANK,VCP Volatility Contraction Breakout,0.592896174863388,4.0707,VALIDATION
2025-10-31,AUBANK,RS Momentum Breakout,0.592896174863388,4.0707,VALIDATION
2025-11-03,AUBANK,VCP Volatility Contraction Breakout,0.5357142857142857,6.1365,VALIDATION
2025-11-03,AUBANK,RS Momentum Breakout,0.5357142857142857,6.1365,VALIDATION
2025-11-04,AUBANK,VCP Volatility Contraction Breakout,0.7147435897435898,5.08,VALIDATION
2025-11-04,AUBANK,RS Momentum Breakout,0.7147435897435898,5.08,VALIDATION
2025-11-06,AUBANK,VCP Volatility Contraction Breakout,0.7040816326530613,4.9369,VALIDATION
2025-11-06,AUBANK,RS Momentum Breakout,0.7040816326530613,4.9369,VALIDATION
2025-11-07,AUBANK,Donchian Channel Breakout,0.7588652482269503,0.9039,VALIDATION
2025-11-07,AUBANK,VCP Volatility Contraction Breakout,0.7588652482269503,0.9039,VALIDATION
2025-11-07,AUBANK,RS Momentum Breakout,0.7588652482269503,0.9039,VALIDATION
2025-11-10,AUBANK,Donchian Channel Breakout,0.7916666666666666,1.1038,VALIDATION
2025-11-10,AUBANK,VCP Volatility Contraction Breakout,0.7916666666666666,1.1038,VALIDATION
2025-11-10,AUBANK,RS Momentum Breakout,0.7916666666666666,1.1038,VALIDATION
2025-11-11,AUBANK,VCP Volatility Contraction Breakout,0.44,5.1925,VALIDATION
2025-11-11,AUBANK,RS Momentum Breakout,0.44,5.1925,VALIDATION
2025-11-12,AUBANK,VCP Volatility Contraction Breakout,0.3636363636363636,8.1963,VALIDATION
2025-11-12,AUBANK,RS Momentum Breakout,0.3636363636363636,8.1963,VALIDATION
2025-11-13,AUBANK,VCP Volatility Contraction Breakout,0.4198717948717949,6.9018,VALIDATION
2025-11-13,AUBANK,RS Momentum Breakout,0.4198717948717949,6.9018,VALIDATION
2025-11-14,AUBANK,VCP Volatility Contraction Breakout,0.5466666666666666,6.7318,VALIDATION
2025-11-14,AUBANK,RS Momentum Breakout,0.5466666666666666,6.7318,VALIDATION
2025-11-17,AUBANK,VCP Volatility Contraction Breakout,0.6766666666666667,4.1473,VALIDATION
2025-11-17,AUBANK,RS Momentum Breakout,0.6766666666666667,4.1473,VALIDATION
2025-11-18,AUBANK,Donchian Channel Breakout,0.7687074829931971,3.0603,VALIDATION
2025-11-18,AUBANK,VCP Volatility Contraction Breakout,0.7687074829931971,3.0603,VALIDATION
2025-11-18,AUBANK,RS Momentum Breakout,0.7687074829931971,3.0603,VALIDATION
2025-11-19,AUBANK,Donchian Channel Breakout,0.7530864197530865,2.4901,VALIDATION
2025-11-19,AUBANK,VCP Volatility Contraction Breakout,0.7530864197530865,2.4901,VALIDATION
2025-11-19,AUBANK,RS Momentum Breakout,0.7530864197530865,2.4901,VALIDATION
2025-11-20,AUBANK,VCP Volatility Contraction Breakout,0.5272727272727272,3.3497,VALIDATION
2025-11-20,AUBANK,RS Momentum Breakout,0.5272727272727272,3.3497,VALIDATION
2025-11-21,AUBANK,VCP Volatility Contraction Breakout,0.7358490566037736,4.9544,VALIDATION
2025-11-21,AUBANK,RS Momentum Breakout,0.7358490566037736,4.9544,VALIDATION
2025-11-24,AUBANK,VCP Volatility Contraction Breakout,0.8537414965986395,2.9784,VALIDATION
2025-11-24,AUBANK,RS Momentum Breakout,0.8537414965986395,2.9784,VALIDATION
2025-11-25,AUBANK,Donchian Channel Breakout,0.915032679738562,3.0806,VALIDATION
2025-11-25,AUBANK,VCP Volatility Contraction Breakout,0.915032679738562,3.0806,VALIDATION
2025-11-25,AUBANK,RS Momentum Breakout,0.915032679738562,3.0806,VALIDATION
2025-11-26,AUBANK,Donchian Channel Breakout,0.8958333333333334,4.1887,VALIDATION
2025-11-26,AUBANK,VCP Volatility Contraction Breakout,0.8958333333333334,4.1887,VALIDATION
2025-11-26,AUBANK,RS Momentum Breakout,0.8958333333333334,4.1887,VALIDATION
2025-11-27,AUBANK,VCP Volatility Contraction Breakout,0.7333333333333334,2.529,VALIDATION
2025-11-27,AUBANK,RS Momentum Breakout,0.7333333333333334,2.529,VALIDATION
2025-11-28,AUBANK,VCP Volatility Contraction Breakout,0.845771144278607,1.324,VALIDATION
2025-11-28,AUBANK,RS Momentum Breakout,0.845771144278607,1.324,VALIDATION
2025-12-01,AUBANK,VCP Volatility Contraction Breakout,0.7527777777777778,3.0633,VALIDATION
2025-12-01,AUBANK,RS Momentum Breakout,0.7527777777777778,3.0633,VALIDATION
2025-12-02,AUBANK,VCP Volatility Contraction Breakout,0.8151041666666666,3.0258,VALIDATION
2025-12-02,AUBANK,RS Momentum Breakout,0.8151041666666666,3.0258,VALIDATION
2025-12-03,AUBANK,VCP Volatility Contraction Breakout,0.8333333333333334,4.352,VALIDATION
2025-12-03,AUBANK,RS Momentum Breakout,0.8333333333333334,4.352,VALIDATION
2025-12-04,AUBANK,VCP Volatility Contraction Breakout,0.691358024691358,4.0837,VALIDATION
2025-12-04,AUBANK,RS Momentum Breakout,0.691358024691358,4.0837,VALIDATION
2025-12-05,AUBANK,VCP Volatility Contraction Breakout,0.9201388888888888,2.316,VALIDATION
2025-12-05,AUBANK,RS Momentum Breakout,0.9201388888888888,2.316,VALIDATION
2025-12-08,AUBANK,VCP Volatility Contraction Breakout,0.787878787878788,3.6209,VALIDATION
2025-12-08,AUBANK,RS Momentum Breakout,0.787878787878788,3.6209,VALIDATION
2025-12-09,AUBANK,Donchian Channel Breakout,0.8796296296296297,-0.0663,VALIDATION
2025-12-09,AUBANK,VCP Volatility Contraction Breakout,0.8796296296296297,-0.0663,VALIDATION
2025-12-09,AUBANK,RS Momentum Breakout,0.8796296296296297,-0.0663,VALIDATION
2025-12-10,AUBANK,Donchian Channel Breakout,0.9743589743589745,-0.7085,VALIDATION
2025-12-10,AUBANK,VCP Volatility Contraction Breakout,0.9743589743589745,-0.7085,VALIDATION
2025-12-10,AUBANK,RS Momentum Breakout,0.9743589743589745,-0.7085,VALIDATION
2025-12-11,AUBANK,VCP Volatility Contraction Breakout,0.8809523809523809,0.0873,VALIDATION
2025-12-11,AUBANK,RS Momentum Breakout,0.8809523809523809,0.0873,VALIDATION
2025-12-12,AUBANK,VCP Volatility Contraction Breakout,0.8333333333333334,2.2435,VALIDATION
2025-12-12,AUBANK,RS Momentum Breakout,0.8333333333333334,2.2435,VALIDATION
2025-12-15,AUBANK,VCP Volatility Contraction Breakout,0.869047619047619,2.0953,VALIDATION
2025-12-15,AUBANK,RS Momentum Breakout,0.869047619047619,2.0953,VALIDATION
2025-12-16,AUBANK,VCP Volatility Contraction Breakout,0.7833333333333333,1.3761,VALIDATION
2025-12-16,AUBANK,RS Momentum Breakout,0.7833333333333333,1.3761,VALIDATION
2025-12-17,AUBANK,VCP Volatility Contraction Breakout,0.9358974358974358,0.8527,VALIDATION
2025-12-17,AUBANK,RS Momentum Breakout,0.9358974358974358,0.8527,VALIDATION
2025-12-18,AUBANK,VCP Volatility Contraction Breakout,0.8589743589743589,2.2823,VALIDATION
2025-12-18,AUBANK,RS Momentum Breakout,0.8589743589743589,2.2823,VALIDATION
2025-12-19,AUBANK,VCP Volatility Contraction Breakout,0.8333333333333334,3.0406,VALIDATION
2025-12-19,AUBANK,RS Momentum Breakout,0.8333333333333334,3.0406,VALIDATION
2025-12-22,AUBANK,VCP Volatility Contraction Breakout,0.7766666666666667,3.4615,VALIDATION
2025-12-22,AUBANK,RS Momentum Breakout,0.7766666666666667,3.4615,VALIDATION
2025-12-23,AUBANK,VCP Volatility Contraction Breakout,0.7163120567375887,1.9848,VALIDATION
2025-12-23,AUBANK,RS Momentum Breakout,0.7163120567375887,1.9848,VALIDATION
2025-12-24,AUBANK,VCP Volatility Contraction Breakout,0.8194444444444443,1.8531,VALIDATION
2025-12-24,AUBANK,EMA Pullback / Bounce,0.8194444444444443,1.8531,VALIDATION
2025-12-26,AUBANK,VCP Volatility Contraction Breakout,0.8106060606060606,2.7455,VALIDATION
2025-12-26,AUBANK,EMA Pullback / Bounce,0.8106060606060606,2.7455,VALIDATION
2025-12-26,AUBANK,RS Momentum Breakout,0.8106060606060606,2.7455,VALIDATION
2025-12-29,AUBANK,VCP Volatility Contraction Breakout,0.6865079365079364,2.3147,VALIDATION
2025-12-29,AUBANK,RS Momentum Breakout,0.6865079365079364,2.3147,VALIDATION
2025-12-30,AUBANK,VCP Volatility Contraction Breakout,0.9444444444444444,-2.4196,VALIDATION
2025-12-30,AUBANK,RS Momentum Breakout,0.9444444444444444,-2.4196,VALIDATION
2025-12-31,AUBANK,VCP Volatility Contraction Breakout,0.6785714285714285,-1.825,VALIDATION
2025-12-31,AUBANK,RS Momentum Breakout,0.6785714285714285,-1.825,VALIDATION
2026-01-01,AUBANK,VCP Volatility Contraction Breakout,0.642361111111111,-2.6473,VALIDATION
2026-01-01,AUBANK,RS Momentum Breakout,0.642361111111111,-2.6473,VALIDATION
2026-01-02,AUBANK,VCP Volatility Contraction Breakout,0.6228070175438597,0.2346,VALIDATION
2026-01-02,AUBANK,RS Momentum Breakout,0.6228070175438597,0.2346,VALIDATION
2026-01-05,AUBANK,Donchian Channel Breakout,0.7826086956521738,0.4872,VALIDATION
2026-01-05,AUBANK,VCP Volatility Contraction Breakout,0.7826086956521738,0.4872,VALIDATION
2026-01-05,AUBANK,RS Momentum Breakout,0.7826086956521738,0.4872,VALIDATION
2026-01-06,AUBANK,VCP Volatility Contraction Breakout,0.6063829787234043,-0.6696,VALIDATION
2026-01-06,AUBANK,RS Momentum Breakout,0.6063829787234043,-0.6696,VALIDATION
2026-01-07,AUBANK,VCP Volatility Contraction Breakout,0.6098484848484849,-0.8026,VALIDATION
2026-01-07,AUBANK,RS Momentum Breakout,0.6098484848484849,-0.8026,VALIDATION
2026-01-08,AUBANK,VCP Volatility Contraction Breakout,0.5503875968992248,0.7603,VALIDATION
2026-01-08,AUBANK,EMA Pullback / Bounce,0.5503875968992248,0.7603,VALIDATION
2026-01-09,AUBANK,VCP Volatility Contraction Breakout,0.6262626262626263,-3.002,VALIDATION
2026-01-09,AUBANK,EMA Pullback / Bounce,0.6262626262626263,-3.002,VALIDATION
2026-01-09,AUBANK,RS Momentum Breakout,0.6262626262626263,-3.002,VALIDATION
2026-01-12,AUBANK,VCP Volatility Contraction Breakout,0.671875,-4.599,VALIDATION
2026-01-12,AUBANK,RS Momentum Breakout,0.671875,-4.599,VALIDATION
2026-01-14,AUBANK,EMA Pullback / Bounce,0.5495495495495496,1.183,VALIDATION
2026-01-15,AUBANK,EMA Pullback / Bounce,0.4886363636363636,0.7022,VALIDATION
2026-01-16,AUBANK,Donchian Channel Breakout,0.8680555555555555,-5.8341,VALIDATION
2026-01-16,AUBANK,RS Momentum Breakout,0.8680555555555555,-5.8341,VALIDATION
2026-01-19,AUBANK,RS Momentum Breakout,0.6309523809523809,-3.7904,VALIDATION
2026-01-20,AUBANK,EMA Pullback / Bounce,0.4912280701754386,-2.78,VALIDATION
2026-01-21,AUBANK,EMA Pullback / Bounce,0.75,-1.7194,VALIDATION
2026-01-22,AUBANK,EMA Pullback / Bounce,0.4166666666666667,-1.3881,VALIDATION
2026-01-29,AUBANK,EMA Pullback / Bounce,0.6078431372549019,3.3411,VALIDATION
2026-01-30,AUBANK,EMA Pullback / Bounce,0.4074074074074074,3.0984,VALIDATION
2026-02-03,AUBANK,EMA Pullback / Bounce,0.1296296296296296,1.0921,VALIDATION
2025-12-19,AUROPHARMA,VCP Volatility Contraction Breakout,0.5666666666666667,-1.4448,VALIDATION
2025-12-19,AUROPHARMA,RS Momentum Breakout,0.5666666666666667,-1.4448,VALIDATION
2025-12-22,AUROPHARMA,VCP Volatility Contraction Breakout,0.3433333333333333,0.1057,VALIDATION
2025-12-23,AUROPHARMA,VCP Volatility Contraction Breakout,0.5567375886524822,1.1876,VALIDATION
2025-12-23,AUROPHARMA,EMA Pullback / Bounce,0.5567375886524822,1.1876,VALIDATION
2025-12-24,AUROPHARMA,VCP Volatility Contraction Breakout,0.2847222222222222,-0.6262,VALIDATION
2025-12-24,AUROPHARMA,EMA Pullback / Bounce,0.2847222222222222,-0.6262,VALIDATION
2025-12-26,AUROPHARMA,VCP Volatility Contraction Breakout,0.3484848484848484,-0.6218,VALIDATION
2025-12-26,AUROPHARMA,EMA Pullback / Bounce,0.3484848484848484,-0.6218,VALIDATION
2025-12-29,AUROPHARMA,VCP Volatility Contraction Breakout,0.5079365079365079,-2.421,VALIDATION
2025-12-29,AUROPHARMA,EMA Pullback / Bounce,0.5079365079365079,-2.421,VALIDATION
2025-12-30,AUROPHARMA,EMA Pullback / Bounce,0.2435897435897436,-1.4599,VALIDATION
2025-12-31,AUROPHARMA,EMA Pullback / Bounce,0.2579365079365079,-0.8319,VALIDATION
2026-01-01,AUROPHARMA,EMA Pullback / Bounce,0.1666666666666666,-2.332,VALIDATION
2026-01-02,AUROPHARMA,VCP Volatility Contraction Breakout,0.3011695906432748,-4.2951,VALIDATION
2026-01-02,AUROPHARMA,EMA Pullback / Bounce,0.3011695906432748,-4.2951,VALIDATION
2026-01-05,AUROPHARMA,VCP Volatility Contraction Breakout,0.3079710144927536,-5.6446,VALIDATION
2026-01-05,AUROPHARMA,EMA Pullback / Bounce,0.3079710144927536,-5.6446,VALIDATION
2026-01-06,AUROPHARMA,VCP Volatility Contraction Breakout,0.5070921985815603,-9.2769,VALIDATION
2026-01-06,AUROPHARMA,RS Momentum Breakout,0.5070921985815603,-9.2769,VALIDATION
2026-01-07,AUROPHARMA,Donchian Channel Breakout,0.5227272727272727,-7.3382,VALIDATION
2026-01-07,AUROPHARMA,VCP Volatility Contraction Breakout,0.5227272727272727,-7.3382,VALIDATION
2026-01-07,AUROPHARMA,RS Momentum Breakout,0.5227272727272727,-7.3382,VALIDATION
2026-01-08,AUROPHARMA,VCP Volatility Contraction Breakout,0.437984496124031,-6.0945,VALIDATION
2026-01-08,AUROPHARMA,EMA Pullback / Bounce,0.437984496124031,-6.0945,VALIDATION
2026-01-09,AUROPHARMA,EMA Pullback / Bounce,0.2525252525252525,-5.3139,VALIDATION
2026-01-30,AUROPHARMA,VCP Volatility Contraction Breakout,0.5925925925925926,-2.2609,VALIDATION
2025-11-14,AVANTIFEED,VCP Volatility Contraction Breakout,0.43,7.2735,VALIDATION
2025-11-14,AVANTIFEED,RS Momentum Breakout,0.43,7.2735,VALIDATION
2025-11-17,AVANTIFEED,Donchian Channel Breakout,0.6,3.1797,VALIDATION
2025-11-17,AVANTIFEED,VCP Volatility Contraction Breakout,0.6,3.1797,VALIDATION
2025-11-17,AVANTIFEED,RS Momentum Breakout,0.6,3.1797,VALIDATION
2025-11-18,AVANTIFEED,VCP Volatility Contraction Breakout,0.4591836734693877,4.8641,VALIDATION
2025-11-18,AVANTIFEED,RS Momentum Breakout,0.4591836734693877,4.8641,VALIDATION
2025-11-19,AVANTIFEED,Donchian Channel Breakout,0.9320987654320988,-1.6105,VALIDATION
2025-11-19,AVANTIFEED,VCP Volatility Contraction Breakout,0.9320987654320988,-1.6105,VALIDATION
2025-11-19,AVANTIFEED,RS Momentum Breakout,0.9320987654320988,-1.6105,VALIDATION
2025-11-20,AVANTIFEED,VCP Volatility Contraction Breakout,0.9484848484848486,-3.1143,VALIDATION
2025-11-20,AVANTIFEED,RS Momentum Breakout,0.9484848484848486,-3.1143,VALIDATION
2025-11-21,AVANTIFEED,Donchian Channel Breakout,0.9748427672955976,-4.8305,VALIDATION
2025-11-21,AVANTIFEED,VCP Volatility Contraction Breakout,0.9748427672955976,-4.8305,VALIDATION
2025-11-21,AVANTIFEED,RS Momentum Breakout,0.9748427672955976,-4.8305,VALIDATION
2025-11-24,AVANTIFEED,RS Momentum Breakout,0.8571428571428571,-4.5862,VALIDATION
2025-11-25,AVANTIFEED,VCP Volatility Contraction Breakout,0.7352941176470589,-4.2354,VALIDATION
2025-11-25,AVANTIFEED,RS Momentum Breakout,0.7352941176470589,-4.2354,VALIDATION
2025-11-26,AVANTIFEED,VCP Volatility Contraction Breakout,0.65625,-3.2008,VALIDATION
2025-11-26,AVANTIFEED,RS Momentum Breakout,0.65625,-3.2008,VALIDATION
2025-11-28,AVANTIFEED,RS Momentum Breakout,0.4975124378109452,0.0248,VALIDATION
2025-12-01,AVANTIFEED,VCP Volatility Contraction Breakout,0.3527777777777778,2.2231,VALIDATION
2025-12-01,AVANTIFEED,EMA Pullback / Bounce,0.3527777777777778,2.2231,VALIDATION
2025-12-02,AVANTIFEED,VCP Volatility Contraction Breakout,0.5052083333333334,2.2666,VALIDATION
2025-12-03,AVANTIFEED,RS Momentum Breakout,0.6845238095238096,2.9096,VALIDATION
2025-12-04,AVANTIFEED,RS Momentum Breakout,0.6790123456790123,4.3073,VALIDATION
2025-12-05,AVANTIFEED,RS Momentum Breakout,0.5416666666666666,4.0685,VALIDATION
2025-12-08,AVANTIFEED,EMA Pullback / Bounce,0.4242424242424242,5.8938,VALIDATION
2025-12-09,AVANTIFEED,EMA Pullback / Bounce,0.3842592592592592,7.2466,VALIDATION
2025-12-11,AVANTIFEED,EMA Pullback / Bounce,0.3619047619047619,3.2097,VALIDATION
2025-12-12,AVANTIFEED,EMA Pullback / Bounce,0.2878787878787879,1.8213,VALIDATION
2025-12-15,AVANTIFEED,VCP Volatility Contraction Breakout,0.373015873015873,2.3962,VALIDATION
2025-12-15,AVANTIFEED,EMA Pullback / Bounce,0.373015873015873,2.3962,VALIDATION
2025-12-16,AVANTIFEED,VCP Volatility Contraction Breakout,0.5208333333333334,0.4892,VALIDATION
2025-12-16,AVANTIFEED,RS Momentum Breakout,0.5208333333333334,0.4892,VALIDATION
2025-12-17,AVANTIFEED,VCP Volatility Contraction Breakout,0.7905982905982906,2.8508,VALIDATION
2025-12-17,AVANTIFEED,RS Momentum Breakout,0.7905982905982906,2.8508,VALIDATION
2025-12-18,AVANTIFEED,VCP Volatility Contraction Breakout,0.7478632478632479,2.3546,VALIDATION
2025-12-18,AVANTIFEED,RS Momentum Breakout,0.7478632478632479,2.3546,VALIDATION
2025-12-19,AVANTIFEED,VCP Volatility Contraction Breakout,0.4851851851851852,0.404,VALIDATION
2025-12-19,AVANTIFEED,RS Momentum Breakout,0.4851851851851852,0.404,VALIDATION
2025-12-22,AVANTIFEED,VCP Volatility Contraction Breakout,0.4566666666666666,2.4777,VALIDATION
2025-12-22,AVANTIFEED,RS Momentum Breakout,0.4566666666666666,2.4777,VALIDATION
2025-12-23,AVANTIFEED,VCP Volatility Contraction Breakout,0.8333333333333334,3.4718,VALIDATION
2025-12-23,AVANTIFEED,RS Momentum Breakout,0.8333333333333334,3.4718,VALIDATION
2025-12-24,AVANTIFEED,VCP Volatility Contraction Breakout,0.5520833333333334,-1.2785,VALIDATION
2025-12-24,AVANTIFEED,EMA Pullback / Bounce,0.5520833333333334,-1.2785,VALIDATION
2025-12-26,AVANTIFEED,VCP Volatility Contraction Breakout,0.7083333333333334,-3.3482,VALIDATION
2025-12-26,AVANTIFEED,EMA Pullback / Bounce,0.7083333333333334,-3.3482,VALIDATION
2025-12-29,AVANTIFEED,VCP Volatility Contraction Breakout,0.4801587301587302,-0.2251,VALIDATION
2025-12-29,AVANTIFEED,EMA Pullback / Bounce,0.4801587301587302,-0.2251,VALIDATION
2025-12-30,AVANTIFEED,VCP Volatility Contraction Breakout,0.4658119658119659,-2.476,VALIDATION
2025-12-30,AVANTIFEED,EMA Pullback / Bounce,0.4658119658119659,-2.476,VALIDATION
2025-12-31,AVANTIFEED,VCP Volatility Contraction Breakout,0.4325396825396825,-0.9671,VALIDATION
2025-12-31,AVANTIFEED,EMA Pullback / Bounce,0.4325396825396825,-0.9671,VALIDATION
2026-01-01,AVANTIFEED,Donchian Channel Breakout,0.8541666666666666,-8.4729,VALIDATION
2026-01-01,AVANTIFEED,VCP Volatility Contraction Breakout,0.8541666666666666,-8.4729,VALIDATION
2026-01-01,AVANTIFEED,RS Momentum Breakout,0.8541666666666666,-8.4729,VALIDATION
2026-01-02,AVANTIFEED,Donchian Channel Breakout,0.6959064327485379,-10.0085,VALIDATION
2026-01-02,AVANTIFEED,VCP Volatility Contraction Breakout,0.6959064327485379,-10.0085,VALIDATION
2026-01-02,AVANTIFEED,RS Momentum Breakout,0.6959064327485379,-10.0085,VALIDATION
2026-01-05,AVANTIFEED,VCP Volatility Contraction Breakout,0.4420289855072463,-9.1083,VALIDATION
2026-01-06,AVANTIFEED,VCP Volatility Contraction Breakout,0.6347517730496454,-14.1782,VALIDATION
2026-01-06,AVANTIFEED,RS Momentum Breakout,0.6347517730496454,-14.1782,VALIDATION
2026-01-07,AVANTIFEED,Donchian Channel Breakout,0.6969696969696969,-12.0244,VALIDATION
2026-01-07,AVANTIFEED,VCP Volatility Contraction Breakout,0.6969696969696969,-12.0244,VALIDATION
2026-01-07,AVANTIFEED,RS Momentum Breakout,0.6969696969696969,-12.0244,VALIDATION
2026-01-14,AVANTIFEED,EMA Pullback / Bounce,0.3378378378378378,-4.0159,VALIDATION
2026-02-02,AVANTIFEED,EMA Pullback / Bounce,0.1944444444444444,40.5469,VALIDATION
2026-02-03,AVANTIFEED,Donchian Channel Breakout,0.9166666666666666,42.5769,VALIDATION
2026-02-03,AVANTIFEED,RS Momentum Breakout,0.9166666666666666,42.5769,VALIDATION
2025-10-15,AXISBANK,VCP Volatility Contraction Breakout,0.336734693877551,1.8251,VALIDATION
2025-10-15,AXISBANK,EMA Pullback / Bounce,0.336734693877551,1.8251,VALIDATION
2025-10-20,AXISBANK,Donchian Channel Breakout,0.6908602150537634,0.0653,VALIDATION
2025-10-20,AXISBANK,RS Momentum Breakout,0.6908602150537634,0.0653,VALIDATION
2025-10-21,AXISBANK,Donchian Channel Breakout,0.7000000000000001,-1.4045,VALIDATION
2025-10-21,AXISBANK,RS Momentum Breakout,0.7000000000000001,-1.4045,VALIDATION
2025-10-23,AXISBANK,Donchian Channel Breakout,0.827485380116959,-2.5036,VALIDATION
2025-10-23,AXISBANK,RS Momentum Breakout,0.827485380116959,-2.5036,VALIDATION
2025-10-24,AXISBANK,RS Momentum Breakout,0.5416666666666667,-2.1232,VALIDATION
2025-10-27,AXISBANK,RS Momentum Breakout,0.7295597484276729,-2.1217,VALIDATION
2025-10-28,AXISBANK,RS Momentum Breakout,0.5864197530864198,-2.029,VALIDATION
2025-10-29,AXISBANK,VCP Volatility Contraction Breakout,0.5833333333333334,-1.432,VALIDATION
2025-10-29,AXISBANK,RS Momentum Breakout,0.5833333333333334,-1.432,VALIDATION
2025-10-30,AXISBANK,VCP Volatility Contraction Breakout,0.4540229885057471,-0.1126,VALIDATION
2025-10-30,AXISBANK,RS Momentum Breakout,0.4540229885057471,-0.1126,VALIDATION
2025-10-31,AXISBANK,VCP Volatility Contraction Breakout,0.4699453551912569,1.925,VALIDATION
2025-10-31,AXISBANK,RS Momentum Breakout,0.4699453551912569,1.925,VALIDATION
2025-11-03,AXISBANK,VCP Volatility Contraction Breakout,0.5148809523809524,2.8697,VALIDATION
2025-11-03,AXISBANK,RS Momentum Breakout,0.5148809523809524,2.8697,VALIDATION
2025-11-04,AXISBANK,VCP Volatility Contraction Breakout,0.3397435897435897,3.7061,VALIDATION
2025-11-04,AXISBANK,EMA Pullback / Bounce,0.3397435897435897,3.7061,VALIDATION
2025-11-06,AXISBANK,VCP Volatility Contraction Breakout,0.3775510204081633,4.7433,VALIDATION
2025-11-06,AXISBANK,EMA Pullback / Bounce,0.3775510204081633,4.7433,VALIDATION
2025-11-07,AXISBANK,VCP Volatility Contraction Breakout,0.301418439716312,4.4026,VALIDATION
2025-11-07,AXISBANK,EMA Pullback / Bounce,0.301418439716312,4.4026,VALIDATION
2025-11-10,AXISBANK,VCP Volatility Contraction Breakout,0.2222222222222222,4.1786,VALIDATION
2025-11-10,AXISBANK,EMA Pullback / Bounce,0.2222222222222222,4.1786,VALIDATION
2025-11-11,AXISBANK,VCP Volatility Contraction Breakout,0.3366666666666666,3.1273,VALIDATION
2025-11-11,AXISBANK,EMA Pullback / Bounce,0.3366666666666666,3.1273,VALIDATION
2025-11-12,AXISBANK,VCP Volatility Contraction Breakout,0.2666666666666666,5.8409,VALIDATION
2025-11-12,AXISBANK,EMA Pullback / Bounce,0.2666666666666666,5.8409,VALIDATION
2025-11-13,AXISBANK,VCP Volatility Contraction Breakout,0.2596153846153846,5.1716,VALIDATION
2025-11-13,AXISBANK,EMA Pullback / Bounce,0.2596153846153846,5.1716,VALIDATION
2025-11-14,AXISBANK,VCP Volatility Contraction Breakout,0.4833333333333334,2.878,VALIDATION
2025-11-14,AXISBANK,RS Momentum Breakout,0.4833333333333334,2.878,VALIDATION
2025-11-17,AXISBANK,VCP Volatility Contraction Breakout,0.5033333333333333,2.056,VALIDATION
2025-11-17,AXISBANK,RS Momentum Breakout,0.5033333333333333,2.056,VALIDATION
2025-11-18,AXISBANK,VCP Volatility Contraction Breakout,0.7108843537414966,-0.7886,VALIDATION
2025-11-18,AXISBANK,RS Momentum Breakout,0.7108843537414966,-0.7886,VALIDATION
2025-11-19,AXISBANK,Donchian Channel Breakout,0.5524691358024691,-0.3373,VALIDATION
2025-11-19,AXISBANK,VCP Volatility Contraction Breakout,0.5524691358024691,-0.3373,VALIDATION
2025-11-19,AXISBANK,RS Momentum Breakout,0.5524691358024691,-0.3373,VALIDATION
2025-11-20,AXISBANK,Donchian Channel Breakout,0.7757575757575758,-0.3115,VALIDATION
2025-11-20,AXISBANK,VCP Volatility Contraction Breakout,0.7757575757575758,-0.3115,VALIDATION
2025-11-20,AXISBANK,RS Momentum Breakout,0.7757575757575758,-0.3115,VALIDATION
2025-11-21,AXISBANK,VCP Volatility Contraction Breakout,0.7798742138364781,0.258,VALIDATION
2025-11-21,AXISBANK,RS Momentum Breakout,0.7798742138364781,0.258,VALIDATION
2025-11-24,AXISBANK,VCP Volatility Contraction Breakout,0.7108843537414966,0.3704,VALIDATION
2025-11-24,AXISBANK,RS Momentum Breakout,0.7108843537414966,0.3704,VALIDATION
2025-11-25,AXISBANK,VCP Volatility Contraction Breakout,0.6601307189542484,0.3145,VALIDATION
2025-11-25,AXISBANK,RS Momentum Breakout,0.6601307189542484,0.3145,VALIDATION
2025-11-26,AXISBANK,Donchian Channel Breakout,0.6944444444444445,-1.4187,VALIDATION
2025-11-26,AXISBANK,VCP Volatility Contraction Breakout,0.6944444444444445,-1.4187,VALIDATION
2025-11-26,AXISBANK,RS Momentum Breakout,0.6944444444444445,-1.4187,VALIDATION
2025-11-27,AXISBANK,Donchian Channel Breakout,0.7166666666666667,-1.1342,VALIDATION
2025-11-27,AXISBANK,VCP Volatility Contraction Breakout,0.7166666666666667,-1.1342,VALIDATION
2025-11-27,AXISBANK,RS Momentum Breakout,0.7166666666666667,-1.1342,VALIDATION
2025-11-28,AXISBANK,VCP Volatility Contraction Breakout,0.6293532338308458,-0.1475,VALIDATION
2025-11-28,AXISBANK,RS Momentum Breakout,0.6293532338308458,-0.1475,VALIDATION
2025-12-01,AXISBANK,VCP Volatility Contraction Breakout,0.5888888888888889,1.1096,VALIDATION
2025-12-01,AXISBANK,EMA Pullback / Bounce,0.5888888888888889,1.1096,VALIDATION
2025-12-01,AXISBANK,RS Momentum Breakout,0.5888888888888889,1.1096,VALIDATION
2025-12-02,AXISBANK,VCP Volatility Contraction Breakout,0.5833333333333334,-2.8207,VALIDATION
2025-12-02,AXISBANK,EMA Pullback / Bounce,0.5833333333333334,-2.8207,VALIDATION
2025-12-03,AXISBANK,VCP Volatility Contraction Breakout,0.5089285714285714,-3.6201,VALIDATION
2025-12-03,AXISBANK,EMA Pullback / Bounce,0.5089285714285714,-3.6201,VALIDATION
2025-12-04,AXISBANK,VCP Volatility Contraction Breakout,0.6358024691358025,-3.5602,VALIDATION
2025-12-04,AXISBANK,RS Momentum Breakout,0.6358024691358025,-3.5602,VALIDATION
2025-12-05,AXISBANK,VCP Volatility Contraction Breakout,0.6076388888888888,-4.1589,VALIDATION
2025-12-05,AXISBANK,RS Momentum Breakout,0.6076388888888888,-4.1589,VALIDATION
2025-12-08,AXISBANK,VCP Volatility Contraction Breakout,0.4494949494949494,-3.0503,VALIDATION
2025-12-08,AXISBANK,EMA Pullback / Bounce,0.4494949494949494,-3.0503,VALIDATION
2025-12-09,AXISBANK,VCP Volatility Contraction Breakout,0.6064814814814815,-3.7706,VALIDATION
2025-12-09,AXISBANK,EMA Pullback / Bounce,0.6064814814814815,-3.7706,VALIDATION
2025-12-10,AXISBANK,VCP Volatility Contraction Breakout,0.6623931623931624,-4.0003,VALIDATION
2025-12-10,AXISBANK,EMA Pullback / Bounce,0.6623931623931624,-4.0003,VALIDATION
2025-12-11,AXISBANK,VCP Volatility Contraction Breakout,0.5142857142857143,-3.8967,VALIDATION
2025-12-11,AXISBANK,EMA Pullback / Bounce,0.5142857142857143,-3.8967,VALIDATION
2025-12-12,AXISBANK,VCP Volatility Contraction Breakout,0.4848484848484848,-4.1245,VALIDATION
2025-12-12,AXISBANK,EMA Pullback / Bounce,0.4848484848484848,-4.1245,VALIDATION
2025-12-12,AXISBANK,RS Momentum Breakout,0.4848484848484848,-4.1245,VALIDATION
2025-12-15,AXISBANK,VCP Volatility Contraction Breakout,0.5,-2.4352,VALIDATION
2025-12-15,AXISBANK,EMA Pullback / Bounce,0.5,-2.4352,VALIDATION
2025-12-15,AXISBANK,RS Momentum Breakout,0.5,-2.4352,VALIDATION
2025-12-30,AXISBANK,EMA Pullback / Bounce,0.2564102564102564,1.2841,VALIDATION
2025-12-31,AXISBANK,VCP Volatility Contraction Breakout,0.3809523809523809,2.2677,VALIDATION
2026-01-01,AXISBANK,VCP Volatility Contraction Breakout,0.2465277777777777,1.9546,VALIDATION
2026-01-01,AXISBANK,RS Momentum Breakout,0.2465277777777777,1.9546,VALIDATION
2026-01-02,AXISBANK,VCP Volatility Contraction Breakout,0.4181286549707603,1.5696,VALIDATION
2026-01-02,AXISBANK,EMA Pullback / Bounce,0.4181286549707603,1.5696,VALIDATION
2026-01-05,AXISBANK,Donchian Channel Breakout,0.4601449275362319,0.2223,VALIDATION
2026-01-05,AXISBANK,VCP Volatility Contraction Breakout,0.4601449275362319,0.2223,VALIDATION
2026-01-06,AXISBANK,Donchian Channel Breakout,0.5425531914893617,0.0387,VALIDATION
2026-01-06,AXISBANK,VCP Volatility Contraction Breakout,0.5425531914893617,0.0387,VALIDATION
2026-01-07,AXISBANK,VCP Volatility Contraction Breakout,0.5151515151515151,-0.4802,VALIDATION
2026-01-07,AXISBANK,RS Momentum Breakout,0.5151515151515151,-0.4802,VALIDATION
2026-01-08,AXISBANK,VCP Volatility Contraction Breakout,0.4767441860465116,0.6217,VALIDATION
2026-01-08,AXISBANK,RS Momentum Breakout,0.4767441860465116,0.6217,VALIDATION
2026-01-09,AXISBANK,VCP Volatility Contraction Breakout,0.5,-1.3101,VALIDATION
2026-01-09,AXISBANK,EMA Pullback / Bounce,0.5,-1.3101,VALIDATION
2026-01-12,AXISBANK,VCP Volatility Contraction Breakout,0.4583333333333333,3.281,VALIDATION
2026-01-12,AXISBANK,EMA Pullback / Bounce,0.4583333333333333,3.281,VALIDATION
2026-01-13,AXISBANK,EMA Pullback / Bounce,0.3047619047619048,5.1633,VALIDATION
2026-01-14,AXISBANK,Donchian Channel Breakout,0.6036036036036037,4.9969,VALIDATION
2026-01-14,AXISBANK,VCP Volatility Contraction Breakout,0.6036036036036037,4.9969,VALIDATION
2026-01-14,AXISBANK,RS Momentum Breakout,0.6036036036036037,4.9969,VALIDATION
2026-01-15,AXISBANK,VCP Volatility Contraction Breakout,0.4886363636363636,5.5128,VALIDATION
2026-01-15,AXISBANK,RS Momentum Breakout,0.4886363636363636,5.5128,VALIDATION
2026-01-16,AXISBANK,VCP Volatility Contraction Breakout,0.375,0.3443,VALIDATION
2026-01-19,AXISBANK,Donchian Channel Breakout,0.6547619047619048,3.8358,VALIDATION
2026-01-19,AXISBANK,VCP Volatility Contraction Breakout,0.6547619047619048,3.8358,VALIDATION
2026-01-19,AXISBANK,RS Momentum Breakout,0.6547619047619048,3.8358,VALIDATION
2026-01-20,AXISBANK,VCP Volatility Contraction Breakout,0.5701754385964912,3.7752,VALIDATION
2026-01-20,AXISBANK,EMA Pullback / Bounce,0.5701754385964912,3.7752,VALIDATION
2026-01-21,AXISBANK,VCP Volatility Contraction Breakout,0.3854166666666667,3.1473,VALIDATION
2026-01-21,AXISBANK,EMA Pullback / Bounce,0.3854166666666667,3.1473,VALIDATION
2026-01-22,AXISBANK,VCP Volatility Contraction Breakout,0.4479166666666667,3.4387,VALIDATION
2026-01-22,AXISBANK,EMA Pullback / Bounce,0.4479166666666667,3.4387,VALIDATION
2026-01-28,AXISBANK,RS Momentum Breakout,0.6190476190476191,2.2231,VALIDATION
2026-01-29,AXISBANK,Donchian Channel Breakout,0.7549019607843137,-0.8876,VALIDATION
2026-01-29,AXISBANK,RS Momentum Breakout,0.7549019607843137,-0.8876,VALIDATION
2026-01-30,AXISBANK,Donchian Channel Breakout,0.75,-0.5004,VALIDATION
2026-01-30,AXISBANK,RS Momentum Breakout,0.75,-0.5004,VALIDATION
2026-02-02,AXISBANK,EMA Pullback / Bounce,0.3888888888888889,-3.186,VALIDATION
2026-02-03,AXISBANK,RS Momentum Breakout,0.2777777777777777,-0.9126,VALIDATION
2025-10-15,BAJAJFINSV,VCP Volatility Contraction Breakout,0.6734693877551021,1.7368,VALIDATION
2025-10-16,BAJAJFINSV,Donchian Channel Breakout,0.7006172839506174,-0.0813,VALIDATION
2025-10-16,BAJAJFINSV,VCP Volatility Contraction Breakout,0.7006172839506174,-0.0813,VALIDATION
2025-10-17,BAJAJFINSV,VCP Volatility Contraction Breakout,0.411764705882353,-0.3065,VALIDATION
2025-10-20,BAJAJFINSV,Donchian Channel Breakout,0.6639784946236559,-3.5721,VALIDATION
2025-10-20,BAJAJFINSV,VCP Volatility Contraction Breakout,0.6639784946236559,-3.5721,VALIDATION
2025-10-21,BAJAJFINSV,Donchian Channel Breakout,0.6805555555555555,-4.9217,VALIDATION
2025-10-21,BAJAJFINSV,VCP Volatility Contraction Breakout,0.6805555555555555,-4.9217,VALIDATION
2025-10-23,BAJAJFINSV,Donchian Channel Breakout,0.6695906432748538,-3.4228,VALIDATION
2025-10-23,BAJAJFINSV,VCP Volatility Contraction Breakout,0.6695906432748538,-3.4228,VALIDATION
2025-10-24,BAJAJFINSV,VCP Volatility Contraction Breakout,0.4345238095238095,-1.9078,VALIDATION
2025-10-27,BAJAJFINSV,VCP Volatility Contraction Breakout,0.4716981132075471,-8.407,VALIDATION
2025-10-28,BAJAJFINSV,VCP Volatility Contraction Breakout,0.5,-5.3256,VALIDATION
2025-10-29,BAJAJFINSV,VCP Volatility Contraction Breakout,0.3611111111111111,-3.9159,VALIDATION
2025-10-30,BAJAJFINSV,VCP Volatility Contraction Breakout,0.3160919540229885,-2.3262,VALIDATION
2025-10-30,BAJAJFINSV,EMA Pullback / Bounce,0.3160919540229885,-2.3262,VALIDATION
2025-10-31,BAJAJFINSV,VCP Volatility Contraction Breakout,0.2513661202185792,-0.3068,VALIDATION
2025-10-31,BAJAJFINSV,EMA Pullback / Bounce,0.2513661202185792,-0.3068,VALIDATION
2025-11-03,BAJAJFINSV,EMA Pullback / Bounce,0.1934523809523809,-1.7633,VALIDATION
2025-11-04,BAJAJFINSV,EMA Pullback / Bounce,0.2083333333333333,-1.3853,VALIDATION
2025-11-06,BAJAJFINSV,EMA Pullback / Bounce,0.3197278911564625,1.7282,VALIDATION
2025-11-07,BAJAJFINSV,VCP Volatility Contraction Breakout,0.2943262411347517,-2.946,VALIDATION
2025-11-07,BAJAJFINSV,EMA Pullback / Bounce,0.2943262411347517,-2.946,VALIDATION
2025-11-10,BAJAJFINSV,VCP Volatility Contraction Breakout,0.4131944444444444,-2.5995,VALIDATION
2025-11-10,BAJAJFINSV,EMA Pullback / Bounce,0.4131944444444444,-2.5995,VALIDATION
2025-11-14,BAJAJFINSV,EMA Pullback / Bounce,0.3466666666666667,1.3651,VALIDATION
2025-11-17,BAJAJFINSV,VCP Volatility Contraction Breakout,0.2233333333333333,0.4245,VALIDATION
2025-11-17,BAJAJFINSV,EMA Pullback / Bounce,0.2233333333333333,0.4245,VALIDATION
2025-11-20,BAJAJFINSV,VCP Volatility Contraction Breakout,0.3787878787878787,-2.4191,VALIDATION
2025-11-20,BAJAJFINSV,EMA Pullback / Bounce,0.3787878787878787,-2.4191,VALIDATION
2025-11-26,BAJAJFINSV,VCP Volatility Contraction Breakout,0.2395833333333333,-0.9256,VALIDATION
2025-11-26,BAJAJFINSV,EMA Pullback / Bounce,0.2395833333333333,-0.9256,VALIDATION
2025-11-27,BAJAJFINSV,VCP Volatility Contraction Breakout,0.4055555555555556,-2.0948,VALIDATION
2025-11-28,BAJAJFINSV,VCP Volatility Contraction Breakout,0.2711442786069651,-0.9227,VALIDATION
2025-11-28,BAJAJFINSV,EMA Pullback / Bounce,0.2711442786069651,-0.9227,VALIDATION
2025-12-01,BAJAJFINSV,VCP Volatility Contraction Breakout,0.2055555555555555,0.0193,VALIDATION
2025-12-01,BAJAJFINSV,EMA Pullback / Bounce,0.2055555555555555,0.0193,VALIDATION
2025-12-02,BAJAJFINSV,EMA Pullback / Bounce,0.1796875,-1.486,VALIDATION
2025-12-05,BAJAJFINSV,VCP Volatility Contraction Breakout,0.5034722222222222,-2.6762,VALIDATION
2025-12-05,BAJAJFINSV,EMA Pullback / Bounce,0.5034722222222222,-2.6762,VALIDATION
2025-12-09,BAJAJFINSV,EMA Pullback / Bounce,0.3703703703703704,-1.0821,VALIDATION
2025-12-10,BAJAJFINSV,EMA Pullback / Bounce,0.3205128205128205,-2.1298,VALIDATION
2025-12-11,BAJAJFINSV,EMA Pullback / Bounce,0.2666666666666666,-2.8037,VALIDATION
2025-12-12,BAJAJFINSV,VCP Volatility Contraction Breakout,0.3143939393939394,-3.2598,VALIDATION
2025-12-12,BAJAJFINSV,EMA Pullback / Bounce,0.3143939393939394,-3.2598,VALIDATION
2025-12-15,BAJAJFINSV,VCP Volatility Contraction Breakout,0.2777777777777778,-1.9215,VALIDATION
2025-12-15,BAJAJFINSV,EMA Pullback / Bounce,0.2777777777777778,-1.9215,VALIDATION
2025-10-23,BAJAJHLDNG,VCP Volatility Contraction Breakout,0.5029239766081871,-4.2909,VALIDATION
2025-10-24,BAJAJHLDNG,VCP Volatility Contraction Breakout,0.5238095238095238,-4.003,VALIDATION
2025-10-27,BAJAJHLDNG,VCP Volatility Contraction Breakout,0.279874213836478,-6.153,VALIDATION
2025-11-06,BAJAJHLDNG,Donchian Channel Breakout,0.4795918367346939,-9.6385,VALIDATION
2025-11-06,BAJAJHLDNG,VCP Volatility Contraction Breakout,0.4795918367346939,-9.6385,VALIDATION
2025-10-15,BAJFINANCE,Donchian Channel Breakout,0.9251700680272108,-0.9134,VALIDATION
2025-10-15,BAJFINANCE,VCP Volatility Contraction Breakout,0.9251700680272108,-0.9134,VALIDATION
2025-10-15,BAJFINANCE,RS Momentum Breakout,0.9251700680272108,-0.9134,VALIDATION
2025-10-16,BAJFINANCE,Donchian Channel Breakout,0.9135802469135804,-1.2593,VALIDATION
2025-10-16,BAJFINANCE,VCP Volatility Contraction Breakout,0.9135802469135804,-1.2593,VALIDATION
2025-10-16,BAJFINANCE,RS Momentum Breakout,0.9135802469135804,-1.2593,VALIDATION
2025-10-17,BAJFINANCE,VCP Volatility Contraction Breakout,0.7941176470588235,-3.5506,VALIDATION
2025-10-17,BAJFINANCE,RS Momentum Breakout,0.7941176470588235,-3.5506,VALIDATION
2025-10-20,BAJFINANCE,Donchian Channel Breakout,0.7473118279569894,-2.5717,VALIDATION
2025-10-20,BAJFINANCE,VCP Volatility Contraction Breakout,0.7473118279569894,-2.5717,VALIDATION
2025-10-20,BAJFINANCE,RS Momentum Breakout,0.7473118279569894,-2.5717,VALIDATION
2025-10-21,BAJFINANCE,Donchian Channel Breakout,0.7527777777777778,-4.4128,VALIDATION
2025-10-21,BAJFINANCE,VCP Volatility Contraction Breakout,0.7527777777777778,-4.4128,VALIDATION
2025-10-21,BAJFINANCE,RS Momentum Breakout,0.7527777777777778,-4.4128,VALIDATION
2025-10-23,BAJFINANCE,Donchian Channel Breakout,0.8596491228070176,-2.46,VALIDATION
2025-10-23,BAJFINANCE,VCP Volatility Contraction Breakout,0.8596491228070176,-2.46,VALIDATION
2025-10-23,BAJFINANCE,RS Momentum Breakout,0.8596491228070176,-2.46,VALIDATION
2025-10-24,BAJFINANCE,VCP Volatility Contraction Breakout,0.8065476190476191,-0.5454,VALIDATION
2025-10-24,BAJFINANCE,RS Momentum Breakout,0.8065476190476191,-0.5454,VALIDATION
2025-10-27,BAJFINANCE,VCP Volatility Contraction Breakout,0.789308176100629,-6.7532,VALIDATION
2025-10-27,BAJFINANCE,RS Momentum Breakout,0.789308176100629,-6.7532,VALIDATION
2025-10-28,BAJFINANCE,VCP Volatility Contraction Breakout,0.7098765432098766,-5.4851,VALIDATION
2025-10-28,BAJFINANCE,RS Momentum Breakout,0.7098765432098766,-5.4851,VALIDATION
2025-10-29,BAJFINANCE,VCP Volatility Contraction Breakout,0.5883838383838383,-5.4186,VALIDATION
2025-10-29,BAJFINANCE,EMA Pullback / Bounce,0.5883838383838383,-5.4186,VALIDATION
2025-10-29,BAJFINANCE,RS Momentum Breakout,0.5883838383838383,-5.4186,VALIDATION
2025-10-30,BAJFINANCE,VCP Volatility Contraction Breakout,0.4885057471264367,-3.1844,VALIDATION
2025-10-30,BAJFINANCE,EMA Pullback / Bounce,0.4885057471264367,-3.1844,VALIDATION
2025-10-31,BAJFINANCE,VCP Volatility Contraction Breakout,0.4754098360655738,-0.9836,VALIDATION
2025-10-31,BAJFINANCE,EMA Pullback / Bounce,0.4754098360655738,-0.9836,VALIDATION
2025-11-03,BAJFINANCE,VCP Volatility Contraction Breakout,0.3898809523809524,-2.5385,VALIDATION
2025-11-03,BAJFINANCE,EMA Pullback / Bounce,0.3898809523809524,-2.5385,VALIDATION
2025-11-04,BAJFINANCE,VCP Volatility Contraction Breakout,0.516025641025641,-3.028,VALIDATION
2025-11-04,BAJFINANCE,EMA Pullback / Bounce,0.516025641025641,-3.028,VALIDATION
2025-11-06,BAJFINANCE,VCP Volatility Contraction Breakout,0.4625850340136054,-1.001,VALIDATION
2025-11-06,BAJFINANCE,EMA Pullback / Bounce,0.4625850340136054,-1.001,VALIDATION
2025-11-07,BAJFINANCE,VCP Volatility Contraction Breakout,0.5673758865248227,-5.8597,VALIDATION
2025-11-10,BAJFINANCE,VCP Volatility Contraction Breakout,0.5798611111111112,-4.7619,VALIDATION
2025-11-10,BAJFINANCE,RS Momentum Breakout,0.5798611111111112,-4.7619,VALIDATION
2025-11-17,BAJFINANCE,EMA Pullback / Bounce,0.4466666666666667,-0.0098,VALIDATION
2025-11-20,BAJFINANCE,EMA Pullback / Bounce,0.406060606060606,0.8922,VALIDATION
2025-11-27,BAJFINANCE,EMA Pullback / Bounce,0.4666666666666666,-3.0443,VALIDATION
2025-11-28,BAJFINANCE,EMA Pullback / Bounce,0.4676616915422886,-2.3611,VALIDATION
2025-12-01,BAJFINANCE,EMA Pullback / Bounce,0.4527777777777778,-0.1774,VALIDATION
2025-12-02,BAJFINANCE,VCP Volatility Contraction Breakout,0.4348958333333333,-2.2135,VALIDATION
2025-12-02,BAJFINANCE,EMA Pullback / Bounce,0.4348958333333333,-2.2135,VALIDATION
2025-12-03,BAJFINANCE,EMA Pullback / Bounce,0.3154761904761904,-1.8075,VALIDATION
2025-12-04,BAJFINANCE,VCP Volatility Contraction Breakout,0.4722222222222222,-2.7797,VALIDATION
2025-12-04,BAJFINANCE,EMA Pullback / Bounce,0.4722222222222222,-2.7797,VALIDATION
2025-12-05,BAJFINANCE,VCP Volatility Contraction Breakout,0.6180555555555555,-3.7882,VALIDATION
2025-12-08,BAJFINANCE,EMA Pullback / Bounce,0.3434343434343434,-1.678,VALIDATION
2025-10-15,BANKBARODA,VCP Volatility Contraction Breakout,0.7789115646258503,1.6207,VALIDATION
2025-10-15,BANKBARODA,RS Momentum Breakout,0.7789115646258503,1.6207,VALIDATION
2025-10-16,BANKBARODA,VCP Volatility Contraction Breakout,0.5493827160493826,4.6027,VALIDATION
2025-10-16,BANKBARODA,RS Momentum Breakout,0.5493827160493826,4.6027,VALIDATION
2025-10-17,BANKBARODA,VCP Volatility Contraction Breakout,0.5065359477124183,9.5561,VALIDATION
2025-10-20,BANKBARODA,Donchian Channel Breakout,0.6989247311827956,6.1142,VALIDATION
2025-10-20,BANKBARODA,VCP Volatility Contraction Breakout,0.6989247311827956,6.1142,VALIDATION
2025-10-20,BANKBARODA,RS Momentum Breakout,0.6989247311827956,6.1142,VALIDATION
2025-10-21,BANKBARODA,VCP Volatility Contraction Breakout,0.4472222222222222,6.0556,VALIDATION
2025-10-21,BANKBARODA,RS Momentum Breakout,0.4472222222222222,6.0556,VALIDATION
2025-10-23,BANKBARODA,VCP Volatility Contraction Breakout,0.476608187134503,8.299,VALIDATION
2025-10-24,BANKBARODA,VCP Volatility Contraction Breakout,0.5178571428571429,7.7528,VALIDATION
2025-10-24,BANKBARODA,EMA Pullback / Bounce,0.5178571428571429,7.7528,VALIDATION
2025-10-27,BANKBARODA,Donchian Channel Breakout,0.7295597484276729,4.1727,VALIDATION
2025-10-27,BANKBARODA,VCP Volatility Contraction Breakout,0.7295597484276729,4.1727,VALIDATION
2025-10-27,BANKBARODA,RS Momentum Breakout,0.7295597484276729,4.1727,VALIDATION
2025-10-28,BANKBARODA,VCP Volatility Contraction Breakout,0.7006172839506174,3.0555,VALIDATION
2025-10-28,BANKBARODA,RS Momentum Breakout,0.7006172839506174,3.0555,VALIDATION
2025-10-29,BANKBARODA,VCP Volatility Contraction Breakout,0.6035353535353536,3.15,VALIDATION
2025-10-29,BANKBARODA,RS Momentum Breakout,0.6035353535353536,3.15,VALIDATION
2025-10-30,BANKBARODA,VCP Volatility Contraction Breakout,0.6149425287356322,4.7297,VALIDATION
2025-10-30,BANKBARODA,RS Momentum Breakout,0.6149425287356322,4.7297,VALIDATION
2025-10-31,BANKBARODA,VCP Volatility Contraction Breakout,0.7896174863387978,1.2127,VALIDATION
2025-10-31,BANKBARODA,RS Momentum Breakout,0.7896174863387978,1.2127,VALIDATION
2025-11-03,BANKBARODA,Donchian Channel Breakout,0.8958333333333334,-0.8593,VALIDATION
2025-11-03,BANKBARODA,RS Momentum Breakout,0.8958333333333334,-0.8593,VALIDATION
2025-11-04,BANKBARODA,RS Momentum Breakout,0.7820512820512819,1.3126,VALIDATION
2025-11-06,BANKBARODA,RS Momentum Breakout,0.6802721088435374,1.4965,VALIDATION
2025-11-07,BANKBARODA,RS Momentum Breakout,0.5957446808510639,-1.6952,VALIDATION
2025-11-10,BANKBARODA,RS Momentum Breakout,0.5347222222222222,-1.9308,VALIDATION
2025-11-11,BANKBARODA,RS Momentum Breakout,0.4733333333333333,0.122,VALIDATION
2025-11-12,BANKBARODA,RS Momentum Breakout,0.4878787878787878,1.264,VALIDATION
2025-11-13,BANKBARODA,RS Momentum Breakout,0.3717948717948718,2.3463,VALIDATION
2025-11-14,BANKBARODA,RS Momentum Breakout,0.4466666666666667,0.2768,VALIDATION
2025-11-17,BANKBARODA,RS Momentum Breakout,0.58,2.7107,VALIDATION
2025-11-18,BANKBARODA,RS Momentum Breakout,0.4285714285714286,3.144,VALIDATION
2025-11-19,BANKBARODA,Donchian Channel Breakout,0.6450617283950617,-2.6954,VALIDATION
2025-11-19,BANKBARODA,RS Momentum Breakout,0.6450617283950617,-2.6954,VALIDATION
2025-11-20,BANKBARODA,RS Momentum Breakout,0.5515151515151515,0.4181,VALIDATION
2025-11-21,BANKBARODA,EMA Pullback / Bounce,0.4559748427672956,2.9738,VALIDATION
2025-11-24,BANKBARODA,EMA Pullback / Bounce,0.4251700680272108,1.2245,VALIDATION
2025-11-27,BANKBARODA,EMA Pullback / Bounce,0.4416666666666666,-0.6969,VALIDATION
2025-11-28,BANKBARODA,RS Momentum Breakout,0.6716417910447762,-1.9138,VALIDATION
2025-12-01,BANKBARODA,Donchian Channel Breakout,0.8027777777777777,-4.0067,VALIDATION
2025-12-01,BANKBARODA,RS Momentum Breakout,0.8027777777777777,-4.0067,VALIDATION
2025-12-02,BANKBARODA,Donchian Channel Breakout,0.8307291666666666,-4.4426,VALIDATION
2025-12-02,BANKBARODA,RS Momentum Breakout,0.8307291666666666,-4.4426,VALIDATION
2025-12-03,BANKBARODA,EMA Pullback / Bounce,0.5863095238095237,0.5594,VALIDATION
2025-12-04,BANKBARODA,EMA Pullback / Bounce,0.6234567901234568,0.3483,VALIDATION
2025-12-08,BANKBARODA,EMA Pullback / Bounce,0.5404040404040403,3.942,VALIDATION
2025-12-09,BANKBARODA,EMA Pullback / Bounce,0.6481481481481481,1.2286,VALIDATION
2025-12-10,BANKBARODA,EMA Pullback / Bounce,0.576923076923077,0.9205,VALIDATION
2025-12-11,BANKBARODA,EMA Pullback / Bounce,0.6047619047619047,1.0165,VALIDATION
2025-12-12,BANKBARODA,EMA Pullback / Bounce,0.5303030303030303,1.3747,VALIDATION
2025-12-15,BANKBARODA,EMA Pullback / Bounce,0.5158730158730158,2.8792,VALIDATION
2025-12-16,BANKBARODA,EMA Pullback / Bounce,0.4125,4.8547,VALIDATION
2025-12-17,BANKBARODA,EMA Pullback / Bounce,0.6581196581196581,4.4271,VALIDATION
2025-12-18,BANKBARODA,EMA Pullback / Bounce,0.5384615384615384,5.2259,VALIDATION
2025-12-19,BANKBARODA,VCP Volatility Contraction Breakout,0.4888888888888889,4.906,VALIDATION
2025-12-22,BANKBARODA,VCP Volatility Contraction Breakout,0.46,3.4068,VALIDATION
2025-12-23,BANKBARODA,VCP Volatility Contraction Breakout,0.4290780141843971,4.9898,VALIDATION
2025-12-23,BANKBARODA,EMA Pullback / Bounce,0.4290780141843971,4.9898,VALIDATION
2025-12-24,BANKBARODA,VCP Volatility Contraction Breakout,0.3715277777777777,3.5788,VALIDATION
2025-12-24,BANKBARODA,EMA Pullback / Bounce,0.3715277777777777,3.5788,VALIDATION
2025-12-26,BANKBARODA,VCP Volatility Contraction Breakout,0.303030303030303,4.3924,VALIDATION
2025-12-26,BANKBARODA,EMA Pullback / Bounce,0.303030303030303,4.3924,VALIDATION
2025-12-29,BANKBARODA,VCP Volatility Contraction Breakout,0.4563492063492063,5.5721,VALIDATION
2025-12-29,BANKBARODA,EMA Pullback / Bounce,0.4563492063492063,5.5721,VALIDATION
2025-12-30,BANKBARODA,VCP Volatility Contraction Breakout,0.4829059829059829,3.1261,VALIDATION
2025-12-30,BANKBARODA,EMA Pullback / Bounce,0.4829059829059829,3.1261,VALIDATION
2025-12-31,BANKBARODA,VCP Volatility Contraction Breakout,0.5198412698412699,3.7774,VALIDATION
2025-12-31,BANKBARODA,RS Momentum Breakout,0.5198412698412699,3.7774,VALIDATION
2026-01-01,BANKBARODA,Donchian Channel Breakout,0.5208333333333334,2.2259,VALIDATION
2026-01-01,BANKBARODA,VCP Volatility Contraction Breakout,0.5208333333333334,2.2259,VALIDATION
2026-01-01,BANKBARODA,RS Momentum Breakout,0.5208333333333334,2.2259,VALIDATION
2026-01-02,BANKBARODA,Donchian Channel Breakout,0.6491228070175439,-0.1781,VALIDATION
2026-01-02,BANKBARODA,VCP Volatility Contraction Breakout,0.6491228070175439,-0.1781,VALIDATION
2026-01-02,BANKBARODA,RS Momentum Breakout,0.6491228070175439,-0.1781,VALIDATION
2026-01-05,BANKBARODA,Donchian Channel Breakout,0.7173913043478262,-0.1138,VALIDATION
2026-01-05,BANKBARODA,VCP Volatility Contraction Breakout,0.7173913043478262,-0.1138,VALIDATION
2026-01-05,BANKBARODA,RS Momentum Breakout,0.7173913043478262,-0.1138,VALIDATION
2026-01-06,BANKBARODA,VCP Volatility Contraction Breakout,0.5496453900709221,-0.8046,VALIDATION
2026-01-06,BANKBARODA,RS Momentum Breakout,0.5496453900709221,-0.8046,VALIDATION
2026-01-07,BANKBARODA,VCP Volatility Contraction Breakout,0.6098484848484849,-2.5896,VALIDATION
2026-01-07,BANKBARODA,RS Momentum Breakout,0.6098484848484849,-2.5896,VALIDATION
2026-01-08,BANKBARODA,VCP Volatility Contraction Breakout,0.4534883720930232,1.9195,VALIDATION
2026-01-08,BANKBARODA,EMA Pullback / Bounce,0.4534883720930232,1.9195,VALIDATION
2026-01-09,BANKBARODA,VCP Volatility Contraction Breakout,0.611111111111111,-1.6276,VALIDATION
2026-01-09,BANKBARODA,EMA Pullback / Bounce,0.611111111111111,-1.6276,VALIDATION
2026-01-13,BANKBARODA,EMA Pullback / Bounce,0.4047619047619047,1.2064,VALIDATION
2026-01-14,BANKBARODA,RS Momentum Breakout,0.7117117117117117,-1.7062,VALIDATION
2026-01-15,BANKBARODA,VCP Volatility Contraction Breakout,0.5795454545454546,-2.6974,VALIDATION
2026-01-15,BANKBARODA,RS Momentum Breakout,0.5795454545454546,-2.6974,VALIDATION
2026-01-16,BANKBARODA,VCP Volatility Contraction Breakout,0.6319444444444444,-9.7969,VALIDATION
2026-01-16,BANKBARODA,RS Momentum Breakout,0.6319444444444444,-9.7969,VALIDATION
2026-01-19,BANKBARODA,VCP Volatility Contraction Breakout,0.5892857142857143,-7.0207,VALIDATION
2026-01-19,BANKBARODA,RS Momentum Breakout,0.5892857142857143,-7.0207,VALIDATION
2026-01-20,BANKBARODA,EMA Pullback / Bounce,0.4385964912280701,-3.5003,VALIDATION
2026-01-21,BANKBARODA,EMA Pullback / Bounce,0.4895833333333333,-3.8086,VALIDATION
2026-01-22,BANKBARODA,EMA Pullback / Bounce,0.5208333333333334,-5.629,VALIDATION
2026-01-27,BANKBARODA,EMA Pullback / Bounce,0.5625,-4.3328,VALIDATION
2026-01-29,BANKBARODA,EMA Pullback / Bounce,0.5294117647058824,-4.1501,VALIDATION
2026-01-30,BANKBARODA,EMA Pullback / Bounce,0.3333333333333333,3.0287,VALIDATION
2025-10-15,BANKINDIA,VCP Volatility Contraction Breakout,0.5884353741496599,9.3487,VALIDATION
2025-10-15,BANKINDIA,RS Momentum Breakout,0.5884353741496599,9.3487,VALIDATION
2025-10-16,BANKINDIA,VCP Volatility Contraction Breakout,0.3672839506172839,11.5293,VALIDATION
2025-10-17,BANKINDIA,VCP Volatility Contraction Breakout,0.3725490196078431,14.1515,VALIDATION
2025-10-17,BANKINDIA,EMA Pullback / Bounce,0.3725490196078431,14.1515,VALIDATION
2025-10-20,BANKINDIA,Donchian Channel Breakout,0.7688172043010754,8.8931,VALIDATION
2025-10-20,BANKINDIA,VCP Volatility Contraction Breakout,0.7688172043010754,8.8931,VALIDATION
2025-10-20,BANKINDIA,RS Momentum Breakout,0.7688172043010754,8.8931,VALIDATION
2025-10-21,BANKINDIA,Donchian Channel Breakout,0.7416666666666667,7.0,VALIDATION
2025-10-21,BANKINDIA,VCP Volatility Contraction Breakout,0.7416666666666667,7.0,VALIDATION
2025-10-21,BANKINDIA,RS Momentum Breakout,0.7416666666666667,7.0,VALIDATION
2025-10-23,BANKINDIA,Donchian Channel Breakout,0.9093567251461988,7.0884,VALIDATION
2025-10-23,BANKINDIA,RS Momentum Breakout,0.9093567251461988,7.0884,VALIDATION
2025-10-24,BANKINDIA,RS Momentum Breakout,0.7946428571428571,8.7562,VALIDATION
2025-10-27,BANKINDIA,Donchian Channel Breakout,0.9716981132075472,4.1514,VALIDATION
2025-10-27,BANKINDIA,RS Momentum Breakout,0.9716981132075472,4.1514,VALIDATION
2025-10-28,BANKINDIA,Donchian Channel Breakout,0.9228395061728396,3.4784,VALIDATION
2025-10-28,BANKINDIA,RS Momentum Breakout,0.9228395061728396,3.4784,VALIDATION
2025-10-29,BANKINDIA,RS Momentum Breakout,0.8989898989898991,3.3,VALIDATION
2025-10-30,BANKINDIA,RS Momentum Breakout,0.8505747126436781,5.562,VALIDATION
2025-10-31,BANKINDIA,RS Momentum Breakout,0.8524590163934427,4.8456,VALIDATION
2025-11-03,BANKINDIA,Donchian Channel Breakout,0.7589285714285715,2.959,VALIDATION
2025-11-03,BANKINDIA,RS Momentum Breakout,0.7589285714285715,2.959,VALIDATION
2025-11-04,BANKINDIA,RS Momentum Breakout,0.8782051282051282,4.6408,VALIDATION
2025-11-06,BANKINDIA,RS Momentum Breakout,0.6598639455782312,5.5143,VALIDATION
2025-11-07,BANKINDIA,Donchian Channel Breakout,0.7978723404255318,-0.0618,VALIDATION
2025-11-07,BANKINDIA,RS Momentum Breakout,0.7978723404255318,-0.0618,VALIDATION
2025-11-10,BANKINDIA,Donchian Channel Breakout,0.8229166666666666,-0.0617,VALIDATION
2025-11-10,BANKINDIA,RS Momentum Breakout,0.8229166666666666,-0.0617,VALIDATION
2025-11-11,BANKINDIA,RS Momentum Breakout,0.7133333333333334,0.8288,VALIDATION
2025-11-12,BANKINDIA,Donchian Channel Breakout,0.6454545454545454,1.3965,VALIDATION
2025-11-12,BANKINDIA,RS Momentum Breakout,0.6454545454545454,1.3965,VALIDATION
2025-11-13,BANKINDIA,RS Momentum Breakout,0.5512820512820513,2.4922,VALIDATION
2025-11-14,BANKINDIA,RS Momentum Breakout,0.5733333333333334,-0.0747,VALIDATION
2025-11-17,BANKINDIA,Donchian Channel Breakout,0.79,-0.1153,VALIDATION
2025-11-17,BANKINDIA,RS Momentum Breakout,0.79,-0.1153,VALIDATION
2025-11-18,BANKINDIA,RS Momentum Breakout,0.5272108843537415,-0.5256,VALIDATION
2025-11-19,BANKINDIA,RS Momentum Breakout,0.5987654320987654,-5.5918,VALIDATION
2025-11-20,BANKINDIA,RS Momentum Breakout,0.6303030303030303,-4.0542,VALIDATION
2025-11-21,BANKINDIA,RS Momentum Breakout,0.5471698113207547,-1.6156,VALIDATION
2025-11-24,BANKINDIA,VCP Volatility Contraction Breakout,0.5544217687074829,-5.0516,VALIDATION
2025-11-24,BANKINDIA,RS Momentum Breakout,0.5544217687074829,-5.0516,VALIDATION
2025-11-25,BANKINDIA,VCP Volatility Contraction Breakout,0.7614379084967321,-4.2973,VALIDATION
2025-11-25,BANKINDIA,RS Momentum Breakout,0.7614379084967321,-4.2973,VALIDATION
2025-11-26,BANKINDIA,RS Momentum Breakout,0.7638888888888888,-7.4987,VALIDATION
2025-11-27,BANKINDIA,RS Momentum Breakout,0.7333333333333334,-4.6923,VALIDATION
2025-11-28,BANKINDIA,VCP Volatility Contraction Breakout,0.6616915422885572,-4.3254,VALIDATION
2025-11-28,BANKINDIA,RS Momentum Breakout,0.6616915422885572,-4.3254,VALIDATION
2025-12-01,BANKINDIA,VCP Volatility Contraction Breakout,0.7194444444444444,-3.715,VALIDATION
2025-12-01,BANKINDIA,RS Momentum Breakout,0.7194444444444444,-3.715,VALIDATION
2025-12-02,BANKINDIA,VCP Volatility Contraction Breakout,0.6953125,-4.5931,VALIDATION
2025-12-02,BANKINDIA,EMA Pullback / Bounce,0.6953125,-4.5931,VALIDATION
2025-12-05,BANKINDIA,EMA Pullback / Bounce,0.5277777777777778,0.6041,VALIDATION
2025-12-09,BANKINDIA,EMA Pullback / Bounce,0.5833333333333334,0.3418,VALIDATION
2025-12-11,BANKINDIA,EMA Pullback / Bounce,0.5428571428571428,-0.8723,VALIDATION
2025-12-12,BANKINDIA,EMA Pullback / Bounce,0.2916666666666667,-0.8434,VALIDATION
2025-12-15,BANKINDIA,EMA Pullback / Bounce,0.4365079365079365,0.1481,VALIDATION
2025-12-17,BANKINDIA,EMA Pullback / Bounce,0.6324786324786325,3.3394,VALIDATION
2025-12-18,BANKINDIA,EMA Pullback / Bounce,0.6239316239316239,5.0845,VALIDATION
2025-12-19,BANKINDIA,EMA Pullback / Bounce,0.4037037037037037,4.6499,VALIDATION
2025-12-22,BANKINDIA,VCP Volatility Contraction Breakout,0.5833333333333334,5.3493,VALIDATION
2025-12-22,BANKINDIA,EMA Pullback / Bounce,0.5833333333333334,5.3493,VALIDATION
2025-12-23,BANKINDIA,EMA Pullback / Bounce,0.2978723404255319,7.2799,VALIDATION
2025-12-24,BANKINDIA,EMA Pullback / Bounce,0.3645833333333333,4.95,VALIDATION
2025-12-26,BANKINDIA,EMA Pullback / Bounce,0.268939393939394,4.4716,VALIDATION
2025-12-29,BANKINDIA,EMA Pullback / Bounce,0.373015873015873,4.2742,VALIDATION
2025-12-30,BANKINDIA,VCP Volatility Contraction Breakout,0.5427350427350427,3.5509,VALIDATION
2025-12-30,BANKINDIA,EMA Pullback / Bounce,0.5427350427350427,3.5509,VALIDATION
2025-12-31,BANKINDIA,VCP Volatility Contraction Breakout,0.5436507936507936,6.0861,VALIDATION
2025-12-31,BANKINDIA,EMA Pullback / Bounce,0.5436507936507936,6.0861,VALIDATION
2026-01-01,BANKINDIA,Donchian Channel Breakout,0.4583333333333333,3.6407,VALIDATION
2026-01-01,BANKINDIA,VCP Volatility Contraction Breakout,0.4583333333333333,3.6407,VALIDATION
2026-01-01,BANKINDIA,RS Momentum Breakout,0.4583333333333333,3.6407,VALIDATION
2026-01-02,BANKINDIA,Donchian Channel Breakout,0.5672514619883041,4.2677,VALIDATION
2026-01-02,BANKINDIA,VCP Volatility Contraction Breakout,0.5672514619883041,4.2677,VALIDATION
2026-01-02,BANKINDIA,RS Momentum Breakout,0.5672514619883041,4.2677,VALIDATION
2026-01-05,BANKINDIA,Donchian Channel Breakout,0.6086956521739131,8.7072,VALIDATION
2026-01-05,BANKINDIA,VCP Volatility Contraction Breakout,0.6086956521739131,8.7072,VALIDATION
2026-01-05,BANKINDIA,RS Momentum Breakout,0.6086956521739131,8.7072,VALIDATION
2026-01-06,BANKINDIA,VCP Volatility Contraction Breakout,0.7127659574468085,6.0335,VALIDATION
2026-01-06,BANKINDIA,RS Momentum Breakout,0.7127659574468085,6.0335,VALIDATION
2026-01-07,BANKINDIA,VCP Volatility Contraction Breakout,0.5871212121212122,4.2914,VALIDATION
2026-01-07,BANKINDIA,RS Momentum Breakout,0.5871212121212122,4.2914,VALIDATION
2026-01-08,BANKINDIA,VCP Volatility Contraction Breakout,0.4728682170542635,13.5973,VALIDATION
2026-01-08,BANKINDIA,EMA Pullback / Bounce,0.4728682170542635,13.5973,VALIDATION
2026-01-09,BANKINDIA,EMA Pullback / Bounce,0.4595959595959595,9.3568,VALIDATION
2026-01-12,BANKINDIA,EMA Pullback / Bounce,0.421875,11.0756,VALIDATION
2026-01-13,BANKINDIA,EMA Pullback / Bounce,0.4619047619047619,13.2512,VALIDATION
2026-01-14,BANKINDIA,Donchian Channel Breakout,0.9234234234234234,7.876,VALIDATION
2026-01-14,BANKINDIA,RS Momentum Breakout,0.9234234234234234,7.876,VALIDATION
2026-01-15,BANKINDIA,RS Momentum Breakout,0.7689393939393939,6.9055,VALIDATION
2026-01-16,BANKINDIA,Donchian Channel Breakout,0.8958333333333334,-3.7627,VALIDATION
2026-01-16,BANKINDIA,RS Momentum Breakout,0.8958333333333334,-3.7627,VALIDATION
2026-01-19,BANKINDIA,Donchian Channel Breakout,0.9464285714285716,-3.0911,VALIDATION
2026-01-19,BANKINDIA,RS Momentum Breakout,0.9464285714285716,-3.0911,VALIDATION
2026-01-20,BANKINDIA,RS Momentum Breakout,0.9824561403508772,0.5812,VALIDATION
2026-01-21,BANKINDIA,RS Momentum Breakout,0.9166666666666666,1.528,VALIDATION
2026-01-22,BANKINDIA,Donchian Channel Breakout,0.9270833333333334,-1.5046,VALIDATION
2026-01-22,BANKINDIA,RS Momentum Breakout,0.9270833333333334,-1.5046,VALIDATION
2026-01-23,BANKINDIA,RS Momentum Breakout,0.6333333333333333,5.1248,VALIDATION
2026-01-27,BANKINDIA,RS Momentum Breakout,0.7916666666666666,2.208,VALIDATION
2026-01-28,BANKINDIA,RS Momentum Breakout,0.753968253968254,-0.3399,VALIDATION
2026-01-29,BANKINDIA,RS Momentum Breakout,0.7254901960784315,0.7805,VALIDATION
2026-01-30,BANKINDIA,RS Momentum Breakout,0.5555555555555555,7.5445,VALIDATION
2026-02-03,BANKINDIA,EMA Pullback / Bounce,0.3240740740740741,7.7278,VALIDATION
2025-10-15,BEML,VCP Volatility Contraction Breakout,0.5510204081632654,-1.022,VALIDATION
2025-10-16,BEML,VCP Volatility Contraction Breakout,0.3425925925925925,-0.7937,VALIDATION
2025-10-17,BEML,VCP Volatility Contraction Breakout,0.3039215686274509,-1.2641,VALIDATION
2025-10-20,BEML,VCP Volatility Contraction Breakout,0.1559139784946236,-1.3804,VALIDATION
2025-10-20,BEML,EMA Pullback / Bounce,0.1559139784946236,-1.3804,VALIDATION
2025-10-21,BEML,VCP Volatility Contraction Breakout,0.3388888888888888,-10.0995,VALIDATION
2025-10-21,BEML,EMA Pullback / Bounce,0.3388888888888888,-10.0995,VALIDATION
2025-10-23,BEML,VCP Volatility Contraction Breakout,0.219298245614035,-9.5674,VALIDATION
2025-10-23,BEML,EMA Pullback / Bounce,0.219298245614035,-9.5674,VALIDATION
2025-10-24,BEML,VCP Volatility Contraction Breakout,0.5297619047619048,-9.7582,VALIDATION
2025-10-27,BEML,VCP Volatility Contraction Breakout,0.270440251572327,-8.7596,VALIDATION
2025-10-27,BEML,EMA Pullback / Bounce,0.270440251572327,-8.7596,VALIDATION
2025-10-28,BEML,EMA Pullback / Bounce,0.2067901234567901,-7.5805,VALIDATION
2025-10-29,BEML,EMA Pullback / Bounce,0.1994949494949495,-8.0972,VALIDATION
2025-10-30,BEML,VCP Volatility Contraction Breakout,0.5229885057471265,-9.7469,VALIDATION
2025-10-31,BEML,VCP Volatility Contraction Breakout,0.5136612021857924,-8.1947,VALIDATION
2025-10-31,BEML,EMA Pullback / Bounce,0.5136612021857924,-8.1947,VALIDATION
2025-11-03,BEML,VCP Volatility Contraction Breakout,0.2142857142857142,-9.6895,VALIDATION
2025-11-03,BEML,EMA Pullback / Bounce,0.2142857142857142,-9.6895,VALIDATION
2025-11-04,BEML,EMA Pullback / Bounce,0.1314102564102564,-8.9795,VALIDATION
2025-10-17,BERGEPAINT,Donchian Channel Breakout,0.3888888888888889,-1.6423,VALIDATION
2025-10-17,BERGEPAINT,VCP Volatility Contraction Breakout,0.3888888888888889,-1.6423,VALIDATION
2025-10-20,BERGEPAINT,VCP Volatility Contraction Breakout,0.2741935483870967,-0.4261,VALIDATION
2025-10-20,BERGEPAINT,EMA Pullback / Bounce,0.2741935483870967,-0.4261,VALIDATION
2025-10-21,BERGEPAINT,VCP Volatility Contraction Breakout,0.2194444444444444,0.6377,VALIDATION
2025-10-21,BERGEPAINT,EMA Pullback / Bounce,0.2194444444444444,0.6377,VALIDATION
2025-10-23,BERGEPAINT,VCP Volatility Contraction Breakout,0.2719298245614035,-2.5596,VALIDATION
2025-10-23,BERGEPAINT,EMA Pullback / Bounce,0.2719298245614035,-2.5596,VALIDATION
2025-10-24,BERGEPAINT,VCP Volatility Contraction Breakout,0.2976190476190476,-1.5441,VALIDATION
2025-10-27,BERGEPAINT,VCP Volatility Contraction Breakout,0.3018867924528302,1.0359,VALIDATION
2025-10-27,BERGEPAINT,EMA Pullback / Bounce,0.3018867924528302,1.0359,VALIDATION
2025-10-28,BERGEPAINT,VCP Volatility Contraction Breakout,0.1512345679012345,3.0258,VALIDATION
2025-10-28,BERGEPAINT,EMA Pullback / Bounce,0.1512345679012345,3.0258,VALIDATION
2025-10-29,BERGEPAINT,VCP Volatility Contraction Breakout,0.1717171717171717,6.027,VALIDATION
2025-10-29,BERGEPAINT,EMA Pullback / Bounce,0.1717171717171717,6.027,VALIDATION
2025-10-30,BERGEPAINT,VCP Volatility Contraction Breakout,0.1551724137931034,6.6427,VALIDATION
2025-10-30,BERGEPAINT,EMA Pullback / Bounce,0.1551724137931034,6.6427,VALIDATION
2025-10-31,BERGEPAINT,VCP Volatility Contraction Breakout,0.1857923497267759,6.8577,VALIDATION
2025-10-31,BERGEPAINT,EMA Pullback / Bounce,0.1857923497267759,6.8577,VALIDATION
2025-11-06,BERGEPAINT,VCP Volatility Contraction Breakout,0.391156462585034,8.3746,VALIDATION
2025-11-06,BERGEPAINT,EMA Pullback / Bounce,0.391156462585034,8.3746,VALIDATION
2025-11-11,BERGEPAINT,VCP Volatility Contraction Breakout,0.2966666666666667,4.2018,VALIDATION
2025-11-11,BERGEPAINT,EMA Pullback / Bounce,0.2966666666666667,4.2018,VALIDATION
2025-11-12,BERGEPAINT,Donchian Channel Breakout,0.3424242424242424,1.5256,VALIDATION
2025-11-12,BERGEPAINT,VCP Volatility Contraction Breakout,0.3424242424242424,1.5256,VALIDATION
2025-11-13,BERGEPAINT,Donchian Channel Breakout,0.5608974358974358,1.1249,VALIDATION
2025-11-13,BERGEPAINT,VCP Volatility Contraction Breakout,0.5608974358974358,1.1249,VALIDATION
2025-11-14,BERGEPAINT,Donchian Channel Breakout,0.3833333333333333,-2.5796,VALIDATION
2025-11-14,BERGEPAINT,VCP Volatility Contraction Breakout,0.3833333333333333,-2.5796,VALIDATION
2025-11-17,BERGEPAINT,VCP Volatility Contraction Breakout,0.3433333333333333,-3.6723,VALIDATION
2025-11-18,BERGEPAINT,Donchian Channel Breakout,0.6156462585034014,-4.6153,VALIDATION
2025-11-18,BERGEPAINT,VCP Volatility Contraction Breakout,0.6156462585034014,-4.6153,VALIDATION
2025-11-19,BERGEPAINT,Donchian Channel Breakout,0.4722222222222221,-4.8974,VALIDATION
2025-11-19,BERGEPAINT,VCP Volatility Contraction Breakout,0.4722222222222221,-4.8974,VALIDATION
2025-11-20,BERGEPAINT,Donchian Channel Breakout,0.5121212121212121,-4.8503,VALIDATION
2025-11-20,BERGEPAINT,VCP Volatility Contraction Breakout,0.5121212121212121,-4.8503,VALIDATION
2025-11-21,BERGEPAINT,VCP Volatility Contraction Breakout,0.4874213836477987,-4.3306,VALIDATION
2025-11-24,BERGEPAINT,VCP Volatility Contraction Breakout,0.4761904761904762,-7.53,VALIDATION
2025-11-24,BERGEPAINT,RS Momentum Breakout,0.4761904761904762,-7.53,VALIDATION
2025-11-25,BERGEPAINT,VCP Volatility Contraction Breakout,0.3725490196078431,-5.2719,VALIDATION
2025-11-25,BERGEPAINT,EMA Pullback / Bounce,0.3725490196078431,-5.2719,VALIDATION
2025-11-26,BERGEPAINT,VCP Volatility Contraction Breakout,0.3541666666666667,-4.5043,VALIDATION
2025-11-27,BERGEPAINT,VCP Volatility Contraction Breakout,0.3777777777777777,-4.7241,VALIDATION
2025-11-27,BERGEPAINT,EMA Pullback / Bounce,0.3777777777777777,-4.7241,VALIDATION
2025-11-28,BERGEPAINT,VCP Volatility Contraction Breakout,0.1791044776119403,-4.2035,VALIDATION
2025-11-28,BERGEPAINT,EMA Pullback / Bounce,0.1791044776119403,-4.2035,VALIDATION
2025-12-02,BERGEPAINT,EMA Pullback / Bounce,0.0963541666666666,-3.3986,VALIDATION
2025-12-03,BERGEPAINT,EMA Pullback / Bounce,0.1458333333333333,-3.4748,VALIDATION
2025-12-04,BERGEPAINT,EMA Pullback / Bounce,0.3487654320987654,-3.2034,VALIDATION
2025-12-24,BERGEPAINT,VCP Volatility Contraction Breakout,0.4756944444444445,-6.1913,VALIDATION
2025-12-24,BERGEPAINT,EMA Pullback / Bounce,0.4756944444444445,-6.1913,VALIDATION
2025-11-11,BHARATFORG,Donchian Channel Breakout,0.8533333333333334,-0.0213,VALIDATION
2025-11-11,BHARATFORG,VCP Volatility Contraction Breakout,0.8533333333333334,-0.0213,VALIDATION
2025-11-11,BHARATFORG,RS Momentum Breakout,0.8533333333333334,-0.0213,VALIDATION
2025-11-12,BHARATFORG,VCP Volatility Contraction Breakout,0.7363636363636363,2.514,VALIDATION
2025-11-12,BHARATFORG,RS Momentum Breakout,0.7363636363636363,2.514,VALIDATION
2025-11-13,BHARATFORG,VCP Volatility Contraction Breakout,0.6442307692307693,4.0959,VALIDATION
2025-11-13,BHARATFORG,RS Momentum Breakout,0.6442307692307693,4.0959,VALIDATION
2025-11-14,BHARATFORG,VCP Volatility Contraction Breakout,0.7566666666666667,2.2682,VALIDATION
2025-11-14,BHARATFORG,RS Momentum Breakout,0.7566666666666667,2.2682,VALIDATION
2025-11-17,BHARATFORG,VCP Volatility Contraction Breakout,0.65,3.2421,VALIDATION
2025-11-17,BHARATFORG,RS Momentum Breakout,0.65,3.2421,VALIDATION
2025-11-18,BHARATFORG,VCP Volatility Contraction Breakout,0.6428571428571429,1.6084,VALIDATION
2025-11-18,BHARATFORG,RS Momentum Breakout,0.6428571428571429,1.6084,VALIDATION
2025-11-19,BHARATFORG,Donchian Channel Breakout,0.839506172839506,-3.6507,VALIDATION
2025-11-19,BHARATFORG,VCP Volatility Contraction Breakout,0.839506172839506,-3.6507,VALIDATION
2025-11-19,BHARATFORG,RS Momentum Breakout,0.839506172839506,-3.6507,VALIDATION
2025-11-20,BHARATFORG,VCP Volatility Contraction Breakout,0.706060606060606,-2.6463,VALIDATION
2025-11-20,BHARATFORG,RS Momentum Breakout,0.706060606060606,-2.6463,VALIDATION
2025-11-21,BHARATFORG,VCP Volatility Contraction Breakout,0.6540880503144654,-0.2978,VALIDATION
2025-11-21,BHARATFORG,RS Momentum Breakout,0.6540880503144654,-0.2978,VALIDATION
2025-11-24,BHARATFORG,VCP Volatility Contraction Breakout,0.7925170068027212,-2.5816,VALIDATION
2025-11-24,BHARATFORG,RS Momentum Breakout,0.7925170068027212,-2.5816,VALIDATION
2025-11-25,BHARATFORG,VCP Volatility Contraction Breakout,0.6633986928104575,-1.7543,VALIDATION
2025-11-25,BHARATFORG,RS Momentum Breakout,0.6633986928104575,-1.7543,VALIDATION
2025-11-26,BHARATFORG,VCP Volatility Contraction Breakout,0.5729166666666666,-3.5679,VALIDATION
2025-11-26,BHARATFORG,RS Momentum Breakout,0.5729166666666666,-3.5679,VALIDATION
2025-11-27,BHARATFORG,VCP Volatility Contraction Breakout,0.575,-1.8139,VALIDATION
2025-11-27,BHARATFORG,RS Momentum Breakout,0.575,-1.8139,VALIDATION
2025-11-28,BHARATFORG,VCP Volatility Contraction Breakout,0.7935323383084577,-0.7928,VALIDATION
2025-11-28,BHARATFORG,RS Momentum Breakout,0.7935323383084577,-0.7928,VALIDATION
2025-12-01,BHARATFORG,VCP Volatility Contraction Breakout,0.5805555555555556,-1.0219,VALIDATION
2025-12-01,BHARATFORG,RS Momentum Breakout,0.5805555555555556,-1.0219,VALIDATION
2025-12-02,BHARATFORG,VCP Volatility Contraction Breakout,0.7083333333333334,0.1696,VALIDATION
2025-12-02,BHARATFORG,RS Momentum Breakout,0.7083333333333334,0.1696,VALIDATION
2025-12-03,BHARATFORG,VCP Volatility Contraction Breakout,0.6785714285714285,0.5907,VALIDATION
2025-12-03,BHARATFORG,EMA Pullback / Bounce,0.6785714285714285,0.5907,VALIDATION
2025-12-04,BHARATFORG,VCP Volatility Contraction Breakout,0.5555555555555555,0.9395,VALIDATION
2025-12-04,BHARATFORG,EMA Pullback / Bounce,0.5555555555555555,0.9395,VALIDATION
2025-12-05,BHARATFORG,VCP Volatility Contraction Breakout,0.5451388888888888,2.85,VALIDATION
2025-12-05,BHARATFORG,EMA Pullback / Bounce,0.5451388888888888,2.85,VALIDATION
2025-12-08,BHARATFORG,EMA Pullback / Bounce,0.2727272727272727,6.4474,VALIDATION
2025-12-09,BHARATFORG,VCP Volatility Contraction Breakout,0.3194444444444445,5.27,VALIDATION
2025-12-09,BHARATFORG,EMA Pullback / Bounce,0.3194444444444445,5.27,VALIDATION
2025-12-10,BHARATFORG,VCP Volatility Contraction Breakout,0.4358974358974359,5.4909,VALIDATION
2025-12-10,BHARATFORG,EMA Pullback / Bounce,0.4358974358974359,5.4909,VALIDATION
2025-12-11,BHARATFORG,VCP Volatility Contraction Breakout,0.5571428571428572,2.0426,VALIDATION
2025-12-11,BHARATFORG,EMA Pullback / Bounce,0.5571428571428572,2.0426,VALIDATION
2025-12-12,BHARATFORG,VCP Volatility Contraction Breakout,0.481060606060606,1.3815,VALIDATION
2025-12-12,BHARATFORG,RS Momentum Breakout,0.481060606060606,1.3815,VALIDATION
2025-12-15,BHARATFORG,VCP Volatility Contraction Breakout,0.5595238095238096,2.864,VALIDATION
2025-12-15,BHARATFORG,EMA Pullback / Bounce,0.5595238095238096,2.864,VALIDATION
2025-12-16,BHARATFORG,VCP Volatility Contraction Breakout,0.3958333333333332,3.9152,VALIDATION
2025-12-16,BHARATFORG,EMA Pullback / Bounce,0.3958333333333332,3.9152,VALIDATION
2025-12-17,BHARATFORG,VCP Volatility Contraction Breakout,0.3461538461538461,3.1413,VALIDATION
2025-12-17,BHARATFORG,EMA Pullback / Bounce,0.3461538461538461,3.1413,VALIDATION
2025-12-18,BHARATFORG,VCP Volatility Contraction Breakout,0.4230769230769231,5.4089,VALIDATION
2025-12-18,BHARATFORG,EMA Pullback / Bounce,0.4230769230769231,5.4089,VALIDATION
2025-12-19,BHARATFORG,VCP Volatility Contraction Breakout,0.4333333333333333,2.1712,VALIDATION
2025-12-19,BHARATFORG,RS Momentum Breakout,0.4333333333333333,2.1712,VALIDATION
2025-12-22,BHARATFORG,Donchian Channel Breakout,0.5800000000000001,0.786,VALIDATION
2025-12-22,BHARATFORG,VCP Volatility Contraction Breakout,0.5800000000000001,0.786,VALIDATION
2025-12-22,BHARATFORG,RS Momentum Breakout,0.5800000000000001,0.786,VALIDATION
2025-12-23,BHARATFORG,Donchian Channel Breakout,0.624113475177305,1.0835,VALIDATION
2025-12-23,BHARATFORG,VCP Volatility Contraction Breakout,0.624113475177305,1.0835,VALIDATION
2025-12-23,BHARATFORG,RS Momentum Breakout,0.624113475177305,1.0835,VALIDATION
2025-12-24,BHARATFORG,VCP Volatility Contraction Breakout,0.642361111111111,0.4698,VALIDATION
2025-12-24,BHARATFORG,RS Momentum Breakout,0.642361111111111,0.4698,VALIDATION
2025-12-26,BHARATFORG,VCP Volatility Contraction Breakout,0.8068181818181818,0.1109,VALIDATION
2025-12-26,BHARATFORG,RS Momentum Breakout,0.8068181818181818,0.1109,VALIDATION
2025-12-29,BHARATFORG,VCP Volatility Contraction Breakout,0.746031746031746,1.0826,VALIDATION
2025-12-29,BHARATFORG,RS Momentum Breakout,0.746031746031746,1.0826,VALIDATION
2025-12-30,BHARATFORG,VCP Volatility Contraction Breakout,0.6111111111111112,-2.0525,VALIDATION
2025-12-30,BHARATFORG,RS Momentum Breakout,0.6111111111111112,-2.0525,VALIDATION
2025-12-31,BHARATFORG,Donchian Channel Breakout,0.7698412698412698,-2.2162,VALIDATION
2025-12-31,BHARATFORG,VCP Volatility Contraction Breakout,0.7698412698412698,-2.2162,VALIDATION
2025-12-31,BHARATFORG,RS Momentum Breakout,0.7698412698412698,-2.2162,VALIDATION
2026-01-01,BHARATFORG,VCP Volatility Contraction Breakout,0.5104166666666666,-0.6544,VALIDATION
2026-01-01,BHARATFORG,RS Momentum Breakout,0.5104166666666666,-0.6544,VALIDATION
2026-01-02,BHARATFORG,VCP Volatility Contraction Breakout,0.7280701754385964,-4.8288,VALIDATION
2026-01-02,BHARATFORG,RS Momentum Breakout,0.7280701754385964,-4.8288,VALIDATION
2026-01-05,BHARATFORG,VCP Volatility Contraction Breakout,0.6992753623188405,-5.9946,VALIDATION
2026-01-05,BHARATFORG,RS Momentum Breakout,0.6992753623188405,-5.9946,VALIDATION
2026-01-06,BHARATFORG,VCP Volatility Contraction Breakout,0.6134751773049646,-6.4787,VALIDATION
2026-01-06,BHARATFORG,RS Momentum Breakout,0.6134751773049646,-6.4787,VALIDATION
2026-01-07,BHARATFORG,VCP Volatility Contraction Breakout,0.6022727272727273,-3.277,VALIDATION
2026-01-07,BHARATFORG,RS Momentum Breakout,0.6022727272727273,-3.277,VALIDATION
2026-01-08,BHARATFORG,VCP Volatility Contraction Breakout,0.7093023255813953,-3.4341,VALIDATION
2026-01-08,BHARATFORG,EMA Pullback / Bounce,0.7093023255813953,-3.4341,VALIDATION
2026-01-09,BHARATFORG,VCP Volatility Contraction Breakout,0.4545454545454546,-1.1498,VALIDATION
2026-01-09,BHARATFORG,EMA Pullback / Bounce,0.4545454545454546,-1.1498,VALIDATION
2026-01-12,BHARATFORG,VCP Volatility Contraction Breakout,0.5052083333333334,0.1235,VALIDATION
2026-01-12,BHARATFORG,EMA Pullback / Bounce,0.5052083333333334,0.1235,VALIDATION
2026-01-13,BHARATFORG,VCP Volatility Contraction Breakout,0.4523809523809523,-1.1685,VALIDATION
2026-01-13,BHARATFORG,EMA Pullback / Bounce,0.4523809523809523,-1.1685,VALIDATION
2026-01-14,BHARATFORG,VCP Volatility Contraction Breakout,0.3108108108108108,-0.187,VALIDATION
2026-01-14,BHARATFORG,EMA Pullback / Bounce,0.3108108108108108,-0.187,VALIDATION
2026-01-16,BHARATFORG,VCP Volatility Contraction Breakout,0.3541666666666667,-0.7698,VALIDATION
2026-01-16,BHARATFORG,EMA Pullback / Bounce,0.3541666666666667,-0.7698,VALIDATION
2026-01-22,BHARATFORG,EMA Pullback / Bounce,0.375,8.5366,VALIDATION
2026-01-27,BHARATFORG,EMA Pullback / Bounce,0.2291666666666666,13.287,VALIDATION
2026-01-29,BHARATFORG,EMA Pullback / Bounce,0.4705882352941176,20.3527,VALIDATION
2026-01-30,BHARATFORG,EMA Pullback / Bounce,0.3981481481481482,25.5179,VALIDATION
2026-02-02,BHARATFORG,EMA Pullback / Bounce,0.3333333333333333,10.7308,VALIDATION
2026-02-03,BHARATFORG,Donchian Channel Breakout,0.6574074074074074,13.7143,VALIDATION
2026-02-03,BHARATFORG,RS Momentum Breakout,0.6574074074074074,13.7143,VALIDATION
2025-10-15,BHARTIARTL,Donchian Channel Breakout,0.4795918367346939,5.2999,VALIDATION
2025-10-15,BHARTIARTL,VCP Volatility Contraction Breakout,0.4795918367346939,5.2999,VALIDATION
2025-10-16,BHARTIARTL,Donchian Channel Breakout,0.4938271604938271,4.0991,VALIDATION
2025-10-16,BHARTIARTL,VCP Volatility Contraction Breakout,0.4938271604938271,4.0991,VALIDATION
2025-10-17,BHARTIARTL,Donchian Channel Breakout,0.676470588235294,2.3692,VALIDATION
2025-10-17,BHARTIARTL,VCP Volatility Contraction Breakout,0.676470588235294,2.3692,VALIDATION
2025-10-20,BHARTIARTL,Donchian Channel Breakout,0.6801075268817204,2.9974,VALIDATION
2025-10-20,BHARTIARTL,VCP Volatility Contraction Breakout,0.6801075268817204,2.9974,VALIDATION
2025-10-21,BHARTIARTL,VCP Volatility Contraction Breakout,0.4138888888888889,1.502,VALIDATION
2025-10-23,BHARTIARTL,VCP Volatility Contraction Breakout,0.587719298245614,-0.3386,VALIDATION
2025-10-24,BHARTIARTL,VCP Volatility Contraction Breakout,0.4880952380952381,-0.5025,VALIDATION
2025-10-27,BHARTIARTL,Donchian Channel Breakout,0.738993710691824,-2.3757,VALIDATION
2025-10-27,BHARTIARTL,VCP Volatility Contraction Breakout,0.738993710691824,-2.3757,VALIDATION
2025-10-28,BHARTIARTL,Donchian Channel Breakout,0.6882716049382717,-0.4417,VALIDATION
2025-10-28,BHARTIARTL,VCP Volatility Contraction Breakout,0.6882716049382717,-0.4417,VALIDATION
2025-10-29,BHARTIARTL,Donchian Channel Breakout,0.5656565656565656,1.0531,VALIDATION
2025-10-29,BHARTIARTL,VCP Volatility Contraction Breakout,0.5656565656565656,1.0531,VALIDATION
2025-10-29,BHARTIARTL,RS Momentum Breakout,0.5656565656565656,1.0531,VALIDATION
2025-10-30,BHARTIARTL,VCP Volatility Contraction Breakout,0.5545977011494253,2.1741,VALIDATION
2025-10-31,BHARTIARTL,VCP Volatility Contraction Breakout,0.4699453551912569,2.7834,VALIDATION
2025-11-03,BHARTIARTL,VCP Volatility Contraction Breakout,0.369047619047619,2.0029,VALIDATION
2025-11-04,BHARTIARTL,Donchian Channel Breakout,0.717948717948718,2.1182,VALIDATION
2025-11-04,BHARTIARTL,VCP Volatility Contraction Breakout,0.717948717948718,2.1182,VALIDATION
2025-11-04,BHARTIARTL,RS Momentum Breakout,0.717948717948718,2.1182,VALIDATION
2025-11-06,BHARTIARTL,VCP Volatility Contraction Breakout,0.6292517006802721,5.3857,VALIDATION
2025-11-06,BHARTIARTL,RS Momentum Breakout,0.6292517006802721,5.3857,VALIDATION
2025-11-07,BHARTIARTL,EMA Pullback / Bounce,0.3794326241134751,8.406,VALIDATION
2025-11-10,BHARTIARTL,EMA Pullback / Bounce,0.2083333333333333,6.5343,VALIDATION
2025-11-11,BHARTIARTL,EMA Pullback / Bounce,0.34,4.932,VALIDATION
2025-11-13,BHARTIARTL,RS Momentum Breakout,0.3076923076923077,1.2249,VALIDATION
2025-11-14,BHARTIARTL,RS Momentum Breakout,0.34,-0.4924,VALIDATION
2025-11-17,BHARTIARTL,RS Momentum Breakout,0.3366666666666666,-1.5222,VALIDATION
2025-11-18,BHARTIARTL,Donchian Channel Breakout,0.4931972789115646,-2.3666,VALIDATION
2025-11-18,BHARTIARTL,RS Momentum Breakout,0.4931972789115646,-2.3666,VALIDATION
2025-11-19,BHARTIARTL,Donchian Channel Breakout,0.419753086419753,-3.1164,VALIDATION
2025-11-19,BHARTIARTL,RS Momentum Breakout,0.419753086419753,-3.1164,VALIDATION
2025-11-20,BHARTIARTL,Donchian Channel Breakout,0.5454545454545454,-2.1534,VALIDATION
2025-11-20,BHARTIARTL,VCP Volatility Contraction Breakout,0.5454545454545454,-2.1534,VALIDATION
2025-11-20,BHARTIARTL,RS Momentum Breakout,0.5454545454545454,-2.1534,VALIDATION
2025-11-21,BHARTIARTL,Donchian Channel Breakout,0.5534591194968553,-2.4652,VALIDATION
2025-11-21,BHARTIARTL,VCP Volatility Contraction Breakout,0.5534591194968553,-2.4652,VALIDATION
2025-11-21,BHARTIARTL,RS Momentum Breakout,0.5534591194968553,-2.4652,VALIDATION
2025-11-24,BHARTIARTL,VCP Volatility Contraction Breakout,0.6122448979591836,-3.3719,VALIDATION
2025-11-24,BHARTIARTL,RS Momentum Breakout,0.6122448979591836,-3.3719,VALIDATION
2025-11-25,BHARTIARTL,VCP Volatility Contraction Breakout,0.6437908496732027,-0.6797,VALIDATION
2025-11-25,BHARTIARTL,RS Momentum Breakout,0.6437908496732027,-0.6797,VALIDATION
2025-11-26,BHARTIARTL,VCP Volatility Contraction Breakout,0.4791666666666667,-3.0488,VALIDATION
2025-11-26,BHARTIARTL,EMA Pullback / Bounce,0.4791666666666667,-3.0488,VALIDATION
2025-11-27,BHARTIARTL,VCP Volatility Contraction Breakout,0.1888888888888888,-3.0595,VALIDATION
2025-11-27,BHARTIARTL,EMA Pullback / Bounce,0.1888888888888888,-3.0595,VALIDATION
2025-11-28,BHARTIARTL,VCP Volatility Contraction Breakout,0.308457711442786,-1.4801,VALIDATION
2025-11-28,BHARTIARTL,EMA Pullback / Bounce,0.308457711442786,-1.4801,VALIDATION
2025-12-01,BHARTIARTL,VCP Volatility Contraction Breakout,0.1666666666666666,-0.9618,VALIDATION
2025-12-01,BHARTIARTL,EMA Pullback / Bounce,0.1666666666666666,-0.9618,VALIDATION
2025-12-02,BHARTIARTL,VCP Volatility Contraction Breakout,0.2734375,0.0905,VALIDATION
2025-12-02,BHARTIARTL,EMA Pullback / Bounce,0.2734375,0.0905,VALIDATION
2025-12-03,BHARTIARTL,EMA Pullback / Bounce,0.175595238095238,0.6301,VALIDATION
2025-12-04,BHARTIARTL,VCP Volatility Contraction Breakout,0.2993827160493827,-0.0287,VALIDATION
2025-12-04,BHARTIARTL,EMA Pullback / Bounce,0.2993827160493827,-0.0287,VALIDATION
2025-12-05,BHARTIARTL,VCP Volatility Contraction Breakout,0.3333333333333333,-0.7898,VALIDATION
2025-12-05,BHARTIARTL,EMA Pullback / Bounce,0.3333333333333333,-0.7898,VALIDATION
2025-12-08,BHARTIARTL,EMA Pullback / Bounce,0.207070707070707,2.9135,VALIDATION
2025-12-09,BHARTIARTL,EMA Pullback / Bounce,0.2407407407407407,2.4566,VALIDATION
2025-12-10,BHARTIARTL,EMA Pullback / Bounce,0.2094017094017094,2.7928,VALIDATION
2025-12-12,BHARTIARTL,EMA Pullback / Bounce,0.1969696969696969,0.5555,VALIDATION
2025-12-15,BHARTIARTL,EMA Pullback / Bounce,0.238095238095238,1.4347,VALIDATION
2025-12-16,BHARTIARTL,VCP Volatility Contraction Breakout,0.5208333333333334,-0.5667,VALIDATION
2025-12-16,BHARTIARTL,EMA Pullback / Bounce,0.5208333333333334,-0.5667,VALIDATION
2025-12-17,BHARTIARTL,VCP Volatility Contraction Breakout,0.4914529914529915,0.5431,VALIDATION
2025-12-17,BHARTIARTL,EMA Pullback / Bounce,0.4914529914529915,0.5431,VALIDATION
2025-12-18,BHARTIARTL,VCP Volatility Contraction Breakout,0.2905982905982906,-0.3595,VALIDATION
2025-12-18,BHARTIARTL,EMA Pullback / Bounce,0.2905982905982906,-0.3595,VALIDATION
2025-12-19,BHARTIARTL,VCP Volatility Contraction Breakout,0.3888888888888888,-0.6138,VALIDATION
2025-12-19,BHARTIARTL,EMA Pullback / Bounce,0.3888888888888888,-0.6138,VALIDATION
2025-12-22,BHARTIARTL,VCP Volatility Contraction Breakout,0.5233333333333333,-2.3968,VALIDATION
2025-12-22,BHARTIARTL,RS Momentum Breakout,0.5233333333333333,-2.3968,VALIDATION
2025-12-23,BHARTIARTL,VCP Volatility Contraction Breakout,0.3652482269503546,-1.2695,VALIDATION
2025-12-23,BHARTIARTL,EMA Pullback / Bounce,0.3652482269503546,-1.2695,VALIDATION
2025-12-24,BHARTIARTL,VCP Volatility Contraction Breakout,0.4826388888888888,-2.6707,VALIDATION
2025-12-24,BHARTIARTL,EMA Pullback / Bounce,0.4826388888888888,-2.6707,VALIDATION
2025-12-26,BHARTIARTL,VCP Volatility Contraction Breakout,0.1515151515151515,-3.719,VALIDATION
2025-12-26,BHARTIARTL,EMA Pullback / Bounce,0.1515151515151515,-3.719,VALIDATION
2025-12-29,BHARTIARTL,EMA Pullback / Bounce,0.1547619047619047,-1.5888,VALIDATION
2025-12-30,BHARTIARTL,VCP Volatility Contraction Breakout,0.3119658119658119,-3.2968,VALIDATION
2025-12-30,BHARTIARTL,EMA Pullback / Bounce,0.3119658119658119,-3.2968,VALIDATION
2025-12-31,BHARTIARTL,VCP Volatility Contraction Breakout,0.1706349206349206,-4.3645,VALIDATION
2025-12-31,BHARTIARTL,EMA Pullback / Bounce,0.1706349206349206,-4.3645,VALIDATION
2026-01-01,BHARTIARTL,VCP Volatility Contraction Breakout,0.1805555555555555,-4.056,VALIDATION
2026-01-01,BHARTIARTL,EMA Pullback / Bounce,0.1805555555555555,-4.056,VALIDATION
2026-01-02,BHARTIARTL,VCP Volatility Contraction Breakout,0.2514619883040935,-4.0769,VALIDATION
2026-01-02,BHARTIARTL,EMA Pullback / Bounce,0.2514619883040935,-4.0769,VALIDATION
2026-01-05,BHARTIARTL,VCP Volatility Contraction Breakout,0.1884057971014493,-4.5946,VALIDATION
2026-01-05,BHARTIARTL,EMA Pullback / Bounce,0.1884057971014493,-4.5946,VALIDATION
2026-01-06,BHARTIARTL,VCP Volatility Contraction Breakout,0.4078014184397163,-4.7528,VALIDATION
2026-01-06,BHARTIARTL,EMA Pullback / Bounce,0.4078014184397163,-4.7528,VALIDATION
2026-01-07,BHARTIARTL,EMA Pullback / Bounce,0.2045454545454545,-4.4013,VALIDATION
2025-11-03,BHEL,VCP Volatility Contraction Breakout,0.6755952380952381,9.7154,VALIDATION
2025-11-03,BHEL,RS Momentum Breakout,0.6755952380952381,9.7154,VALIDATION
2025-11-04,BHEL,Donchian Channel Breakout,0.6153846153846153,8.4364,VALIDATION
2025-11-04,BHEL,VCP Volatility Contraction Breakout,0.6153846153846153,8.4364,VALIDATION
2025-11-04,BHEL,RS Momentum Breakout,0.6153846153846153,8.4364,VALIDATION
2025-11-06,BHEL,VCP Volatility Contraction Breakout,0.3843537414965987,10.562,VALIDATION
2025-11-07,BHEL,VCP Volatility Contraction Breakout,0.375886524822695,6.6239,VALIDATION
2025-11-10,BHEL,Donchian Channel Breakout,0.6944444444444443,1.4234,VALIDATION
2025-11-10,BHEL,VCP Volatility Contraction Breakout,0.6944444444444443,1.4234,VALIDATION
2025-11-10,BHEL,RS Momentum Breakout,0.6944444444444443,1.4234,VALIDATION
2025-11-11,BHEL,Donchian Channel Breakout,0.93,-0.9107,VALIDATION
2025-11-11,BHEL,RS Momentum Breakout,0.93,-0.9107,VALIDATION
2025-11-12,BHEL,Donchian Channel Breakout,0.790909090909091,1.2937,VALIDATION
2025-11-12,BHEL,RS Momentum Breakout,0.790909090909091,1.2937,VALIDATION
2025-11-13,BHEL,RS Momentum Breakout,0.7884615384615384,3.3215,VALIDATION
2025-11-14,BHEL,RS Momentum Breakout,0.75,3.2848,VALIDATION
2025-11-17,BHEL,RS Momentum Breakout,0.6666666666666666,2.1232,VALIDATION
2025-11-18,BHEL,RS Momentum Breakout,0.7619047619047619,-1.6873,VALIDATION
2025-11-19,BHEL,VCP Volatility Contraction Breakout,0.8117283950617283,-3.7824,VALIDATION
2025-11-19,BHEL,RS Momentum Breakout,0.8117283950617283,-3.7824,VALIDATION
2025-11-20,BHEL,VCP Volatility Contraction Breakout,0.703030303030303,-3.2456,VALIDATION
2025-11-20,BHEL,RS Momentum Breakout,0.703030303030303,-3.2456,VALIDATION
2025-11-21,BHEL,VCP Volatility Contraction Breakout,0.5345911949685535,-1.5769,VALIDATION
2025-11-21,BHEL,RS Momentum Breakout,0.5345911949685535,-1.5769,VALIDATION
2025-11-24,BHEL,VCP Volatility Contraction Breakout,0.6054421768707483,-2.6354,VALIDATION
2025-11-24,BHEL,RS Momentum Breakout,0.6054421768707483,-2.6354,VALIDATION
2025-11-25,BHEL,VCP Volatility Contraction Breakout,0.7091503267973857,-2.0509,VALIDATION
2025-11-25,BHEL,RS Momentum Breakout,0.7091503267973857,-2.0509,VALIDATION
2025-11-26,BHEL,VCP Volatility Contraction Breakout,0.7395833333333334,-5.0742,VALIDATION
2025-11-26,BHEL,RS Momentum Breakout,0.7395833333333334,-5.0742,VALIDATION
2025-11-27,BHEL,VCP Volatility Contraction Breakout,0.7694444444444444,-4.7373,VALIDATION
2025-11-27,BHEL,RS Momentum Breakout,0.7694444444444444,-4.7373,VALIDATION
2025-11-28,BHEL,VCP Volatility Contraction Breakout,0.8059701492537313,-2.044,VALIDATION
2025-11-28,BHEL,RS Momentum Breakout,0.8059701492537313,-2.044,VALIDATION
2025-12-01,BHEL,VCP Volatility Contraction Breakout,0.875,-2.8532,VALIDATION
2025-12-01,BHEL,RS Momentum Breakout,0.875,-2.8532,VALIDATION
2025-12-02,BHEL,VCP Volatility Contraction Breakout,0.6354166666666666,-2.3252,VALIDATION
2025-12-02,BHEL,RS Momentum Breakout,0.6354166666666666,-2.3252,VALIDATION
2025-12-03,BHEL,VCP Volatility Contraction Breakout,0.5178571428571429,-0.4122,VALIDATION
2025-12-03,BHEL,EMA Pullback / Bounce,0.5178571428571429,-0.4122,VALIDATION
2025-12-04,BHEL,VCP Volatility Contraction Breakout,0.5987654320987654,-0.29,VALIDATION
2025-12-04,BHEL,EMA Pullback / Bounce,0.5987654320987654,-0.29,VALIDATION
2025-12-05,BHEL,VCP Volatility Contraction Breakout,0.53125,-0.7022,VALIDATION
2025-12-05,BHEL,EMA Pullback / Bounce,0.53125,-0.7022,VALIDATION
2025-12-09,BHEL,EMA Pullback / Bounce,0.6759259259259259,1.7873,VALIDATION
2025-12-10,BHEL,EMA Pullback / Bounce,0.4273504273504273,1.1636,VALIDATION
2025-12-11,BHEL,EMA Pullback / Bounce,0.5714285714285715,1.6796,VALIDATION
2025-12-15,BHEL,EMA Pullback / Bounce,0.6190476190476191,0.4618,VALIDATION
2025-12-16,BHEL,EMA Pullback / Bounce,0.6,3.2136,VALIDATION
2025-12-17,BHEL,VCP Volatility Contraction Breakout,0.4786324786324787,5.1407,VALIDATION
2025-12-17,BHEL,EMA Pullback / Bounce,0.4786324786324787,5.1407,VALIDATION
2025-12-18,BHEL,EMA Pullback / Bounce,0.3888888888888889,8.8893,VALIDATION
2025-12-19,BHEL,EMA Pullback / Bounce,0.3555555555555555,8.7138,VALIDATION
2025-12-22,BHEL,VCP Volatility Contraction Breakout,0.5166666666666667,5.2268,VALIDATION
2025-12-22,BHEL,EMA Pullback / Bounce,0.5166666666666667,5.2268,VALIDATION
2025-12-23,BHEL,VCP Volatility Contraction Breakout,0.6099290780141843,7.68,VALIDATION
2025-12-23,BHEL,EMA Pullback / Bounce,0.6099290780141843,7.68,VALIDATION
2025-12-24,BHEL,VCP Volatility Contraction Breakout,0.5590277777777778,-2.2482,VALIDATION
2025-12-24,BHEL,EMA Pullback / Bounce,0.5590277777777778,-2.2482,VALIDATION
2025-12-26,BHEL,VCP Volatility Contraction Breakout,0.7386363636363636,-2.9203,VALIDATION
2025-12-26,BHEL,EMA Pullback / Bounce,0.7386363636363636,-2.9203,VALIDATION
2025-12-29,BHEL,VCP Volatility Contraction Breakout,0.503968253968254,-4.2188,VALIDATION
2025-12-29,BHEL,EMA Pullback / Bounce,0.503968253968254,-4.2188,VALIDATION
2025-12-30,BHEL,VCP Volatility Contraction Breakout,0.4658119658119657,-6.4306,VALIDATION
2025-12-30,BHEL,EMA Pullback / Bounce,0.4658119658119657,-6.4306,VALIDATION
2025-12-31,BHEL,VCP Volatility Contraction Breakout,0.7063492063492064,-7.2964,VALIDATION
2026-01-01,BHEL,Donchian Channel Breakout,0.625,-8.6266,VALIDATION
2026-01-01,BHEL,VCP Volatility Contraction Breakout,0.625,-8.6266,VALIDATION
2026-01-01,BHEL,RS Momentum Breakout,0.625,-8.6266,VALIDATION
2026-01-02,BHEL,Donchian Channel Breakout,0.847953216374269,-11.7686,VALIDATION
2026-01-02,BHEL,VCP Volatility Contraction Breakout,0.847953216374269,-11.7686,VALIDATION
2026-01-02,BHEL,RS Momentum Breakout,0.847953216374269,-11.7686,VALIDATION
2026-01-05,BHEL,Donchian Channel Breakout,0.717391304347826,-12.5042,VALIDATION
2026-01-05,BHEL,VCP Volatility Contraction Breakout,0.717391304347826,-12.5042,VALIDATION
2026-01-05,BHEL,RS Momentum Breakout,0.717391304347826,-12.5042,VALIDATION
2026-01-06,BHEL,VCP Volatility Contraction Breakout,0.5921985815602838,-15.7602,VALIDATION
2026-01-06,BHEL,RS Momentum Breakout,0.5921985815602838,-15.7602,VALIDATION
2026-01-07,BHEL,Donchian Channel Breakout,0.8522727272727272,-16.9628,VALIDATION
2026-01-07,BHEL,RS Momentum Breakout,0.8522727272727272,-16.9628,VALIDATION
2025-10-16,BIOCON,VCP Volatility Contraction Breakout,0.0679012345679012,3.2178,VALIDATION
2025-10-16,BIOCON,EMA Pullback / Bounce,0.0679012345679012,3.2178,VALIDATION
2025-10-20,BIOCON,VCP Volatility Contraction Breakout,0.3172043010752688,4.4469,VALIDATION
2025-10-21,BIOCON,VCP Volatility Contraction Breakout,0.3611111111111111,4.7024,VALIDATION
2025-10-23,BIOCON,VCP Volatility Contraction Breakout,0.2280701754385964,4.4481,VALIDATION
2025-10-24,BIOCON,VCP Volatility Contraction Breakout,0.0595238095238095,6.2856,VALIDATION
2025-10-24,BIOCON,EMA Pullback / Bounce,0.0595238095238095,6.2856,VALIDATION
2025-10-27,BIOCON,VCP Volatility Contraction Breakout,0.1792452830188679,6.8091,VALIDATION
2025-10-27,BIOCON,EMA Pullback / Bounce,0.1792452830188679,6.8091,VALIDATION
2025-10-28,BIOCON,VCP Volatility Contraction Breakout,0.2222222222222222,10.434,VALIDATION
2025-10-29,BIOCON,Donchian Channel Breakout,0.5227272727272727,9.7368,VALIDATION
2025-10-29,BIOCON,VCP Volatility Contraction Breakout,0.5227272727272727,9.7368,VALIDATION
2025-10-30,BIOCON,Donchian Channel Breakout,0.5948275862068965,8.7698,VALIDATION
2025-10-30,BIOCON,VCP Volatility Contraction Breakout,0.5948275862068965,8.7698,VALIDATION
2025-10-31,BIOCON,VCP Volatility Contraction Breakout,0.3825136612021858,13.1282,VALIDATION
2025-11-03,BIOCON,VCP Volatility Contraction Breakout,0.5,11.5344,VALIDATION
2025-11-04,BIOCON,Donchian Channel Breakout,0.5160256410256411,7.8643,VALIDATION
2025-11-04,BIOCON,VCP Volatility Contraction Breakout,0.5160256410256411,7.8643,VALIDATION
2025-11-06,BIOCON,Donchian Channel Breakout,0.5544217687074829,2.9036,VALIDATION
2025-11-06,BIOCON,VCP Volatility Contraction Breakout,0.5544217687074829,2.9036,VALIDATION
2025-11-07,BIOCON,VCP Volatility Contraction Breakout,0.3226950354609929,4.9868,VALIDATION
2025-11-10,BIOCON,VCP Volatility Contraction Breakout,0.3125,2.9297,VALIDATION
2025-11-11,BIOCON,Donchian Channel Breakout,0.4433333333333333,1.4839,VALIDATION
2025-11-11,BIOCON,VCP Volatility Contraction Breakout,0.4433333333333333,1.4839,VALIDATION
2025-11-12,BIOCON,Donchian Channel Breakout,0.7454545454545455,-2.1368,VALIDATION
2025-11-12,BIOCON,VCP Volatility Contraction Breakout,0.7454545454545455,-2.1368,VALIDATION
2025-11-12,BIOCON,RS Momentum Breakout,0.7454545454545455,-2.1368,VALIDATION
2025-11-13,BIOCON,Donchian Channel Breakout,0.8525641025641025,-3.6407,VALIDATION
2025-11-13,BIOCON,VCP Volatility Contraction Breakout,0.8525641025641025,-3.6407,VALIDATION
2025-11-13,BIOCON,RS Momentum Breakout,0.8525641025641025,-3.6407,VALIDATION
2025-11-14,BIOCON,VCP Volatility Contraction Breakout,0.6633333333333333,-3.4303,VALIDATION
2025-11-14,BIOCON,RS Momentum Breakout,0.6633333333333333,-3.4303,VALIDATION
2025-11-17,BIOCON,VCP Volatility Contraction Breakout,0.71,-6.6272,VALIDATION
2025-11-17,BIOCON,RS Momentum Breakout,0.71,-6.6272,VALIDATION
2025-11-18,BIOCON,Donchian Channel Breakout,0.7619047619047619,-5.8962,VALIDATION
2025-11-18,BIOCON,VCP Volatility Contraction Breakout,0.7619047619047619,-5.8962,VALIDATION
2025-11-18,BIOCON,RS Momentum Breakout,0.7619047619047619,-5.8962,VALIDATION
2025-11-19,BIOCON,VCP Volatility Contraction Breakout,0.3981481481481481,0.5148,VALIDATION
2025-11-19,BIOCON,RS Momentum Breakout,0.3981481481481481,0.5148,VALIDATION
2025-11-20,BIOCON,EMA Pullback / Bounce,0.4333333333333333,-1.7954,VALIDATION
2025-11-21,BIOCON,EMA Pullback / Bounce,0.4622641509433962,-1.3318,VALIDATION
2025-11-24,BIOCON,EMA Pullback / Bounce,0.227891156462585,-2.8354,VALIDATION
2025-11-25,BIOCON,VCP Volatility Contraction Breakout,0.2712418300653594,-2.664,VALIDATION
2025-11-25,BIOCON,EMA Pullback / Bounce,0.2712418300653594,-2.664,VALIDATION
2025-11-26,BIOCON,VCP Volatility Contraction Breakout,0.1840277777777778,-4.7242,VALIDATION
2025-11-26,BIOCON,EMA Pullback / Bounce,0.1840277777777778,-4.7242,VALIDATION
2025-11-27,BIOCON,VCP Volatility Contraction Breakout,0.2888888888888889,-4.5864,VALIDATION
2025-11-28,BIOCON,VCP Volatility Contraction Breakout,0.4129353233830845,-3.0124,VALIDATION
2025-11-28,BIOCON,EMA Pullback / Bounce,0.4129353233830845,-3.0124,VALIDATION
2025-12-01,BIOCON,VCP Volatility Contraction Breakout,0.3611111111111111,-0.9759,VALIDATION
2025-12-01,BIOCON,EMA Pullback / Bounce,0.3611111111111111,-0.9759,VALIDATION
2025-12-02,BIOCON,VCP Volatility Contraction Breakout,0.4192708333333333,-4.2537,VALIDATION
2025-12-02,BIOCON,EMA Pullback / Bounce,0.4192708333333333,-4.2537,VALIDATION
2025-12-03,BIOCON,VCP Volatility Contraction Breakout,0.6636904761904762,-5.8293,VALIDATION
2025-12-03,BIOCON,RS Momentum Breakout,0.6636904761904762,-5.8293,VALIDATION
2025-12-05,BIOCON,EMA Pullback / Bounce,0.3715277777777778,0.8477,VALIDATION
2025-12-12,BIOCON,EMA Pullback / Bounce,0.1401515151515151,0.3599,VALIDATION
2025-12-15,BIOCON,VCP Volatility Contraction Breakout,0.2817460317460318,-0.064,VALIDATION
2025-12-15,BIOCON,EMA Pullback / Bounce,0.2817460317460318,-0.064,VALIDATION
2025-12-16,BIOCON,EMA Pullback / Bounce,0.1208333333333333,2.3117,VALIDATION
2025-12-17,BIOCON,EMA Pullback / Bounce,0.1538461538461538,-0.1931,VALIDATION
2025-12-18,BIOCON,VCP Volatility Contraction Breakout,0.5427350427350427,-0.4938,VALIDATION
2025-12-18,BIOCON,EMA Pullback / Bounce,0.5427350427350427,-0.4938,VALIDATION
2025-12-19,BIOCON,VCP Volatility Contraction Breakout,0.4666666666666666,-1.8312,VALIDATION
2025-12-22,BIOCON,VCP Volatility Contraction Breakout,0.28,-3.8567,VALIDATION
2025-12-23,BIOCON,VCP Volatility Contraction Breakout,0.3936170212765957,-4.1955,VALIDATION
2025-12-24,BIOCON,VCP Volatility Contraction Breakout,0.5347222222222222,-5.1092,VALIDATION
2025-12-24,BIOCON,EMA Pullback / Bounce,0.5347222222222222,-5.1092,VALIDATION
2025-12-26,BIOCON,VCP Volatility Contraction Breakout,0.3333333333333333,-4.2261,VALIDATION
2025-12-26,BIOCON,EMA Pullback / Bounce,0.3333333333333333,-4.2261,VALIDATION
2025-12-29,BIOCON,EMA Pullback / Bounce,0.4404761904761905,-4.8862,VALIDATION
2025-12-30,BIOCON,EMA Pullback / Bounce,0.2393162393162393,-3.9949,VALIDATION
2025-12-31,BIOCON,VCP Volatility Contraction Breakout,0.1706349206349206,-3.5623,VALIDATION
2025-12-31,BIOCON,EMA Pullback / Bounce,0.1706349206349206,-3.5623,VALIDATION
2026-01-01,BIOCON,EMA Pullback / Bounce,0.15625,-2.2566,VALIDATION
2026-01-02,BIOCON,VCP Volatility Contraction Breakout,0.2017543859649122,-3.8936,VALIDATION
2026-01-02,BIOCON,EMA Pullback / Bounce,0.2017543859649122,-3.8936,VALIDATION
2026-01-05,BIOCON,EMA Pullback / Bounce,0.1304347826086956,-3.9341,VALIDATION
2025-10-15,BLUESTARCO,VCP Volatility Contraction Breakout,0.3843537414965987,2.5349,VALIDATION
2025-10-15,BLUESTARCO,EMA Pullback / Bounce,0.3843537414965987,2.5349,VALIDATION
2025-10-16,BLUESTARCO,VCP Volatility Contraction Breakout,0.2716049382716049,-0.8952,VALIDATION
2025-10-17,BLUESTARCO,VCP Volatility Contraction Breakout,0.3333333333333333,-2.2981,VALIDATION
2025-10-20,BLUESTARCO,VCP Volatility Contraction Breakout,0.271505376344086,-3.4927,VALIDATION
2025-10-21,BLUESTARCO,VCP Volatility Contraction Breakout,0.2388888888888889,-9.084,VALIDATION
2025-10-23,BLUESTARCO,VCP Volatility Contraction Breakout,0.3947368421052631,-11.2512,VALIDATION
2025-10-24,BLUESTARCO,Donchian Channel Breakout,0.8154761904761906,-12.5136,VALIDATION
2025-10-24,BLUESTARCO,VCP Volatility Contraction Breakout,0.8154761904761906,-12.5136,VALIDATION
2025-10-24,BLUESTARCO,RS Momentum Breakout,0.8154761904761906,-12.5136,VALIDATION
2025-10-27,BLUESTARCO,VCP Volatility Contraction Breakout,0.4528301886792452,-11.3275,VALIDATION
2025-10-28,BLUESTARCO,VCP Volatility Contraction Breakout,0.2314814814814815,-7.9271,VALIDATION
2025-10-28,BLUESTARCO,EMA Pullback / Bounce,0.2314814814814815,-7.9271,VALIDATION
2025-10-29,BLUESTARCO,VCP Volatility Contraction Breakout,0.25,-9.0229,VALIDATION
2025-10-29,BLUESTARCO,EMA Pullback / Bounce,0.25,-9.0229,VALIDATION
2025-10-30,BLUESTARCO,VCP Volatility Contraction Breakout,0.4022988505747126,-10.0051,VALIDATION
2025-10-30,BLUESTARCO,EMA Pullback / Bounce,0.4022988505747126,-10.0051,VALIDATION
2025-10-31,BLUESTARCO,EMA Pullback / Bounce,0.2459016393442622,-7.6649,VALIDATION
2025-11-03,BLUESTARCO,EMA Pullback / Bounce,0.1875,-7.0637,VALIDATION
2025-11-04,BLUESTARCO,EMA Pullback / Bounce,0.375,-7.1872,VALIDATION
2025-10-16,BORORENEW,Donchian Channel Breakout,0.8734567901234568,-2.3369,VALIDATION
2025-10-16,BORORENEW,RS Momentum Breakout,0.8734567901234568,-2.3369,VALIDATION
2025-10-20,BORORENEW,RS Momentum Breakout,0.6827956989247311,-0.8896,VALIDATION
2025-10-31,BORORENEW,EMA Pullback / Bounce,0.221311475409836,0.6998,VALIDATION
2025-11-04,BORORENEW,VCP Volatility Contraction Breakout,0.157051282051282,-7.1762,VALIDATION
2025-11-06,BORORENEW,VCP Volatility Contraction Breakout,0.3333333333333333,-7.7369,VALIDATION
2025-11-07,BORORENEW,VCP Volatility Contraction Breakout,0.1382978723404255,-10.2599,VALIDATION
2025-11-07,BORORENEW,EMA Pullback / Bounce,0.1382978723404255,-10.2599,VALIDATION
2025-11-10,BORORENEW,VCP Volatility Contraction Breakout,0.3923611111111111,-13.2644,VALIDATION
2025-11-10,BORORENEW,RS Momentum Breakout,0.3923611111111111,-13.2644,VALIDATION
2025-11-11,BORORENEW,Donchian Channel Breakout,0.6366666666666667,-17.2979,VALIDATION
2025-11-11,BORORENEW,RS Momentum Breakout,0.6366666666666667,-17.2979,VALIDATION
2025-11-13,BORORENEW,EMA Pullback / Bounce,0.2628205128205128,-8.3798,VALIDATION
2025-11-14,BORORENEW,EMA Pullback / Bounce,0.3533333333333333,-11.3347,VALIDATION
2025-11-17,BORORENEW,EMA Pullback / Bounce,0.1333333333333333,-12.5435,VALIDATION
2025-10-17,BOSCHLTD,EMA Pullback / Bounce,0.2679738562091503,-4.043,VALIDATION
2025-10-20,BOSCHLTD,VCP Volatility Contraction Breakout,0.3413978494623655,-4.2015,VALIDATION
2025-10-20,BOSCHLTD,EMA Pullback / Bounce,0.3413978494623655,-4.2015,VALIDATION
2025-10-21,BOSCHLTD,VCP Volatility Contraction Breakout,0.1694444444444444,-6.2547,VALIDATION
2025-10-21,BOSCHLTD,EMA Pullback / Bounce,0.1694444444444444,-6.2547,VALIDATION
2025-10-23,BOSCHLTD,VCP Volatility Contraction Breakout,0.1812865497076023,-6.073,VALIDATION
2025-10-23,BOSCHLTD,EMA Pullback / Bounce,0.1812865497076023,-6.073,VALIDATION
2025-10-27,BOSCHLTD,VCP Volatility Contraction Breakout,0.1729559748427672,-5.5977,VALIDATION
2025-10-27,BOSCHLTD,EMA Pullback / Bounce,0.1729559748427672,-5.5977,VALIDATION
2026-01-02,BOSCHLTD,Donchian Channel Breakout,0.6812865497076023,-5.5755,VALIDATION
2026-01-02,BOSCHLTD,VCP Volatility Contraction Breakout,0.6812865497076023,-5.5755,VALIDATION
2026-01-05,BOSCHLTD,VCP Volatility Contraction Breakout,0.6123188405797101,-5.6833,VALIDATION
2026-01-06,BOSCHLTD,VCP Volatility Contraction Breakout,0.4574468085106383,-8.0749,VALIDATION
2026-01-07,BOSCHLTD,VCP Volatility Contraction Breakout,0.5454545454545454,-9.9808,VALIDATION
2026-01-08,BOSCHLTD,VCP Volatility Contraction Breakout,0.4689922480620154,-7.2468,VALIDATION
2026-01-12,BOSCHLTD,EMA Pullback / Bounce,0.234375,-6.4512,VALIDATION
2026-01-13,BOSCHLTD,EMA Pullback / Bounce,0.2904761904761905,-4.5251,VALIDATION
2026-01-14,BOSCHLTD,EMA Pullback / Bounce,0.1756756756756756,-3.8446,VALIDATION
2026-01-15,BOSCHLTD,EMA Pullback / Bounce,0.2613636363636363,-2.3784,VALIDATION
2025-10-15,BSE,VCP Volatility Contraction Breakout,0.3401360544217687,-1.0531,VALIDATION
2025-10-16,BSE,VCP Volatility Contraction Breakout,0.6851851851851851,-1.3137,VALIDATION
2025-10-17,BSE,VCP Volatility Contraction Breakout,0.5065359477124184,1.8017,VALIDATION
2025-10-20,BSE,VCP Volatility Contraction Breakout,0.3548387096774194,-0.395,VALIDATION
2025-10-21,BSE,VCP Volatility Contraction Breakout,0.4583333333333333,-1.7407,VALIDATION
2025-10-23,BSE,VCP Volatility Contraction Breakout,0.4005847953216374,7.4371,VALIDATION
2025-10-24,BSE,VCP Volatility Contraction Breakout,0.3125,5.7395,VALIDATION
2025-10-27,BSE,VCP Volatility Contraction Breakout,0.3899371069182389,5.3046,VALIDATION
2025-10-28,BSE,VCP Volatility Contraction Breakout,0.3333333333333333,14.4542,VALIDATION
2025-10-28,BSE,EMA Pullback / Bounce,0.3333333333333333,14.4542,VALIDATION
2025-10-29,BSE,VCP Volatility Contraction Breakout,0.2601010101010101,12.2489,VALIDATION
2025-10-30,BSE,VCP Volatility Contraction Breakout,0.1954022988505747,15.6956,VALIDATION
2025-10-31,BSE,VCP Volatility Contraction Breakout,0.4781420765027322,12.9731,VALIDATION
2025-11-03,BSE,VCP Volatility Contraction Breakout,0.5178571428571428,10.9237,VALIDATION
2025-11-04,BSE,VCP Volatility Contraction Breakout,0.2275641025641025,16.1643,VALIDATION
2025-11-06,BSE,VCP Volatility Contraction Breakout,0.1904761904761904,18.1837,VALIDATION
2025-11-06,BSE,EMA Pullback / Bounce,0.1904761904761904,18.1837,VALIDATION
2025-11-07,BSE,Donchian Channel Breakout,0.652482269503546,6.2565,VALIDATION
2025-11-07,BSE,VCP Volatility Contraction Breakout,0.652482269503546,6.2565,VALIDATION
2025-11-07,BSE,RS Momentum Breakout,0.652482269503546,6.2565,VALIDATION
2025-11-10,BSE,VCP Volatility Contraction Breakout,0.4444444444444445,6.2083,VALIDATION
2025-11-10,BSE,RS Momentum Breakout,0.4444444444444445,6.2083,VALIDATION
2025-11-11,BSE,VCP Volatility Contraction Breakout,0.3433333333333332,2.5487,VALIDATION
2025-11-12,BSE,Donchian Channel Breakout,0.6424242424242425,3.5253,VALIDATION
2025-11-12,BSE,VCP Volatility Contraction Breakout,0.6424242424242425,3.5253,VALIDATION
2025-11-12,BSE,RS Momentum Breakout,0.6424242424242425,3.5253,VALIDATION
2025-11-13,BSE,VCP Volatility Contraction Breakout,0.5416666666666666,6.8625,VALIDATION
2025-11-13,BSE,RS Momentum Breakout,0.5416666666666666,6.8625,VALIDATION
2025-11-14,BSE,Donchian Channel Breakout,0.7333333333333334,2.3233,VALIDATION
2025-11-14,BSE,VCP Volatility Contraction Breakout,0.7333333333333334,2.3233,VALIDATION
2025-11-14,BSE,RS Momentum Breakout,0.7333333333333334,2.3233,VALIDATION
2025-11-17,BSE,VCP Volatility Contraction Breakout,0.4933333333333333,2.6675,VALIDATION
2025-11-17,BSE,RS Momentum Breakout,0.4933333333333333,2.6675,VALIDATION
2025-11-18,BSE,Donchian Channel Breakout,0.5510204081632654,0.3955,VALIDATION
2025-11-18,BSE,VCP Volatility Contraction Breakout,0.5510204081632654,0.3955,VALIDATION
2025-11-18,BSE,RS Momentum Breakout,0.5510204081632654,0.3955,VALIDATION
2025-11-19,BSE,Donchian Channel Breakout,0.6604938271604938,-5.9099,VALIDATION
2025-11-19,BSE,VCP Volatility Contraction Breakout,0.6604938271604938,-5.9099,VALIDATION
2025-11-19,BSE,RS Momentum Breakout,0.6604938271604938,-5.9099,VALIDATION
2025-11-20,BSE,VCP Volatility Contraction Breakout,0.7848484848484848,-4.4575,VALIDATION
2025-11-20,BSE,RS Momentum Breakout,0.7848484848484848,-4.4575,VALIDATION
2025-11-21,BSE,VCP Volatility Contraction Breakout,0.5723270440251573,-1.7138,VALIDATION
2025-11-21,BSE,RS Momentum Breakout,0.5723270440251573,-1.7138,VALIDATION
2025-11-24,BSE,VCP Volatility Contraction Breakout,0.5238095238095238,-0.1142,VALIDATION
2025-11-24,BSE,RS Momentum Breakout,0.5238095238095238,-0.1142,VALIDATION
2025-11-25,BSE,VCP Volatility Contraction Breakout,0.6699346405228758,-4.3934,VALIDATION
2025-11-25,BSE,RS Momentum Breakout,0.6699346405228758,-4.3934,VALIDATION
2025-11-26,BSE,VCP Volatility Contraction Breakout,0.6215277777777778,-10.8529,VALIDATION
2025-11-26,BSE,RS Momentum Breakout,0.6215277777777778,-10.8529,VALIDATION
2025-11-27,BSE,VCP Volatility Contraction Breakout,0.7555555555555555,-8.2041,VALIDATION
2025-11-27,BSE,RS Momentum Breakout,0.7555555555555555,-8.2041,VALIDATION
2025-11-28,BSE,VCP Volatility Contraction Breakout,0.6517412935323382,-6.3035,VALIDATION
2025-11-28,BSE,RS Momentum Breakout,0.6517412935323382,-6.3035,VALIDATION
2025-12-01,BSE,VCP Volatility Contraction Breakout,0.7000000000000001,-8.1837,VALIDATION
2025-12-01,BSE,RS Momentum Breakout,0.7000000000000001,-8.1837,VALIDATION
2025-12-02,BSE,VCP Volatility Contraction Breakout,0.5677083333333334,-8.243,VALIDATION
2025-12-02,BSE,RS Momentum Breakout,0.5677083333333334,-8.243,VALIDATION
2025-12-03,BSE,VCP Volatility Contraction Breakout,0.4226190476190476,-4.4566,VALIDATION
2025-12-03,BSE,EMA Pullback / Bounce,0.4226190476190476,-4.4566,VALIDATION
2025-12-04,BSE,VCP Volatility Contraction Breakout,0.5154320987654321,-2.9693,VALIDATION
2025-12-04,BSE,EMA Pullback / Bounce,0.5154320987654321,-2.9693,VALIDATION
2025-12-05,BSE,VCP Volatility Contraction Breakout,0.6631944444444444,-4.7943,VALIDATION
2025-12-05,BSE,EMA Pullback / Bounce,0.6631944444444444,-4.7943,VALIDATION
2025-12-08,BSE,VCP Volatility Contraction Breakout,0.6414141414141414,-0.6977,VALIDATION
2025-12-08,BSE,EMA Pullback / Bounce,0.6414141414141414,-0.6977,VALIDATION
2025-12-12,BSE,VCP Volatility Contraction Breakout,0.6856060606060606,-3.1934,VALIDATION
2025-12-12,BSE,EMA Pullback / Bounce,0.6856060606060606,-3.1934,VALIDATION
2025-12-18,BSE,EMA Pullback / Bounce,0.6324786324786325,-1.2041,VALIDATION
2025-12-19,BSE,EMA Pullback / Bounce,0.4333333333333333,-0.9006,VALIDATION
2025-12-22,BSE,VCP Volatility Contraction Breakout,0.7333333333333334,-2.6055,VALIDATION
2025-12-23,BSE,VCP Volatility Contraction Breakout,0.6560283687943262,0.2117,VALIDATION
2025-12-23,BSE,EMA Pullback / Bounce,0.6560283687943262,0.2117,VALIDATION
2026-01-02,BSE,EMA Pullback / Bounce,0.3625730994152046,5.5902,VALIDATION
2026-01-05,BSE,EMA Pullback / Bounce,0.4420289855072463,1.9327,VALIDATION
2026-01-06,BSE,VCP Volatility Contraction Breakout,0.3936170212765957,-1.8132,VALIDATION
2026-01-06,BSE,EMA Pullback / Bounce,0.3936170212765957,-1.8132,VALIDATION
2026-01-07,BSE,VCP Volatility Contraction Breakout,0.4772727272727273,-4.2297,VALIDATION
2026-01-08,BSE,VCP Volatility Contraction Breakout,0.5193798449612403,1.0672,VALIDATION
2026-01-08,BSE,EMA Pullback / Bounce,0.5193798449612403,1.0672,VALIDATION
2026-01-09,BSE,EMA Pullback / Bounce,0.3383838383838384,-0.5407,VALIDATION
2026-01-12,BSE,Donchian Channel Breakout,0.703125,-2.0851,VALIDATION
2026-01-12,BSE,VCP Volatility Contraction Breakout,0.703125,-2.0851,VALIDATION
2026-01-13,BSE,Donchian Channel Breakout,0.6761904761904761,-0.3285,VALIDATION
2026-01-13,BSE,VCP Volatility Contraction Breakout,0.6761904761904761,-0.3285,VALIDATION
2026-01-13,BSE,RS Momentum Breakout,0.6761904761904761,-0.3285,VALIDATION
2026-01-14,BSE,VCP Volatility Contraction Breakout,0.563063063063063,0.8742,VALIDATION
2026-01-14,BSE,RS Momentum Breakout,0.563063063063063,0.8742,VALIDATION
2026-01-15,BSE,VCP Volatility Contraction Breakout,0.5719696969696969,-1.8941,VALIDATION
2026-01-15,BSE,RS Momentum Breakout,0.5719696969696969,-1.8941,VALIDATION
2026-01-16,BSE,VCP Volatility Contraction Breakout,0.4166666666666667,-3.5143,VALIDATION
2026-01-19,BSE,EMA Pullback / Bounce,0.2797619047619048,4.7145,VALIDATION
2026-01-22,BSE,EMA Pullback / Bounce,0.2708333333333333,6.4291,VALIDATION
2026-01-23,BSE,EMA Pullback / Bounce,0.2,10.5838,VALIDATION
2026-01-27,BSE,VCP Volatility Contraction Breakout,0.4791666666666667,14.6376,VALIDATION
2026-01-28,BSE,VCP Volatility Contraction Breakout,0.4841269841269841,12.3126,VALIDATION
2026-01-29,BSE,VCP Volatility Contraction Breakout,0.676470588235294,9.9405,VALIDATION
2026-01-29,BSE,RS Momentum Breakout,0.676470588235294,9.9405,VALIDATION
2026-01-30,BSE,VCP Volatility Contraction Breakout,0.5,17.9316,VALIDATION
2025-10-15,CANBK,Donchian Channel Breakout,0.6598639455782312,3.0235,VALIDATION
2025-10-15,CANBK,VCP Volatility Contraction Breakout,0.6598639455782312,3.0235,VALIDATION
2025-10-15,CANBK,RS Momentum Breakout,0.6598639455782312,3.0235,VALIDATION
2025-10-16,CANBK,VCP Volatility Contraction Breakout,0.6049382716049383,7.5528,VALIDATION
2025-10-16,CANBK,RS Momentum Breakout,0.6049382716049383,7.5528,VALIDATION
2025-10-17,CANBK,VCP Volatility Contraction Breakout,0.5196078431372548,10.6181,VALIDATION
2025-10-20,CANBK,VCP Volatility Contraction Breakout,0.6209677419354839,8.8584,VALIDATION
2025-10-20,CANBK,RS Momentum Breakout,0.6209677419354839,8.8584,VALIDATION
2025-10-21,CANBK,VCP Volatility Contraction Breakout,0.6499999999999999,9.1223,VALIDATION
2025-10-21,CANBK,RS Momentum Breakout,0.6499999999999999,9.1223,VALIDATION
2025-10-23,CANBK,VCP Volatility Contraction Breakout,0.6257309941520468,11.2016,VALIDATION
2025-10-23,CANBK,EMA Pullback / Bounce,0.6257309941520468,11.2016,VALIDATION
2025-10-24,CANBK,VCP Volatility Contraction Breakout,0.494047619047619,11.7148,VALIDATION
2025-10-24,CANBK,EMA Pullback / Bounce,0.494047619047619,11.7148,VALIDATION
2025-10-27,CANBK,VCP Volatility Contraction Breakout,0.7075471698113208,8.0374,VALIDATION
2025-10-27,CANBK,RS Momentum Breakout,0.7075471698113208,8.0374,VALIDATION
2025-10-28,CANBK,Donchian Channel Breakout,0.6944444444444443,10.5405,VALIDATION
2025-10-28,CANBK,RS Momentum Breakout,0.6944444444444443,10.5405,VALIDATION
2025-10-29,CANBK,VCP Volatility Contraction Breakout,0.6868686868686869,11.2016,VALIDATION
2025-10-29,CANBK,RS Momentum Breakout,0.6868686868686869,11.2016,VALIDATION
2025-10-30,CANBK,Donchian Channel Breakout,0.8936781609195402,11.1729,VALIDATION
2025-10-30,CANBK,RS Momentum Breakout,0.8936781609195402,11.1729,VALIDATION
2025-10-31,CANBK,Donchian Channel Breakout,0.9371584699453552,8.317,VALIDATION
2025-10-31,CANBK,RS Momentum Breakout,0.9371584699453552,8.317,VALIDATION
2025-11-03,CANBK,Donchian Channel Breakout,0.9077380952380952,6.6571,VALIDATION
2025-11-03,CANBK,RS Momentum Breakout,0.9077380952380952,6.6571,VALIDATION
2025-11-04,CANBK,RS Momentum Breakout,0.826923076923077,7.2228,VALIDATION
2025-11-06,CANBK,RS Momentum Breakout,0.7380952380952381,6.6619,VALIDATION
2025-11-07,CANBK,RS Momentum Breakout,0.7304964539007092,3.2,VALIDATION
2025-11-10,CANBK,Donchian Channel Breakout,0.7534722222222222,4.3172,VALIDATION
2025-11-10,CANBK,RS Momentum Breakout,0.7534722222222222,4.3172,VALIDATION
2025-11-11,CANBK,RS Momentum Breakout,0.7200000000000001,4.933,VALIDATION
2025-11-12,CANBK,Donchian Channel Breakout,0.8151515151515151,4.6411,VALIDATION
2025-11-12,CANBK,RS Momentum Breakout,0.8151515151515151,4.6411,VALIDATION
2025-11-13,CANBK,RS Momentum Breakout,0.7884615384615384,5.4768,VALIDATION
2025-11-14,CANBK,Donchian Channel Breakout,0.8033333333333333,3.397,VALIDATION
2025-11-14,CANBK,RS Momentum Breakout,0.8033333333333333,3.397,VALIDATION
2025-11-17,CANBK,Donchian Channel Breakout,0.95,0.6824,VALIDATION
2025-11-17,CANBK,RS Momentum Breakout,0.95,0.6824,VALIDATION
2025-11-18,CANBK,RS Momentum Breakout,0.8231292517006802,1.8968,VALIDATION
2025-11-19,CANBK,Donchian Channel Breakout,0.7685185185185185,-3.6348,VALIDATION
2025-11-19,CANBK,RS Momentum Breakout,0.7685185185185185,-3.6348,VALIDATION
2025-11-20,CANBK,RS Momentum Breakout,0.793939393939394,0.0543,VALIDATION
2025-11-21,CANBK,RS Momentum Breakout,0.669811320754717,1.8082,VALIDATION
2025-11-24,CANBK,RS Momentum Breakout,0.8571428571428571,-2.6047,VALIDATION
2025-11-25,CANBK,RS Momentum Breakout,0.9019607843137254,-2.3382,VALIDATION
2025-11-26,CANBK,RS Momentum Breakout,0.8472222222222222,-3.5388,VALIDATION
2025-11-27,CANBK,Donchian Channel Breakout,0.7888888888888888,-3.4147,VALIDATION
2025-11-27,CANBK,RS Momentum Breakout,0.7888888888888888,-3.4147,VALIDATION
2025-11-28,CANBK,RS Momentum Breakout,0.9079601990049752,-3.5329,VALIDATION
2025-12-01,CANBK,RS Momentum Breakout,0.8444444444444444,-1.7166,VALIDATION
2025-12-02,CANBK,RS Momentum Breakout,0.9427083333333334,-3.6846,VALIDATION
2025-12-03,CANBK,EMA Pullback / Bounce,0.7589285714285715,2.8272,VALIDATION
2025-12-04,CANBK,EMA Pullback / Bounce,0.8024691358024691,1.449,VALIDATION
2025-12-05,CANBK,RS Momentum Breakout,0.8472222222222222,0.0539,VALIDATION
2025-12-09,CANBK,EMA Pullback / Bounce,0.7407407407407408,2.3995,VALIDATION
2025-12-10,CANBK,EMA Pullback / Bounce,0.7393162393162394,2.7248,VALIDATION
2025-12-11,CANBK,EMA Pullback / Bounce,0.6761904761904761,2.0815,VALIDATION
2025-12-12,CANBK,EMA Pullback / Bounce,0.6174242424242424,3.292,VALIDATION
2025-12-15,CANBK,EMA Pullback / Bounce,0.753968253968254,3.8638,VALIDATION
2025-12-16,CANBK,EMA Pullback / Bounce,0.65,5.381,VALIDATION
2025-12-17,CANBK,RS Momentum Breakout,0.8290598290598291,2.2134,VALIDATION
2025-12-19,CANBK,EMA Pullback / Bounce,0.674074074074074,3.3021,VALIDATION
2025-12-24,CANBK,EMA Pullback / Bounce,0.7430555555555557,0.4406,VALIDATION
2025-12-26,CANBK,VCP Volatility Contraction Breakout,0.6628787878787878,0.3199,VALIDATION
2025-12-26,CANBK,EMA Pullback / Bounce,0.6628787878787878,0.3199,VALIDATION
2025-12-29,CANBK,VCP Volatility Contraction Breakout,0.7420634920634921,-0.3189,VALIDATION
2025-12-29,CANBK,RS Momentum Breakout,0.7420634920634921,-0.3189,VALIDATION
2025-12-30,CANBK,Donchian Channel Breakout,0.8333333333333334,-2.058,VALIDATION
2025-12-30,CANBK,RS Momentum Breakout,0.8333333333333334,-2.058,VALIDATION
2025-12-31,CANBK,Donchian Channel Breakout,0.8373015873015873,-0.7161,VALIDATION
2025-12-31,CANBK,RS Momentum Breakout,0.8373015873015873,-0.7161,VALIDATION
2026-01-01,CANBK,RS Momentum Breakout,0.6944444444444445,-0.652,VALIDATION
2026-01-02,CANBK,RS Momentum Breakout,0.6374269005847953,1.0482,VALIDATION
2026-01-05,CANBK,RS Momentum Breakout,0.5289855072463768,1.5275,VALIDATION
2026-01-06,CANBK,RS Momentum Breakout,0.4468085106382979,-0.2726,VALIDATION
2026-01-07,CANBK,EMA Pullback / Bounce,0.4431818181818182,-1.5606,VALIDATION
2026-01-08,CANBK,EMA Pullback / Bounce,0.4069767441860465,2.8457,VALIDATION
2026-01-09,CANBK,EMA Pullback / Bounce,0.303030303030303,0.8369,VALIDATION
2026-01-12,CANBK,EMA Pullback / Bounce,0.4375,2.4704,VALIDATION
2026-01-13,CANBK,EMA Pullback / Bounce,0.3571428571428572,4.2564,VALIDATION
2026-01-14,CANBK,RS Momentum Breakout,0.6486486486486487,-2.3198,VALIDATION
2026-01-15,CANBK,RS Momentum Breakout,0.6477272727272728,-4.2727,VALIDATION
2026-01-16,CANBK,RS Momentum Breakout,0.7916666666666666,-6.9736,VALIDATION
2026-01-19,CANBK,RS Momentum Breakout,0.75,-6.4508,VALIDATION
2026-01-20,CANBK,EMA Pullback / Bounce,0.7368421052631579,-3.4686,VALIDATION
2026-01-21,CANBK,EMA Pullback / Bounce,0.5729166666666666,-2.4408,VALIDATION
2026-01-22,CANBK,EMA Pullback / Bounce,0.5208333333333334,-5.3886,VALIDATION
2026-01-23,CANBK,EMA Pullback / Bounce,0.5333333333333333,-3.2505,VALIDATION
2026-01-27,CANBK,EMA Pullback / Bounce,0.6875,-5.5695,VALIDATION
2026-01-28,CANBK,RS Momentum Breakout,0.7619047619047619,-7.9051,VALIDATION
2025-10-15,CANFINHOME,VCP Volatility Contraction Breakout,0.3537414965986394,8.9907,VALIDATION
2025-10-16,CANFINHOME,VCP Volatility Contraction Breakout,0.4228395061728395,7.874,VALIDATION
2025-10-17,CANFINHOME,VCP Volatility Contraction Breakout,0.2483660130718954,5.5613,VALIDATION
2025-10-20,CANFINHOME,Donchian Channel Breakout,0.6532258064516129,1.9585,VALIDATION
2025-10-20,CANFINHOME,VCP Volatility Contraction Breakout,0.6532258064516129,1.9585,VALIDATION
2025-10-21,CANFINHOME,VCP Volatility Contraction Breakout,0.6555555555555556,3.2471,VALIDATION
2025-10-23,CANFINHOME,VCP Volatility Contraction Breakout,0.6374269005847953,2.3354,VALIDATION
2025-10-24,CANFINHOME,VCP Volatility Contraction Breakout,0.6488095238095238,3.2916,VALIDATION
2025-10-24,CANFINHOME,RS Momentum Breakout,0.6488095238095238,3.2916,VALIDATION
2025-10-27,CANFINHOME,VCP Volatility Contraction Breakout,0.4937106918238994,4.2064,VALIDATION
2025-10-27,CANFINHOME,RS Momentum Breakout,0.4937106918238994,4.2064,VALIDATION
2025-10-28,CANFINHOME,Donchian Channel Breakout,0.5339506172839507,1.6672,VALIDATION
2025-10-28,CANFINHOME,VCP Volatility Contraction Breakout,0.5339506172839507,1.6672,VALIDATION
2025-10-28,CANFINHOME,RS Momentum Breakout,0.5339506172839507,1.6672,VALIDATION
2025-10-29,CANFINHOME,VCP Volatility Contraction Breakout,0.6742424242424242,-0.1501,VALIDATION
2025-10-29,CANFINHOME,RS Momentum Breakout,0.6742424242424242,-0.1501,VALIDATION
2025-10-30,CANFINHOME,Donchian Channel Breakout,0.7816091954022989,1.2185,VALIDATION
2025-10-30,CANFINHOME,VCP Volatility Contraction Breakout,0.7816091954022989,1.2185,VALIDATION
2025-10-30,CANFINHOME,RS Momentum Breakout,0.7816091954022989,1.2185,VALIDATION
2025-10-31,CANFINHOME,VCP Volatility Contraction Breakout,0.6830601092896175,3.041,VALIDATION
2025-10-31,CANFINHOME,RS Momentum Breakout,0.6830601092896175,3.041,VALIDATION
2025-11-03,CANFINHOME,VCP Volatility Contraction Breakout,0.4761904761904762,5.1789,VALIDATION
2025-11-03,CANFINHOME,RS Momentum Breakout,0.4761904761904762,5.1789,VALIDATION
2025-11-04,CANFINHOME,VCP Volatility Contraction Breakout,0.4807692307692308,3.331,VALIDATION
2025-11-04,CANFINHOME,RS Momentum Breakout,0.4807692307692308,3.331,VALIDATION
2025-11-06,CANFINHOME,VCP Volatility Contraction Breakout,0.7176870748299319,0.5245,VALIDATION
2025-11-06,CANFINHOME,RS Momentum Breakout,0.7176870748299319,0.5245,VALIDATION
2025-11-07,CANFINHOME,VCP Volatility Contraction Breakout,0.6205673758865248,0.7916,VALIDATION
2025-11-07,CANFINHOME,RS Momentum Breakout,0.6205673758865248,0.7916,VALIDATION
2025-11-10,CANFINHOME,VCP Volatility Contraction Breakout,0.4722222222222222,1.1591,VALIDATION
2025-11-10,CANFINHOME,RS Momentum Breakout,0.4722222222222222,1.1591,VALIDATION
2025-11-11,CANFINHOME,Donchian Channel Breakout,0.7666666666666667,-1.6917,VALIDATION
2025-11-11,CANFINHOME,VCP Volatility Contraction Breakout,0.7666666666666667,-1.6917,VALIDATION
2025-11-11,CANFINHOME,RS Momentum Breakout,0.7666666666666667,-1.6917,VALIDATION
2025-11-12,CANFINHOME,VCP Volatility Contraction Breakout,0.4666666666666666,0.6675,VALIDATION
2025-11-12,CANFINHOME,RS Momentum Breakout,0.4666666666666666,0.6675,VALIDATION
2025-11-13,CANFINHOME,EMA Pullback / Bounce,0.4198717948717949,2.9533,VALIDATION
2025-11-14,CANFINHOME,RS Momentum Breakout,0.56,-0.0509,VALIDATION
2025-11-17,CANFINHOME,RS Momentum Breakout,0.66,1.4051,VALIDATION
2025-11-18,CANFINHOME,RS Momentum Breakout,0.7687074829931974,-0.0111,VALIDATION
2025-11-19,CANFINHOME,RS Momentum Breakout,0.5401234567901235,-0.4139,VALIDATION
2025-11-20,CANFINHOME,EMA Pullback / Bounce,0.5848484848484848,1.3337,VALIDATION
2025-11-24,CANFINHOME,RS Momentum Breakout,0.4693877551020408,2.5612,VALIDATION
2025-11-25,CANFINHOME,VCP Volatility Contraction Breakout,0.3529411764705882,2.3533,VALIDATION
2025-11-25,CANFINHOME,EMA Pullback / Bounce,0.3529411764705882,2.3533,VALIDATION
2025-11-26,CANFINHOME,VCP Volatility Contraction Breakout,0.4305555555555556,1.3993,VALIDATION
2025-11-27,CANFINHOME,VCP Volatility Contraction Breakout,0.3833333333333333,1.8683,VALIDATION
2025-11-27,CANFINHOME,EMA Pullback / Bounce,0.3833333333333333,1.8683,VALIDATION
2025-11-28,CANFINHOME,VCP Volatility Contraction Breakout,0.3706467661691542,2.7443,VALIDATION
2025-11-28,CANFINHOME,EMA Pullback / Bounce,0.3706467661691542,2.7443,VALIDATION
2025-12-01,CANFINHOME,VCP Volatility Contraction Breakout,0.6805555555555555,1.0275,VALIDATION
2025-12-01,CANFINHOME,RS Momentum Breakout,0.6805555555555555,1.0275,VALIDATION
2025-12-02,CANFINHOME,VCP Volatility Contraction Breakout,0.6015625,1.2762,VALIDATION
2025-12-02,CANFINHOME,RS Momentum Breakout,0.6015625,1.2762,VALIDATION
2025-12-03,CANFINHOME,EMA Pullback / Bounce,0.6160714285714285,4.6427,VALIDATION
2025-12-04,CANFINHOME,EMA Pullback / Bounce,0.4567901234567901,3.7526,VALIDATION
2025-12-08,CANFINHOME,RS Momentum Breakout,0.797979797979798,3.6324,VALIDATION
2025-12-09,CANFINHOME,RS Momentum Breakout,0.611111111111111,3.1166,VALIDATION
2025-12-10,CANFINHOME,EMA Pullback / Bounce,0.4743589743589744,5.5098,VALIDATION
2025-12-11,CANFINHOME,EMA Pullback / Bounce,0.6761904761904761,2.4973,VALIDATION
2025-12-12,CANFINHOME,RS Momentum Breakout,0.6477272727272727,-1.2372,VALIDATION
2025-12-15,CANFINHOME,RS Momentum Breakout,0.7698412698412698,1.4972,VALIDATION
2025-12-16,CANFINHOME,VCP Volatility Contraction Breakout,0.6458333333333334,1.8646,VALIDATION
2025-12-16,CANFINHOME,RS Momentum Breakout,0.6458333333333334,1.8646,VALIDATION
2025-12-17,CANFINHOME,VCP Volatility Contraction Breakout,0.611111111111111,1.0513,VALIDATION
2025-12-17,CANFINHOME,RS Momentum Breakout,0.611111111111111,1.0513,VALIDATION
2025-12-18,CANFINHOME,VCP Volatility Contraction Breakout,0.6794871794871794,3.9116,VALIDATION
2025-12-18,CANFINHOME,RS Momentum Breakout,0.6794871794871794,3.9116,VALIDATION
2025-12-19,CANFINHOME,Donchian Channel Breakout,0.7851851851851851,0.9262,VALIDATION
2025-12-19,CANFINHOME,VCP Volatility Contraction Breakout,0.7851851851851851,0.9262,VALIDATION
2025-12-19,CANFINHOME,RS Momentum Breakout,0.7851851851851851,0.9262,VALIDATION
2025-12-22,CANFINHOME,Donchian Channel Breakout,0.6933333333333334,1.0372,VALIDATION
2025-12-22,CANFINHOME,VCP Volatility Contraction Breakout,0.6933333333333334,1.0372,VALIDATION
2025-12-22,CANFINHOME,RS Momentum Breakout,0.6933333333333334,1.0372,VALIDATION
2025-12-23,CANFINHOME,VCP Volatility Contraction Breakout,0.5425531914893617,-0.2852,VALIDATION
2025-12-23,CANFINHOME,RS Momentum Breakout,0.5425531914893617,-0.2852,VALIDATION
2025-12-24,CANFINHOME,Donchian Channel Breakout,0.7291666666666666,-5.2751,VALIDATION
2025-12-24,CANFINHOME,VCP Volatility Contraction Breakout,0.7291666666666666,-5.2751,VALIDATION
2025-12-24,CANFINHOME,RS Momentum Breakout,0.7291666666666666,-5.2751,VALIDATION
2025-12-26,CANFINHOME,EMA Pullback / Bounce,0.8409090909090909,-2.8649,VALIDATION
2025-12-29,CANFINHOME,EMA Pullback / Bounce,0.5952380952380952,-2.8556,VALIDATION
2026-01-02,CANFINHOME,RS Momentum Breakout,0.4678362573099415,-2.6008,VALIDATION
2026-01-05,CANFINHOME,RS Momentum Breakout,0.5144927536231885,-0.7241,VALIDATION
2026-01-06,CANFINHOME,RS Momentum Breakout,0.4680851063829787,-3.5722,VALIDATION
2026-01-07,CANFINHOME,EMA Pullback / Bounce,0.2121212121212121,-3.3721,VALIDATION
2026-01-14,CANFINHOME,EMA Pullback / Bounce,0.4324324324324324,-1.8366,VALIDATION
2026-01-15,CANFINHOME,EMA Pullback / Bounce,0.4507575757575757,1.2048,VALIDATION
2026-01-16,CANFINHOME,EMA Pullback / Bounce,0.1944444444444444,-1.3232,VALIDATION
2026-01-20,CANFINHOME,EMA Pullback / Bounce,0.5087719298245613,2.6685,VALIDATION
2026-01-22,CANFINHOME,EMA Pullback / Bounce,0.2291666666666666,1.7315,VALIDATION
2026-01-28,CANFINHOME,EMA Pullback / Bounce,0.2698412698412698,-0.1333,VALIDATION
2026-01-29,CANFINHOME,EMA Pullback / Bounce,0.1372549019607843,-0.8593,VALIDATION
2026-02-02,CANFINHOME,EMA Pullback / Bounce,0.4166666666666667,-5.4655,VALIDATION
2025-10-29,CCL,VCP Volatility Contraction Breakout,0.2449494949494949,20.0828,VALIDATION
2025-10-29,CCL,EMA Pullback / Bounce,0.2449494949494949,20.0828,VALIDATION
2025-11-03,CCL,Donchian Channel Breakout,0.4434523809523809,15.4788,VALIDATION
2025-11-03,CCL,VCP Volatility Contraction Breakout,0.4434523809523809,15.4788,VALIDATION
2025-11-04,CCL,Donchian Channel Breakout,0.4326923076923076,12.0065,VALIDATION
2025-11-04,CCL,VCP Volatility Contraction Breakout,0.4326923076923076,12.0065,VALIDATION
2025-11-06,CCL,Donchian Channel Breakout,0.7312925170068026,4.6237,VALIDATION
2025-11-06,CCL,VCP Volatility Contraction Breakout,0.7312925170068026,4.6237,VALIDATION
2025-11-07,CCL,Donchian Channel Breakout,0.7588652482269503,-1.6258,VALIDATION
2025-11-07,CCL,VCP Volatility Contraction Breakout,0.7588652482269503,-1.6258,VALIDATION
2025-11-07,CCL,RS Momentum Breakout,0.7588652482269503,-1.6258,VALIDATION
2025-11-10,CCL,Donchian Channel Breakout,0.9548611111111112,-6.7968,VALIDATION
2025-11-10,CCL,RS Momentum Breakout,0.9548611111111112,-6.7968,VALIDATION
2025-11-11,CCL,RS Momentum Breakout,0.7033333333333333,-4.622,VALIDATION
2025-11-12,CCL,RS Momentum Breakout,0.6484848484848484,-3.6278,VALIDATION
2025-11-13,CCL,RS Momentum Breakout,0.4967948717948717,-4.2919,VALIDATION
2025-11-14,CCL,RS Momentum Breakout,0.7733333333333334,-5.3402,VALIDATION
2025-11-17,CCL,RS Momentum Breakout,0.55,-7.0369,VALIDATION
2025-11-18,CCL,RS Momentum Breakout,0.336734693877551,-2.8622,VALIDATION
2025-11-19,CCL,RS Momentum Breakout,0.2962962962962963,-3.4902,VALIDATION
2025-11-20,CCL,RS Momentum Breakout,0.2696969696969697,-3.7493,VALIDATION
2025-11-24,CCL,EMA Pullback / Bounce,0.1530612244897959,-5.1953,VALIDATION
2025-11-25,CCL,VCP Volatility Contraction Breakout,0.2124183006535947,-1.0752,VALIDATION
2025-11-25,CCL,EMA Pullback / Bounce,0.2124183006535947,-1.0752,VALIDATION
2025-11-26,CCL,RS Momentum Breakout,0.4027777777777778,-5.1335,VALIDATION
2025-12-01,CCL,EMA Pullback / Bounce,0.2083333333333333,0.0809,VALIDATION
2025-12-02,CCL,EMA Pullback / Bounce,0.1796875,-1.3564,VALIDATION
2025-12-03,CCL,EMA Pullback / Bounce,0.2202380952380952,-0.55,VALIDATION
2025-12-04,CCL,EMA Pullback / Bounce,0.1265432098765432,0.948,VALIDATION
2025-12-09,CCL,EMA Pullback / Bounce,0.3518518518518518,-0.4329,VALIDATION
2025-12-10,CCL,EMA Pullback / Bounce,0.3205128205128205,-1.567,VALIDATION
2025-12-11,CCL,EMA Pullback / Bounce,0.1523809523809523,-3.3607,VALIDATION
2025-12-15,CCL,EMA Pullback / Bounce,0.5674603174603176,-3.8742,VALIDATION
2025-12-16,CCL,EMA Pullback / Bounce,0.2833333333333334,-3.8689,VALIDATION
2025-12-17,CCL,EMA Pullback / Bounce,0.4786324786324785,-8.5075,VALIDATION
2025-12-18,CCL,EMA Pullback / Bounce,0.3119658119658119,-7.9606,VALIDATION
2025-12-19,CCL,EMA Pullback / Bounce,0.137037037037037,-4.0442,VALIDATION
2025-12-22,CCL,VCP Volatility Contraction Breakout,0.1733333333333333,-6.3779,VALIDATION
2025-12-22,CCL,EMA Pullback / Bounce,0.1733333333333333,-6.3779,VALIDATION
2025-12-29,CCL,EMA Pullback / Bounce,0.3174603174603174,-1.5919,VALIDATION
2026-01-13,CCL,VCP Volatility Contraction Breakout,0.5238095238095238,-3.5315,VALIDATION
2026-01-14,CCL,VCP Volatility Contraction Breakout,0.5495495495495496,-2.8247,VALIDATION
2026-01-14,CCL,EMA Pullback / Bounce,0.5495495495495496,-2.8247,VALIDATION
2026-01-15,CCL,VCP Volatility Contraction Breakout,0.4128787878787879,1.157,VALIDATION
2026-01-15,CCL,EMA Pullback / Bounce,0.4128787878787879,1.157,VALIDATION
2026-01-16,CCL,VCP Volatility Contraction Breakout,0.4027777777777777,-0.5082,VALIDATION
2026-01-19,CCL,VCP Volatility Contraction Breakout,0.6071428571428572,0.148,VALIDATION
2026-01-27,CCL,VCP Volatility Contraction Breakout,0.53125,7.9949,VALIDATION
2026-01-27,CCL,EMA Pullback / Bounce,0.53125,7.9949,VALIDATION
2026-01-30,CCL,VCP Volatility Contraction Breakout,0.3703703703703704,3.3905,VALIDATION
2026-02-02,CCL,VCP Volatility Contraction Breakout,0.5555555555555555,4.9564,VALIDATION
2026-02-03,CCL,VCP Volatility Contraction Breakout,0.4259259259259259,2.2431,VALIDATION
2025-10-15,CDSL,VCP Volatility Contraction Breakout,0.4625850340136054,-0.591,VALIDATION
2025-10-16,CDSL,VCP Volatility Contraction Breakout,0.382716049382716,-2.3502,VALIDATION
2025-10-17,CDSL,VCP Volatility Contraction Breakout,0.3888888888888888,-1.642,VALIDATION
2025-10-20,CDSL,VCP Volatility Contraction Breakout,0.217741935483871,-4.4631,VALIDATION
2025-10-21,CDSL,VCP Volatility Contraction Breakout,0.2972222222222222,-4.6704,VALIDATION
2025-10-23,CDSL,VCP Volatility Contraction Breakout,0.2485380116959064,-1.4113,VALIDATION
2025-10-24,CDSL,VCP Volatility Contraction Breakout,0.2261904761904762,-0.1382,VALIDATION
2025-10-24,CDSL,EMA Pullback / Bounce,0.2261904761904762,-0.1382,VALIDATION
2025-10-27,CDSL,VCP Volatility Contraction Breakout,0.5031446540880503,-2.5861,VALIDATION
2025-10-28,CDSL,VCP Volatility Contraction Breakout,0.3549382716049383,1.8646,VALIDATION
2025-10-29,CDSL,VCP Volatility Contraction Breakout,0.4217171717171717,0.7746,VALIDATION
2025-10-30,CDSL,VCP Volatility Contraction Breakout,0.2298850574712644,0.7311,VALIDATION
2025-10-30,CDSL,EMA Pullback / Bounce,0.2298850574712644,0.7311,VALIDATION
2025-10-31,CDSL,VCP Volatility Contraction Breakout,0.2950819672131147,2.9338,VALIDATION
2025-10-31,CDSL,EMA Pullback / Bounce,0.2950819672131147,2.9338,VALIDATION
2025-11-03,CDSL,VCP Volatility Contraction Breakout,0.369047619047619,1.2996,VALIDATION
2025-11-03,CDSL,EMA Pullback / Bounce,0.369047619047619,1.2996,VALIDATION
2025-11-07,CDSL,VCP Volatility Contraction Breakout,0.2943262411347517,1.8856,VALIDATION
2025-11-07,CDSL,EMA Pullback / Bounce,0.2943262411347517,1.8856,VALIDATION
2025-11-10,CDSL,VCP Volatility Contraction Breakout,0.1631944444444444,-0.1509,VALIDATION
2025-11-10,CDSL,EMA Pullback / Bounce,0.1631944444444444,-0.1509,VALIDATION
2025-11-11,CDSL,VCP Volatility Contraction Breakout,0.1433333333333333,-2.5928,VALIDATION
2025-11-11,CDSL,EMA Pullback / Bounce,0.1433333333333333,-2.5928,VALIDATION
2025-11-12,CDSL,Donchian Channel Breakout,0.403030303030303,-2.3863,VALIDATION
2025-11-12,CDSL,VCP Volatility Contraction Breakout,0.403030303030303,-2.3863,VALIDATION
2025-11-13,CDSL,VCP Volatility Contraction Breakout,0.3429487179487179,-0.0861,VALIDATION
2025-11-14,CDSL,VCP Volatility Contraction Breakout,0.2633333333333333,-0.7731,VALIDATION
2025-11-17,CDSL,VCP Volatility Contraction Breakout,0.2066666666666666,-1.7453,VALIDATION
2025-11-18,CDSL,VCP Volatility Contraction Breakout,0.2312925170068027,-0.8037,VALIDATION
2025-11-18,CDSL,EMA Pullback / Bounce,0.2312925170068027,-0.8037,VALIDATION
2025-11-19,CDSL,VCP Volatility Contraction Breakout,0.2345679012345679,-4.7019,VALIDATION
2025-11-19,CDSL,EMA Pullback / Bounce,0.2345679012345679,-4.7019,VALIDATION
2025-11-20,CDSL,VCP Volatility Contraction Breakout,0.4484848484848485,-6.0941,VALIDATION
2025-11-21,CDSL,VCP Volatility Contraction Breakout,0.2955974842767295,-3.7492,VALIDATION
2025-11-21,CDSL,EMA Pullback / Bounce,0.2955974842767295,-3.7492,VALIDATION
2025-11-24,CDSL,EMA Pullback / Bounce,0.1394557823129251,-4.1651,VALIDATION
2025-11-26,CDSL,VCP Volatility Contraction Breakout,0.28125,-8.9662,VALIDATION
2025-11-26,CDSL,EMA Pullback / Bounce,0.28125,-8.9662,VALIDATION
2025-11-27,CDSL,VCP Volatility Contraction Breakout,0.3361111111111111,-6.5197,VALIDATION
2025-11-27,CDSL,EMA Pullback / Bounce,0.3361111111111111,-6.5197,VALIDATION
2025-11-28,CDSL,VCP Volatility Contraction Breakout,0.1915422885572139,-5.7716,VALIDATION
2025-11-28,CDSL,EMA Pullback / Bounce,0.1915422885572139,-5.7716,VALIDATION
2025-12-01,CDSL,VCP Volatility Contraction Breakout,0.3,-5.15,VALIDATION
2025-12-01,CDSL,EMA Pullback / Bounce,0.3,-5.15,VALIDATION
2025-12-02,CDSL,EMA Pullback / Bounce,0.1796875,-5.5849,VALIDATION
2025-10-15,CEATLTD,VCP Volatility Contraction Breakout,0.3843537414965987,14.6397,VALIDATION
2025-10-16,CEATLTD,Donchian Channel Breakout,0.6450617283950617,8.6981,VALIDATION
2025-10-16,CEATLTD,VCP Volatility Contraction Breakout,0.6450617283950617,8.6981,VALIDATION
2025-10-17,CEATLTD,Donchian Channel Breakout,0.6830065359477123,7.2033,VALIDATION
2025-10-17,CEATLTD,VCP Volatility Contraction Breakout,0.6830065359477123,7.2033,VALIDATION
2025-10-20,CEATLTD,Donchian Channel Breakout,0.868279569892473,-4.2043,VALIDATION
2025-10-20,CEATLTD,RS Momentum Breakout,0.868279569892473,-4.2043,VALIDATION
2025-10-21,CEATLTD,Donchian Channel Breakout,0.9916666666666668,-6.5763,VALIDATION
2025-10-21,CEATLTD,RS Momentum Breakout,0.9916666666666668,-6.5763,VALIDATION
2025-10-23,CEATLTD,RS Momentum Breakout,1.0,-5.5484,VALIDATION
2025-10-24,CEATLTD,RS Momentum Breakout,0.9375,-0.6327,VALIDATION
2025-10-27,CEATLTD,RS Momentum Breakout,0.7704402515723271,-0.4045,VALIDATION
2025-10-28,CEATLTD,RS Momentum Breakout,0.6234567901234568,-0.9248,VALIDATION
2025-10-29,CEATLTD,RS Momentum Breakout,0.5782828282828283,-0.7164,VALIDATION
2025-10-30,CEATLTD,RS Momentum Breakout,0.735632183908046,-2.9081,VALIDATION
2025-10-31,CEATLTD,RS Momentum Breakout,0.6038251366120219,-0.89,VALIDATION
2025-11-03,CEATLTD,RS Momentum Breakout,0.4494047619047618,-4.1042,VALIDATION
2025-11-07,CEATLTD,RS Momentum Breakout,0.4680851063829787,-3.9197,VALIDATION
2025-11-10,CEATLTD,RS Momentum Breakout,0.4722222222222221,-7.3345,VALIDATION
2025-11-11,CEATLTD,RS Momentum Breakout,0.4466666666666666,-6.1798,VALIDATION
2025-11-12,CEATLTD,RS Momentum Breakout,0.3545454545454545,-4.934,VALIDATION
2025-11-13,CEATLTD,EMA Pullback / Bounce,0.3878205128205128,-3.837,VALIDATION
2025-11-14,CEATLTD,EMA Pullback / Bounce,0.37,-4.3725,VALIDATION
2025-11-17,CEATLTD,EMA Pullback / Bounce,0.36,-5.3503,VALIDATION
2025-11-25,CEATLTD,EMA Pullback / Bounce,0.4379084967320262,-1.2721,VALIDATION
2025-11-26,CEATLTD,EMA Pullback / Bounce,0.2604166666666667,-2.4217,VALIDATION
2025-11-27,CEATLTD,EMA Pullback / Bounce,0.3527777777777778,-2.5253,VALIDATION
2025-12-02,CEATLTD,VCP Volatility Contraction Breakout,0.4505208333333333,-3.9793,VALIDATION
2025-12-02,CEATLTD,EMA Pullback / Bounce,0.4505208333333333,-3.9793,VALIDATION
2025-12-03,CEATLTD,VCP Volatility Contraction Breakout,0.6547619047619048,-6.1765,VALIDATION
2025-12-04,CEATLTD,EMA Pullback / Bounce,0.5092592592592592,-3.739,VALIDATION
2025-12-05,CEATLTD,VCP Volatility Contraction Breakout,0.40625,0.3087,VALIDATION
2025-12-05,CEATLTD,EMA Pullback / Bounce,0.40625,0.3087,VALIDATION
2025-12-09,CEATLTD,EMA Pullback / Bounce,0.3194444444444444,2.2824,VALIDATION
2025-12-15,CEATLTD,EMA Pullback / Bounce,0.5238095238095238,-3.1992,VALIDATION
2025-12-19,CEATLTD,VCP Volatility Contraction Breakout,0.6518518518518518,-3.2239,VALIDATION
2025-12-22,CEATLTD,VCP Volatility Contraction Breakout,0.64,-4.2095,VALIDATION
2025-12-23,CEATLTD,VCP Volatility Contraction Breakout,0.5709219858156028,-3.6271,VALIDATION
2025-12-23,CEATLTD,EMA Pullback / Bounce,0.5709219858156028,-3.6271,VALIDATION
2025-12-24,CEATLTD,VCP Volatility Contraction Breakout,0.2951388888888889,-0.6297,VALIDATION
2025-12-24,CEATLTD,EMA Pullback / Bounce,0.2951388888888889,-0.6297,VALIDATION
2025-12-26,CEATLTD,VCP Volatility Contraction Breakout,0.3295454545454545,-3.3491,VALIDATION
2025-12-26,CEATLTD,EMA Pullback / Bounce,0.3295454545454545,-3.3491,VALIDATION
2026-01-02,CEATLTD,VCP Volatility Contraction Breakout,0.283625730994152,-2.1588,VALIDATION
2026-01-02,CEATLTD,EMA Pullback / Bounce,0.283625730994152,-2.1588,VALIDATION
2026-01-08,CEATLTD,VCP Volatility Contraction Breakout,0.5,-2.6354,VALIDATION
2026-01-08,CEATLTD,EMA Pullback / Bounce,0.5,-2.6354,VALIDATION
2026-01-13,CEATLTD,VCP Volatility Contraction Breakout,0.3666666666666666,-4.029,VALIDATION
2026-01-13,CEATLTD,EMA Pullback / Bounce,0.3666666666666666,-4.029,VALIDATION
2026-01-14,CEATLTD,VCP Volatility Contraction Breakout,0.1666666666666666,-4.9514,VALIDATION
2026-01-14,CEATLTD,EMA Pullback / Bounce,0.1666666666666666,-4.9514,VALIDATION
2026-01-15,CEATLTD,VCP Volatility Contraction Breakout,0.2386363636363636,-2.1638,VALIDATION
2026-01-15,CEATLTD,EMA Pullback / Bounce,0.2386363636363636,-2.1638,VALIDATION
2026-01-19,CEATLTD,VCP Volatility Contraction Breakout,0.4166666666666667,-1.0026,VALIDATION
2025-11-20,CENTURYPLY,VCP Volatility Contraction Breakout,0.1151515151515151,4.6431,VALIDATION
2025-11-20,CENTURYPLY,EMA Pullback / Bounce,0.1151515151515151,4.6431,VALIDATION
2025-11-26,CENTURYPLY,Donchian Channel Breakout,0.5833333333333334,1.7055,VALIDATION
2025-11-26,CENTURYPLY,VCP Volatility Contraction Breakout,0.5833333333333334,1.7055,VALIDATION
2025-11-26,CENTURYPLY,RS Momentum Breakout,0.5833333333333334,1.7055,VALIDATION
2025-11-27,CENTURYPLY,VCP Volatility Contraction Breakout,0.5555555555555556,3.6146,VALIDATION
2025-11-28,CENTURYPLY,VCP Volatility Contraction Breakout,0.2810945273631841,5.0404,VALIDATION
2025-12-01,CENTURYPLY,VCP Volatility Contraction Breakout,0.3999999999999999,2.3963,VALIDATION
2025-12-02,CENTURYPLY,Donchian Channel Breakout,0.3255208333333333,1.4672,VALIDATION
2025-12-02,CENTURYPLY,VCP Volatility Contraction Breakout,0.3255208333333333,1.4672,VALIDATION
2025-12-03,CENTURYPLY,VCP Volatility Contraction Breakout,0.3095238095238095,4.4658,VALIDATION
2025-12-04,CENTURYPLY,VCP Volatility Contraction Breakout,0.2407407407407407,2.8219,VALIDATION
2025-12-04,CENTURYPLY,EMA Pullback / Bounce,0.2407407407407407,2.8219,VALIDATION
2025-12-05,CENTURYPLY,VCP Volatility Contraction Breakout,0.1909722222222222,2.574,VALIDATION
2025-12-05,CENTURYPLY,EMA Pullback / Bounce,0.1909722222222222,2.574,VALIDATION
2025-12-08,CENTURYPLY,VCP Volatility Contraction Breakout,0.2424242424242424,5.9046,VALIDATION
2025-12-08,CENTURYPLY,EMA Pullback / Bounce,0.2424242424242424,5.9046,VALIDATION
2025-12-09,CENTURYPLY,VCP Volatility Contraction Breakout,0.2268518518518518,4.6101,VALIDATION
2025-12-09,CENTURYPLY,EMA Pullback / Bounce,0.2268518518518518,4.6101,VALIDATION
2025-12-10,CENTURYPLY,Donchian Channel Breakout,0.6025641025641026,0.1208,VALIDATION
2025-12-10,CENTURYPLY,VCP Volatility Contraction Breakout,0.6025641025641026,0.1208,VALIDATION
2025-12-11,CENTURYPLY,Donchian Channel Breakout,0.6904761904761904,-1.2716,VALIDATION
2025-12-11,CENTURYPLY,VCP Volatility Contraction Breakout,0.6904761904761904,-1.2716,VALIDATION
2025-12-12,CENTURYPLY,Donchian Channel Breakout,0.6401515151515151,-2.1228,VALIDATION
2025-12-12,CENTURYPLY,VCP Volatility Contraction Breakout,0.6401515151515151,-2.1228,VALIDATION
2025-12-15,CENTURYPLY,VCP Volatility Contraction Breakout,0.3968253968253968,-2.4625,VALIDATION
2025-12-16,CENTURYPLY,VCP Volatility Contraction Breakout,0.2666666666666666,0.7047,VALIDATION
2025-12-17,CENTURYPLY,VCP Volatility Contraction Breakout,0.2991452991452991,-1.2726,VALIDATION
2025-12-18,CENTURYPLY,VCP Volatility Contraction Breakout,0.2136752136752137,0.9926,VALIDATION
2025-12-18,CENTURYPLY,EMA Pullback / Bounce,0.2136752136752137,0.9926,VALIDATION
2025-12-19,CENTURYPLY,VCP Volatility Contraction Breakout,0.1888888888888888,-1.7945,VALIDATION
2025-12-19,CENTURYPLY,EMA Pullback / Bounce,0.1888888888888888,-1.7945,VALIDATION
2025-12-22,CENTURYPLY,VCP Volatility Contraction Breakout,0.1866666666666666,-3.1094,VALIDATION
2025-12-23,CENTURYPLY,VCP Volatility Contraction Breakout,0.5319148936170213,-2.8463,VALIDATION
2025-12-24,CENTURYPLY,VCP Volatility Contraction Breakout,0.2395833333333333,-6.0378,VALIDATION
2025-12-24,CENTURYPLY,EMA Pullback / Bounce,0.2395833333333333,-6.0378,VALIDATION
2025-12-26,CENTURYPLY,VCP Volatility Contraction Breakout,0.2424242424242424,-6.1282,VALIDATION
2025-12-26,CENTURYPLY,EMA Pullback / Bounce,0.2424242424242424,-6.1282,VALIDATION
2025-12-29,CENTURYPLY,VCP Volatility Contraction Breakout,0.3373015873015872,-8.5482,VALIDATION
2025-12-29,CENTURYPLY,EMA Pullback / Bounce,0.3373015873015872,-8.5482,VALIDATION
2025-12-30,CENTURYPLY,EMA Pullback / Bounce,0.2777777777777777,-4.7829,VALIDATION
2025-12-31,CENTURYPLY,EMA Pullback / Bounce,0.1666666666666666,-7.5789,VALIDATION
2026-01-01,CENTURYPLY,VCP Volatility Contraction Breakout,0.1006944444444444,-9.9807,VALIDATION
2026-01-01,CENTURYPLY,EMA Pullback / Bounce,0.1006944444444444,-9.9807,VALIDATION
2026-01-02,CENTURYPLY,VCP Volatility Contraction Breakout,0.1257309941520467,-10.0,VALIDATION
2026-01-02,CENTURYPLY,EMA Pullback / Bounce,0.1257309941520467,-10.0,VALIDATION
2026-01-05,CENTURYPLY,VCP Volatility Contraction Breakout,0.1231884057971014,-11.4695,VALIDATION
2026-01-05,CENTURYPLY,EMA Pullback / Bounce,0.1231884057971014,-11.4695,VALIDATION
2026-01-06,CENTURYPLY,EMA Pullback / Bounce,0.0460992907801418,-8.3867,VALIDATION
2026-02-02,CENTURYPLY,RS Momentum Breakout,0.611111111111111,-7.5103,VALIDATION
2026-02-03,CENTURYPLY,Donchian Channel Breakout,0.4537037037037037,-8.8205,VALIDATION
2026-02-03,CENTURYPLY,RS Momentum Breakout,0.4537037037037037,-8.8205,VALIDATION
2025-11-21,3MINDIA,True Connors RSI Mean Reversion,0.4874213836477987,-3.7512,VALIDATION
2025-11-24,3MINDIA,True Connors RSI Mean Reversion,0.4795918367346938,-0.5271,VALIDATION
2025-11-25,3MINDIA,True Connors RSI Mean Reversion,0.5196078431372548,-2.2805,VALIDATION
2025-12-01,3MINDIA,True Connors RSI Mean Reversion,0.2611111111111111,2.1542,VALIDATION
2025-12-02,3MINDIA,True Connors RSI Mean Reversion,0.2604166666666667,1.7842,VALIDATION
2025-12-05,3MINDIA,True Connors RSI Mean Reversion,0.15625,2.1828,VALIDATION
2025-12-17,3MINDIA,True Connors RSI Mean Reversion,0.5384615384615384,1.9974,VALIDATION
2025-12-18,3MINDIA,True Connors RSI Mean Reversion,0.4444444444444444,3.2691,VALIDATION
2025-12-19,3MINDIA,True Connors RSI Mean Reversion,0.4518518518518519,3.0737,VALIDATION
2025-12-24,3MINDIA,True Connors RSI Mean Reversion,0.3576388888888889,0.1438,VALIDATION
2025-12-29,3MINDIA,True Connors RSI Mean Reversion,0.2341269841269841,0.9712,VALIDATION
2026-01-06,3MINDIA,True Connors RSI Mean Reversion,0.4078014184397163,-2.6361,VALIDATION
2026-01-07,3MINDIA,True Connors RSI Mean Reversion,0.3598484848484848,-2.7957,VALIDATION
2026-01-08,3MINDIA,True Connors RSI Mean Reversion,0.2984496124031007,-2.7299,VALIDATION
2025-10-16,ABCAPITAL,True Connors RSI Mean Reversion,0.3611111111111111,8.0667,VALIDATION
2025-10-17,ABCAPITAL,True Connors RSI Mean Reversion,0.4183006535947712,11.0465,VALIDATION
2025-10-21,ABCAPITAL,True Connors RSI Mean Reversion,0.3805555555555555,7.2471,VALIDATION
2025-10-24,ABCAPITAL,True Connors RSI Mean Reversion,0.5059523809523809,8.9499,VALIDATION
2025-10-29,ABCAPITAL,True Connors RSI Mean Reversion,0.7424242424242423,6.7568,VALIDATION
2025-10-31,ABCAPITAL,True Connors RSI Mean Reversion,0.9043715846994536,2.8098,VALIDATION
2025-11-04,ABCAPITAL,True Connors RSI Mean Reversion,0.6955128205128206,-0.1208,VALIDATION
2025-11-06,ABCAPITAL,True Connors RSI Mean Reversion,0.608843537414966,1.1415,VALIDATION
2025-11-10,ABCAPITAL,True Connors RSI Mean Reversion,0.5034722222222222,-0.3154,VALIDATION
2025-11-11,ABCAPITAL,True Connors RSI Mean Reversion,0.4166666666666667,4.8884,VALIDATION
2025-11-12,ABCAPITAL,True Connors RSI Mean Reversion,0.3696969696969697,6.6463,VALIDATION
2025-11-14,ABCAPITAL,True Connors RSI Mean Reversion,0.4366666666666667,7.6842,VALIDATION
2025-11-18,ABCAPITAL,True Connors RSI Mean Reversion,0.3979591836734693,6.896,VALIDATION
2025-11-19,ABCAPITAL,True Connors RSI Mean Reversion,0.2901234567901234,5.4376,VALIDATION
2025-11-20,ABCAPITAL,True Connors RSI Mean Reversion,0.303030303030303,6.8502,VALIDATION
2025-11-21,ABCAPITAL,True Connors RSI Mean Reversion,0.3113207547169812,10.1643,VALIDATION
2025-12-01,ABCAPITAL,True Connors RSI Mean Reversion,0.8555555555555555,-1.2075,VALIDATION
2025-12-02,ABCAPITAL,True Connors RSI Mean Reversion,0.7135416666666666,-2.2331,VALIDATION
2025-12-03,ABCAPITAL,True Connors RSI Mean Reversion,0.7142857142857143,-0.6873,VALIDATION
2025-12-04,ABCAPITAL,True Connors RSI Mean Reversion,0.6018518518518519,-1.474,VALIDATION
2025-12-08,ABCAPITAL,True Connors RSI Mean Reversion,0.888888888888889,-2.9717,VALIDATION
2025-12-10,ABCAPITAL,True Connors RSI Mean Reversion,0.8333333333333334,-3.9004,VALIDATION
2025-12-11,ABCAPITAL,True Connors RSI Mean Reversion,0.8523809523809524,-2.3422,VALIDATION
2025-12-15,ABCAPITAL,True Connors RSI Mean Reversion,0.6785714285714285,-0.9078,VALIDATION
2025-12-16,ABCAPITAL,True Connors RSI Mean Reversion,0.6291666666666668,2.5222,VALIDATION
2025-12-17,ABCAPITAL,True Connors RSI Mean Reversion,0.5854700854700855,4.0385,VALIDATION
2025-12-18,ABCAPITAL,True Connors RSI Mean Reversion,0.5555555555555556,4.5737,VALIDATION
2025-12-22,ABCAPITAL,True Connors RSI Mean Reversion,0.5233333333333333,3.6351,VALIDATION
2025-12-29,ABCAPITAL,True Connors RSI Mean Reversion,0.5714285714285715,2.4513,VALIDATION
2025-12-30,ABCAPITAL,True Connors RSI Mean Reversion,0.6923076923076924,0.0,VALIDATION
2026-01-02,ABCAPITAL,True Connors RSI Mean Reversion,0.391812865497076,-0.0138,VALIDATION
2026-01-06,ABCAPITAL,True Connors RSI Mean Reversion,0.3475177304964539,-1.4696,VALIDATION
2026-01-08,ABCAPITAL,True Connors RSI Mean Reversion,0.5813953488372093,-0.7003,VALIDATION
2026-01-09,ABCAPITAL,True Connors RSI Mean Reversion,0.3838383838383838,-1.1522,VALIDATION
2026-01-12,ABCAPITAL,True Connors RSI Mean Reversion,0.40625,-2.2415,VALIDATION
2026-01-13,ABCAPITAL,True Connors RSI Mean Reversion,0.319047619047619,-0.7127,VALIDATION
2026-01-15,ABCAPITAL,True Connors RSI Mean Reversion,0.5643939393939394,-5.6111,VALIDATION
2026-01-19,ABCAPITAL,True Connors RSI Mean Reversion,0.5476190476190476,-4.334,VALIDATION
2026-01-20,ABCAPITAL,True Connors RSI Mean Reversion,0.4385964912280702,-2.2561,VALIDATION
2026-01-27,ABCAPITAL,True Connors RSI Mean Reversion,0.2604166666666667,1.5065,VALIDATION
2026-01-28,ABCAPITAL,True Connors RSI Mean Reversion,0.4206349206349206,-0.9495,VALIDATION
2025-10-17,ADANIENSOL,True Connors RSI Mean Reversion,0.6437908496732025,6.9696,VALIDATION
2025-10-28,ADANIENSOL,True Connors RSI Mean Reversion,0.4506172839506173,7.9575,VALIDATION
2025-11-06,ADANIENSOL,True Connors RSI Mean Reversion,0.5408163265306123,2.7667,VALIDATION
2025-11-07,ADANIENSOL,True Connors RSI Mean Reversion,0.4609929078014185,0.958,VALIDATION
2025-11-10,ADANIENSOL,True Connors RSI Mean Reversion,0.3229166666666667,1.0415,VALIDATION
2025-11-20,ADANIENSOL,True Connors RSI Mean Reversion,0.4333333333333333,-2.1795,VALIDATION
2025-11-21,ADANIENSOL,True Connors RSI Mean Reversion,0.3333333333333333,-0.0153,VALIDATION
2025-11-24,ADANIENSOL,True Connors RSI Mean Reversion,0.3095238095238095,-0.9794,VALIDATION
2025-12-02,ADANIENSOL,True Connors RSI Mean Reversion,0.5989583333333334,1.7759,VALIDATION
2025-12-03,ADANIENSOL,True Connors RSI Mean Reversion,0.4017857142857142,0.7783,VALIDATION
2025-12-17,ADANIENSOL,True Connors RSI Mean Reversion,0.4401709401709401,7.0486,VALIDATION
2025-12-18,ADANIENSOL,True Connors RSI Mean Reversion,0.4743589743589743,8.2361,VALIDATION
2025-10-23,AEGISLOG,True Connors RSI Mean Reversion,0.1695906432748538,-4.6584,VALIDATION
2025-10-29,AEGISLOG,True Connors RSI Mean Reversion,0.1136363636363636,1.4937,VALIDATION
2025-11-19,AEGISLOG,True Connors RSI Mean Reversion,0.1851851851851852,-2.4845,VALIDATION
2025-12-05,AETHER,True Connors RSI Mean Reversion,0.2465277777777777,-0.8225,VALIDATION
2025-12-18,AETHER,True Connors RSI Mean Reversion,0.2264957264957265,12.6611,VALIDATION
2026-01-19,AETHER,True Connors RSI Mean Reversion,0.613095238095238,2.7248,VALIDATION
2026-01-20,AETHER,True Connors RSI Mean Reversion,0.6228070175438597,6.8731,VALIDATION
2026-01-21,AETHER,True Connors RSI Mean Reversion,0.6354166666666666,4.8205,VALIDATION
2025-12-05,AIAENG,True Connors RSI Mean Reversion,0.4618055555555556,0.5153,VALIDATION
2026-01-09,AJANTPHARM,True Connors RSI Mean Reversion,0.3282828282828282,-2.1682,VALIDATION
2026-01-12,AJANTPHARM,True Connors RSI Mean Reversion,0.171875,-0.7195,VALIDATION
2025-10-16,ALKEM,True Connors RSI Mean Reversion,0.6481481481481481,-0.4789,VALIDATION
2025-10-21,ALKEM,True Connors RSI Mean Reversion,0.3944444444444444,1.2196,VALIDATION
2025-10-23,ALKEM,True Connors RSI Mean Reversion,0.3625730994152047,1.7867,VALIDATION
2025-11-24,ALKEM,True Connors RSI Mean Reversion,0.3775510204081633,-0.2849,VALIDATION
2025-12-01,ALKEM,True Connors RSI Mean Reversion,0.1027777777777777,0.0089,VALIDATION
2025-12-08,ALKEM,True Connors RSI Mean Reversion,0.3181818181818182,0.9695,VALIDATION
2025-12-10,ALKEM,True Connors RSI Mean Reversion,0.1239316239316239,-0.3224,VALIDATION
2026-01-08,ALKEM,True Connors RSI Mean Reversion,0.616279069767442,-0.4329,VALIDATION
2026-01-14,ALKEM,True Connors RSI Mean Reversion,0.5270270270270271,-2.7159,VALIDATION
2026-01-19,ALKEM,True Connors RSI Mean Reversion,0.369047619047619,-0.7398,VALIDATION
2026-01-20,ALKEM,True Connors RSI Mean Reversion,0.4210526315789473,-0.4753,VALIDATION
2026-01-21,ALKEM,True Connors RSI Mean Reversion,0.1770833333333333,-0.3169,VALIDATION
2026-01-23,ALKEM,True Connors RSI Mean Reversion,0.3166666666666666,-1.0667,VALIDATION
2026-01-28,ALKEM,True Connors RSI Mean Reversion,0.5,2.4348,VALIDATION
2026-01-29,ALKEM,True Connors RSI Mean Reversion,0.2254901960784313,3.1722,VALIDATION
2026-01-30,ALKEM,True Connors RSI Mean Reversion,0.287037037037037,-3.8016,VALIDATION
2025-11-28,ANGELONE,True Connors RSI Mean Reversion,0.5522388059701493,-4.1971,VALIDATION
2025-12-03,ANGELONE,True Connors RSI Mean Reversion,0.5416666666666666,-5.8527,VALIDATION
2025-12-04,ANURAS,True Connors RSI Mean Reversion,0.7191358024691358,5.5058,VALIDATION
2025-12-08,ANURAS,True Connors RSI Mean Reversion,0.5050505050505051,8.6478,VALIDATION
2025-12-11,ANURAS,True Connors RSI Mean Reversion,0.6714285714285714,2.786,VALIDATION
2025-12-24,ANURAS,True Connors RSI Mean Reversion,0.8159722222222223,-0.6997,VALIDATION
2025-12-26,ANURAS,True Connors RSI Mean Reversion,0.8219696969696969,-0.8404,VALIDATION
2025-12-29,ANURAS,True Connors RSI Mean Reversion,0.6150793650793651,0.2214,VALIDATION
2026-01-08,ANURAS,True Connors RSI Mean Reversion,0.5968992248062016,-5.7414,VALIDATION
2026-01-09,ANURAS,True Connors RSI Mean Reversion,0.6767676767676768,-6.0844,VALIDATION
2026-01-14,ANURAS,True Connors RSI Mean Reversion,0.5405405405405406,-7.8937,VALIDATION
2026-01-16,ANURAS,True Connors RSI Mean Reversion,0.375,-6.6023,VALIDATION
2026-01-19,ANURAS,True Connors RSI Mean Reversion,0.3452380952380952,-3.0797,VALIDATION
2025-10-17,APARINDS,True Connors RSI Mean Reversion,0.3169934640522875,-1.7319,VALIDATION
2025-10-20,APARINDS,True Connors RSI Mean Reversion,0.2150537634408602,-3.4728,VALIDATION
2025-10-30,APARINDS,True Connors RSI Mean Reversion,0.5258620689655172,-1.9139,VALIDATION
2025-10-31,APARINDS,True Connors RSI Mean Reversion,0.3469945355191257,6.3912,VALIDATION
2025-11-13,APARINDS,True Connors RSI Mean Reversion,0.1185897435897435,2.9899,VALIDATION
2025-11-20,APARINDS,True Connors RSI Mean Reversion,0.2696969696969697,-3.8158,VALIDATION
2025-11-21,APARINDS,True Connors RSI Mean Reversion,0.3113207547169811,-2.8812,VALIDATION
2025-11-24,APARINDS,True Connors RSI Mean Reversion,0.1496598639455782,-3.5487,VALIDATION
2025-11-25,APARINDS,True Connors RSI Mean Reversion,0.1339869281045751,-1.475,VALIDATION
2025-11-27,APARINDS,True Connors RSI Mean Reversion,0.3027777777777777,-2.7907,VALIDATION
2025-12-01,APARINDS,True Connors RSI Mean Reversion,0.3222222222222222,1.3999,VALIDATION
2025-12-02,APARINDS,True Connors RSI Mean Reversion,0.3567708333333333,0.2074,VALIDATION
2025-12-04,APARINDS,True Connors RSI Mean Reversion,0.2438271604938271,-3.1174,VALIDATION
2025-12-10,APARINDS,True Connors RSI Mean Reversion,0.3461538461538461,-0.9291,VALIDATION
2025-12-16,APARINDS,True Connors RSI Mean Reversion,0.45,-6.7636,VALIDATION
2025-10-15,APLAPOLLO,True Connors RSI Mean Reversion,0.2993197278911565,2.24,VALIDATION
2025-10-16,APLAPOLLO,True Connors RSI Mean Reversion,0.4074074074074074,3.7949,VALIDATION
2025-10-20,APLAPOLLO,True Connors RSI Mean Reversion,0.3387096774193548,1.954,VALIDATION
2025-10-30,APLAPOLLO,True Connors RSI Mean Reversion,0.7988505747126436,-1.2544,VALIDATION
2025-10-31,APLAPOLLO,True Connors RSI Mean Reversion,0.7049180327868853,-1.129,VALIDATION
2025-11-03,APLAPOLLO,True Connors RSI Mean Reversion,0.6904761904761904,-2.0111,VALIDATION
2025-11-04,APLAPOLLO,True Connors RSI Mean Reversion,0.4391025641025641,-3.812,VALIDATION
2025-11-06,APLAPOLLO,True Connors RSI Mean Reversion,0.608843537414966,-3.3034,VALIDATION
2025-11-10,APLAPOLLO,True Connors RSI Mean Reversion,0.4861111111111111,-4.6079,VALIDATION
2025-11-11,APLAPOLLO,True Connors RSI Mean Reversion,0.2533333333333333,-6.0048,VALIDATION
2025-11-13,APLAPOLLO,True Connors RSI Mean Reversion,0.25,-1.9276,VALIDATION
2025-11-14,APLAPOLLO,True Connors RSI Mean Reversion,0.1733333333333333,-2.518,VALIDATION
2025-11-18,APLAPOLLO,True Connors RSI Mean Reversion,0.1496598639455782,-1.106,VALIDATION
2026-01-09,APLAPOLLO,True Connors RSI Mean Reversion,0.3636363636363636,5.831,VALIDATION
2026-01-20,APLAPOLLO,True Connors RSI Mean Reversion,0.4210526315789473,14.1312,VALIDATION
2026-01-21,APLAPOLLO,True Connors RSI Mean Reversion,0.4270833333333333,14.9079,VALIDATION
2025-10-24,APOLLOHOSP,True Connors RSI Mean Reversion,0.4166666666666667,-3.9298,VALIDATION
2025-10-29,APOLLOHOSP,True Connors RSI Mean Reversion,0.2828282828282828,-4.2037,VALIDATION
2025-10-30,APOLLOHOSP,True Connors RSI Mean Reversion,0.2528735632183908,-5.2662,VALIDATION
2025-11-06,APOLLOHOSP,True Connors RSI Mean Reversion,0.2891156462585034,-4.6989,VALIDATION
2025-10-17,APOLLOTYRE,True Connors RSI Mean Reversion,0.6143790849673202,3.2529,VALIDATION
2025-10-24,APOLLOTYRE,True Connors RSI Mean Reversion,0.5446428571428571,4.4,VALIDATION
2025-10-30,APOLLOTYRE,True Connors RSI Mean Reversion,0.4511494252873563,2.4593,VALIDATION
2025-10-31,APOLLOTYRE,True Connors RSI Mean Reversion,0.3333333333333333,2.7897,VALIDATION
2025-11-21,APOLLOTYRE,True Connors RSI Mean Reversion,0.1163522012578616,1.8656,VALIDATION
2025-11-27,APOLLOTYRE,True Connors RSI Mean Reversion,0.1416666666666666,-0.9441,VALIDATION
2025-11-28,APOLLOTYRE,True Connors RSI Mean Reversion,0.1666666666666666,-1.4207,VALIDATION
2025-12-05,APOLLOTYRE,True Connors RSI Mean Reversion,0.40625,-3.244,VALIDATION
2025-12-08,APOLLOTYRE,True Connors RSI Mean Reversion,0.409090909090909,-2.0371,VALIDATION
2025-12-11,APOLLOTYRE,True Connors RSI Mean Reversion,0.1666666666666666,-1.7769,VALIDATION
2025-10-28,ASAHIINDIA,True Connors RSI Mean Reversion,0.3364197530864197,3.3635,VALIDATION
2025-10-31,ASAHIINDIA,True Connors RSI Mean Reversion,0.360655737704918,7.655,VALIDATION
2025-11-06,ASAHIINDIA,True Connors RSI Mean Reversion,0.5238095238095238,9.006,VALIDATION
2025-11-26,ASAHIINDIA,True Connors RSI Mean Reversion,0.3993055555555555,-3.5647,VALIDATION
2025-11-27,ASAHIINDIA,True Connors RSI Mean Reversion,0.3277777777777778,-2.5561,VALIDATION
2025-11-28,ASAHIINDIA,True Connors RSI Mean Reversion,0.3383084577114428,-3.3754,VALIDATION
2025-12-08,ASAHIINDIA,True Connors RSI Mean Reversion,0.4696969696969696,-1.9839,VALIDATION
2025-12-09,ASAHIINDIA,True Connors RSI Mean Reversion,0.375,-1.37,VALIDATION
2025-12-11,ASAHIINDIA,True Connors RSI Mean Reversion,0.2761904761904761,-0.5395,VALIDATION
2025-12-12,ASAHIINDIA,True Connors RSI Mean Reversion,0.2613636363636364,-3.5328,VALIDATION
2025-12-17,ASAHIINDIA,True Connors RSI Mean Reversion,0.1752136752136752,-0.5285,VALIDATION
2025-12-22,ASAHIINDIA,True Connors RSI Mean Reversion,0.32,-4.558,VALIDATION
2025-12-31,ASAHIINDIA,True Connors RSI Mean Reversion,0.4484126984126984,-5.6052,VALIDATION
2026-01-01,ASAHIINDIA,True Connors RSI Mean Reversion,0.1979166666666666,-4.7548,VALIDATION
2026-01-02,ASAHIINDIA,True Connors RSI Mean Reversion,0.1491228070175438,-4.5157,VALIDATION
2026-01-28,ASAHIINDIA,True Connors RSI Mean Reversion,0.2301587301587301,1.1983,VALIDATION
2025-10-15,ASHOKLEY,True Connors RSI Mean Reversion,0.2653061224489796,3.5226,VALIDATION
2025-10-20,ASHOKLEY,True Connors RSI Mean Reversion,0.271505376344086,2.8111,VALIDATION
2025-10-24,ASHOKLEY,True Connors RSI Mean Reversion,0.2529761904761904,4.2192,VALIDATION
2025-10-29,ASHOKLEY,True Connors RSI Mean Reversion,0.4545454545454546,7.5125,VALIDATION
2025-11-03,ASHOKLEY,True Connors RSI Mean Reversion,0.5059523809523809,6.2951,VALIDATION
2025-11-12,ASHOKLEY,True Connors RSI Mean Reversion,0.5666666666666667,3.5208,VALIDATION
2025-11-21,ASHOKLEY,True Connors RSI Mean Reversion,0.380503144654088,11.0912,VALIDATION
2025-11-24,ASHOKLEY,True Connors RSI Mean Reversion,0.4761904761904761,10.1598,VALIDATION
2025-12-24,ASIANPAINT,True Connors RSI Mean Reversion,0.2743055555555556,0.0539,VALIDATION
2025-12-30,ASIANPAINT,True Connors RSI Mean Reversion,0.4230769230769231,4.7659,VALIDATION
2026-01-01,ASIANPAINT,True Connors RSI Mean Reversion,0.1701388888888888,2.1083,VALIDATION
2026-01-07,ASIANPAINT,True Connors RSI Mean Reversion,0.2878787878787879,-4.7907,VALIDATION
2026-01-08,ASIANPAINT,True Connors RSI Mean Reversion,0.3100775193798449,-3.0861,VALIDATION
2026-01-14,ASIANPAINT,True Connors RSI Mean Reversion,0.4279279279279279,-14.1405,VALIDATION
2025-10-16,AUBANK,True Connors RSI Mean Reversion,0.5895061728395061,10.1512,VALIDATION
2025-10-17,AUBANK,True Connors RSI Mean Reversion,0.6372549019607843,5.9841,VALIDATION
2025-10-24,AUBANK,True Connors RSI Mean Reversion,0.675595238095238,6.3488,VALIDATION
2025-10-30,AUBANK,True Connors RSI Mean Reversion,0.7126436781609194,1.4062,VALIDATION
2025-10-31,AUBANK,True Connors RSI Mean Reversion,0.592896174863388,4.0707,VALIDATION
2025-11-03,AUBANK,True Connors RSI Mean Reversion,0.5357142857142857,6.1365,VALIDATION
2025-11-11,AUBANK,True Connors RSI Mean Reversion,0.44,5.1925,VALIDATION
2025-11-12,AUBANK,True Connors RSI Mean Reversion,0.3636363636363636,8.1963,VALIDATION
2025-11-13,AUBANK,True Connors RSI Mean Reversion,0.4198717948717949,6.9018,VALIDATION
2025-11-20,AUBANK,True Connors RSI Mean Reversion,0.5272727272727272,3.3497,VALIDATION
2025-11-21,AUBANK,True Connors RSI Mean Reversion,0.7358490566037736,4.9544,VALIDATION
2025-11-27,AUBANK,True Connors RSI Mean Reversion,0.7333333333333334,2.529,VALIDATION
2025-12-03,AUBANK,True Connors RSI Mean Reversion,0.8333333333333334,4.352,VALIDATION
2025-12-08,AUBANK,True Connors RSI Mean Reversion,0.787878787878788,3.6209,VALIDATION
2025-12-12,AUBANK,True Connors RSI Mean Reversion,0.8333333333333334,2.2435,VALIDATION
2025-12-23,AUBANK,True Connors RSI Mean Reversion,0.7163120567375887,1.9848,VALIDATION
2025-12-24,AUBANK,True Connors RSI Mean Reversion,0.8194444444444443,1.8531,VALIDATION
2026-01-08,AUBANK,True Connors RSI Mean Reversion,0.5503875968992248,0.7603,VALIDATION
2025-12-24,AUROPHARMA,True Connors RSI Mean Reversion,0.2847222222222222,-0.6262,VALIDATION
2025-12-26,AUROPHARMA,True Connors RSI Mean Reversion,0.3484848484848484,-0.6218,VALIDATION
2025-12-29,AUROPHARMA,True Connors RSI Mean Reversion,0.5079365079365079,-2.421,VALIDATION
2025-12-30,AUROPHARMA,True Connors RSI Mean Reversion,0.2435897435897436,-1.4599,VALIDATION
2025-12-31,AUROPHARMA,True Connors RSI Mean Reversion,0.2579365079365079,-0.8319,VALIDATION
2025-12-09,AVANTIFEED,True Connors RSI Mean Reversion,0.3842592592592592,7.2466,VALIDATION
2025-10-15,AXISBANK,True Connors RSI Mean Reversion,0.336734693877551,1.8251,VALIDATION
2025-10-24,AXISBANK,True Connors RSI Mean Reversion,0.5416666666666667,-2.1232,VALIDATION
2025-10-30,AXISBANK,True Connors RSI Mean Reversion,0.4540229885057471,-0.1126,VALIDATION
2025-10-31,AXISBANK,True Connors RSI Mean Reversion,0.4699453551912569,1.925,VALIDATION
2025-11-04,AXISBANK,True Connors RSI Mean Reversion,0.3397435897435897,3.7061,VALIDATION
2025-11-07,AXISBANK,True Connors RSI Mean Reversion,0.301418439716312,4.4026,VALIDATION
2025-11-10,AXISBANK,True Connors RSI Mean Reversion,0.2222222222222222,4.1786,VALIDATION
2025-11-12,AXISBANK,True Connors RSI Mean Reversion,0.2666666666666666,5.8409,VALIDATION
2025-11-25,AXISBANK,True Connors RSI Mean Reversion,0.6601307189542484,0.3145,VALIDATION
2025-12-02,AXISBANK,True Connors RSI Mean Reversion,0.5833333333333334,-2.8207,VALIDATION
2025-10-29,BAJAJFINSV,True Connors RSI Mean Reversion,0.3611111111111111,-3.9159,VALIDATION
2025-10-30,BAJAJFINSV,True Connors RSI Mean Reversion,0.3160919540229885,-2.3262,VALIDATION
2025-10-31,BAJAJFINSV,True Connors RSI Mean Reversion,0.2513661202185792,-0.3068,VALIDATION
2025-11-03,BAJAJFINSV,True Connors RSI Mean Reversion,0.1934523809523809,-1.7633,VALIDATION
2025-11-04,BAJAJFINSV,True Connors RSI Mean Reversion,0.2083333333333333,-1.3853,VALIDATION
2025-11-06,BAJAJFINSV,True Connors RSI Mean Reversion,0.3197278911564625,1.7282,VALIDATION
2025-12-01,BAJAJFINSV,True Connors RSI Mean Reversion,0.2055555555555555,0.0193,VALIDATION
2025-12-02,BAJAJFINSV,True Connors RSI Mean Reversion,0.1796875,-1.486,VALIDATION
2025-12-10,BAJAJFINSV,True Connors RSI Mean Reversion,0.3205128205128205,-2.1298,VALIDATION
2025-12-15,BAJAJFINSV,True Connors RSI Mean Reversion,0.2777777777777778,-1.9215,VALIDATION
2025-10-27,BAJAJHLDNG,True Connors RSI Mean Reversion,0.279874213836478,-6.153,VALIDATION
2025-10-28,BAJFINANCE,True Connors RSI Mean Reversion,0.7098765432098766,-5.4851,VALIDATION
2025-10-29,BAJFINANCE,True Connors RSI Mean Reversion,0.5883838383838383,-5.4186,VALIDATION
2025-10-30,BAJFINANCE,True Connors RSI Mean Reversion,0.4885057471264367,-3.1844,VALIDATION
2025-10-31,BAJFINANCE,True Connors RSI Mean Reversion,0.4754098360655738,-0.9836,VALIDATION
2025-11-06,BAJFINANCE,True Connors RSI Mean Reversion,0.4625850340136054,-1.001,VALIDATION
2025-12-01,BAJFINANCE,True Connors RSI Mean Reversion,0.4527777777777778,-0.1774,VALIDATION
2025-12-03,BAJFINANCE,True Connors RSI Mean Reversion,0.3154761904761904,-1.8075,VALIDATION
2025-10-16,BANKBARODA,True Connors RSI Mean Reversion,0.5493827160493826,4.6027,VALIDATION
2025-10-17,BANKBARODA,True Connors RSI Mean Reversion,0.5065359477124183,9.5561,VALIDATION
2025-10-23,BANKBARODA,True Connors RSI Mean Reversion,0.476608187134503,8.299,VALIDATION
2025-10-24,BANKBARODA,True Connors RSI Mean Reversion,0.5178571428571429,7.7528,VALIDATION
2025-10-30,BANKBARODA,True Connors RSI Mean Reversion,0.6149425287356322,4.7297,VALIDATION
2025-11-12,BANKBARODA,True Connors RSI Mean Reversion,0.4878787878787878,1.264,VALIDATION
2025-11-13,BANKBARODA,True Connors RSI Mean Reversion,0.3717948717948718,2.3463,VALIDATION
2025-11-21,BANKBARODA,True Connors RSI Mean Reversion,0.4559748427672956,2.9738,VALIDATION
2025-11-24,BANKBARODA,True Connors RSI Mean Reversion,0.4251700680272108,1.2245,VALIDATION
2025-12-03,BANKBARODA,True Connors RSI Mean Reversion,0.5863095238095237,0.5594,VALIDATION
2025-12-08,BANKBARODA,True Connors RSI Mean Reversion,0.5404040404040403,3.942,VALIDATION
2025-12-10,BANKBARODA,True Connors RSI Mean Reversion,0.576923076923077,0.9205,VALIDATION
2025-12-11,BANKBARODA,True Connors RSI Mean Reversion,0.6047619047619047,1.0165,VALIDATION
2025-12-12,BANKBARODA,True Connors RSI Mean Reversion,0.5303030303030303,1.3747,VALIDATION
2025-12-16,BANKBARODA,True Connors RSI Mean Reversion,0.4125,4.8547,VALIDATION
2025-12-26,BANKBARODA,True Connors RSI Mean Reversion,0.303030303030303,4.3924,VALIDATION
2025-12-29,BANKBARODA,True Connors RSI Mean Reversion,0.4563492063492063,5.5721,VALIDATION
2026-01-21,BANKBARODA,True Connors RSI Mean Reversion,0.4895833333333333,-3.8086,VALIDATION
2025-10-16,BANKINDIA,True Connors RSI Mean Reversion,0.3672839506172839,11.5293,VALIDATION
2025-10-17,BANKINDIA,True Connors RSI Mean Reversion,0.3725490196078431,14.1515,VALIDATION
2025-10-24,BANKINDIA,True Connors RSI Mean Reversion,0.7946428571428571,8.7562,VALIDATION
2025-12-24,BANKINDIA,True Connors RSI Mean Reversion,0.3645833333333333,4.95,VALIDATION
2025-12-26,BANKINDIA,True Connors RSI Mean Reversion,0.268939393939394,4.4716,VALIDATION
2026-01-08,BANKINDIA,True Connors RSI Mean Reversion,0.4728682170542635,13.5973,VALIDATION
2026-01-09,BANKINDIA,True Connors RSI Mean Reversion,0.4595959595959595,9.3568,VALIDATION
2026-01-12,BANKINDIA,True Connors RSI Mean Reversion,0.421875,11.0756,VALIDATION
2025-10-16,BEML,True Connors RSI Mean Reversion,0.3425925925925925,-0.7937,VALIDATION
2025-10-17,BEML,True Connors RSI Mean Reversion,0.3039215686274509,-1.2641,VALIDATION
2025-10-20,BEML,True Connors RSI Mean Reversion,0.1559139784946236,-1.3804,VALIDATION
2025-10-27,BEML,True Connors RSI Mean Reversion,0.270440251572327,-8.7596,VALIDATION
2025-10-28,BEML,True Connors RSI Mean Reversion,0.2067901234567901,-7.5805,VALIDATION
2025-10-29,BEML,True Connors RSI Mean Reversion,0.1994949494949495,-8.0972,VALIDATION
2025-10-31,BEML,True Connors RSI Mean Reversion,0.5136612021857924,-8.1947,VALIDATION
2025-11-03,BEML,True Connors RSI Mean Reversion,0.2142857142857142,-9.6895,VALIDATION
2025-11-04,BEML,True Connors RSI Mean Reversion,0.1314102564102564,-8.9795,VALIDATION
2025-10-20,BERGEPAINT,True Connors RSI Mean Reversion,0.2741935483870967,-0.4261,VALIDATION
2025-10-27,BERGEPAINT,True Connors RSI Mean Reversion,0.3018867924528302,1.0359,VALIDATION
2025-10-28,BERGEPAINT,True Connors RSI Mean Reversion,0.1512345679012345,3.0258,VALIDATION
2025-10-30,BERGEPAINT,True Connors RSI Mean Reversion,0.1551724137931034,6.6427,VALIDATION
2025-10-31,BERGEPAINT,True Connors RSI Mean Reversion,0.1857923497267759,6.8577,VALIDATION
2025-11-21,BERGEPAINT,True Connors RSI Mean Reversion,0.4874213836477987,-4.3306,VALIDATION
2025-11-24,BERGEPAINT,True Connors RSI Mean Reversion,0.4761904761904762,-7.53,VALIDATION
2025-11-25,BERGEPAINT,True Connors RSI Mean Reversion,0.3725490196078431,-5.2719,VALIDATION
2025-11-27,BERGEPAINT,True Connors RSI Mean Reversion,0.3777777777777777,-4.7241,VALIDATION
2025-11-28,BERGEPAINT,True Connors RSI Mean Reversion,0.1791044776119403,-4.2035,VALIDATION
2025-12-02,BERGEPAINT,True Connors RSI Mean Reversion,0.0963541666666666,-3.3986,VALIDATION
2025-12-03,BERGEPAINT,True Connors RSI Mean Reversion,0.1458333333333333,-3.4748,VALIDATION
2025-12-04,BERGEPAINT,True Connors RSI Mean Reversion,0.3487654320987654,-3.2034,VALIDATION
2025-11-21,BHARATFORG,True Connors RSI Mean Reversion,0.6540880503144654,-0.2978,VALIDATION
2025-12-02,BHARATFORG,True Connors RSI Mean Reversion,0.7083333333333334,0.1696,VALIDATION
2025-12-03,BHARATFORG,True Connors RSI Mean Reversion,0.6785714285714285,0.5907,VALIDATION
2025-12-04,BHARATFORG,True Connors RSI Mean Reversion,0.5555555555555555,0.9395,VALIDATION
2026-01-09,BHARATFORG,True Connors RSI Mean Reversion,0.4545454545454546,-1.1498,VALIDATION
2025-10-16,BHARTIARTL,True Connors RSI Mean Reversion,0.4938271604938271,4.0991,VALIDATION
2025-10-23,BHARTIARTL,True Connors RSI Mean Reversion,0.587719298245614,-0.3386,VALIDATION
2025-10-30,BHARTIARTL,True Connors RSI Mean Reversion,0.5545977011494253,2.1741,VALIDATION
2025-10-31,BHARTIARTL,True Connors RSI Mean Reversion,0.4699453551912569,2.7834,VALIDATION
2025-11-07,BHARTIARTL,True Connors RSI Mean Reversion,0.3794326241134751,8.406,VALIDATION
2025-11-20,BHARTIARTL,True Connors RSI Mean Reversion,0.5454545454545454,-2.1534,VALIDATION
2025-11-24,BHARTIARTL,True Connors RSI Mean Reversion,0.6122448979591836,-3.3719,VALIDATION
2025-11-26,BHARTIARTL,True Connors RSI Mean Reversion,0.4791666666666667,-3.0488,VALIDATION
2025-11-27,BHARTIARTL,True Connors RSI Mean Reversion,0.1888888888888888,-3.0595,VALIDATION
2025-11-28,BHARTIARTL,True Connors RSI Mean Reversion,0.308457711442786,-1.4801,VALIDATION
2025-12-01,BHARTIARTL,True Connors RSI Mean Reversion,0.1666666666666666,-0.9618,VALIDATION
2025-12-03,BHARTIARTL,True Connors RSI Mean Reversion,0.175595238095238,0.6301,VALIDATION
2025-12-08,BHARTIARTL,True Connors RSI Mean Reversion,0.207070707070707,2.9135,VALIDATION
2025-12-10,BHARTIARTL,True Connors RSI Mean Reversion,0.2094017094017094,2.7928,VALIDATION
2025-12-15,BHARTIARTL,True Connors RSI Mean Reversion,0.238095238095238,1.4347,VALIDATION
2025-12-18,BHARTIARTL,True Connors RSI Mean Reversion,0.2905982905982906,-0.3595,VALIDATION
2025-12-26,BHARTIARTL,True Connors RSI Mean Reversion,0.1515151515151515,-3.719,VALIDATION
2025-12-29,BHARTIARTL,True Connors RSI Mean Reversion,0.1547619047619047,-1.5888,VALIDATION
2026-01-02,BHARTIARTL,True Connors RSI Mean Reversion,0.2514619883040935,-4.0769,VALIDATION
2025-11-06,BHEL,True Connors RSI Mean Reversion,0.3843537414965987,10.562,VALIDATION
2025-11-20,BHEL,True Connors RSI Mean Reversion,0.703030303030303,-3.2456,VALIDATION
2025-11-21,BHEL,True Connors RSI Mean Reversion,0.5345911949685535,-1.5769,VALIDATION
2025-11-24,BHEL,True Connors RSI Mean Reversion,0.6054421768707483,-2.6354,VALIDATION
2025-12-02,BHEL,True Connors RSI Mean Reversion,0.6354166666666666,-2.3252,VALIDATION
2025-12-03,BHEL,True Connors RSI Mean Reversion,0.5178571428571429,-0.4122,VALIDATION
2025-12-04,BHEL,True Connors RSI Mean Reversion,0.5987654320987654,-0.29,VALIDATION
2025-12-17,BHEL,True Connors RSI Mean Reversion,0.4786324786324787,5.1407,VALIDATION
2025-12-18,BHEL,True Connors RSI Mean Reversion,0.3888888888888889,8.8893,VALIDATION
2025-10-24,BIOCON,True Connors RSI Mean Reversion,0.0595238095238095,6.2856,VALIDATION
2025-11-07,BIOCON,True Connors RSI Mean Reversion,0.3226950354609929,4.9868,VALIDATION
2025-11-20,BIOCON,True Connors RSI Mean Reversion,0.4333333333333333,-1.7954,VALIDATION
2025-11-24,BIOCON,True Connors RSI Mean Reversion,0.227891156462585,-2.8354,VALIDATION
2025-11-25,BIOCON,True Connors RSI Mean Reversion,0.2712418300653594,-2.664,VALIDATION
2025-11-28,BIOCON,True Connors RSI Mean Reversion,0.4129353233830845,-3.0124,VALIDATION
2025-12-01,BIOCON,True Connors RSI Mean Reversion,0.3611111111111111,-0.9759,VALIDATION
2025-12-05,BIOCON,True Connors RSI Mean Reversion,0.3715277777777778,0.8477,VALIDATION
2025-12-16,BIOCON,True Connors RSI Mean Reversion,0.1208333333333333,2.3117,VALIDATION
2025-12-17,BIOCON,True Connors RSI Mean Reversion,0.1538461538461538,-0.1931,VALIDATION
2025-12-24,BIOCON,True Connors RSI Mean Reversion,0.5347222222222222,-5.1092,VALIDATION
2025-12-26,BIOCON,True Connors RSI Mean Reversion,0.3333333333333333,-4.2261,VALIDATION
2025-12-29,BIOCON,True Connors RSI Mean Reversion,0.4404761904761905,-4.8862,VALIDATION
2025-12-30,BIOCON,True Connors RSI Mean Reversion,0.2393162393162393,-3.9949,VALIDATION
2026-01-01,BIOCON,True Connors RSI Mean Reversion,0.15625,-2.2566,VALIDATION
2025-11-03,BLUESTARCO,True Connors RSI Mean Reversion,0.1875,-7.0637,VALIDATION
2025-11-04,BLUESTARCO,True Connors RSI Mean Reversion,0.375,-7.1872,VALIDATION
2025-10-31,BORORENEW,True Connors RSI Mean Reversion,0.221311475409836,0.6998,VALIDATION
2025-10-23,BOSCHLTD,True Connors RSI Mean Reversion,0.1812865497076023,-6.073,VALIDATION
2026-01-05,BOSCHLTD,True Connors RSI Mean Reversion,0.6123188405797101,-5.6833,VALIDATION
2026-01-06,BOSCHLTD,True Connors RSI Mean Reversion,0.4574468085106383,-8.0749,VALIDATION
2026-01-08,BOSCHLTD,True Connors RSI Mean Reversion,0.4689922480620154,-7.2468,VALIDATION
2026-01-12,BOSCHLTD,True Connors RSI Mean Reversion,0.234375,-6.4512,VALIDATION
2026-01-13,BOSCHLTD,True Connors RSI Mean Reversion,0.2904761904761905,-4.5251,VALIDATION
2026-01-14,BOSCHLTD,True Connors RSI Mean Reversion,0.1756756756756756,-3.8446,VALIDATION
2026-01-15,BOSCHLTD,True Connors RSI Mean Reversion,0.2613636363636363,-2.3784,VALIDATION
2025-10-15,BSE,True Connors RSI Mean Reversion,0.3401360544217687,-1.0531,VALIDATION
2025-10-17,BSE,True Connors RSI Mean Reversion,0.5065359477124184,1.8017,VALIDATION
2025-10-21,BSE,True Connors RSI Mean Reversion,0.4583333333333333,-1.7407,VALIDATION
2025-10-23,BSE,True Connors RSI Mean Reversion,0.4005847953216374,7.4371,VALIDATION
2025-10-24,BSE,True Connors RSI Mean Reversion,0.3125,5.7395,VALIDATION
2025-10-28,BSE,True Connors RSI Mean Reversion,0.3333333333333333,14.4542,VALIDATION
2025-10-29,BSE,True Connors RSI Mean Reversion,0.2601010101010101,12.2489,VALIDATION
2025-10-30,BSE,True Connors RSI Mean Reversion,0.1954022988505747,15.6956,VALIDATION
2025-10-31,BSE,True Connors RSI Mean Reversion,0.4781420765027322,12.9731,VALIDATION
2025-11-04,BSE,True Connors RSI Mean Reversion,0.2275641025641025,16.1643,VALIDATION
2025-11-06,BSE,True Connors RSI Mean Reversion,0.1904761904761904,18.1837,VALIDATION
2025-11-10,BSE,True Connors RSI Mean Reversion,0.4444444444444445,6.2083,VALIDATION
2025-11-21,BSE,True Connors RSI Mean Reversion,0.5723270440251573,-1.7138,VALIDATION
2025-11-24,BSE,True Connors RSI Mean Reversion,0.5238095238095238,-0.1142,VALIDATION
2025-12-01,BSE,True Connors RSI Mean Reversion,0.7000000000000001,-8.1837,VALIDATION
2025-12-02,BSE,True Connors RSI Mean Reversion,0.5677083333333334,-8.243,VALIDATION
2025-12-03,BSE,True Connors RSI Mean Reversion,0.4226190476190476,-4.4566,VALIDATION
2026-01-08,BSE,True Connors RSI Mean Reversion,0.5193798449612403,1.0672,VALIDATION
2026-01-09,BSE,True Connors RSI Mean Reversion,0.3383838383838384,-0.5407,VALIDATION
2026-01-19,BSE,True Connors RSI Mean Reversion,0.2797619047619048,4.7145,VALIDATION
2025-10-16,CANBK,True Connors RSI Mean Reversion,0.6049382716049383,7.5528,VALIDATION
2025-10-17,CANBK,True Connors RSI Mean Reversion,0.5196078431372548,10.6181,VALIDATION
2025-10-21,CANBK,True Connors RSI Mean Reversion,0.6499999999999999,9.1223,VALIDATION
2025-10-23,CANBK,True Connors RSI Mean Reversion,0.6257309941520468,11.2016,VALIDATION
2025-10-24,CANBK,True Connors RSI Mean Reversion,0.494047619047619,11.7148,VALIDATION
2025-10-29,CANBK,True Connors RSI Mean Reversion,0.6868686868686869,11.2016,VALIDATION
2025-11-21,CANBK,True Connors RSI Mean Reversion,0.669811320754717,1.8082,VALIDATION
2025-12-03,CANBK,True Connors RSI Mean Reversion,0.7589285714285715,2.8272,VALIDATION
2025-12-10,CANBK,True Connors RSI Mean Reversion,0.7393162393162394,2.7248,VALIDATION
2026-01-07,CANBK,True Connors RSI Mean Reversion,0.4431818181818182,-1.5606,VALIDATION
2026-01-08,CANBK,True Connors RSI Mean Reversion,0.4069767441860465,2.8457,VALIDATION
2026-01-21,CANBK,True Connors RSI Mean Reversion,0.5729166666666666,-2.4408,VALIDATION
2025-10-17,CANFINHOME,True Connors RSI Mean Reversion,0.2483660130718954,5.5613,VALIDATION
2025-10-24,CANFINHOME,True Connors RSI Mean Reversion,0.6488095238095238,3.2916,VALIDATION
2025-10-31,CANFINHOME,True Connors RSI Mean Reversion,0.6830601092896175,3.041,VALIDATION
2025-11-03,CANFINHOME,True Connors RSI Mean Reversion,0.4761904761904762,5.1789,VALIDATION
2025-11-04,CANFINHOME,True Connors RSI Mean Reversion,0.4807692307692308,3.331,VALIDATION
2025-11-12,CANFINHOME,True Connors RSI Mean Reversion,0.4666666666666666,0.6675,VALIDATION
2025-11-13,CANFINHOME,True Connors RSI Mean Reversion,0.4198717948717949,2.9533,VALIDATION
2025-11-19,CANFINHOME,True Connors RSI Mean Reversion,0.5401234567901235,-0.4139,VALIDATION
2025-11-20,CANFINHOME,True Connors RSI Mean Reversion,0.5848484848484848,1.3337,VALIDATION
2025-11-25,CANFINHOME,True Connors RSI Mean Reversion,0.3529411764705882,2.3533,VALIDATION
2025-11-27,CANFINHOME,True Connors RSI Mean Reversion,0.3833333333333333,1.8683,VALIDATION
2025-11-28,CANFINHOME,True Connors RSI Mean Reversion,0.3706467661691542,2.7443,VALIDATION
2025-12-03,CANFINHOME,True Connors RSI Mean Reversion,0.6160714285714285,4.6427,VALIDATION
2025-12-10,CANFINHOME,True Connors RSI Mean Reversion,0.4743589743589744,5.5098,VALIDATION
2025-11-11,CCL,True Connors RSI Mean Reversion,0.7033333333333333,-4.622,VALIDATION
2025-11-13,CCL,True Connors RSI Mean Reversion,0.4967948717948717,-4.2919,VALIDATION
2025-11-17,CCL,True Connors RSI Mean Reversion,0.55,-7.0369,VALIDATION
2025-11-18,CCL,True Connors RSI Mean Reversion,0.336734693877551,-2.8622,VALIDATION
2025-11-20,CCL,True Connors RSI Mean Reversion,0.2696969696969697,-3.7493,VALIDATION
2025-11-24,CCL,True Connors RSI Mean Reversion,0.1530612244897959,-5.1953,VALIDATION
2025-11-25,CCL,True Connors RSI Mean Reversion,0.2124183006535947,-1.0752,VALIDATION
2025-12-01,CCL,True Connors RSI Mean Reversion,0.2083333333333333,0.0809,VALIDATION
2025-12-02,CCL,True Connors RSI Mean Reversion,0.1796875,-1.3564,VALIDATION
2025-12-04,CCL,True Connors RSI Mean Reversion,0.1265432098765432,0.948,VALIDATION
2025-12-10,CCL,True Connors RSI Mean Reversion,0.3205128205128205,-1.567,VALIDATION
2025-12-11,CCL,True Connors RSI Mean Reversion,0.1523809523809523,-3.3607,VALIDATION
2025-12-15,CCL,True Connors RSI Mean Reversion,0.5674603174603176,-3.8742,VALIDATION
2025-12-16,CCL,True Connors RSI Mean Reversion,0.2833333333333334,-3.8689,VALIDATION
2025-12-18,CCL,True Connors RSI Mean Reversion,0.3119658119658119,-7.9606,VALIDATION
2025-12-19,CCL,True Connors RSI Mean Reversion,0.137037037037037,-4.0442,VALIDATION
2026-01-14,CCL,True Connors RSI Mean Reversion,0.5495495495495496,-2.8247,VALIDATION
2025-10-16,CDSL,True Connors RSI Mean Reversion,0.382716049382716,-2.3502,VALIDATION
2025-10-17,CDSL,True Connors RSI Mean Reversion,0.3888888888888888,-1.642,VALIDATION
2025-10-20,CDSL,True Connors RSI Mean Reversion,0.217741935483871,-4.4631,VALIDATION
2025-10-23,CDSL,True Connors RSI Mean Reversion,0.2485380116959064,-1.4113,VALIDATION
2025-10-24,CDSL,True Connors RSI Mean Reversion,0.2261904761904762,-0.1382,VALIDATION
2025-10-28,CDSL,True Connors RSI Mean Reversion,0.3549382716049383,1.8646,VALIDATION
2025-10-29,CDSL,True Connors RSI Mean Reversion,0.4217171717171717,0.7746,VALIDATION
2025-10-30,CDSL,True Connors RSI Mean Reversion,0.2298850574712644,0.7311,VALIDATION
2025-10-31,CDSL,True Connors RSI Mean Reversion,0.2950819672131147,2.9338,VALIDATION
2025-11-03,CDSL,True Connors RSI Mean Reversion,0.369047619047619,1.2996,VALIDATION
2025-11-13,CDSL,True Connors RSI Mean Reversion,0.3429487179487179,-0.0861,VALIDATION
2025-11-14,CDSL,True Connors RSI Mean Reversion,0.2633333333333333,-0.7731,VALIDATION
2025-11-18,CDSL,True Connors RSI Mean Reversion,0.2312925170068027,-0.8037,VALIDATION
2025-11-19,CDSL,True Connors RSI Mean Reversion,0.2345679012345679,-4.7019,VALIDATION
2025-11-21,CDSL,True Connors RSI Mean Reversion,0.2955974842767295,-3.7492,VALIDATION
2025-11-24,CDSL,True Connors RSI Mean Reversion,0.1394557823129251,-4.1651,VALIDATION
2025-11-28,CDSL,True Connors RSI Mean Reversion,0.1915422885572139,-5.7716,VALIDATION
2025-12-01,CDSL,True Connors RSI Mean Reversion,0.3,-5.15,VALIDATION
2025-12-02,CDSL,True Connors RSI Mean Reversion,0.1796875,-5.5849,VALIDATION
2025-10-15,CEATLTD,True Connors RSI Mean Reversion,0.3843537414965987,14.6397,VALIDATION
2025-10-24,CEATLTD,True Connors RSI Mean Reversion,0.9375,-0.6327,VALIDATION
2025-10-27,CEATLTD,True Connors RSI Mean Reversion,0.7704402515723271,-0.4045,VALIDATION
2025-10-29,CEATLTD,True Connors RSI Mean Reversion,0.5782828282828283,-0.7164,VALIDATION
2025-10-31,CEATLTD,True Connors RSI Mean Reversion,0.6038251366120219,-0.89,VALIDATION
2025-11-03,CEATLTD,True Connors RSI Mean Reversion,0.4494047619047618,-4.1042,VALIDATION
2025-11-12,CEATLTD,True Connors RSI Mean Reversion,0.3545454545454545,-4.934,VALIDATION
2025-11-13,CEATLTD,True Connors RSI Mean Reversion,0.3878205128205128,-3.837,VALIDATION
2025-11-14,CEATLTD,True Connors RSI Mean Reversion,0.37,-4.3725,VALIDATION
2025-11-27,CEATLTD,True Connors RSI Mean Reversion,0.3527777777777778,-2.5253,VALIDATION
2025-12-04,CEATLTD,True Connors RSI Mean Reversion,0.5092592592592592,-3.739,VALIDATION
2025-12-09,CEATLTD,True Connors RSI Mean Reversion,0.3194444444444444,2.2824,VALIDATION
2025-11-20,CENTURYPLY,True Connors RSI Mean Reversion,0.1151515151515151,4.6431,VALIDATION
2025-12-04,CENTURYPLY,True Connors RSI Mean Reversion,0.2407407407407407,2.8219,VALIDATION
2025-12-08,CENTURYPLY,True Connors RSI Mean Reversion,0.2424242424242424,5.9046,VALIDATION
2025-12-18,CENTURYPLY,True Connors RSI Mean Reversion,0.2136752136752137,0.9926,VALIDATION
2025-12-30,CENTURYPLY,True Connors RSI Mean Reversion,0.2777777777777777,-4.7829,VALIDATION
2026-01-05,CENTURYPLY,True Connors RSI Mean Reversion,0.1231884057971014,-11.4695,VALIDATION
2026-01-06,CENTURYPLY,True Connors RSI Mean Reversion,0.0460992907801418,-8.3867,VALIDATION
2025-11-12,3MINDIA,True NR7 Volatility Expansion Breakout,0.4272727272727272,-2.1891829991334477,VALIDATION
2025-12-03,3MINDIA,True NR7 Volatility Expansion Breakout,0.2857142857142857,0.7456173148594102,VALIDATION
2025-12-03,3MINDIA,True NR7 Volatility Expansion Breakout,0.2857142857142857,0.7456173148594102,VALIDATION
2025-12-16,3MINDIA,True NR7 Volatility Expansion Breakout,0.4833333333333333,-1.2097331847562853,VALIDATION
2025-12-16,3MINDIA,True NR7 Volatility Expansion Breakout,0.4833333333333333,-1.2097331847562853,VALIDATION
2025-12-31,3MINDIA,True NR7 Volatility Expansion Breakout,0.4404761904761904,0.5818956124426542,VALIDATION
2025-10-21,ABCAPITAL,True NR7 Volatility Expansion Breakout,0.3805555555555555,6.600391396907379,VALIDATION
2025-10-21,ABCAPITAL,True NR7 Volatility Expansion Breakout,0.3805555555555555,6.600391396907379,VALIDATION
2025-11-12,ABCAPITAL,True NR7 Volatility Expansion Breakout,0.3696969696969697,5.01350386774336,VALIDATION
2025-11-21,ABCAPITAL,True NR7 Volatility Expansion Breakout,0.3113207547169812,9.07570892595103,VALIDATION
2025-11-21,ABCAPITAL,True NR7 Volatility Expansion Breakout,0.3113207547169812,9.07570892595103,VALIDATION
2025-11-27,ABCAPITAL,True NR7 Volatility Expansion Breakout,0.6638888888888889,0.29711893850638815,VALIDATION
2025-11-27,ABCAPITAL,True NR7 Volatility Expansion Breakout,0.6638888888888889,0.29711893850638815,VALIDATION
2025-11-27,ABCAPITAL,True NR7 Volatility Expansion Breakout,0.6638888888888889,0.29711893850638815,VALIDATION
2025-12-04,ABCAPITAL,True NR7 Volatility Expansion Breakout,0.6018518518518519,-1.9091072728268779,VALIDATION
2025-12-04,ABCAPITAL,True NR7 Volatility Expansion Breakout,0.6018518518518519,-1.9091072728268779,VALIDATION
2025-12-18,ABCAPITAL,True NR7 Volatility Expansion Breakout,0.5555555555555556,3.3323780586648053,VALIDATION
2025-12-19,ABCAPITAL,True NR7 Volatility Expansion Breakout,0.5148148148148147,3.7851736786337193,VALIDATION
2025-12-23,ABCAPITAL,True NR7 Volatility Expansion Breakout,0.4184397163120568,3.541220388104839,VALIDATION
2025-12-23,ABCAPITAL,True NR7 Volatility Expansion Breakout,0.4184397163120568,3.541220388104839,VALIDATION
2026-01-15,ABCAPITAL,True NR7 Volatility Expansion Breakout,0.5643939393939394,-5.611114501953125,VALIDATION
2026-01-15,ABCAPITAL,True NR7 Volatility Expansion Breakout,0.5643939393939394,-5.611114501953125,VALIDATION
2025-10-20,ADANIENSOL,True NR7 Volatility Expansion Breakout,0.3306451612903225,4.333563858196916,VALIDATION
2025-11-10,ADANIENSOL,True NR7 Volatility Expansion Breakout,0.3229166666666667,-0.24164273377249357,VALIDATION
2025-11-10,ADANIENSOL,True NR7 Volatility Expansion Breakout,0.3229166666666667,-0.24164273377249357,VALIDATION
2025-11-17,ADANIENSOL,True NR7 Volatility Expansion Breakout,0.5966666666666667,-2.9057360946610786,VALIDATION
2025-11-25,ADANIENSOL,True NR7 Volatility Expansion Breakout,0.3464052287581698,-0.29667768941815853,VALIDATION
2025-11-25,ADANIENSOL,True NR7 Volatility Expansion Breakout,0.3464052287581698,-0.29667768941815853,VALIDATION
2025-12-04,ADANIENSOL,True NR7 Volatility Expansion Breakout,0.5030864197530863,-0.3012522039347715,VALIDATION
2025-12-24,ADANIENSOL,True NR7 Volatility Expansion Breakout,0.1944444444444444,-1.2611730096356752,VALIDATION
2025-12-24,ADANIENSOL,True NR7 Volatility Expansion Breakout,0.1944444444444444,-1.2611730096356752,VALIDATION
2025-11-28,AETHER,True NR7 Volatility Expansion Breakout,0.4402985074626865,-2.4148075061257273,VALIDATION
2025-12-12,AETHER,True NR7 Volatility Expansion Breakout,0.3598484848484848,-5.023089934408871,VALIDATION
2026-01-13,AETHER,True NR7 Volatility Expansion Breakout,0.6809523809523811,0.20097472249750342,VALIDATION
2026-01-15,AETHER,True NR7 Volatility Expansion Breakout,0.8219696969696969,-0.38771491394825913,VALIDATION
2026-01-28,AETHER,True NR7 Volatility Expansion Breakout,0.6111111111111112,-2.3482562772077116,VALIDATION
2025-11-27,AIAENG,True NR7 Volatility Expansion Breakout,0.7305555555555555,-5.403017390226859,VALIDATION
2025-11-28,AIAENG,True NR7 Volatility Expansion Breakout,0.7114427860696518,-3.81921933487068,VALIDATION
2025-11-28,AIAENG,True NR7 Volatility Expansion Breakout,0.7114427860696518,-3.81921933487068,VALIDATION
2025-12-02,AIAENG,True NR7 Volatility Expansion Breakout,0.5026041666666666,-2.8821393461118485,VALIDATION
2025-12-03,AIAENG,True NR7 Volatility Expansion Breakout,0.6101190476190476,-2.4789164324048043,VALIDATION
2026-01-29,AJANTPHARM,True NR7 Volatility Expansion Breakout,0.2450980392156863,6.371238471800263,VALIDATION
2025-10-31,ALKEM,True NR7 Volatility Expansion Breakout,0.453551912568306,3.471348793676114,VALIDATION
2025-10-31,ALKEM,True NR7 Volatility Expansion Breakout,0.453551912568306,3.471348793676114,VALIDATION
2025-11-19,ALKEM,True NR7 Volatility Expansion Breakout,0.2716049382716049,-1.7826120130650023,VALIDATION
2025-11-19,ALKEM,True NR7 Volatility Expansion Breakout,0.2716049382716049,-1.7826120130650023,VALIDATION
2025-12-02,ALKEM,True NR7 Volatility Expansion Breakout,0.1119791666666666,0.16801554167329755,VALIDATION
2025-12-04,ALKEM,True NR7 Volatility Expansion Breakout,0.3024691358024691,-3.012736265920604,VALIDATION
2025-12-04,ALKEM,True NR7 Volatility Expansion Breakout,0.3024691358024691,-3.012736265920604,VALIDATION
2025-12-15,ALKEM,True NR7 Volatility Expansion Breakout,0.123015873015873,-2.902797682603123,VALIDATION
2025-12-12,ANGELONE,True NR7 Volatility Expansion Breakout,0.2916666666666667,-7.463709890436615,VALIDATION
2025-12-08,ANURAS,True NR7 Volatility Expansion Breakout,0.5050505050505051,6.382303725017106,VALIDATION
2025-12-17,ANURAS,True NR7 Volatility Expansion Breakout,0.7991452991452993,-0.3006388575723412,VALIDATION
2025-12-30,ANURAS,True NR7 Volatility Expansion Breakout,0.4444444444444445,1.3025332201344189,VALIDATION
2025-12-30,ANURAS,True NR7 Volatility Expansion Breakout,0.4444444444444445,1.3025332201344189,VALIDATION
2025-12-31,ANURAS,True NR7 Volatility Expansion Breakout,0.5158730158730159,-0.4445375648590535,VALIDATION
2025-12-31,ANURAS,True NR7 Volatility Expansion Breakout,0.5158730158730159,-0.4445375648590535,VALIDATION
2026-01-15,ANURAS,True NR7 Volatility Expansion Breakout,0.5113636363636364,-5.751910784186014,VALIDATION
2026-01-15,ANURAS,True NR7 Volatility Expansion Breakout,0.5113636363636364,-5.751910784186014,VALIDATION
2025-10-24,APARINDS,True NR7 Volatility Expansion Breakout,0.3244047619047619,-6.122448979591836,VALIDATION
2025-11-25,APARINDS,True NR7 Volatility Expansion Breakout,0.1339869281045751,-2.616553024003548,VALIDATION
2025-11-25,APARINDS,True NR7 Volatility Expansion Breakout,0.1339869281045751,-2.616553024003548,VALIDATION
2025-10-20,APLAPOLLO,True NR7 Volatility Expansion Breakout,0.3387096774193548,0.9761606794480704,VALIDATION
2025-11-07,APLAPOLLO,True NR7 Volatility Expansion Breakout,0.5106382978723404,-4.48866507307214,VALIDATION
2025-11-07,APLAPOLLO,True NR7 Volatility Expansion Breakout,0.5106382978723404,-4.48866507307214,VALIDATION
2025-11-11,APLAPOLLO,True NR7 Volatility Expansion Breakout,0.2533333333333333,-6.004759451767905,VALIDATION
2025-11-11,APLAPOLLO,True NR7 Volatility Expansion Breakout,0.2533333333333333,-6.004759451767905,VALIDATION
2025-11-11,APLAPOLLO,True NR7 Volatility Expansion Breakout,0.2533333333333333,-6.004759451767905,VALIDATION
2026-01-15,APLAPOLLO,True NR7 Volatility Expansion Breakout,0.5340909090909091,5.231478969746656,VALIDATION
2026-01-15,APLAPOLLO,True NR7 Volatility Expansion Breakout,0.5340909090909091,5.231478969746656,VALIDATION
2026-01-30,APLAPOLLO,True NR7 Volatility Expansion Breakout,0.75,8.460904781145322,VALIDATION
2025-10-16,APOLLOHOSP,True NR7 Volatility Expansion Breakout,0.425925925925926,-2.401519166612764,VALIDATION
2025-10-16,APOLLOHOSP,True NR7 Volatility Expansion Breakout,0.425925925925926,-2.401519166612764,VALIDATION
2025-10-16,APOLLOTYRE,True NR7 Volatility Expansion Breakout,0.5216049382716049,1.930893830914102,VALIDATION
2025-10-29,APOLLOTYRE,True NR7 Volatility Expansion Breakout,0.3813131313131312,5.585061522873696,VALIDATION
2025-11-13,APOLLOTYRE,True NR7 Volatility Expansion Breakout,0.6089743589743589,-3.764487531413932,VALIDATION
2025-11-13,APOLLOTYRE,True NR7 Volatility Expansion Breakout,0.6089743589743589,-3.764487531413932,VALIDATION
2026-01-15,APOLLOTYRE,True NR7 Volatility Expansion Breakout,0.4128787878787878,-6.7809512659154105,VALIDATION
2025-10-30,ASAHIINDIA,True NR7 Volatility Expansion Breakout,0.4339080459770115,2.5875701704036405,VALIDATION
2025-11-14,ASAHIINDIA,True NR7 Volatility Expansion Breakout,0.3466666666666667,4.794662444253722,VALIDATION
2025-11-14,ASAHIINDIA,True NR7 Volatility Expansion Breakout,0.3466666666666667,4.794662444253722,VALIDATION
2025-12-11,ASAHIINDIA,True NR7 Volatility Expansion Breakout,0.2761904761904761,-0.9354188661248635,VALIDATION
2025-10-15,ASHOKLEY,True NR7 Volatility Expansion Breakout,0.2653061224489796,3.1886763507277873,VALIDATION
2025-10-21,ASHOKLEY,True NR7 Volatility Expansion Breakout,0.3805555555555555,3.087582458883691,VALIDATION
2025-11-17,ASHOKLEY,True NR7 Volatility Expansion Breakout,0.5433333333333333,7.259956234786245,VALIDATION
2025-12-03,ASHOKLEY,True NR7 Volatility Expansion Breakout,0.7708333333333334,1.8326664388721043,VALIDATION
2025-12-05,ASHOKLEY,True NR7 Volatility Expansion Breakout,0.6701388888888888,7.607420169391363,VALIDATION
2025-12-17,ASHOKLEY,True NR7 Volatility Expansion Breakout,0.7136752136752137,10.376127582265,VALIDATION
2026-01-29,ASHOKLEY,True NR7 Volatility Expansion Breakout,0.7352941176470589,7.443996563909517,VALIDATION
2025-12-05,ASIANPAINT,True NR7 Volatility Expansion Breakout,0.6631944444444445,-5.8382410026532625,VALIDATION
2026-01-08,ASIANPAINT,True NR7 Volatility Expansion Breakout,0.3100775193798449,-3.597526012283149,VALIDATION
2026-01-15,ASIANPAINT,True NR7 Volatility Expansion Breakout,0.481060606060606,-13.703397433199052,VALIDATION
2026-01-15,ASIANPAINT,True NR7 Volatility Expansion Breakout,0.481060606060606,-13.703397433199052,VALIDATION
2025-10-21,AUBANK,True NR7 Volatility Expansion Breakout,0.7805555555555556,1.0668818898385557,VALIDATION
2025-10-31,AUBANK,True NR7 Volatility Expansion Breakout,0.592896174863388,3.392807705067108,VALIDATION
2025-10-31,AUBANK,True NR7 Volatility Expansion Breakout,0.592896174863388,3.392807705067108,VALIDATION
2025-11-13,AUBANK,True NR7 Volatility Expansion Breakout,0.4198717948717949,6.200606179783487,VALIDATION
2025-11-13,AUBANK,True NR7 Volatility Expansion Breakout,0.4198717948717949,6.200606179783487,VALIDATION
2025-11-14,AUBANK,True NR7 Volatility Expansion Breakout,0.5466666666666666,6.731846043638291,VALIDATION
2025-11-14,AUBANK,True NR7 Volatility Expansion Breakout,0.5466666666666666,6.731846043638291,VALIDATION
2025-11-28,AUBANK,True NR7 Volatility Expansion Breakout,0.845771144278607,1.2286904893212678,VALIDATION
2025-11-28,AUBANK,True NR7 Volatility Expansion Breakout,0.845771144278607,1.2286904893212678,VALIDATION
2025-12-04,AUBANK,True NR7 Volatility Expansion Breakout,0.691358024691358,3.5272584133127403,VALIDATION
2025-12-04,AUBANK,True NR7 Volatility Expansion Breakout,0.691358024691358,3.5272584133127403,VALIDATION
2025-12-16,AUBANK,True NR7 Volatility Expansion Breakout,0.7833333333333333,1.0670728357001298,VALIDATION
2025-12-16,AUBANK,True NR7 Volatility Expansion Breakout,0.7833333333333333,1.0670728357001298,VALIDATION
2026-01-15,AUBANK,True NR7 Volatility Expansion Breakout,0.4886363636363636,0.6145360884220122,VALIDATION
2025-12-22,AUROPHARMA,True NR7 Volatility Expansion Breakout,0.3433333333333333,-0.291519597924182,VALIDATION
2025-12-15,AVANTIFEED,True NR7 Volatility Expansion Breakout,0.373015873015873,1.7319513828861357,VALIDATION
2025-12-15,AVANTIFEED,True NR7 Volatility Expansion Breakout,0.373015873015873,1.7319513828861357,VALIDATION
2026-01-14,AVANTIFEED,True NR7 Volatility Expansion Breakout,0.3378378378378378,-4.252252404375678,VALIDATION
2025-10-15,AXISBANK,True NR7 Volatility Expansion Breakout,0.336734693877551,1.825053806144026,VALIDATION
2025-10-15,AXISBANK,True NR7 Volatility Expansion Breakout,0.336734693877551,1.825053806144026,VALIDATION
2025-10-21,AXISBANK,True NR7 Volatility Expansion Breakout,0.7000000000000001,-1.4044972146401353,VALIDATION
2025-10-21,AXISBANK,True NR7 Volatility Expansion Breakout,0.7000000000000001,-1.4044972146401353,VALIDATION
2025-10-24,AXISBANK,True NR7 Volatility Expansion Breakout,0.5416666666666667,-3.105097404519198,VALIDATION
2025-11-07,AXISBANK,True NR7 Volatility Expansion Breakout,0.301418439716312,3.8248756950178313,VALIDATION
2025-11-07,AXISBANK,True NR7 Volatility Expansion Breakout,0.301418439716312,3.8248756950178313,VALIDATION
2025-11-19,AXISBANK,True NR7 Volatility Expansion Breakout,0.5524691358024691,-0.3372638407541872,VALIDATION
2025-11-19,AXISBANK,True NR7 Volatility Expansion Breakout,0.5524691358024691,-0.3372638407541872,VALIDATION
2025-11-19,AXISBANK,True NR7 Volatility Expansion Breakout,0.5524691358024691,-0.3372638407541872,VALIDATION
2025-11-21,AXISBANK,True NR7 Volatility Expansion Breakout,0.7798742138364781,-0.1556997916112641,VALIDATION
2025-11-21,AXISBANK,True NR7 Volatility Expansion Breakout,0.7798742138364781,-0.1556997916112641,VALIDATION
2025-12-04,AXISBANK,True NR7 Volatility Expansion Breakout,0.6358024691358025,-4.131586295026548,VALIDATION
2025-12-04,AXISBANK,True NR7 Volatility Expansion Breakout,0.6358024691358025,-4.131586295026548,VALIDATION
2025-12-11,AXISBANK,True NR7 Volatility Expansion Breakout,0.5142857142857143,-4.196571138460713,VALIDATION
2025-12-11,AXISBANK,True NR7 Volatility Expansion Breakout,0.5142857142857143,-4.196571138460713,VALIDATION
2026-01-07,AXISBANK,True NR7 Volatility Expansion Breakout,0.5151515151515151,-1.085457059149629,VALIDATION
2026-01-07,AXISBANK,True NR7 Volatility Expansion Breakout,0.5151515151515151,-1.085457059149629,VALIDATION
2026-01-12,AXISBANK,True NR7 Volatility Expansion Breakout,0.4583333333333333,2.829011221204388,VALIDATION
2026-01-12,AXISBANK,True NR7 Volatility Expansion Breakout,0.4583333333333333,2.829011221204388,VALIDATION
2026-01-15,AXISBANK,True NR7 Volatility Expansion Breakout,0.4886363636363636,5.51277887341391,VALIDATION
2026-01-15,AXISBANK,True NR7 Volatility Expansion Breakout,0.4886363636363636,5.51277887341391,VALIDATION
2025-11-06,BAJAJFINSV,True NR7 Volatility Expansion Breakout,0.3197278911564625,0.7306398639033462,VALIDATION
2025-10-21,BAJFINANCE,True NR7 Volatility Expansion Breakout,0.7527777777777778,-4.41283222234324,VALIDATION
2025-10-21,BAJFINANCE,True NR7 Volatility Expansion Breakout,0.7527777777777778,-4.41283222234324,VALIDATION
2025-10-21,BAJFINANCE,True NR7 Volatility Expansion Breakout,0.7527777777777778,-4.41283222234324,VALIDATION
2025-12-03,BAJFINANCE,True NR7 Volatility Expansion Breakout,0.3154761904761904,-2.601586714401125,VALIDATION
2025-11-13,BANKBARODA,True NR7 Volatility Expansion Breakout,0.3717948717948718,0.24373596494967129,VALIDATION
2025-11-27,BANKBARODA,True NR7 Volatility Expansion Breakout,0.4416666666666666,-1.6902386956118138,VALIDATION
2025-12-12,BANKBARODA,True NR7 Volatility Expansion Breakout,0.5303030303030303,0.4014631130118444,VALIDATION
2025-12-29,BANKBARODA,True NR7 Volatility Expansion Breakout,0.4563492063492063,4.1530303375955935,VALIDATION
2025-12-29,BANKBARODA,True NR7 Volatility Expansion Breakout,0.4563492063492063,4.1530303375955935,VALIDATION
2026-01-13,BANKBARODA,True NR7 Volatility Expansion Breakout,0.4047619047619047,0.8231797051760884,VALIDATION
2026-01-15,BANKBARODA,True NR7 Volatility Expansion Breakout,0.5795454545454546,-2.6974399845353902,VALIDATION
2026-01-15,BANKBARODA,True NR7 Volatility Expansion Breakout,0.5795454545454546,-2.6974399845353902,VALIDATION
2025-10-21,BANKINDIA,True NR7 Volatility Expansion Breakout,0.7416666666666667,6.601259013368317,VALIDATION
2025-10-21,BANKINDIA,True NR7 Volatility Expansion Breakout,0.7416666666666667,6.601259013368317,VALIDATION
2025-10-21,BANKINDIA,True NR7 Volatility Expansion Breakout,0.7416666666666667,6.601259013368317,VALIDATION
2025-11-18,BANKINDIA,True NR7 Volatility Expansion Breakout,0.5272108843537415,-1.9973167997632582,VALIDATION
2025-11-28,BANKINDIA,True NR7 Volatility Expansion Breakout,0.6616915422885572,-4.519625860942524,VALIDATION
2025-11-28,BANKINDIA,True NR7 Volatility Expansion Breakout,0.6616915422885572,-4.519625860942524,VALIDATION
2025-12-12,BANKINDIA,True NR7 Volatility Expansion Breakout,0.2916666666666667,-1.172560754199772,VALIDATION
2025-12-19,BANKINDIA,True NR7 Volatility Expansion Breakout,0.4037037037037037,4.525807827528815,VALIDATION
2026-01-13,BANKINDIA,True NR7 Volatility Expansion Breakout,0.4619047619047619,13.0828437410658,VALIDATION
2026-01-15,BANKINDIA,True NR7 Volatility Expansion Breakout,0.7689393939393939,6.905541680609517,VALIDATION
2026-01-28,BANKINDIA,True NR7 Volatility Expansion Breakout,0.753968253968254,-0.33989515978568924,VALIDATION
2026-02-03,BANKINDIA,True NR7 Volatility Expansion Breakout,0.3240740740740741,5.805933462169574,VALIDATION
2025-10-21,BEML,True NR7 Volatility Expansion Breakout,0.3388888888888888,-10.099550974178653,VALIDATION
2025-10-21,BEML,True NR7 Volatility Expansion Breakout,0.3388888888888888,-10.099550974178653,VALIDATION
2025-10-28,BERGEPAINT,True NR7 Volatility Expansion Breakout,0.1512345679012345,2.6764407697030594,VALIDATION
2025-10-28,BERGEPAINT,True NR7 Volatility Expansion Breakout,0.1512345679012345,2.6764407697030594,VALIDATION
2025-10-29,BERGEPAINT,True NR7 Volatility Expansion Breakout,0.1717171717171717,5.842496126028202,VALIDATION
2025-10-29,BERGEPAINT,True NR7 Volatility Expansion Breakout,0.1717171717171717,5.842496126028202,VALIDATION
2025-11-17,BERGEPAINT,True NR7 Volatility Expansion Breakout,0.3433333333333333,-4.581333729479275,VALIDATION
2025-12-10,BHARATFORG,True NR7 Volatility Expansion Breakout,0.4358974358974359,4.172649026372159,VALIDATION
2025-12-10,BHARATFORG,True NR7 Volatility Expansion Breakout,0.4358974358974359,4.172649026372159,VALIDATION
2025-12-29,BHARATFORG,True NR7 Volatility Expansion Breakout,0.746031746031746,0.08245469701579944,VALIDATION
2025-12-29,BHARATFORG,True NR7 Volatility Expansion Breakout,0.746031746031746,0.08245469701579944,VALIDATION
2026-01-30,BHARATFORG,True NR7 Volatility Expansion Breakout,0.3981481481481482,19.842861372927505,VALIDATION
2025-10-21,BHARTIARTL,True NR7 Volatility Expansion Breakout,0.4138888888888889,1.5020111335140676,VALIDATION
2025-10-31,BHARTIARTL,True NR7 Volatility Expansion Breakout,0.4699453551912569,1.851667521810095,VALIDATION
2025-11-17,BHARTIARTL,True NR7 Volatility Expansion Breakout,0.3366666666666666,-1.5221516906397923,VALIDATION
2025-11-19,BHARTIARTL,True NR7 Volatility Expansion Breakout,0.419753086419753,-3.7023342147637845,VALIDATION
2025-11-19,BHARTIARTL,True NR7 Volatility Expansion Breakout,0.419753086419753,-3.7023342147637845,VALIDATION
2025-11-20,BHARTIARTL,True NR7 Volatility Expansion Breakout,0.5454545454545454,-3.019401619442345,VALIDATION
2025-11-20,BHARTIARTL,True NR7 Volatility Expansion Breakout,0.5454545454545454,-3.019401619442345,VALIDATION
2025-11-20,BHARTIARTL,True NR7 Volatility Expansion Breakout,0.5454545454545454,-3.019401619442345,VALIDATION
2025-12-05,BHARTIARTL,True NR7 Volatility Expansion Breakout,0.3333333333333333,-0.7898263757763144,VALIDATION
2025-12-05,BHARTIARTL,True NR7 Volatility Expansion Breakout,0.3333333333333333,-0.7898263757763144,VALIDATION
2025-12-15,BHARTIARTL,True NR7 Volatility Expansion Breakout,0.238095238095238,1.0053386805673121,VALIDATION
2026-01-01,BHARTIARTL,True NR7 Volatility Expansion Breakout,0.1805555555555555,-4.774235653652506,VALIDATION
2026-01-01,BHARTIARTL,True NR7 Volatility Expansion Breakout,0.1805555555555555,-4.774235653652506,VALIDATION
2026-01-05,BHARTIARTL,True NR7 Volatility Expansion Breakout,0.1884057971014493,-4.834059210002567,VALIDATION
2026-01-05,BHARTIARTL,True NR7 Volatility Expansion Breakout,0.1884057971014493,-4.834059210002567,VALIDATION
2025-11-14,BHEL,True NR7 Volatility Expansion Breakout,0.75,2.2319837861798297,VALIDATION
2025-11-28,BHEL,True NR7 Volatility Expansion Breakout,0.8059701492537313,-2.728973943708662,VALIDATION
2025-11-28,BHEL,True NR7 Volatility Expansion Breakout,0.8059701492537313,-2.728973943708662,VALIDATION
2025-12-23,BHEL,True NR7 Volatility Expansion Breakout,0.6099290780141843,6.752236678458899,VALIDATION
2025-12-23,BHEL,True NR7 Volatility Expansion Breakout,0.6099290780141843,6.752236678458899,VALIDATION
2025-10-16,BIOCON,True NR7 Volatility Expansion Breakout,0.0679012345679012,3.2177573261295334,VALIDATION
2025-10-16,BIOCON,True NR7 Volatility Expansion Breakout,0.0679012345679012,3.2177573261295334,VALIDATION
2025-11-21,BIOCON,True NR7 Volatility Expansion Breakout,0.4622641509433962,-2.3015705658317542,VALIDATION
2025-11-25,BIOCON,True NR7 Volatility Expansion Breakout,0.2712418300653594,-3.2652557586080615,VALIDATION
2025-11-25,BIOCON,True NR7 Volatility Expansion Breakout,0.2712418300653594,-3.2652557586080615,VALIDATION
2025-12-12,BIOCON,True NR7 Volatility Expansion Breakout,0.1401515151515151,0.35989729213552235,VALIDATION
2025-12-17,BIOCON,True NR7 Volatility Expansion Breakout,0.1538461538461538,-0.24441085173059546,VALIDATION
2025-12-23,BIOCON,True NR7 Volatility Expansion Breakout,0.3936170212765957,-4.195542275857755,VALIDATION
2025-12-30,BIOCON,True NR7 Volatility Expansion Breakout,0.2393162393162393,-3.9949195977174874,VALIDATION
2025-10-20,BLUESTARCO,True NR7 Volatility Expansion Breakout,0.271505376344086,-3.4927042637095265,VALIDATION
2025-10-23,BLUESTARCO,True NR7 Volatility Expansion Breakout,0.3947368421052631,-11.555732463909813,VALIDATION
2025-10-30,BLUESTARCO,True NR7 Volatility Expansion Breakout,0.4022988505747126,-10.096592914858379,VALIDATION
2025-10-30,BLUESTARCO,True NR7 Volatility Expansion Breakout,0.4022988505747126,-10.096592914858379,VALIDATION
2025-11-04,BORORENEW,True NR7 Volatility Expansion Breakout,0.157051282051282,-8.267606311901538,VALIDATION
2026-01-15,BOSCHLTD,True NR7 Volatility Expansion Breakout,0.2613636363636363,-2.469631143647328,VALIDATION
2025-10-15,BSE,True NR7 Volatility Expansion Breakout,0.3401360544217687,-1.3528276598083124,VALIDATION
2025-10-30,BSE,True NR7 Volatility Expansion Breakout,0.1954022988505747,14.42214403069468,VALIDATION
2025-11-11,BSE,True NR7 Volatility Expansion Breakout,0.3433333333333332,2.5487376451068355,VALIDATION
2025-11-17,BSE,True NR7 Volatility Expansion Breakout,0.4933333333333333,1.766264555035308,VALIDATION
2025-11-17,BSE,True NR7 Volatility Expansion Breakout,0.4933333333333333,1.766264555035308,VALIDATION
2025-11-27,BSE,True NR7 Volatility Expansion Breakout,0.7555555555555555,-8.204074210537673,VALIDATION
2025-11-27,BSE,True NR7 Volatility Expansion Breakout,0.7555555555555555,-8.204074210537673,VALIDATION
2025-11-28,BSE,True NR7 Volatility Expansion Breakout,0.6517412935323382,-7.045507617308425,VALIDATION
2025-11-28,BSE,True NR7 Volatility Expansion Breakout,0.6517412935323382,-7.045507617308425,VALIDATION
2025-12-19,BSE,True NR7 Volatility Expansion Breakout,0.4333333333333333,-2.3054413694401346,VALIDATION
2026-01-15,BSE,True NR7 Volatility Expansion Breakout,0.5719696969696969,-1.894071587815824,VALIDATION
2026-01-15,BSE,True NR7 Volatility Expansion Breakout,0.5719696969696969,-1.894071587815824,VALIDATION
2026-01-28,BSE,True NR7 Volatility Expansion Breakout,0.4841269841269841,12.265023042770114,VALIDATION
2025-11-06,CANBK,True NR7 Volatility Expansion Breakout,0.7380952380952381,5.108347190585441,VALIDATION
2025-11-27,CANBK,True NR7 Volatility Expansion Breakout,0.7888888888888888,-3.421045659161278,VALIDATION
2025-11-27,CANBK,True NR7 Volatility Expansion Breakout,0.7888888888888888,-3.421045659161278,VALIDATION
2025-11-28,CANBK,True NR7 Volatility Expansion Breakout,0.9079601990049752,-3.748185111308004,VALIDATION
2025-12-12,CANBK,True NR7 Volatility Expansion Breakout,0.6174242424242424,2.117865828806559,VALIDATION
2026-01-13,CANBK,True NR7 Volatility Expansion Breakout,0.3571428571428572,4.056999924373252,VALIDATION
2026-01-15,CANBK,True NR7 Volatility Expansion Breakout,0.6477272727272728,-4.272734139726449,VALIDATION
2025-10-16,CANFINHOME,True NR7 Volatility Expansion Breakout,0.4228395061728395,7.659867753167628,VALIDATION
2025-10-17,CANFINHOME,True NR7 Volatility Expansion Breakout,0.2483660130718954,5.561322035147953,VALIDATION
2025-10-28,CANFINHOME,True NR7 Volatility Expansion Breakout,0.5339506172839507,1.6672452661748758,VALIDATION
2025-10-28,CANFINHOME,True NR7 Volatility Expansion Breakout,0.5339506172839507,1.6672452661748758,VALIDATION
2025-10-28,CANFINHOME,True NR7 Volatility Expansion Breakout,0.5339506172839507,1.6672452661748758,VALIDATION
2025-11-10,CANFINHOME,True NR7 Volatility Expansion Breakout,0.4722222222222222,0.7013545019347743,VALIDATION
2025-11-10,CANFINHOME,True NR7 Volatility Expansion Breakout,0.4722222222222222,0.7013545019347743,VALIDATION
2025-11-28,CANFINHOME,True NR7 Volatility Expansion Breakout,0.3706467661691542,2.7442681644505487,VALIDATION
2025-11-28,CANFINHOME,True NR7 Volatility Expansion Breakout,0.3706467661691542,2.7442681644505487,VALIDATION
2025-12-12,CANFINHOME,True NR7 Volatility Expansion Breakout,0.6477272727272727,-1.2371968996448384,VALIDATION
2026-01-15,CANFINHOME,True NR7 Volatility Expansion Breakout,0.4507575757575757,1.2047527035611845,VALIDATION
2025-11-25,CCL,True NR7 Volatility Expansion Breakout,0.2124183006535947,-1.8516683720961178,VALIDATION
2025-11-25,CCL,True NR7 Volatility Expansion Breakout,0.2124183006535947,-1.8516683720961178,VALIDATION
2025-12-11,CCL,True NR7 Volatility Expansion Breakout,0.1523809523809523,-3.360656716670865,VALIDATION
2025-12-16,CCL,True NR7 Volatility Expansion Breakout,0.2833333333333334,-4.520171627926006,VALIDATION
2026-01-15,CCL,True NR7 Volatility Expansion Breakout,0.4128787878787879,1.1569687926933738,VALIDATION
2026-01-15,CCL,True NR7 Volatility Expansion Breakout,0.4128787878787879,1.1569687926933738,VALIDATION
2025-10-16,CDSL,True NR7 Volatility Expansion Breakout,0.382716049382716,-2.9235509761677427,VALIDATION
2025-10-21,CDSL,True NR7 Volatility Expansion Breakout,0.2972222222222222,-5.077713627011907,VALIDATION
2025-11-28,CDSL,True NR7 Volatility Expansion Breakout,0.1915422885572139,-6.332453669940062,VALIDATION
2025-11-28,CDSL,True NR7 Volatility Expansion Breakout,0.1915422885572139,-6.332453669940062,VALIDATION
2025-11-26,CEATLTD,True NR7 Volatility Expansion Breakout,0.2604166666666667,-2.5468058313320814,VALIDATION
2026-01-15,CEATLTD,True NR7 Volatility Expansion Breakout,0.2386363636363636,-2.163846513035053,VALIDATION
2026-01-15,CEATLTD,True NR7 Volatility Expansion Breakout,0.2386363636363636,-2.163846513035053,VALIDATION
2025-11-28,CENTURYPLY,True NR7 Volatility Expansion Breakout,0.2810945273631841,4.120407774490677,VALIDATION
2025-12-26,CENTURYPLY,True NR7 Volatility Expansion Breakout,0.2424242424242424,-7.713501321222119,VALIDATION
2025-12-26,CENTURYPLY,True NR7 Volatility Expansion Breakout,0.2424242424242424,-7.713501321222119,VALIDATION
2025-10-21,ABCAPITAL,True NR7 Volatility Expansion Breakout,0.3805555555555555,6.600391396907379,VALIDATION
2025-11-12,ABCAPITAL,True NR7 Volatility Expansion Breakout,0.3696969696969697,5.01350386774336,VALIDATION
2025-11-21,ABCAPITAL,True NR7 Volatility Expansion Breakout,0.3113207547169812,9.07570892595103,VALIDATION
2025-12-04,ABCAPITAL,True NR7 Volatility Expansion Breakout,0.6018518518518519,-1.9091072728268779,VALIDATION
2025-12-18,ABCAPITAL,True NR7 Volatility Expansion Breakout,0.5555555555555556,3.3323780586648053,VALIDATION
2026-01-15,ABCAPITAL,True NR7 Volatility Expansion Breakout,0.5643939393939394,-5.611114501953125,VALIDATION
2025-11-10,ADANIENSOL,True NR7 Volatility Expansion Breakout,0.3229166666666667,-0.24164273377249357,VALIDATION
2025-12-08,ANURAS,True NR7 Volatility Expansion Breakout,0.5050505050505051,6.382303725017106,VALIDATION
2025-11-25,APARINDS,True NR7 Volatility Expansion Breakout,0.1339869281045751,-2.616553024003548,VALIDATION
2025-10-20,APLAPOLLO,True NR7 Volatility Expansion Breakout,0.3387096774193548,0.9761606794480704,VALIDATION
2025-11-11,APLAPOLLO,True NR7 Volatility Expansion Breakout,0.2533333333333333,-6.004759451767905,VALIDATION
2025-12-11,ASAHIINDIA,True NR7 Volatility Expansion Breakout,0.2761904761904761,-0.9354188661248635,VALIDATION
2025-10-15,ASHOKLEY,True NR7 Volatility Expansion Breakout,0.2653061224489796,3.1886763507277873,VALIDATION
2026-01-08,ASIANPAINT,True NR7 Volatility Expansion Breakout,0.3100775193798449,-3.597526012283149,VALIDATION
2025-10-31,AUBANK,True NR7 Volatility Expansion Breakout,0.592896174863388,3.392807705067108,VALIDATION
2025-11-13,AUBANK,True NR7 Volatility Expansion Breakout,0.4198717948717949,6.200606179783487,VALIDATION
2025-10-15,AXISBANK,True NR7 Volatility Expansion Breakout,0.336734693877551,1.825053806144026,VALIDATION
2025-10-24,AXISBANK,True NR7 Volatility Expansion Breakout,0.5416666666666667,-3.105097404519198,VALIDATION
2025-11-07,AXISBANK,True NR7 Volatility Expansion Breakout,0.301418439716312,3.8248756950178313,VALIDATION
2025-11-06,BAJAJFINSV,True NR7 Volatility Expansion Breakout,0.3197278911564625,0.7306398639033462,VALIDATION
2025-12-03,BAJFINANCE,True NR7 Volatility Expansion Breakout,0.3154761904761904,-2.601586714401125,VALIDATION
2025-11-13,BANKBARODA,True NR7 Volatility Expansion Breakout,0.3717948717948718,0.24373596494967129,VALIDATION
2025-12-12,BANKBARODA,True NR7 Volatility Expansion Breakout,0.5303030303030303,0.4014631130118444,VALIDATION
2025-12-29,BANKBARODA,True NR7 Volatility Expansion Breakout,0.4563492063492063,4.1530303375955935,VALIDATION
2025-10-28,BERGEPAINT,True NR7 Volatility Expansion Breakout,0.1512345679012345,2.6764407697030594,VALIDATION
2025-10-31,BHARTIARTL,True NR7 Volatility Expansion Breakout,0.4699453551912569,1.851667521810095,VALIDATION
2025-11-20,BHARTIARTL,True NR7 Volatility Expansion Breakout,0.5454545454545454,-3.019401619442345,VALIDATION
2025-12-15,BHARTIARTL,True NR7 Volatility Expansion Breakout,0.238095238095238,1.0053386805673121,VALIDATION
2025-11-25,BIOCON,True NR7 Volatility Expansion Breakout,0.2712418300653594,-3.2652557586080615,VALIDATION
2025-12-17,BIOCON,True NR7 Volatility Expansion Breakout,0.1538461538461538,-0.24441085173059546,VALIDATION
2025-12-30,BIOCON,True NR7 Volatility Expansion Breakout,0.2393162393162393,-3.9949195977174874,VALIDATION
2026-01-15,BOSCHLTD,True NR7 Volatility Expansion Breakout,0.2613636363636363,-2.469631143647328,VALIDATION
2025-10-15,BSE,True NR7 Volatility Expansion Breakout,0.3401360544217687,-1.3528276598083124,VALIDATION
2025-10-30,BSE,True NR7 Volatility Expansion Breakout,0.1954022988505747,14.42214403069468,VALIDATION
2025-10-17,CANFINHOME,True NR7 Volatility Expansion Breakout,0.2483660130718954,5.561322035147953,VALIDATION
2025-11-28,CANFINHOME,True NR7 Volatility Expansion Breakout,0.3706467661691542,2.7442681644505487,VALIDATION
2025-11-25,CCL,True NR7 Volatility Expansion Breakout,0.2124183006535947,-1.8516683720961178,VALIDATION
2025-12-11,CCL,True NR7 Volatility Expansion Breakout,0.1523809523809523,-3.360656716670865,VALIDATION
2025-12-16,CCL,True NR7 Volatility Expansion Breakout,0.2833333333333334,-4.520171627926006,VALIDATION
2025-10-16,CDSL,True NR7 Volatility Expansion Breakout,0.382716049382716,-2.9235509761677427,VALIDATION
2025-11-28,CDSL,True NR7 Volatility Expansion Breakout,0.1915422885572139,-6.332453669940062,VALIDATION
2025-11-12,3MINDIA,True NR7 Volatility Expansion Breakout,0.4272727272727272,-2.1891829991334477,VALIDATION
2025-12-03,3MINDIA,True NR7 Volatility Expansion Breakout,0.2857142857142857,0.7456173148594102,VALIDATION
2025-12-16,3MINDIA,True NR7 Volatility Expansion Breakout,0.4833333333333333,-1.2097331847562853,VALIDATION
2025-12-31,3MINDIA,True NR7 Volatility Expansion Breakout,0.4404761904761904,0.5818956124426542,VALIDATION
2025-10-21,ABCAPITAL,True NR7 Volatility Expansion Breakout,0.3805555555555555,6.600391396907379,VALIDATION
2025-11-12,ABCAPITAL,True NR7 Volatility Expansion Breakout,0.3696969696969697,5.01350386774336,VALIDATION
2025-11-21,ABCAPITAL,True NR7 Volatility Expansion Breakout,0.3113207547169812,9.07570892595103,VALIDATION
2025-11-27,ABCAPITAL,True NR7 Volatility Expansion Breakout,0.6638888888888889,0.29711893850638815,VALIDATION
2025-12-04,ABCAPITAL,True NR7 Volatility Expansion Breakout,0.6018518518518519,-1.9091072728268779,VALIDATION
2025-12-18,ABCAPITAL,True NR7 Volatility Expansion Breakout,0.5555555555555556,3.3323780586648053,VALIDATION
2025-12-19,ABCAPITAL,True NR7 Volatility Expansion Breakout,0.5148148148148147,3.7851736786337193,VALIDATION
2025-12-23,ABCAPITAL,True NR7 Volatility Expansion Breakout,0.4184397163120568,3.541220388104839,VALIDATION
2026-01-15,ABCAPITAL,True NR7 Volatility Expansion Breakout,0.5643939393939394,-5.611114501953125,VALIDATION
2025-10-20,ADANIENSOL,True NR7 Volatility Expansion Breakout,0.3306451612903225,4.333563858196916,VALIDATION
2025-11-10,ADANIENSOL,True NR7 Volatility Expansion Breakout,0.3229166666666667,-0.24164273377249357,VALIDATION
2025-11-17,ADANIENSOL,True NR7 Volatility Expansion Breakout,0.5966666666666667,-2.9057360946610786,VALIDATION
2025-11-25,ADANIENSOL,True NR7 Volatility Expansion Breakout,0.3464052287581698,-0.29667768941815853,VALIDATION
2025-12-04,ADANIENSOL,True NR7 Volatility Expansion Breakout,0.5030864197530863,-0.3012522039347715,VALIDATION
2025-12-24,ADANIENSOL,True NR7 Volatility Expansion Breakout,0.1944444444444444,-1.2611730096356752,VALIDATION
2025-11-28,AETHER,True NR7 Volatility Expansion Breakout,0.4402985074626865,-2.4148075061257273,VALIDATION
2025-12-12,AETHER,True NR7 Volatility Expansion Breakout,0.3598484848484848,-5.023089934408871,VALIDATION
2026-01-13,AETHER,True NR7 Volatility Expansion Breakout,0.6809523809523811,0.20097472249750342,VALIDATION
2026-01-15,AETHER,True NR7 Volatility Expansion Breakout,0.8219696969696969,-0.38771491394825913,VALIDATION
2026-01-28,AETHER,True NR7 Volatility Expansion Breakout,0.6111111111111112,-2.3482562772077116,VALIDATION
2025-11-27,AIAENG,True NR7 Volatility Expansion Breakout,0.7305555555555555,-5.403017390226859,VALIDATION
2025-11-28,AIAENG,True NR7 Volatility Expansion Breakout,0.7114427860696518,-3.81921933487068,VALIDATION
2025-12-02,AIAENG,True NR7 Volatility Expansion Breakout,0.5026041666666666,-2.8821393461118485,VALIDATION
2025-12-03,AIAENG,True NR7 Volatility Expansion Breakout,0.6101190476190476,-2.4789164324048043,VALIDATION
2026-01-29,AJANTPHARM,True NR7 Volatility Expansion Breakout,0.2450980392156863,6.371238471800263,VALIDATION
2025-10-31,ALKEM,True NR7 Volatility Expansion Breakout,0.453551912568306,3.471348793676114,VALIDATION
2025-11-19,ALKEM,True NR7 Volatility Expansion Breakout,0.2716049382716049,-1.7826120130650023,VALIDATION
2025-12-02,ALKEM,True NR7 Volatility Expansion Breakout,0.1119791666666666,0.16801554167329755,VALIDATION
2025-12-04,ALKEM,True NR7 Volatility Expansion Breakout,0.3024691358024691,-3.012736265920604,VALIDATION
2025-12-15,ALKEM,True NR7 Volatility Expansion Breakout,0.123015873015873,-2.902797682603123,VALIDATION
2025-12-12,ANGELONE,True NR7 Volatility Expansion Breakout,0.2916666666666667,-7.463709890436615,VALIDATION
2025-12-08,ANURAS,True NR7 Volatility Expansion Breakout,0.5050505050505051,6.382303725017106,VALIDATION
2025-12-17,ANURAS,True NR7 Volatility Expansion Breakout,0.7991452991452993,-0.3006388575723412,VALIDATION
2025-12-30,ANURAS,True NR7 Volatility Expansion Breakout,0.4444444444444445,1.3025332201344189,VALIDATION
2025-12-31,ANURAS,True NR7 Volatility Expansion Breakout,0.5158730158730159,-0.4445375648590535,VALIDATION
2026-01-15,ANURAS,True NR7 Volatility Expansion Breakout,0.5113636363636364,-5.751910784186014,VALIDATION
2025-10-24,APARINDS,True NR7 Volatility Expansion Breakout,0.3244047619047619,-6.122448979591836,VALIDATION
2025-11-25,APARINDS,True NR7 Volatility Expansion Breakout,0.1339869281045751,-2.616553024003548,VALIDATION
2025-10-20,APLAPOLLO,True NR7 Volatility Expansion Breakout,0.3387096774193548,0.9761606794480704,VALIDATION
2025-11-07,APLAPOLLO,True NR7 Volatility Expansion Breakout,0.5106382978723404,-4.48866507307214,VALIDATION
2025-11-11,APLAPOLLO,True NR7 Volatility Expansion Breakout,0.2533333333333333,-6.004759451767905,VALIDATION
2026-01-15,APLAPOLLO,True NR7 Volatility Expansion Breakout,0.5340909090909091,5.231478969746656,VALIDATION
2026-01-30,APLAPOLLO,True NR7 Volatility Expansion Breakout,0.75,8.460904781145322,VALIDATION
2025-10-16,APOLLOHOSP,True NR7 Volatility Expansion Breakout,0.425925925925926,-2.401519166612764,VALIDATION
2025-10-16,APOLLOTYRE,True NR7 Volatility Expansion Breakout,0.5216049382716049,1.930893830914102,VALIDATION
2025-10-29,APOLLOTYRE,True NR7 Volatility Expansion Breakout,0.3813131313131312,5.585061522873696,VALIDATION
2025-11-13,APOLLOTYRE,True NR7 Volatility Expansion Breakout,0.6089743589743589,-3.764487531413932,VALIDATION
2026-01-15,APOLLOTYRE,True NR7 Volatility Expansion Breakout,0.4128787878787878,-6.7809512659154105,VALIDATION
2025-10-30,ASAHIINDIA,True NR7 Volatility Expansion Breakout,0.4339080459770115,2.5875701704036405,VALIDATION
2025-11-14,ASAHIINDIA,True NR7 Volatility Expansion Breakout,0.3466666666666667,4.794662444253722,VALIDATION
2025-12-11,ASAHIINDIA,True NR7 Volatility Expansion Breakout,0.2761904761904761,-0.9354188661248635,VALIDATION
2025-10-15,ASHOKLEY,True NR7 Volatility Expansion Breakout,0.2653061224489796,3.1886763507277873,VALIDATION
2025-10-21,ASHOKLEY,True NR7 Volatility Expansion Breakout,0.3805555555555555,3.087582458883691,VALIDATION
2025-11-17,ASHOKLEY,True NR7 Volatility Expansion Breakout,0.5433333333333333,7.259956234786245,VALIDATION
2025-12-03,ASHOKLEY,True NR7 Volatility Expansion Breakout,0.7708333333333334,1.8326664388721043,VALIDATION
2025-12-05,ASHOKLEY,True NR7 Volatility Expansion Breakout,0.6701388888888888,7.607420169391363,VALIDATION
2025-12-17,ASHOKLEY,True NR7 Volatility Expansion Breakout,0.7136752136752137,10.376127582265,VALIDATION
2026-01-29,ASHOKLEY,True NR7 Volatility Expansion Breakout,0.7352941176470589,7.443996563909517,VALIDATION
2025-12-05,ASIANPAINT,True NR7 Volatility Expansion Breakout,0.6631944444444445,-5.8382410026532625,VALIDATION
2026-01-08,ASIANPAINT,True NR7 Volatility Expansion Breakout,0.3100775193798449,-3.597526012283149,VALIDATION
2026-01-15,ASIANPAINT,True NR7 Volatility Expansion Breakout,0.481060606060606,-13.703397433199052,VALIDATION
2025-10-21,AUBANK,True NR7 Volatility Expansion Breakout,0.7805555555555556,1.0668818898385557,VALIDATION
2025-10-31,AUBANK,True NR7 Volatility Expansion Breakout,0.592896174863388,3.392807705067108,VALIDATION
2025-11-13,AUBANK,True NR7 Volatility Expansion Breakout,0.4198717948717949,6.200606179783487,VALIDATION
2025-11-14,AUBANK,True NR7 Volatility Expansion Breakout,0.5466666666666666,6.731846043638291,VALIDATION
2025-11-28,AUBANK,True NR7 Volatility Expansion Breakout,0.845771144278607,1.2286904893212678,VALIDATION
2025-12-04,AUBANK,True NR7 Volatility Expansion Breakout,0.691358024691358,3.5272584133127403,VALIDATION
2025-12-16,AUBANK,True NR7 Volatility Expansion Breakout,0.7833333333333333,1.0670728357001298,VALIDATION
2026-01-15,AUBANK,True NR7 Volatility Expansion Breakout,0.4886363636363636,0.6145360884220122,VALIDATION
2025-12-22,AUROPHARMA,True NR7 Volatility Expansion Breakout,0.3433333333333333,-0.291519597924182,VALIDATION
2025-12-15,AVANTIFEED,True NR7 Volatility Expansion Breakout,0.373015873015873,1.7319513828861357,VALIDATION
2026-01-14,AVANTIFEED,True NR7 Volatility Expansion Breakout,0.3378378378378378,-4.252252404375678,VALIDATION
2025-10-15,AXISBANK,True NR7 Volatility Expansion Breakout,0.336734693877551,1.825053806144026,VALIDATION
2025-10-21,AXISBANK,True NR7 Volatility Expansion Breakout,0.7000000000000001,-1.4044972146401353,VALIDATION
2025-10-24,AXISBANK,True NR7 Volatility Expansion Breakout,0.5416666666666667,-3.105097404519198,VALIDATION
2025-11-07,AXISBANK,True NR7 Volatility Expansion Breakout,0.301418439716312,3.8248756950178313,VALIDATION
2025-11-19,AXISBANK,True NR7 Volatility Expansion Breakout,0.5524691358024691,-0.3372638407541872,VALIDATION
2025-11-21,AXISBANK,True NR7 Volatility Expansion Breakout,0.7798742138364781,-0.1556997916112641,VALIDATION
2025-12-04,AXISBANK,True NR7 Volatility Expansion Breakout,0.6358024691358025,-4.131586295026548,VALIDATION
2025-12-11,AXISBANK,True NR7 Volatility Expansion Breakout,0.5142857142857143,-4.196571138460713,VALIDATION
2026-01-07,AXISBANK,True NR7 Volatility Expansion Breakout,0.5151515151515151,-1.085457059149629,VALIDATION
2026-01-12,AXISBANK,True NR7 Volatility Expansion Breakout,0.4583333333333333,2.829011221204388,VALIDATION
2026-01-15,AXISBANK,True NR7 Volatility Expansion Breakout,0.4886363636363636,5.51277887341391,VALIDATION
2025-11-06,BAJAJFINSV,True NR7 Volatility Expansion Breakout,0.3197278911564625,0.7306398639033462,VALIDATION
2025-10-21,BAJFINANCE,True NR7 Volatility Expansion Breakout,0.7527777777777778,-4.41283222234324,VALIDATION
2025-12-03,BAJFINANCE,True NR7 Volatility Expansion Breakout,0.3154761904761904,-2.601586714401125,VALIDATION
2025-11-13,BANKBARODA,True NR7 Volatility Expansion Breakout,0.3717948717948718,0.24373596494967129,VALIDATION
2025-11-27,BANKBARODA,True NR7 Volatility Expansion Breakout,0.4416666666666666,-1.6902386956118138,VALIDATION
2025-12-12,BANKBARODA,True NR7 Volatility Expansion Breakout,0.5303030303030303,0.4014631130118444,VALIDATION
2025-12-29,BANKBARODA,True NR7 Volatility Expansion Breakout,0.4563492063492063,4.1530303375955935,VALIDATION
2026-01-13,BANKBARODA,True NR7 Volatility Expansion Breakout,0.4047619047619047,0.8231797051760884,VALIDATION
2026-01-15,BANKBARODA,True NR7 Volatility Expansion Breakout,0.5795454545454546,-2.6974399845353902,VALIDATION
2025-10-21,BANKINDIA,True NR7 Volatility Expansion Breakout,0.7416666666666667,6.601259013368317,VALIDATION
2025-11-18,BANKINDIA,True NR7 Volatility Expansion Breakout,0.5272108843537415,-1.9973167997632582,VALIDATION
2025-11-28,BANKINDIA,True NR7 Volatility Expansion Breakout,0.6616915422885572,-4.519625860942524,VALIDATION
2025-12-12,BANKINDIA,True NR7 Volatility Expansion Breakout,0.2916666666666667,-1.172560754199772,VALIDATION
2025-12-19,BANKINDIA,True NR7 Volatility Expansion Breakout,0.4037037037037037,4.525807827528815,VALIDATION
2026-01-13,BANKINDIA,True NR7 Volatility Expansion Breakout,0.4619047619047619,13.0828437410658,VALIDATION
2026-01-15,BANKINDIA,True NR7 Volatility Expansion Breakout,0.7689393939393939,6.905541680609517,VALIDATION
2026-01-28,BANKINDIA,True NR7 Volatility Expansion Breakout,0.753968253968254,-0.33989515978568924,VALIDATION
2026-02-03,BANKINDIA,True NR7 Volatility Expansion Breakout,0.3240740740740741,5.805933462169574,VALIDATION
2025-10-21,BEML,True NR7 Volatility Expansion Breakout,0.3388888888888888,-10.099550974178653,VALIDATION
2025-10-28,BERGEPAINT,True NR7 Volatility Expansion Breakout,0.1512345679012345,2.6764407697030594,VALIDATION
2025-10-29,BERGEPAINT,True NR7 Volatility Expansion Breakout,0.1717171717171717,5.842496126028202,VALIDATION
2025-11-17,BERGEPAINT,True NR7 Volatility Expansion Breakout,0.3433333333333333,-4.581333729479275,VALIDATION
2025-12-10,BHARATFORG,True NR7 Volatility Expansion Breakout,0.4358974358974359,4.172649026372159,VALIDATION
2025-12-29,BHARATFORG,True NR7 Volatility Expansion Breakout,0.746031746031746,0.08245469701579944,VALIDATION
2026-01-30,BHARATFORG,True NR7 Volatility Expansion Breakout,0.3981481481481482,19.842861372927505,VALIDATION
2025-10-21,BHARTIARTL,True NR7 Volatility Expansion Breakout,0.4138888888888889,1.5020111335140676,VALIDATION
2025-10-31,BHARTIARTL,True NR7 Volatility Expansion Breakout,0.4699453551912569,1.851667521810095,VALIDATION
2025-11-17,BHARTIARTL,True NR7 Volatility Expansion Breakout,0.3366666666666666,-1.5221516906397923,VALIDATION
2025-11-19,BHARTIARTL,True NR7 Volatility Expansion Breakout,0.419753086419753,-3.7023342147637845,VALIDATION
2025-11-20,BHARTIARTL,True NR7 Volatility Expansion Breakout,0.5454545454545454,-3.019401619442345,VALIDATION
2025-12-05,BHARTIARTL,True NR7 Volatility Expansion Breakout,0.3333333333333333,-0.7898263757763144,VALIDATION
2025-12-15,BHARTIARTL,True NR7 Volatility Expansion Breakout,0.238095238095238,1.0053386805673121,VALIDATION
2026-01-01,BHARTIARTL,True NR7 Volatility Expansion Breakout,0.1805555555555555,-4.774235653652506,VALIDATION
2026-01-05,BHARTIARTL,True NR7 Volatility Expansion Breakout,0.1884057971014493,-4.834059210002567,VALIDATION
2025-11-14,BHEL,True NR7 Volatility Expansion Breakout,0.75,2.2319837861798297,VALIDATION
2025-11-28,BHEL,True NR7 Volatility Expansion Breakout,0.8059701492537313,-2.728973943708662,VALIDATION
2025-12-23,BHEL,True NR7 Volatility Expansion Breakout,0.6099290780141843,6.752236678458899,VALIDATION
2025-10-16,BIOCON,True NR7 Volatility Expansion Breakout,0.0679012345679012,3.2177573261295334,VALIDATION
2025-11-21,BIOCON,True NR7 Volatility Expansion Breakout,0.4622641509433962,-2.3015705658317542,VALIDATION
2025-11-25,BIOCON,True NR7 Volatility Expansion Breakout,0.2712418300653594,-3.2652557586080615,VALIDATION
2025-12-12,BIOCON,True NR7 Volatility Expansion Breakout,0.1401515151515151,0.35989729213552235,VALIDATION
2025-12-17,BIOCON,True NR7 Volatility Expansion Breakout,0.1538461538461538,-0.24441085173059546,VALIDATION
2025-12-23,BIOCON,True NR7 Volatility Expansion Breakout,0.3936170212765957,-4.195542275857755,VALIDATION
2025-12-30,BIOCON,True NR7 Volatility Expansion Breakout,0.2393162393162393,-3.9949195977174874,VALIDATION
2025-10-20,BLUESTARCO,True NR7 Volatility Expansion Breakout,0.271505376344086,-3.4927042637095265,VALIDATION
2025-10-23,BLUESTARCO,True NR7 Volatility Expansion Breakout,0.3947368421052631,-11.555732463909813,VALIDATION
2025-10-30,BLUESTARCO,True NR7 Volatility Expansion Breakout,0.4022988505747126,-10.096592914858379,VALIDATION
2025-11-04,BORORENEW,True NR7 Volatility Expansion Breakout,0.157051282051282,-8.267606311901538,VALIDATION
2026-01-15,BOSCHLTD,True NR7 Volatility Expansion Breakout,0.2613636363636363,-2.469631143647328,VALIDATION
2025-10-15,BSE,True NR7 Volatility Expansion Breakout,0.3401360544217687,-1.3528276598083124,VALIDATION
2025-10-30,BSE,True NR7 Volatility Expansion Breakout,0.1954022988505747,14.42214403069468,VALIDATION
2025-11-11,BSE,True NR7 Volatility Expansion Breakout,0.3433333333333332,2.5487376451068355,VALIDATION
2025-11-17,BSE,True NR7 Volatility Expansion Breakout,0.4933333333333333,1.766264555035308,VALIDATION
2025-11-27,BSE,True NR7 Volatility Expansion Breakout,0.7555555555555555,-8.204074210537673,VALIDATION
2025-11-28,BSE,True NR7 Volatility Expansion Breakout,0.6517412935323382,-7.045507617308425,VALIDATION
2025-12-19,BSE,True NR7 Volatility Expansion Breakout,0.4333333333333333,-2.3054413694401346,VALIDATION
2026-01-15,BSE,True NR7 Volatility Expansion Breakout,0.5719696969696969,-1.894071587815824,VALIDATION
2026-01-28,BSE,True NR7 Volatility Expansion Breakout,0.4841269841269841,12.265023042770114,VALIDATION
2025-11-06,CANBK,True NR7 Volatility Expansion Breakout,0.7380952380952381,5.108347190585441,VALIDATION
2025-11-27,CANBK,True NR7 Volatility Expansion Breakout,0.7888888888888888,-3.421045659161278,VALIDATION
2025-11-28,CANBK,True NR7 Volatility Expansion Breakout,0.9079601990049752,-3.748185111308004,VALIDATION
2025-12-12,CANBK,True NR7 Volatility Expansion Breakout,0.6174242424242424,2.117865828806559,VALIDATION
2026-01-13,CANBK,True NR7 Volatility Expansion Breakout,0.3571428571428572,4.056999924373252,VALIDATION
2026-01-15,CANBK,True NR7 Volatility Expansion Breakout,0.6477272727272728,-4.272734139726449,VALIDATION
2025-10-16,CANFINHOME,True NR7 Volatility Expansion Breakout,0.4228395061728395,7.659867753167628,VALIDATION
2025-10-17,CANFINHOME,True NR7 Volatility Expansion Breakout,0.2483660130718954,5.561322035147953,VALIDATION
2025-10-28,CANFINHOME,True NR7 Volatility Expansion Breakout,0.5339506172839507,1.6672452661748758,VALIDATION
2025-11-10,CANFINHOME,True NR7 Volatility Expansion Breakout,0.4722222222222222,0.7013545019347743,VALIDATION
2025-11-28,CANFINHOME,True NR7 Volatility Expansion Breakout,0.3706467661691542,2.7442681644505487,VALIDATION
2025-12-12,CANFINHOME,True NR7 Volatility Expansion Breakout,0.6477272727272727,-1.2371968996448384,VALIDATION
2026-01-15,CANFINHOME,True NR7 Volatility Expansion Breakout,0.4507575757575757,1.2047527035611845,VALIDATION
2025-11-25,CCL,True NR7 Volatility Expansion Breakout,0.2124183006535947,-1.8516683720961178,VALIDATION
2025-12-11,CCL,True NR7 Volatility Expansion Breakout,0.1523809523809523,-3.360656716670865,VALIDATION
2025-12-16,CCL,True NR7 Volatility Expansion Breakout,0.2833333333333334,-4.520171627926006,VALIDATION
2026-01-15,CCL,True NR7 Volatility Expansion Breakout,0.4128787878787879,1.1569687926933738,VALIDATION
2025-10-16,CDSL,True NR7 Volatility Expansion Breakout,0.382716049382716,-2.9235509761677427,VALIDATION
2025-10-21,CDSL,True NR7 Volatility Expansion Breakout,0.2972222222222222,-5.077713627011907,VALIDATION
2025-11-28,CDSL,True NR7 Volatility Expansion Breakout,0.1915422885572139,-6.332453669940062,VALIDATION
2025-11-26,CEATLTD,True NR7 Volatility Expansion Breakout,0.2604166666666667,-2.5468058313320814,VALIDATION
2026-01-15,CEATLTD,True NR7 Volatility Expansion Breakout,0.2386363636363636,-2.163846513035053,VALIDATION
2025-11-28,CENTURYPLY,True NR7 Volatility Expansion Breakout,0.2810945273631841,4.120407774490677,VALIDATION
2025-12-26,CENTURYPLY,True NR7 Volatility Expansion Breakout,0.2424242424242424,-7.713501321222119,VALIDATION
2026-02-20,3MINDIA,EMA Pullback / Bounce,0.2444444444444444,-8.3699,TEST
2026-02-23,3MINDIA,EMA Pullback / Bounce,0.1875,-5.7036,TEST
2026-02-24,3MINDIA,EMA Pullback / Bounce,0.1324786324786324,-6.3333,TEST
2026-02-25,3MINDIA,EMA Pullback / Bounce,0.2072072072072072,-6.1294,TEST
2026-02-26,3MINDIA,EMA Pullback / Bounce,0.1999999999999999,-9.2323,TEST
2026-02-27,3MINDIA,RS Momentum Breakout,0.5945945945945946,-7.7891,TEST
2026-03-02,3MINDIA,EMA Pullback / Bounce,0.2901234567901234,-6.798,TEST
2026-04-27,3MINDIA,Donchian Channel Breakout,0.2395833333333333,-7.7381,TEST
2026-04-27,3MINDIA,VCP Volatility Contraction Breakout,0.2395833333333333,-7.7381,TEST
2026-04-27,3MINDIA,RS Momentum Breakout,0.2395833333333333,-7.7381,TEST
2026-04-28,3MINDIA,VCP Volatility Contraction Breakout,0.3277777777777778,-7.4885,TEST
2026-04-29,3MINDIA,VCP Volatility Contraction Breakout,0.3970588235294117,-5.8264,TEST
2026-04-30,3MINDIA,VCP Volatility Contraction Breakout,0.1964285714285714,-6.1712,TEST
2026-05-04,3MINDIA,VCP Volatility Contraction Breakout,0.0972222222222222,-3.6029,TEST
2026-07-02,3MINDIA,VCP Volatility Contraction Breakout,0.4166666666666667,3.929,TEST
2026-07-03,3MINDIA,Donchian Channel Breakout,0.6881720430107526,0.3973,TEST
2026-07-03,3MINDIA,VCP Volatility Contraction Breakout,0.6881720430107526,0.3973,TEST
2026-07-03,3MINDIA,RS Momentum Breakout,0.6881720430107526,0.3973,TEST
2026-07-06,3MINDIA,Donchian Channel Breakout,0.537037037037037,1.5635,TEST
2026-07-06,3MINDIA,VCP Volatility Contraction Breakout,0.537037037037037,1.5635,TEST
2026-07-06,3MINDIA,RS Momentum Breakout,0.537037037037037,1.5635,TEST
2026-07-07,3MINDIA,Donchian Channel Breakout,0.5,1.3474,TEST
2026-07-07,3MINDIA,VCP Volatility Contraction Breakout,0.5,1.3474,TEST
2026-07-07,3MINDIA,RS Momentum Breakout,0.5,1.3474,TEST
2026-07-08,3MINDIA,VCP Volatility Contraction Breakout,0.4484126984126984,5.6629,TEST
2026-07-09,3MINDIA,VCP Volatility Contraction Breakout,0.5444444444444444,1.5779,TEST
2026-07-09,3MINDIA,RS Momentum Breakout,0.5444444444444444,1.5779,TEST
2026-07-10,3MINDIA,Donchian Channel Breakout,0.4397163120567375,2.023,TEST
2026-07-10,3MINDIA,VCP Volatility Contraction Breakout,0.4397163120567375,2.023,TEST
2026-07-10,3MINDIA,RS Momentum Breakout,0.4397163120567375,2.023,TEST
2026-07-13,3MINDIA,Donchian Channel Breakout,0.7484276729559749,-0.8203,TEST
2026-07-13,3MINDIA,VCP Volatility Contraction Breakout,0.7484276729559749,-0.8203,TEST
2026-07-13,3MINDIA,RS Momentum Breakout,0.7484276729559749,-0.8203,TEST
2026-07-14,3MINDIA,Donchian Channel Breakout,0.7733333333333333,-3.0022,TEST
2026-07-14,3MINDIA,VCP Volatility Contraction Breakout,0.7733333333333333,-3.0022,TEST
2026-07-14,3MINDIA,RS Momentum Breakout,0.7733333333333333,-3.0022,TEST
2026-07-15,3MINDIA,VCP Volatility Contraction Breakout,0.6972789115646258,0.106,TEST
2026-07-15,3MINDIA,RS Momentum Breakout,0.6972789115646258,0.106,TEST
2026-07-16,3MINDIA,VCP Volatility Contraction Breakout,0.5988700564971751,0.1146,TEST
2026-07-16,3MINDIA,RS Momentum Breakout,0.5988700564971751,0.1146,TEST
2026-07-17,3MINDIA,VCP Volatility Contraction Breakout,0.5364583333333334,-0.9302,TEST
2026-07-20,3MINDIA,VCP Volatility Contraction Breakout,0.5370370370370371,2.0289,TEST
2026-07-20,3MINDIA,RS Momentum Breakout,0.5370370370370371,2.0289,TEST
2026-07-21,3MINDIA,VCP Volatility Contraction Breakout,0.4660493827160494,1.204,TEST
2026-07-21,3MINDIA,RS Momentum Breakout,0.4660493827160494,1.204,TEST
2026-07-22,3MINDIA,VCP Volatility Contraction Breakout,0.7644927536231885,0.5758,TEST
2026-07-22,3MINDIA,RS Momentum Breakout,0.7644927536231885,0.5758,TEST
2026-07-23,3MINDIA,VCP Volatility Contraction Breakout,0.6140350877192983,2.5349,TEST
2026-07-24,3MINDIA,VCP Volatility Contraction Breakout,0.5952380952380952,0.6845,TEST
2026-07-24,3MINDIA,RS Momentum Breakout,0.5952380952380952,0.6845,TEST
2026-02-25,AARTIIND,RS Momentum Breakout,0.4504504504504504,-2.0417,TEST
2026-02-26,AARTIIND,RS Momentum Breakout,0.4904761904761904,-8.0328,TEST
2026-03-02,AARTIIND,EMA Pullback / Bounce,0.3518518518518518,0.4729,TEST
2026-03-10,AARTIIND,EMA Pullback / Bounce,0.5333333333333333,-1.7251,TEST
2026-03-11,AARTIIND,EMA Pullback / Bounce,0.5526315789473685,0.2907,TEST
2026-03-16,AARTIIND,EMA Pullback / Bounce,0.6296296296296297,-3.2342,TEST
2026-03-17,AARTIIND,EMA Pullback / Bounce,0.5333333333333333,-3.824,TEST
2026-03-18,AARTIIND,EMA Pullback / Bounce,0.4444444444444445,-5.0951,TEST
2026-03-20,AARTIIND,EMA Pullback / Bounce,0.5333333333333333,0.1782,TEST
2026-03-25,AARTIIND,EMA Pullback / Bounce,0.6333333333333333,-0.4575,TEST
2026-04-08,AARTIIND,EMA Pullback / Bounce,0.303030303030303,10.5076,TEST
2026-04-09,AARTIIND,EMA Pullback / Bounce,0.2222222222222222,11.2353,TEST
2026-04-10,AARTIIND,EMA Pullback / Bounce,0.3478260869565217,16.9258,TEST
2026-04-13,AARTIIND,EMA Pullback / Bounce,0.5625,15.8661,TEST
2026-04-17,AARTIIND,Donchian Channel Breakout,0.4195402298850574,14.6116,TEST
2026-04-20,AARTIIND,Donchian Channel Breakout,0.5277777777777778,14.3526,TEST
2026-04-20,AARTIIND,RS Momentum Breakout,0.5277777777777778,14.3526,TEST
2026-04-21,AARTIIND,Donchian Channel Breakout,0.484375,8.4203,TEST
2026-04-21,AARTIIND,RS Momentum Breakout,0.484375,8.4203,TEST
2026-04-22,AARTIIND,Donchian Channel Breakout,0.7820512820512819,6.3782,TEST
2026-04-22,AARTIIND,RS Momentum Breakout,0.7820512820512819,6.3782,TEST
2026-04-23,AARTIIND,RS Momentum Breakout,0.7142857142857143,3.7955,TEST
2026-04-24,AARTIIND,RS Momentum Breakout,0.7727272727272728,1.5586,TEST
2026-04-27,AARTIIND,Donchian Channel Breakout,0.9010416666666666,-1.0656,TEST
2026-04-27,AARTIIND,RS Momentum Breakout,0.9010416666666666,-1.0656,TEST
2026-04-28,AARTIIND,Donchian Channel Breakout,0.9277777777777776,-7.2277,TEST
2026-04-28,AARTIIND,RS Momentum Breakout,0.9277777777777776,-7.2277,TEST
2026-04-29,AARTIIND,RS Momentum Breakout,0.784313725490196,-6.29,TEST
2026-04-30,AARTIIND,RS Momentum Breakout,0.8095238095238096,-7.7833,TEST
2026-05-01,AARTIIND,RS Momentum Breakout,0.6989247311827956,-9.1131,TEST
2026-05-04,AARTIIND,Donchian Channel Breakout,0.7916666666666666,-10.1062,TEST
2026-05-04,AARTIIND,RS Momentum Breakout,0.7916666666666666,-10.1062,TEST
2026-05-05,AARTIIND,RS Momentum Breakout,0.7373737373737373,-4.6627,TEST
2026-05-06,AARTIIND,RS Momentum Breakout,0.6960784313725489,-6.7237,TEST
2026-05-13,AARTIIND,EMA Pullback / Bounce,0.1309523809523809,6.7583,TEST
2026-05-14,AARTIIND,EMA Pullback / Bounce,0.1904761904761904,6.9979,TEST
2026-05-19,AARTIIND,EMA Pullback / Bounce,0.1264367816091954,1.0215,TEST
2026-05-22,AARTIIND,EMA Pullback / Bounce,0.2342342342342342,-4.3737,TEST
2026-05-27,AARTIIND,RS Momentum Breakout,0.4841269841269841,-13.3999,TEST
2026-05-28,AARTIIND,VCP Volatility Contraction Breakout,0.572139303482587,-14.5582,TEST
2026-05-28,AARTIIND,RS Momentum Breakout,0.572139303482587,-14.5582,TEST
2026-05-29,AARTIIND,EMA Pullback / Bounce,0.2297297297297297,-7.2226,TEST
2026-06-15,AARTIIND,RS Momentum Breakout,0.6821705426356589,-7.7389,TEST
2026-06-16,AARTIIND,RS Momentum Breakout,0.660377358490566,-7.731,TEST
2026-06-23,AARTIIND,EMA Pullback / Bounce,0.1057692307692307,0.7263,TEST
2026-06-24,AARTIIND,EMA Pullback / Bounce,0.2076023391812865,-0.2144,TEST
2026-06-25,AARTIIND,EMA Pullback / Bounce,0.15625,0.4077,TEST
2026-06-26,AARTIIND,EMA Pullback / Bounce,0.2662037037037036,3.873,TEST
2026-07-01,AARTIIND,EMA Pullback / Bounce,0.0915032679738562,6.9872,TEST
2026-07-02,AARTIIND,VCP Volatility Contraction Breakout,0.2916666666666667,4.0722,TEST
2026-07-03,AARTIIND,VCP Volatility Contraction Breakout,0.2473118279569892,1.7824,TEST
2026-07-06,AARTIIND,VCP Volatility Contraction Breakout,0.2839506172839506,1.102,TEST
2026-07-07,AARTIIND,VCP Volatility Contraction Breakout,0.1666666666666666,4.4979,TEST
2026-07-07,AARTIIND,EMA Pullback / Bounce,0.1666666666666666,4.4979,TEST
2026-07-09,AARTIIND,EMA Pullback / Bounce,0.0962962962962963,1.7447,TEST
2026-07-10,AARTIIND,VCP Volatility Contraction Breakout,0.2765957446808511,-0.9638,TEST
2026-07-13,AARTIIND,VCP Volatility Contraction Breakout,0.3270440251572327,1.1023,TEST
2026-07-14,AARTIIND,VCP Volatility Contraction Breakout,0.3833333333333333,-2.0142,TEST
2026-07-15,AARTIIND,Donchian Channel Breakout,0.7006802721088435,-3.2869,TEST
2026-07-15,AARTIIND,VCP Volatility Contraction Breakout,0.7006802721088435,-3.2869,TEST
2026-07-15,AARTIIND,RS Momentum Breakout,0.7006802721088435,-3.2869,TEST
2026-07-16,AARTIIND,VCP Volatility Contraction Breakout,0.7570621468926554,-4.8355,TEST
2026-07-16,AARTIIND,RS Momentum Breakout,0.7570621468926554,-4.8355,TEST
2026-07-17,AARTIIND,VCP Volatility Contraction Breakout,0.5494791666666666,-0.7307,TEST
2026-07-20,AARTIIND,VCP Volatility Contraction Breakout,0.4888888888888889,-1.6566,TEST
2026-07-21,AARTIIND,VCP Volatility Contraction Breakout,0.4351851851851852,-4.1961,TEST
2026-07-22,AARTIIND,VCP Volatility Contraction Breakout,0.5760869565217391,-1.45,TEST
2026-07-23,AARTIIND,EMA Pullback / Bounce,0.2149122807017544,5.5158,TEST
2026-07-24,AARTIIND,EMA Pullback / Bounce,0.1476190476190476,4.6042,TEST
2026-02-18,ABCAPITAL,EMA Pullback / Bounce,0.3676470588235294,-6.4,TEST
2026-02-23,ABCAPITAL,EMA Pullback / Bounce,0.4708333333333334,-3.6232,TEST
2026-02-24,ABCAPITAL,EMA Pullback / Bounce,0.5042735042735043,-7.8805,TEST
2026-04-08,ABCAPITAL,Donchian Channel Breakout,0.303030303030303,3.507,TEST
2026-04-10,ABCAPITAL,Donchian Channel Breakout,0.3188405797101449,3.7716,TEST
2026-04-15,ABCAPITAL,Donchian Channel Breakout,0.3015873015873015,0.679,TEST
2026-04-22,ABCAPITAL,Donchian Channel Breakout,0.3675213675213675,6.0445,TEST
2026-04-28,ABCAPITAL,EMA Pullback / Bounce,0.3277777777777778,0.3677,TEST
2026-05-05,ABCAPITAL,Donchian Channel Breakout,0.5606060606060607,-3.7808,TEST
2026-05-05,ABCAPITAL,RS Momentum Breakout,0.5606060606060607,-3.7808,TEST
2026-05-06,ABCAPITAL,Donchian Channel Breakout,0.5147058823529411,-4.7863,TEST
2026-05-06,ABCAPITAL,RS Momentum Breakout,0.5147058823529411,-4.7863,TEST
2026-05-07,ABCAPITAL,RS Momentum Breakout,0.4310344827586207,-5.3117,TEST
2026-05-08,ABCAPITAL,RS Momentum Breakout,0.2892156862745098,-0.1955,TEST
2026-05-11,ABCAPITAL,EMA Pullback / Bounce,0.2277777777777777,3.1778,TEST
2026-05-13,ABCAPITAL,EMA Pullback / Bounce,0.125,5.3559,TEST
2026-05-14,ABCAPITAL,EMA Pullback / Bounce,0.2857142857142857,4.3615,TEST
2026-05-18,ABCAPITAL,EMA Pullback / Bounce,0.3505747126436782,-0.3695,TEST
2026-05-19,ABCAPITAL,VCP Volatility Contraction Breakout,0.2988505747126437,-0.4816,TEST
2026-05-19,ABCAPITAL,EMA Pullback / Bounce,0.2988505747126437,-0.4816,TEST
2026-05-20,ABCAPITAL,EMA Pullback / Bounce,0.4567901234567901,-2.8145,TEST
2026-05-21,ABCAPITAL,EMA Pullback / Bounce,0.3172043010752688,0.755,TEST
2026-05-25,ABCAPITAL,VCP Volatility Contraction Breakout,0.3449612403100775,-5.5853,TEST
2026-05-26,ABCAPITAL,VCP Volatility Contraction Breakout,0.4404761904761904,-3.2227,TEST
2026-05-27,ABCAPITAL,VCP Volatility Contraction Breakout,0.3531746031746032,-6.0839,TEST
2026-05-27,ABCAPITAL,RS Momentum Breakout,0.3531746031746032,-6.0839,TEST
2026-05-28,ABCAPITAL,VCP Volatility Contraction Breakout,0.4427860696517413,-8.2459,TEST
2026-05-28,ABCAPITAL,RS Momentum Breakout,0.4427860696517413,-8.2459,TEST
2026-05-29,ABCAPITAL,VCP Volatility Contraction Breakout,0.3918918918918919,-2.2919,TEST
2026-06-01,ABCAPITAL,EMA Pullback / Bounce,0.1617647058823529,5.6225,TEST
2026-06-02,ABCAPITAL,EMA Pullback / Bounce,0.0862068965517241,6.7085,TEST
2026-06-04,ABCAPITAL,VCP Volatility Contraction Breakout,0.2722222222222222,4.7189,TEST
2026-06-04,ABCAPITAL,EMA Pullback / Bounce,0.2722222222222222,4.7189,TEST
2026-06-05,ABCAPITAL,VCP Volatility Contraction Breakout,0.3640350877192982,6.7898,TEST
2026-06-05,ABCAPITAL,EMA Pullback / Bounce,0.3640350877192982,6.7898,TEST
2026-06-09,ABCAPITAL,EMA Pullback / Bounce,0.1999999999999999,9.2216,TEST
2026-06-12,ABCAPITAL,VCP Volatility Contraction Breakout,0.3658536585365854,7.6139,TEST
2026-06-15,ABCAPITAL,Donchian Channel Breakout,0.4806201550387597,4.7011,TEST
2026-06-16,ABCAPITAL,Donchian Channel Breakout,0.6037735849056604,4.5758,TEST
2026-06-16,ABCAPITAL,VCP Volatility Contraction Breakout,0.6037735849056604,4.5758,TEST
2026-06-16,ABCAPITAL,RS Momentum Breakout,0.6037735849056604,4.5758,TEST
2026-06-17,ABCAPITAL,VCP Volatility Contraction Breakout,0.560344827586207,5.022,TEST
2026-06-17,ABCAPITAL,RS Momentum Breakout,0.560344827586207,5.022,TEST
2026-06-18,ABCAPITAL,VCP Volatility Contraction Breakout,0.3580246913580247,6.2171,TEST
2026-06-19,ABCAPITAL,Donchian Channel Breakout,0.6271186440677966,6.1508,TEST
2026-06-19,ABCAPITAL,VCP Volatility Contraction Breakout,0.6271186440677966,6.1508,TEST
2026-06-19,ABCAPITAL,RS Momentum Breakout,0.6271186440677966,6.1508,TEST
2026-06-22,ABCAPITAL,Donchian Channel Breakout,0.703125,3.892,TEST
2026-06-22,ABCAPITAL,VCP Volatility Contraction Breakout,0.703125,3.892,TEST
2026-06-22,ABCAPITAL,RS Momentum Breakout,0.703125,3.892,TEST
2026-06-23,ABCAPITAL,VCP Volatility Contraction Breakout,0.4903846153846154,5.6417,TEST
2026-06-23,ABCAPITAL,RS Momentum Breakout,0.4903846153846154,5.6417,TEST
2026-06-24,ABCAPITAL,Donchian Channel Breakout,0.7192982456140351,-2.9682,TEST
2026-06-24,ABCAPITAL,VCP Volatility Contraction Breakout,0.7192982456140351,-2.9682,TEST
2026-06-24,ABCAPITAL,RS Momentum Breakout,0.7192982456140351,-2.9682,TEST
2026-06-25,ABCAPITAL,VCP Volatility Contraction Breakout,0.6145833333333334,1.6761,TEST
2026-06-25,ABCAPITAL,RS Momentum Breakout,0.6145833333333334,1.6761,TEST
2026-06-26,ABCAPITAL,VCP Volatility Contraction Breakout,0.5671296296296297,4.6923,TEST
2026-06-26,ABCAPITAL,RS Momentum Breakout,0.5671296296296297,4.6923,TEST
2026-06-29,ABCAPITAL,VCP Volatility Contraction Breakout,0.6099290780141844,5.04,TEST
2026-06-30,ABCAPITAL,VCP Volatility Contraction Breakout,0.59,1.6938,TEST
2026-06-30,ABCAPITAL,RS Momentum Breakout,0.59,1.6938,TEST
2026-07-01,ABCAPITAL,VCP Volatility Contraction Breakout,0.4738562091503267,3.0064,TEST
2026-07-01,ABCAPITAL,RS Momentum Breakout,0.4738562091503267,3.0064,TEST
2026-07-02,ABCAPITAL,VCP Volatility Contraction Breakout,0.5208333333333334,0.8325,TEST
2026-07-02,ABCAPITAL,RS Momentum Breakout,0.5208333333333334,0.8325,TEST
2026-07-03,ABCAPITAL,Donchian Channel Breakout,0.7526881720430109,-0.1864,TEST
2026-07-03,ABCAPITAL,VCP Volatility Contraction Breakout,0.7526881720430109,-0.1864,TEST
2026-07-03,ABCAPITAL,RS Momentum Breakout,0.7526881720430109,-0.1864,TEST
2026-07-06,ABCAPITAL,Donchian Channel Breakout,0.6666666666666666,-2.0988,TEST
2026-07-06,ABCAPITAL,VCP Volatility Contraction Breakout,0.6666666666666666,-2.0988,TEST
2026-07-06,ABCAPITAL,RS Momentum Breakout,0.6666666666666666,-2.0988,TEST
2026-07-07,ABCAPITAL,VCP Volatility Contraction Breakout,0.6499999999999999,1.9058,TEST
2026-07-07,ABCAPITAL,RS Momentum Breakout,0.6499999999999999,1.9058,TEST
2026-07-08,ABCAPITAL,VCP Volatility Contraction Breakout,0.4841269841269841,3.5677,TEST
2026-07-08,ABCAPITAL,EMA Pullback / Bounce,0.4841269841269841,3.5677,TEST
2026-07-09,ABCAPITAL,VCP Volatility Contraction Breakout,0.4444444444444444,-1.9375,TEST
2026-07-10,ABCAPITAL,VCP Volatility Contraction Breakout,0.4787234042553192,-2.7531,TEST
2026-07-10,ABCAPITAL,RS Momentum Breakout,0.4787234042553192,-2.7531,TEST
2026-07-13,ABCAPITAL,VCP Volatility Contraction Breakout,0.3867924528301887,-0.8787,TEST
2026-07-13,ABCAPITAL,RS Momentum Breakout,0.3867924528301887,-0.8787,TEST
2026-07-14,ABCAPITAL,VCP Volatility Contraction Breakout,0.5533333333333333,-2.8908,TEST
2026-07-15,ABCAPITAL,VCP Volatility Contraction Breakout,0.4081632653061224,-1.5842,TEST
2026-07-16,ABCAPITAL,VCP Volatility Contraction Breakout,0.4293785310734463,-1.4752,TEST
2026-07-17,ABCAPITAL,VCP Volatility Contraction Breakout,0.6145833333333334,0.8355,TEST
2026-07-20,ABCAPITAL,VCP Volatility Contraction Breakout,0.4592592592592592,5.7307,TEST
2026-07-21,ABCAPITAL,Donchian Channel Breakout,0.6265432098765432,2.8404,TEST
2026-07-21,ABCAPITAL,VCP Volatility Contraction Breakout,0.6265432098765432,2.8404,TEST
2026-07-21,ABCAPITAL,RS Momentum Breakout,0.6265432098765432,2.8404,TEST
2026-07-22,ABCAPITAL,VCP Volatility Contraction Breakout,0.6920289855072465,6.4411,TEST
2026-07-22,ABCAPITAL,EMA Pullback / Bounce,0.6920289855072465,6.4411,TEST
2026-07-23,ABCAPITAL,VCP Volatility Contraction Breakout,0.5964912280701754,8.0769,TEST
2026-07-23,ABCAPITAL,EMA Pullback / Bounce,0.5964912280701754,8.0769,TEST
2026-07-24,ABCAPITAL,VCP Volatility Contraction Breakout,0.5952380952380952,2.8481,TEST
2026-07-24,ABCAPITAL,EMA Pullback / Bounce,0.5952380952380952,2.8481,TEST
2026-02-18,ADANIENSOL,Donchian Channel Breakout,0.2549019607843137,-4.5507,TEST
2026-02-20,ADANIENSOL,EMA Pullback / Bounce,0.4055555555555556,-2.1633,TEST
2026-02-23,ADANIENSOL,EMA Pullback / Bounce,0.2708333333333333,1.3853,TEST
2026-02-24,ADANIENSOL,Donchian Channel Breakout,0.4273504273504273,-4.707,TEST
2026-02-27,ADANIENSOL,EMA Pullback / Bounce,0.2657657657657657,3.6941,TEST
2026-03-05,ADANIENSOL,EMA Pullback / Bounce,0.25,2.5816,TEST
2026-03-06,ADANIENSOL,EMA Pullback / Bounce,0.3846153846153846,4.0598,TEST
2026-03-11,ADANIENSOL,EMA Pullback / Bounce,0.1666666666666666,0.3445,TEST
2026-03-12,ADANIENSOL,EMA Pullback / Bounce,0.3229166666666667,-5.1681,TEST
2026-03-13,ADANIENSOL,EMA Pullback / Bounce,0.5138888888888888,-5.3266,TEST
2026-03-16,ADANIENSOL,EMA Pullback / Bounce,0.4629629629629629,-5.1557,TEST
2026-03-17,ADANIENSOL,EMA Pullback / Bounce,0.4333333333333333,-5.84,TEST
2026-03-19,ADANIENSOL,EMA Pullback / Bounce,0.3333333333333333,-3.583,TEST
2026-03-20,ADANIENSOL,EMA Pullback / Bounce,0.4111111111111111,7.33,TEST
2026-03-25,ADANIENSOL,EMA Pullback / Bounce,0.25,19.3198,TEST
2026-04-06,ADANIENSOL,EMA Pullback / Bounce,0.3333333333333333,28.0538,TEST
2026-04-07,ADANIENSOL,EMA Pullback / Bounce,0.3333333333333333,34.1406,TEST
2026-04-08,ADANIENSOL,Donchian Channel Breakout,0.5303030303030303,26.8403,TEST
2026-04-08,ADANIENSOL,RS Momentum Breakout,0.5303030303030303,26.8403,TEST
2026-04-09,ADANIENSOL,RS Momentum Breakout,0.3999999999999999,30.7482,TEST
2026-04-10,ADANIENSOL,Donchian Channel Breakout,0.7753623188405797,28.1964,TEST
2026-04-10,ADANIENSOL,RS Momentum Breakout,0.7753623188405797,28.1964,TEST
2026-04-13,ADANIENSOL,Donchian Channel Breakout,0.8020833333333334,20.1213,TEST
2026-04-13,ADANIENSOL,RS Momentum Breakout,0.8020833333333334,20.1213,TEST
2026-04-15,ADANIENSOL,RS Momentum Breakout,0.5396825396825397,19.9636,TEST
2026-04-16,ADANIENSOL,Donchian Channel Breakout,0.8209876543209876,8.7238,TEST
2026-04-16,ADANIENSOL,RS Momentum Breakout,0.8209876543209876,8.7238,TEST
2026-04-17,ADANIENSOL,Donchian Channel Breakout,0.8333333333333334,7.1144,TEST
2026-04-17,ADANIENSOL,RS Momentum Breakout,0.8333333333333334,7.1144,TEST
2026-04-20,ADANIENSOL,RS Momentum Breakout,0.7333333333333334,10.2535,TEST
2026-04-21,ADANIENSOL,RS Momentum Breakout,0.6510416666666666,11.0358,TEST
2026-04-22,ADANIENSOL,Donchian Channel Breakout,0.952991452991453,3.0989,TEST
2026-04-22,ADANIENSOL,RS Momentum Breakout,0.952991452991453,3.0989,TEST
2026-04-23,ADANIENSOL,RS Momentum Breakout,0.8666666666666667,1.9964,TEST
2026-04-24,ADANIENSOL,Donchian Channel Breakout,0.9469696969696968,-5.0105,TEST
2026-04-24,ADANIENSOL,RS Momentum Breakout,0.9469696969696968,-5.0105,TEST
2026-04-27,ADANIENSOL,Donchian Channel Breakout,0.9114583333333334,-6.9102,TEST
2026-04-27,ADANIENSOL,RS Momentum Breakout,0.9114583333333334,-6.9102,TEST
2026-04-28,ADANIENSOL,RS Momentum Breakout,0.888888888888889,-10.7505,TEST
2026-04-29,ADANIENSOL,RS Momentum Breakout,0.7450980392156863,-1.3323,TEST
2026-04-30,ADANIENSOL,RS Momentum Breakout,0.8392857142857143,-1.7247,TEST
2026-05-01,ADANIENSOL,RS Momentum Breakout,0.6451612903225806,-3.9352,TEST
2026-05-04,ADANIENSOL,RS Momentum Breakout,0.7407407407407408,-4.754,TEST
2026-05-05,ADANIENSOL,RS Momentum Breakout,0.8383838383838383,-5.776,TEST
2026-05-06,ADANIENSOL,RS Momentum Breakout,0.6274509803921569,-4.308,TEST
2026-05-07,ADANIENSOL,RS Momentum Breakout,0.528735632183908,-3.4389,TEST
2026-05-08,ADANIENSOL,RS Momentum Breakout,0.553921568627451,1.2659,TEST
2026-05-13,ADANIENSOL,EMA Pullback / Bounce,0.6190476190476191,15.8057,TEST
2026-05-14,ADANIENSOL,EMA Pullback / Bounce,0.5904761904761905,12.8278,TEST
2026-05-15,ADANIENSOL,EMA Pullback / Bounce,0.5802469135802469,16.8571,TEST
2026-05-18,ADANIENSOL,EMA Pullback / Bounce,0.6781609195402298,11.2639,TEST
2026-05-19,ADANIENSOL,EMA Pullback / Bounce,0.5172413793103449,16.0425,TEST
2026-05-22,ADANIENSOL,RS Momentum Breakout,0.7072072072072072,14.3209,TEST
2026-05-25,ADANIENSOL,RS Momentum Breakout,0.6589147286821705,11.7722,TEST
2026-05-26,ADANIENSOL,Donchian Channel Breakout,0.8214285714285715,6.3434,TEST
2026-05-26,ADANIENSOL,RS Momentum Breakout,0.8214285714285715,6.3434,TEST
2026-05-27,ADANIENSOL,Donchian Channel Breakout,0.9087301587301588,-0.2922,TEST
2026-05-27,ADANIENSOL,RS Momentum Breakout,0.9087301587301588,-0.2922,TEST
2026-05-28,ADANIENSOL,RS Momentum Breakout,0.7810945273631841,-5.8057,TEST
2026-05-29,ADANIENSOL,RS Momentum Breakout,0.6936936936936937,-2.1159,TEST
2026-06-01,ADANIENSOL,RS Momentum Breakout,0.7352941176470589,-0.1539,TEST
2026-06-02,ADANIENSOL,RS Momentum Breakout,0.7701149425287356,-2.6379,TEST
2026-06-03,ADANIENSOL,RS Momentum Breakout,0.7866666666666667,-0.067,TEST
2026-06-04,ADANIENSOL,RS Momentum Breakout,0.7555555555555555,-0.3337,TEST
2026-06-05,ADANIENSOL,Donchian Channel Breakout,0.8201754385964913,-3.3036,TEST
2026-06-05,ADANIENSOL,RS Momentum Breakout,0.8201754385964913,-3.3036,TEST
2026-06-08,ADANIENSOL,RS Momentum Breakout,0.90625,-3.6309,TEST
2026-06-09,ADANIENSOL,RS Momentum Breakout,0.75,-5.462,TEST
2026-06-10,ADANIENSOL,RS Momentum Breakout,0.6222222222222222,-2.4137,TEST
2026-06-11,ADANIENSOL,EMA Pullback / Bounce,0.5208333333333334,0.5871,TEST
2026-06-12,ADANIENSOL,EMA Pullback / Bounce,0.4430894308943089,0.0597,TEST
2026-06-15,ADANIENSOL,EMA Pullback / Bounce,0.37984496124031,-0.7744,TEST
2026-06-16,ADANIENSOL,EMA Pullback / Bounce,0.440251572327044,-0.2208,TEST
2026-06-17,ADANIENSOL,EMA Pullback / Bounce,0.3879310344827587,1.9022,TEST
2026-06-19,ADANIENSOL,EMA Pullback / Bounce,0.5423728813559322,3.5512,TEST
2026-06-22,ADANIENSOL,RS Momentum Breakout,0.46875,4.8863,TEST
2026-06-23,ADANIENSOL,EMA Pullback / Bounce,0.3717948717948718,10.1401,TEST
2026-06-24,ADANIENSOL,EMA Pullback / Bounce,0.4736842105263157,9.7084,TEST
2026-06-25,ADANIENSOL,EMA Pullback / Bounce,0.4340277777777777,7.3418,TEST
2026-06-26,ADANIENSOL,EMA Pullback / Bounce,0.5671296296296297,9.9003,TEST
2026-06-29,ADANIENSOL,EMA Pullback / Bounce,0.5602836879432624,10.0803,TEST
2026-06-30,ADANIENSOL,EMA Pullback / Bounce,0.4266666666666667,13.3365,TEST
2026-07-02,ADANIENSOL,RS Momentum Breakout,0.6904761904761906,8.1626,TEST
2026-07-03,ADANIENSOL,RS Momentum Breakout,0.7150537634408604,9.0253,TEST
2026-07-06,ADANIENSOL,Donchian Channel Breakout,0.8549382716049383,5.6054,TEST
2026-07-06,ADANIENSOL,RS Momentum Breakout,0.8549382716049383,5.6054,TEST
2026-07-07,ADANIENSOL,Donchian Channel Breakout,0.8966666666666666,6.2146,TEST
2026-07-07,ADANIENSOL,RS Momentum Breakout,0.8966666666666666,6.2146,TEST
2026-07-08,ADANIENSOL,RS Momentum Breakout,0.9682539682539684,3.8482,TEST
2026-07-09,ADANIENSOL,RS Momentum Breakout,0.6962962962962962,2.9847,TEST
2026-07-10,ADANIENSOL,RS Momentum Breakout,0.702127659574468,3.1011,TEST
2026-07-13,ADANIENSOL,RS Momentum Breakout,0.60062893081761,3.6008,TEST
2026-07-14,ADANIENSOL,RS Momentum Breakout,0.8333333333333334,-2.9706,TEST
2026-07-15,ADANIENSOL,RS Momentum Breakout,0.7142857142857143,-1.261,TEST
2026-07-16,ADANIENSOL,RS Momentum Breakout,0.8926553672316384,-2.4118,TEST
2026-07-17,ADANIENSOL,RS Momentum Breakout,0.8645833333333334,-4.6145,TEST
2026-07-20,ADANIENSOL,RS Momentum Breakout,0.7037037037037037,-5.1267,TEST
2026-07-21,ADANIENSOL,RS Momentum Breakout,0.9382716049382716,-5.959,TEST
2026-07-22,ADANIENSOL,RS Momentum Breakout,0.8768115942028986,-5.0702,TEST
2026-07-23,ADANIENSOL,RS Momentum Breakout,0.9166666666666666,-3.3413,TEST
2026-07-24,ADANIENSOL,RS Momentum Breakout,0.9333333333333332,-5.2047,TEST
2026-05-18,ADANIENT,RS Momentum Breakout,0.6206896551724138,6.3883,TEST
2026-05-19,ADANIENT,RS Momentum Breakout,0.8045977011494253,9.3223,TEST
2026-05-20,ADANIENT,RS Momentum Breakout,0.5123456790123456,7.2473,TEST
2026-05-21,ADANIENT,RS Momentum Breakout,0.5483870967741935,9.6893,TEST
2026-05-22,ADANIENT,RS Momentum Breakout,0.5495495495495496,11.2563,TEST
2026-05-25,ADANIENT,Donchian Channel Breakout,0.7558139534883721,4.357,TEST
2026-05-25,ADANIENT,RS Momentum Breakout,0.7558139534883721,4.357,TEST
2026-05-26,ADANIENT,Donchian Channel Breakout,0.8611111111111112,-0.0704,TEST
2026-05-26,ADANIENT,RS Momentum Breakout,0.8611111111111112,-0.0704,TEST
2026-05-27,ADANIENT,Donchian Channel Breakout,0.8611111111111112,-1.4127,TEST
2026-05-27,ADANIENT,RS Momentum Breakout,0.8611111111111112,-1.4127,TEST
2026-05-28,ADANIENT,RS Momentum Breakout,0.7711442786069652,-2.6441,TEST
2026-05-29,ADANIENT,RS Momentum Breakout,0.7567567567567567,-0.9151,TEST
2026-06-01,ADANIENT,RS Momentum Breakout,0.6666666666666666,2.0387,TEST
2026-06-02,ADANIENT,RS Momentum Breakout,0.7471264367816092,-0.5096,TEST
2026-06-03,ADANIENT,RS Momentum Breakout,0.6666666666666666,1.1377,TEST
2026-06-04,ADANIENT,RS Momentum Breakout,0.6777777777777779,0.7603,TEST
2026-06-05,ADANIENT,Donchian Channel Breakout,0.8991228070175438,0.731,TEST
2026-06-05,ADANIENT,RS Momentum Breakout,0.8991228070175438,0.731,TEST
2026-06-08,ADANIENT,RS Momentum Breakout,0.71875,2.5141,TEST
2026-06-09,ADANIENT,RS Momentum Breakout,0.5916666666666667,-0.4291,TEST
2026-06-10,ADANIENT,RS Momentum Breakout,0.5888888888888889,6.0783,TEST
2026-06-11,ADANIENT,RS Momentum Breakout,0.5625,2.6768,TEST
2026-06-12,ADANIENT,RS Momentum Breakout,0.6829268292682927,2.6351,TEST
2026-06-15,ADANIENT,RS Momentum Breakout,0.5155038759689923,-0.2995,TEST
2026-06-16,ADANIENT,RS Momentum Breakout,0.7358490566037736,2.6369,TEST
2026-06-17,ADANIENT,RS Momentum Breakout,0.617816091954023,6.4905,TEST
2026-06-18,ADANIENT,RS Momentum Breakout,0.8024691358024691,5.3199,TEST
2026-06-19,ADANIENT,RS Momentum Breakout,0.8361581920903954,5.6612,TEST
2026-06-22,ADANIENT,Donchian Channel Breakout,0.7083333333333334,4.3815,TEST
2026-06-22,ADANIENT,VCP Volatility Contraction Breakout,0.7083333333333334,4.3815,TEST
2026-06-22,ADANIENT,RS Momentum Breakout,0.7083333333333334,4.3815,TEST
2026-06-23,ADANIENT,EMA Pullback / Bounce,0.5384615384615384,3.9788,TEST
2026-06-24,ADANIENT,RS Momentum Breakout,0.7894736842105262,-1.267,TEST
2026-06-25,ADANIENT,RS Momentum Breakout,0.6180555555555555,1.501,TEST
2026-06-26,ADANIENT,VCP Volatility Contraction Breakout,0.6550925925925926,4.5464,TEST
2026-06-26,ADANIENT,RS Momentum Breakout,0.6550925925925926,4.5464,TEST
2026-06-29,ADANIENT,VCP Volatility Contraction Breakout,0.450354609929078,6.6275,TEST
2026-06-29,ADANIENT,EMA Pullback / Bounce,0.450354609929078,6.6275,TEST
2026-07-01,ADANIENT,Donchian Channel Breakout,0.8725490196078431,-0.1679,TEST
2026-07-01,ADANIENT,RS Momentum Breakout,0.8725490196078431,-0.1679,TEST
2026-07-02,ADANIENT,Donchian Channel Breakout,0.8720238095238094,-1.2719,TEST
2026-07-02,ADANIENT,RS Momentum Breakout,0.8720238095238094,-1.2719,TEST
2026-07-03,ADANIENT,RS Momentum Breakout,0.8172043010752689,-2.1455,TEST
2026-07-06,ADANIENT,RS Momentum Breakout,0.7901234567901234,-0.8287,TEST
2026-07-08,ADANIENT,EMA Pullback / Bounce,0.6071428571428571,2.866,TEST
2026-07-09,ADANIENT,EMA Pullback / Bounce,0.637037037037037,-3.0596,TEST
2026-07-10,ADANIENT,RS Momentum Breakout,0.6808510638297873,-3.2264,TEST
2026-07-13,ADANIENT,RS Momentum Breakout,0.6037735849056604,-4.2052,TEST
2026-07-14,ADANIENT,RS Momentum Breakout,0.7866666666666666,-6.0313,TEST
2026-07-17,ADANIENT,VCP Volatility Contraction Breakout,0.6223958333333334,-4.844,TEST
2026-07-20,ADANIENT,VCP Volatility Contraction Breakout,0.6185185185185186,-3.3762,TEST
2026-07-20,ADANIENT,RS Momentum Breakout,0.6185185185185186,-3.3762,TEST
2026-07-21,ADANIENT,VCP Volatility Contraction Breakout,0.6265432098765432,-4.1483,TEST
2026-07-21,ADANIENT,RS Momentum Breakout,0.6265432098765432,-4.1483,TEST
2026-07-22,ADANIENT,VCP Volatility Contraction Breakout,0.5797101449275363,-3.0854,TEST
2026-07-22,ADANIENT,EMA Pullback / Bounce,0.5797101449275363,-3.0854,TEST
2026-04-29,ADANIGREEN,RS Momentum Breakout,0.6470588235294118,10.664,TEST
2026-04-30,ADANIGREEN,RS Momentum Breakout,0.75,15.2997,TEST
2026-05-01,ADANIGREEN,RS Momentum Breakout,0.7419354838709676,11.8955,TEST
2026-05-04,ADANIGREEN,Donchian Channel Breakout,0.8194444444444445,6.0418,TEST
2026-05-04,ADANIGREEN,RS Momentum Breakout,0.8194444444444445,6.0418,TEST
2026-05-05,ADANIGREEN,Donchian Channel Breakout,0.7929292929292929,2.8209,TEST
2026-05-05,ADANIGREEN,RS Momentum Breakout,0.7929292929292929,2.8209,TEST
2026-05-06,ADANIGREEN,Donchian Channel Breakout,0.7303921568627452,0.3829,TEST
2026-05-06,ADANIGREEN,RS Momentum Breakout,0.7303921568627452,0.3829,TEST
2026-05-07,ADANIGREEN,Donchian Channel Breakout,0.6839080459770116,-0.4325,TEST
2026-05-07,ADANIGREEN,RS Momentum Breakout,0.6839080459770116,-0.4325,TEST
2026-05-08,ADANIGREEN,RS Momentum Breakout,0.676470588235294,1.4371,TEST
2026-05-11,ADANIGREEN,Donchian Channel Breakout,0.861111111111111,2.2536,TEST
2026-05-11,ADANIGREEN,RS Momentum Breakout,0.861111111111111,2.2536,TEST
2026-05-12,ADANIGREEN,RS Momentum Breakout,0.8148148148148149,11.9269,TEST
2026-05-13,ADANIGREEN,RS Momentum Breakout,0.7738095238095238,8.0421,TEST
2026-05-14,ADANIGREEN,Donchian Channel Breakout,0.7857142857142857,2.2581,TEST
2026-05-14,ADANIGREEN,RS Momentum Breakout,0.7857142857142857,2.2581,TEST
2026-05-15,ADANIGREEN,RS Momentum Breakout,0.8641975308641975,7.3096,TEST
2026-05-18,ADANIGREEN,RS Momentum Breakout,0.7126436781609197,4.0935,TEST
2026-05-19,ADANIGREEN,RS Momentum Breakout,0.8505747126436782,6.5735,TEST
2026-05-20,ADANIGREEN,RS Momentum Breakout,0.5987654320987654,3.3297,TEST
2026-05-21,ADANIGREEN,RS Momentum Breakout,0.6236559139784946,4.3475,TEST
2026-05-22,ADANIGREEN,RS Momentum Breakout,0.5855855855855856,10.4779,TEST
2026-05-25,ADANIGREEN,RS Momentum Breakout,0.7054263565891473,5.7092,TEST
2026-05-26,ADANIGREEN,RS Momentum Breakout,0.8095238095238096,4.2459,TEST
2026-05-27,ADANIGREEN,Donchian Channel Breakout,0.8611111111111112,-0.4631,TEST
2026-05-27,ADANIGREEN,RS Momentum Breakout,0.8611111111111112,-0.4631,TEST
2026-05-28,ADANIGREEN,RS Momentum Breakout,0.7810945273631842,-3.0333,TEST
2026-05-29,ADANIGREEN,RS Momentum Breakout,0.7297297297297297,0.589,TEST
2026-06-01,ADANIGREEN,RS Momentum Breakout,0.75,2.6021,TEST
2026-06-02,ADANIGREEN,RS Momentum Breakout,0.8390804597701149,2.2414,TEST
2026-06-03,ADANIGREEN,RS Momentum Breakout,0.6,2.6471,TEST
2026-06-04,ADANIGREEN,RS Momentum Breakout,0.5777777777777777,5.297,TEST
2026-06-05,ADANIGREEN,Donchian Channel Breakout,0.9429824561403508,0.12,TEST
2026-06-05,ADANIGREEN,RS Momentum Breakout,0.9429824561403508,0.12,TEST
2026-06-08,ADANIGREEN,RS Momentum Breakout,0.8125,2.0477,TEST
2026-06-09,ADANIGREEN,Donchian Channel Breakout,0.7708333333333334,-1.5505,TEST
2026-06-09,ADANIGREEN,RS Momentum Breakout,0.7708333333333334,-1.5505,TEST
2026-06-10,ADANIGREEN,RS Momentum Breakout,0.6222222222222221,2.9007,TEST
2026-06-11,ADANIGREEN,EMA Pullback / Bounce,0.6354166666666666,3.1149,TEST
2026-06-17,ADANIGREEN,EMA Pullback / Bounce,0.5402298850574713,4.2445,TEST
2026-06-18,ADANIGREEN,RS Momentum Breakout,0.6172839506172839,3.13,TEST
2026-06-19,ADANIGREEN,RS Momentum Breakout,0.6384180790960453,3.1279,TEST
2026-06-22,ADANIGREEN,Donchian Channel Breakout,0.7057291666666666,-0.1804,TEST
2026-06-22,ADANIGREEN,RS Momentum Breakout,0.7057291666666666,-0.1804,TEST
2026-06-24,ADANIGREEN,RS Momentum Breakout,0.5906432748538012,-1.9677,TEST
2026-06-25,ADANIGREEN,RS Momentum Breakout,0.5625,-2.5883,TEST
2026-06-26,ADANIGREEN,RS Momentum Breakout,0.6550925925925926,1.9709,TEST
2026-06-29,ADANIGREEN,EMA Pullback / Bounce,0.6382978723404256,2.8258,TEST
2026-06-30,ADANIGREEN,VCP Volatility Contraction Breakout,0.5666666666666667,7.5258,TEST
2026-06-30,ADANIGREEN,EMA Pullback / Bounce,0.5666666666666667,7.5258,TEST
2026-07-01,ADANIGREEN,RS Momentum Breakout,0.6797385620915032,1.3224,TEST
2026-07-02,ADANIGREEN,Donchian Channel Breakout,0.6398809523809524,-1.0385,TEST
2026-07-02,ADANIGREEN,RS Momentum Breakout,0.6398809523809524,-1.0385,TEST
2026-07-03,ADANIGREEN,Donchian Channel Breakout,0.6048387096774194,-3.259,TEST
2026-07-03,ADANIGREEN,RS Momentum Breakout,0.6048387096774194,-3.259,TEST
2026-07-06,ADANIGREEN,RS Momentum Breakout,0.6728395061728395,-1.4175,TEST
2026-07-07,ADANIGREEN,EMA Pullback / Bounce,0.5966666666666667,1.5143,TEST
2026-07-08,ADANIGREEN,EMA Pullback / Bounce,0.503968253968254,-2.7736,TEST
2026-07-09,ADANIGREEN,EMA Pullback / Bounce,0.4629629629629629,-8.3123,TEST
2026-07-14,ADANIGREEN,Donchian Channel Breakout,0.8500000000000001,-14.129,TEST
2026-07-14,ADANIGREEN,RS Momentum Breakout,0.8500000000000001,-14.129,TEST
2026-07-16,ADANIGREEN,EMA Pullback / Bounce,0.6384180790960452,-12.3815,TEST
2026-07-17,ADANIGREEN,EMA Pullback / Bounce,0.6432291666666666,-9.2341,TEST
2026-07-20,ADANIGREEN,EMA Pullback / Bounce,0.6037037037037037,-8.8831,TEST
2026-07-21,ADANIGREEN,EMA Pullback / Bounce,0.5864197530864198,-10.5943,TEST
2026-06-11,AEGISLOG,Donchian Channel Breakout,0.921875,19.2712,TEST
2026-06-11,AEGISLOG,RS Momentum Breakout,0.921875,19.2712,TEST
2026-06-12,AEGISLOG,RS Momentum Breakout,0.934959349593496,19.446,TEST
2026-06-15,AEGISLOG,Donchian Channel Breakout,0.9263565891472868,19.556,TEST
2026-06-15,AEGISLOG,RS Momentum Breakout,0.9263565891472868,19.556,TEST
2026-06-16,AEGISLOG,RS Momentum Breakout,0.8427672955974842,19.0981,TEST
2026-06-17,AEGISLOG,Donchian Channel Breakout,0.7270114942528735,24.604,TEST
2026-06-17,AEGISLOG,RS Momentum Breakout,0.7270114942528735,24.604,TEST
2026-06-18,AEGISLOG,RS Momentum Breakout,0.6512345679012346,32.7209,TEST
2026-06-19,AEGISLOG,RS Momentum Breakout,0.652542372881356,31.2277,TEST
2026-06-22,AEGISLOG,Donchian Channel Breakout,0.8776041666666666,32.9434,TEST
2026-06-22,AEGISLOG,RS Momentum Breakout,0.8776041666666666,32.9434,TEST
2026-06-23,AEGISLOG,RS Momentum Breakout,0.6666666666666666,31.0074,TEST
2026-06-24,AEGISLOG,RS Momentum Breakout,0.6900584795321637,15.9698,TEST
2026-06-25,AEGISLOG,Donchian Channel Breakout,0.9409722222222224,10.8228,TEST
2026-06-25,AEGISLOG,RS Momentum Breakout,0.9409722222222224,10.8228,TEST
2026-06-26,AEGISLOG,RS Momentum Breakout,0.8310185185185185,10.8619,TEST
2026-06-29,AEGISLOG,Donchian Channel Breakout,0.7198581560283688,11.525,TEST
2026-06-29,AEGISLOG,RS Momentum Breakout,0.7198581560283688,11.525,TEST
2026-06-30,AEGISLOG,RS Momentum Breakout,0.7066666666666667,5.4043,TEST
2026-07-01,AEGISLOG,Donchian Channel Breakout,0.7745098039215687,6.6779,TEST
2026-07-01,AEGISLOG,RS Momentum Breakout,0.7745098039215687,6.6779,TEST
2026-07-02,AEGISLOG,Donchian Channel Breakout,0.8125,0.6803,TEST
2026-07-02,AEGISLOG,RS Momentum Breakout,0.8125,0.6803,TEST
2026-07-03,AEGISLOG,RS Momentum Breakout,0.7741935483870969,3.1398,TEST
2026-07-06,AEGISLOG,Donchian Channel Breakout,0.7623456790123457,-0.9135,TEST
2026-07-06,AEGISLOG,RS Momentum Breakout,0.7623456790123457,-0.9135,TEST
2026-07-07,AEGISLOG,RS Momentum Breakout,0.7733333333333333,-3.246,TEST
2026-07-08,AEGISLOG,RS Momentum Breakout,0.6190476190476191,9.5565,TEST
2026-07-09,AEGISLOG,RS Momentum Breakout,0.725925925925926,6.7785,TEST
2026-07-10,AEGISLOG,RS Momentum Breakout,0.5780141843971631,9.8575,TEST
2026-07-13,AEGISLOG,RS Momentum Breakout,0.7044025157232704,0.1085,TEST
2026-07-15,AEGISLOG,RS Momentum Breakout,0.8095238095238096,-2.1663,TEST
2026-07-16,AEGISLOG,RS Momentum Breakout,0.6610169491525424,-4.4001,TEST
2026-07-17,AEGISLOG,RS Momentum Breakout,0.8203125,-4.7024,TEST
2026-07-20,AEGISLOG,RS Momentum Breakout,0.9407407407407408,0.3179,TEST
2026-07-21,AEGISLOG,RS Momentum Breakout,0.6450617283950617,1.3358,TEST
2026-07-22,AEGISLOG,RS Momentum Breakout,0.7427536231884058,3.2396,TEST
2026-07-23,AEGISLOG,RS Momentum Breakout,0.7543859649122807,2.9412,TEST
2026-07-24,AEGISLOG,RS Momentum Breakout,0.7999999999999999,1.0764,TEST
2026-02-18,AETHER,EMA Pullback / Bounce,0.3039215686274509,-2.4604,TEST
2026-02-20,AETHER,EMA Pullback / Bounce,0.1888888888888888,1.7165,TEST
2026-02-23,AETHER,EMA Pullback / Bounce,0.15,3.3646,TEST
2026-02-24,AETHER,EMA Pullback / Bounce,0.1153846153846153,3.7283,TEST
2026-02-25,AETHER,EMA Pullback / Bounce,0.1891891891891892,8.2283,TEST
2026-02-26,AETHER,EMA Pullback / Bounce,0.2619047619047619,3.6843,TEST
2026-02-27,AETHER,EMA Pullback / Bounce,0.2207207207207207,10.102,TEST
2026-03-05,AETHER,EMA Pullback / Bounce,0.6296296296296297,11.0701,TEST
2026-03-12,AETHER,Donchian Channel Breakout,0.84375,11.5682,TEST
2026-03-12,AETHER,RS Momentum Breakout,0.84375,11.5682,TEST
2026-03-13,AETHER,EMA Pullback / Bounce,0.6666666666666666,10.3327,TEST
2026-03-18,AETHER,Donchian Channel Breakout,0.9074074074074074,5.1129,TEST
2026-03-18,AETHER,RS Momentum Breakout,0.9074074074074074,5.1129,TEST
2026-03-19,AETHER,RS Momentum Breakout,0.9583333333333334,0.4444,TEST
2026-03-20,AETHER,Donchian Channel Breakout,0.9444444444444444,-1.3046,TEST
2026-03-20,AETHER,RS Momentum Breakout,0.9444444444444444,-1.3046,TEST
2026-03-24,AETHER,Donchian Channel Breakout,0.9,-0.0672,TEST
2026-03-24,AETHER,RS Momentum Breakout,0.9,-0.0672,TEST
2026-03-25,AETHER,RS Momentum Breakout,0.9666666666666668,2.9085,TEST
2026-03-27,AETHER,RS Momentum Breakout,0.75,2.399,TEST
2026-04-07,AETHER,EMA Pullback / Bounce,0.5625,5.6518,TEST
2026-04-10,AETHER,RS Momentum Breakout,0.5942028985507246,-1.3248,TEST
2026-04-13,AETHER,RS Momentum Breakout,0.4583333333333333,-3.4491,TEST
2026-04-15,AETHER,RS Momentum Breakout,0.3968253968253968,-0.8488,TEST
2026-04-16,AETHER,RS Momentum Breakout,0.4012345679012346,-2.2686,TEST
2026-04-17,AETHER,RS Momentum Breakout,0.3563218390804598,-2.1461,TEST
2026-04-20,AETHER,RS Momentum Breakout,0.3999999999999999,5.0953,TEST
2026-04-21,AETHER,RS Momentum Breakout,0.2760416666666667,3.0628,TEST
2026-04-22,AETHER,RS Momentum Breakout,0.3205128205128205,4.0692,TEST
2026-04-23,AETHER,RS Momentum Breakout,0.4047619047619047,3.2116,TEST
2026-04-27,AETHER,EMA Pullback / Bounce,0.2916666666666667,3.6874,TEST
2026-05-04,AETHER,Donchian Channel Breakout,0.6712962962962963,-11.2341,TEST
2026-05-04,AETHER,RS Momentum Breakout,0.6712962962962963,-11.2341,TEST
2026-05-05,AETHER,RS Momentum Breakout,0.5858585858585857,-10.7137,TEST
2026-05-06,AETHER,RS Momentum Breakout,0.3529411764705882,-12.7552,TEST
2026-06-01,AETHER,EMA Pullback / Bounce,0.5490196078431372,3.0108,TEST
2026-06-05,AETHER,EMA Pullback / Bounce,0.5745614035087719,2.1264,TEST
2026-06-08,AETHER,EMA Pullback / Bounce,0.5364583333333334,7.6424,TEST
2026-06-09,AETHER,EMA Pullback / Bounce,0.3166666666666666,9.6211,TEST
2026-06-10,AETHER,EMA Pullback / Bounce,0.2722222222222222,20.6936,TEST
2026-06-11,AETHER,EMA Pullback / Bounce,0.2239583333333333,16.2368,TEST
2026-06-12,AETHER,EMA Pullback / Bounce,0.3536585365853659,14.1737,TEST
2026-06-15,AETHER,VCP Volatility Contraction Breakout,0.2906976744186046,15.6072,TEST
2026-06-16,AETHER,Donchian Channel Breakout,0.7547169811320754,14.692,TEST
2026-06-16,AETHER,VCP Volatility Contraction Breakout,0.7547169811320754,14.692,TEST
2026-06-16,AETHER,RS Momentum Breakout,0.7547169811320754,14.692,TEST
2026-06-17,AETHER,VCP Volatility Contraction Breakout,0.5201149425287356,11.9747,TEST
2026-06-17,AETHER,RS Momentum Breakout,0.5201149425287356,11.9747,TEST
2026-06-18,AETHER,VCP Volatility Contraction Breakout,0.3765432098765431,19.3391,TEST
2026-06-18,AETHER,EMA Pullback / Bounce,0.3765432098765431,19.3391,TEST
2026-06-19,AETHER,VCP Volatility Contraction Breakout,0.3305084745762712,16.2151,TEST
2026-06-22,AETHER,Donchian Channel Breakout,0.703125,10.2105,TEST
2026-06-22,AETHER,VCP Volatility Contraction Breakout,0.703125,10.2105,TEST
2026-06-22,AETHER,RS Momentum Breakout,0.703125,10.2105,TEST
2026-06-23,AETHER,Donchian Channel Breakout,0.6538461538461539,6.1029,TEST
2026-06-23,AETHER,VCP Volatility Contraction Breakout,0.6538461538461539,6.1029,TEST
2026-06-23,AETHER,RS Momentum Breakout,0.6538461538461539,6.1029,TEST
2026-06-24,AETHER,Donchian Channel Breakout,0.8859649122807017,4.8439,TEST
2026-06-24,AETHER,RS Momentum Breakout,0.8859649122807017,4.8439,TEST
2026-06-25,AETHER,RS Momentum Breakout,0.6180555555555556,12.1274,TEST
2026-06-26,AETHER,RS Momentum Breakout,0.6504629629629629,13.9473,TEST
2026-06-29,AETHER,RS Momentum Breakout,0.5886524822695035,8.0149,TEST
2026-06-30,AETHER,RS Momentum Breakout,0.4333333333333333,5.9529,TEST
2026-07-01,AETHER,RS Momentum Breakout,0.4738562091503267,11.3607,TEST
2026-07-02,AETHER,RS Momentum Breakout,0.6547619047619048,8.8665,TEST
2026-07-03,AETHER,RS Momentum Breakout,0.5053763440860215,7.7648,TEST
2026-07-06,AETHER,RS Momentum Breakout,0.6234567901234568,7.4519,TEST
2026-07-07,AETHER,RS Momentum Breakout,0.5933333333333334,9.884,TEST
2026-07-08,AETHER,Donchian Channel Breakout,0.9007936507936508,2.6526,TEST
2026-07-08,AETHER,RS Momentum Breakout,0.9007936507936508,2.6526,TEST
2026-07-09,AETHER,Donchian Channel Breakout,0.8481481481481481,-3.9799,TEST
2026-07-09,AETHER,RS Momentum Breakout,0.8481481481481481,-3.9799,TEST
2026-07-10,AETHER,RS Momentum Breakout,0.8652482269503546,-2.5597,TEST
2026-07-13,AETHER,RS Momentum Breakout,0.6037735849056604,2.7776,TEST
2026-07-14,AETHER,RS Momentum Breakout,0.4933333333333333,1.3633,TEST
2026-07-15,AETHER,RS Momentum Breakout,0.6462585034013605,0.6346,TEST
2026-07-16,AETHER,RS Momentum Breakout,0.672316384180791,-0.6133,TEST
2026-07-17,AETHER,RS Momentum Breakout,0.5208333333333334,4.3584,TEST
2026-07-20,AETHER,RS Momentum Breakout,0.4296296296296296,3.5606,TEST
2026-07-21,AETHER,RS Momentum Breakout,0.4907407407407407,8.6235,TEST
2026-07-22,AETHER,RS Momentum Breakout,0.6159420289855072,8.2255,TEST
2026-07-24,AETHER,EMA Pullback / Bounce,0.6857142857142856,11.153,TEST
2026-02-19,AIAENG,EMA Pullback / Bounce,0.3333333333333333,-7.2143,TEST
2026-02-20,AIAENG,EMA Pullback / Bounce,0.4777777777777778,-8.9748,TEST
2026-02-25,AIAENG,EMA Pullback / Bounce,0.2432432432432432,-4.8388,TEST
2026-02-26,AIAENG,EMA Pullback / Bounce,0.1809523809523809,-6.5427,TEST
2026-04-15,AIAENG,Donchian Channel Breakout,0.4206349206349206,-0.3241,TEST
2026-04-15,AIAENG,RS Momentum Breakout,0.4206349206349206,-0.3241,TEST
2026-04-16,AIAENG,Donchian Channel Breakout,0.3333333333333333,1.9725,TEST
2026-04-17,AIAENG,RS Momentum Breakout,0.2298850574712643,-1.1414,TEST
2026-04-20,AIAENG,Donchian Channel Breakout,0.4611111111111111,-4.1681,TEST
2026-04-20,AIAENG,RS Momentum Breakout,0.4611111111111111,-4.1681,TEST
2026-04-21,AIAENG,RS Momentum Breakout,0.46875,-2.5144,TEST
2026-04-22,AIAENG,RS Momentum Breakout,0.4444444444444444,-1.7055,TEST
2026-04-23,AIAENG,Donchian Channel Breakout,0.3904761904761905,-3.122,TEST
2026-04-23,AIAENG,VCP Volatility Contraction Breakout,0.3904761904761905,-3.122,TEST
2026-04-23,AIAENG,RS Momentum Breakout,0.3904761904761905,-3.122,TEST
2026-04-24,AIAENG,VCP Volatility Contraction Breakout,0.2272727272727272,-2.7732,TEST
2026-04-24,AIAENG,RS Momentum Breakout,0.2272727272727272,-2.7732,TEST
2026-04-27,AIAENG,VCP Volatility Contraction Breakout,0.3229166666666667,-7.3689,TEST
2026-04-27,AIAENG,RS Momentum Breakout,0.3229166666666667,-7.3689,TEST
2026-04-28,AIAENG,VCP Volatility Contraction Breakout,0.3222222222222222,-5.6255,TEST
2026-04-28,AIAENG,RS Momentum Breakout,0.3222222222222222,-5.6255,TEST
2026-04-29,AIAENG,VCP Volatility Contraction Breakout,0.2647058823529412,-1.7084,TEST
2026-04-29,AIAENG,EMA Pullback / Bounce,0.2647058823529412,-1.7084,TEST
2026-04-30,AIAENG,VCP Volatility Contraction Breakout,0.2261904761904762,-2.6187,TEST
2026-04-30,AIAENG,EMA Pullback / Bounce,0.2261904761904762,-2.6187,TEST
2026-05-04,AIAENG,VCP Volatility Contraction Breakout,0.1851851851851852,-1.9369,TEST
2026-05-04,AIAENG,EMA Pullback / Bounce,0.1851851851851852,-1.9369,TEST
2026-05-05,AIAENG,VCP Volatility Contraction Breakout,0.1111111111111111,1.3316,TEST
2026-05-05,AIAENG,EMA Pullback / Bounce,0.1111111111111111,1.3316,TEST
2026-05-06,AIAENG,VCP Volatility Contraction Breakout,0.1078431372549019,0.6912,TEST
2026-05-06,AIAENG,EMA Pullback / Bounce,0.1078431372549019,0.6912,TEST
2026-05-07,AIAENG,VCP Volatility Contraction Breakout,0.0804597701149425,-0.6465,TEST
2026-05-08,AIAENG,VCP Volatility Contraction Breakout,0.2058823529411765,0.5159,TEST
2026-05-08,AIAENG,EMA Pullback / Bounce,0.2058823529411765,0.5159,TEST
2026-05-11,AIAENG,VCP Volatility Contraction Breakout,0.0666666666666666,1.7362,TEST
2026-05-11,AIAENG,EMA Pullback / Bounce,0.0666666666666666,1.7362,TEST
2026-05-14,AIAENG,EMA Pullback / Bounce,0.1476190476190476,14.6612,TEST
2026-05-15,AIAENG,EMA Pullback / Bounce,0.0493827160493827,16.7855,TEST
2026-05-18,AIAENG,VCP Volatility Contraction Breakout,0.2471264367816092,16.6847,TEST
2026-05-18,AIAENG,EMA Pullback / Bounce,0.2471264367816092,16.6847,TEST
2026-05-19,AIAENG,VCP Volatility Contraction Breakout,0.4367816091954022,14.299,TEST
2026-05-20,AIAENG,VCP Volatility Contraction Breakout,0.3148148148148148,14.1108,TEST
2026-05-21,AIAENG,VCP Volatility Contraction Breakout,0.4193548387096774,15.4609,TEST
2026-05-22,AIAENG,VCP Volatility Contraction Breakout,0.4909909909909909,14.732,TEST
2026-05-25,AIAENG,VCP Volatility Contraction Breakout,0.4418604651162791,13.9823,TEST
2026-05-25,AIAENG,EMA Pullback / Bounce,0.4418604651162791,13.9823,TEST
2026-05-26,AIAENG,Donchian Channel Breakout,0.5952380952380952,8.3434,TEST
2026-05-26,AIAENG,VCP Volatility Contraction Breakout,0.5952380952380952,8.3434,TEST
2026-05-26,AIAENG,RS Momentum Breakout,0.5952380952380952,8.3434,TEST
2026-05-27,AIAENG,Donchian Channel Breakout,0.7896825396825397,0.2462,TEST
2026-05-27,AIAENG,RS Momentum Breakout,0.7896825396825397,0.2462,TEST
2026-05-28,AIAENG,VCP Volatility Contraction Breakout,0.681592039800995,-3.1944,TEST
2026-05-28,AIAENG,RS Momentum Breakout,0.681592039800995,-3.1944,TEST
2026-05-29,AIAENG,Donchian Channel Breakout,0.7567567567567569,-4.2424,TEST
2026-05-29,AIAENG,VCP Volatility Contraction Breakout,0.7567567567567569,-4.2424,TEST
2026-05-29,AIAENG,RS Momentum Breakout,0.7567567567567569,-4.2424,TEST
2026-06-01,AIAENG,VCP Volatility Contraction Breakout,0.8480392156862745,-0.7903,TEST
2026-06-01,AIAENG,RS Momentum Breakout,0.8480392156862745,-0.7903,TEST
2026-06-02,AIAENG,VCP Volatility Contraction Breakout,0.6724137931034483,-0.7425,TEST
2026-06-02,AIAENG,RS Momentum Breakout,0.6724137931034483,-0.7425,TEST
2026-06-03,AIAENG,VCP Volatility Contraction Breakout,0.58,-0.4181,TEST
2026-06-03,AIAENG,RS Momentum Breakout,0.58,-0.4181,TEST
2026-06-04,AIAENG,Donchian Channel Breakout,0.7444444444444445,-3.3497,TEST
2026-06-04,AIAENG,VCP Volatility Contraction Breakout,0.7444444444444445,-3.3497,TEST
2026-06-04,AIAENG,RS Momentum Breakout,0.7444444444444445,-3.3497,TEST
2026-06-05,AIAENG,VCP Volatility Contraction Breakout,0.8464912280701755,1.836,TEST
2026-06-05,AIAENG,RS Momentum Breakout,0.8464912280701755,1.836,TEST
2026-06-08,AIAENG,VCP Volatility Contraction Breakout,0.59375,6.5846,TEST
2026-06-08,AIAENG,RS Momentum Breakout,0.59375,6.5846,TEST
2026-06-09,AIAENG,VCP Volatility Contraction Breakout,0.5416666666666666,9.1695,TEST
2026-06-09,AIAENG,RS Momentum Breakout,0.5416666666666666,9.1695,TEST
2026-06-10,AIAENG,VCP Volatility Contraction Breakout,0.6888888888888888,10.3977,TEST
2026-06-10,AIAENG,RS Momentum Breakout,0.6888888888888888,10.3977,TEST
2026-06-11,AIAENG,VCP Volatility Contraction Breakout,0.28125,10.8538,TEST
2026-06-11,AIAENG,EMA Pullback / Bounce,0.28125,10.8538,TEST
2026-06-12,AIAENG,VCP Volatility Contraction Breakout,0.2723577235772357,9.0295,TEST
2026-06-12,AIAENG,EMA Pullback / Bounce,0.2723577235772357,9.0295,TEST
2026-06-15,AIAENG,VCP Volatility Contraction Breakout,0.3682170542635659,9.8115,TEST
2026-06-15,AIAENG,RS Momentum Breakout,0.3682170542635659,9.8115,TEST
2026-06-16,AIAENG,VCP Volatility Contraction Breakout,0.490566037735849,12.2341,TEST
2026-06-16,AIAENG,RS Momentum Breakout,0.490566037735849,12.2341,TEST
2026-06-17,AIAENG,VCP Volatility Contraction Breakout,0.4798850574712643,9.8312,TEST
2026-06-17,AIAENG,RS Momentum Breakout,0.4798850574712643,9.8312,TEST
2026-06-18,AIAENG,VCP Volatility Contraction Breakout,0.4351851851851852,6.1712,TEST
2026-06-18,AIAENG,RS Momentum Breakout,0.4351851851851852,6.1712,TEST
2026-06-19,AIAENG,RS Momentum Breakout,0.768361581920904,0.0947,TEST
2026-06-22,AIAENG,Donchian Channel Breakout,0.7994791666666666,-0.9671,TEST
2026-06-22,AIAENG,RS Momentum Breakout,0.7994791666666666,-0.9671,TEST
2026-06-23,AIAENG,Donchian Channel Breakout,0.8878205128205128,-3.4017,TEST
2026-06-23,AIAENG,RS Momentum Breakout,0.8878205128205128,-3.4017,TEST
2026-06-24,AIAENG,RS Momentum Breakout,0.6374269005847953,-3.7732,TEST
2026-06-25,AIAENG,RS Momentum Breakout,0.5694444444444444,-2.9483,TEST
2026-06-26,AIAENG,VCP Volatility Contraction Breakout,0.7199074074074074,-3.9873,TEST
2026-06-26,AIAENG,RS Momentum Breakout,0.7199074074074074,-3.9873,TEST
2026-06-29,AIAENG,VCP Volatility Contraction Breakout,0.7198581560283688,-4.9035,TEST
2026-06-29,AIAENG,RS Momentum Breakout,0.7198581560283688,-4.9035,TEST
2026-06-30,AIAENG,Donchian Channel Breakout,0.87,-6.2992,TEST
2026-06-30,AIAENG,RS Momentum Breakout,0.87,-6.2992,TEST
2026-07-01,AIAENG,RS Momentum Breakout,0.8496732026143791,-3.7956,TEST
2026-07-03,AIAENG,EMA Pullback / Bounce,0.4650537634408602,-1.327,TEST
2026-07-07,AIAENG,EMA Pullback / Bounce,0.3666666666666666,-1.1716,TEST
2026-07-08,AIAENG,EMA Pullback / Bounce,0.5277777777777778,-0.8678,TEST
2026-07-09,AIAENG,EMA Pullback / Bounce,0.4407407407407408,-2.7176,TEST
2026-07-10,AIAENG,EMA Pullback / Bounce,0.5035460992907802,-2.2814,TEST
2026-07-13,AIAENG,EMA Pullback / Bounce,0.5974842767295597,-2.0604,TEST
2026-07-14,AIAENG,EMA Pullback / Bounce,0.4133333333333334,-3.6727,TEST
2026-07-16,AIAENG,EMA Pullback / Bounce,0.3954802259887005,-5.2036,TEST
2026-07-20,AIAENG,EMA Pullback / Bounce,0.2333333333333333,0.1411,TEST
2026-07-21,AIAENG,EMA Pullback / Bounce,0.2345679012345679,-1.1642,TEST
2026-02-18,AJANTPHARM,VCP Volatility Contraction Breakout,0.7647058823529411,-0.037,TEST
2026-02-18,AJANTPHARM,RS Momentum Breakout,0.7647058823529411,-0.037,TEST
2026-02-19,AJANTPHARM,VCP Volatility Contraction Breakout,0.8188405797101449,1.1494,TEST
2026-02-19,AJANTPHARM,RS Momentum Breakout,0.8188405797101449,1.1494,TEST
2026-02-20,AJANTPHARM,VCP Volatility Contraction Breakout,0.6722222222222222,-0.1224,TEST
2026-02-20,AJANTPHARM,RS Momentum Breakout,0.6722222222222222,-0.1224,TEST
2026-02-23,AJANTPHARM,Donchian Channel Breakout,0.8583333333333334,0.3815,TEST
2026-02-23,AJANTPHARM,VCP Volatility Contraction Breakout,0.8583333333333334,0.3815,TEST
2026-02-23,AJANTPHARM,RS Momentum Breakout,0.8583333333333334,0.3815,TEST
2026-02-24,AJANTPHARM,VCP Volatility Contraction Breakout,0.517094017094017,2.0147,TEST
2026-02-24,AJANTPHARM,RS Momentum Breakout,0.517094017094017,2.0147,TEST
2026-02-25,AJANTPHARM,Donchian Channel Breakout,0.8468468468468467,2.7842,TEST
2026-02-25,AJANTPHARM,VCP Volatility Contraction Breakout,0.8468468468468467,2.7842,TEST
2026-02-25,AJANTPHARM,RS Momentum Breakout,0.8468468468468467,2.7842,TEST
2026-02-26,AJANTPHARM,VCP Volatility Contraction Breakout,0.6714285714285714,0.8452,TEST
2026-02-26,AJANTPHARM,RS Momentum Breakout,0.6714285714285714,0.8452,TEST
2026-02-27,AJANTPHARM,VCP Volatility Contraction Breakout,0.6801801801801801,4.3852,TEST
2026-02-27,AJANTPHARM,RS Momentum Breakout,0.6801801801801801,4.3852,TEST
2026-03-02,AJANTPHARM,VCP Volatility Contraction Breakout,0.5802469135802469,2.3898,TEST
2026-03-04,AJANTPHARM,VCP Volatility Contraction Breakout,0.4607843137254901,5.2186,TEST
2026-03-04,AJANTPHARM,EMA Pullback / Bounce,0.4607843137254901,5.2186,TEST
2026-03-05,AJANTPHARM,VCP Volatility Contraction Breakout,0.7222222222222222,-1.0454,TEST
2026-03-06,AJANTPHARM,VCP Volatility Contraction Breakout,0.4743589743589744,-0.541,TEST
2026-03-06,AJANTPHARM,RS Momentum Breakout,0.4743589743589744,-0.541,TEST
2026-03-09,AJANTPHARM,EMA Pullback / Bounce,0.6388888888888888,-6.1162,TEST
2026-03-11,AJANTPHARM,Donchian Channel Breakout,0.6052631578947368,-5.2665,TEST
2026-03-11,AJANTPHARM,RS Momentum Breakout,0.6052631578947368,-5.2665,TEST
2026-03-12,AJANTPHARM,Donchian Channel Breakout,0.8020833333333334,-10.4852,TEST
2026-03-12,AJANTPHARM,RS Momentum Breakout,0.8020833333333334,-10.4852,TEST
2026-03-16,AJANTPHARM,EMA Pullback / Bounce,0.5740740740740741,-5.4987,TEST
2026-03-19,AJANTPHARM,EMA Pullback / Bounce,0.5833333333333334,-8.7986,TEST
2026-04-15,AJANTPHARM,EMA Pullback / Bounce,0.1746031746031745,-4.251,TEST
2026-05-04,AJANTPHARM,VCP Volatility Contraction Breakout,0.4537037037037037,10.4502,TEST
2026-05-05,AJANTPHARM,VCP Volatility Contraction Breakout,0.4242424242424242,9.807,TEST
2026-05-06,AJANTPHARM,Donchian Channel Breakout,0.6813725490196078,2.8645,TEST
2026-05-06,AJANTPHARM,RS Momentum Breakout,0.6813725490196078,2.8645,TEST
2026-05-07,AJANTPHARM,RS Momentum Breakout,0.4597701149425288,2.2534,TEST
2026-05-08,AJANTPHARM,VCP Volatility Contraction Breakout,0.2696078431372549,2.0525,TEST
2026-05-08,AJANTPHARM,RS Momentum Breakout,0.2696078431372549,2.0525,TEST
2026-05-11,AJANTPHARM,VCP Volatility Contraction Breakout,0.45,0.9997,TEST
2026-05-11,AJANTPHARM,RS Momentum Breakout,0.45,0.9997,TEST
2026-05-12,AJANTPHARM,RS Momentum Breakout,0.7407407407407408,-1.048,TEST
2026-05-13,AJANTPHARM,VCP Volatility Contraction Breakout,0.613095238095238,-3.7962,TEST
2026-05-13,AJANTPHARM,RS Momentum Breakout,0.613095238095238,-3.7962,TEST
2026-05-14,AJANTPHARM,Donchian Channel Breakout,0.7571428571428571,-8.1796,TEST
2026-05-14,AJANTPHARM,RS Momentum Breakout,0.7571428571428571,-8.1796,TEST
2026-05-15,AJANTPHARM,RS Momentum Breakout,0.5802469135802469,-7.9628,TEST
2026-05-18,AJANTPHARM,RS Momentum Breakout,0.6551724137931034,-9.7904,TEST
2026-05-19,AJANTPHARM,RS Momentum Breakout,0.6551724137931035,-10.3939,TEST
2026-05-20,AJANTPHARM,RS Momentum Breakout,0.345679012345679,-8.8471,TEST
2026-05-21,AJANTPHARM,RS Momentum Breakout,0.2526881720430107,-6.4519,TEST
2026-05-22,AJANTPHARM,EMA Pullback / Bounce,0.2207207207207207,-4.5932,TEST
2026-05-25,AJANTPHARM,EMA Pullback / Bounce,0.1744186046511628,-3.6573,TEST
2026-05-26,AJANTPHARM,VCP Volatility Contraction Breakout,0.2420634920634921,-2.6741,TEST
2026-05-26,AJANTPHARM,EMA Pullback / Bounce,0.2420634920634921,-2.6741,TEST
2026-05-27,AJANTPHARM,EMA Pullback / Bounce,0.3055555555555555,1.7909,TEST
2026-05-28,AJANTPHARM,EMA Pullback / Bounce,0.2388059701492537,3.4387,TEST
2026-06-05,AJANTPHARM,EMA Pullback / Bounce,0.2017543859649122,4.078,TEST
2026-06-08,AJANTPHARM,EMA Pullback / Bounce,0.2552083333333333,5.3645,TEST
2026-06-09,AJANTPHARM,EMA Pullback / Bounce,0.3833333333333333,4.8211,TEST
2026-06-11,AJANTPHARM,RS Momentum Breakout,0.6041666666666666,0.0472,TEST
2026-06-12,AJANTPHARM,RS Momentum Breakout,0.4065040650406504,0.1385,TEST
2026-06-15,AJANTPHARM,EMA Pullback / Bounce,0.313953488372093,10.7975,TEST
2026-06-16,AJANTPHARM,EMA Pullback / Bounce,0.3679245283018867,10.0688,TEST
2026-06-17,AJANTPHARM,EMA Pullback / Bounce,0.2816091954022988,9.324,TEST
2026-06-18,AJANTPHARM,EMA Pullback / Bounce,0.2561728395061728,8.2201,TEST
2026-06-19,AJANTPHARM,VCP Volatility Contraction Breakout,0.1271186440677966,7.456,TEST
2026-06-19,AJANTPHARM,EMA Pullback / Bounce,0.1271186440677966,7.456,TEST
2026-06-22,AJANTPHARM,Donchian Channel Breakout,0.4583333333333333,4.9953,TEST
2026-06-23,AJANTPHARM,Donchian Channel Breakout,0.4358974358974359,4.0659,TEST
2026-06-24,AJANTPHARM,Donchian Channel Breakout,0.4532163742690058,0.3919,TEST
2026-06-24,AJANTPHARM,RS Momentum Breakout,0.4532163742690058,0.3919,TEST
2026-06-26,AJANTPHARM,VCP Volatility Contraction Breakout,0.4375,5.2887,TEST
2026-06-29,AJANTPHARM,Donchian Channel Breakout,0.6985815602836879,2.6831,TEST
2026-06-29,AJANTPHARM,RS Momentum Breakout,0.6985815602836879,2.6831,TEST
2026-06-30,AJANTPHARM,RS Momentum Breakout,0.62,-0.4061,TEST
2026-07-01,AJANTPHARM,RS Momentum Breakout,0.5294117647058824,2.8434,TEST
2026-07-02,AJANTPHARM,RS Momentum Breakout,0.4404761904761904,0.9591,TEST
2026-07-03,AJANTPHARM,RS Momentum Breakout,0.3387096774193548,2.0564,TEST
2026-07-06,AJANTPHARM,RS Momentum Breakout,0.5617283950617283,2.3304,TEST
2026-07-08,AJANTPHARM,EMA Pullback / Bounce,0.4166666666666667,6.0037,TEST
2026-07-10,AJANTPHARM,RS Momentum Breakout,0.3971631205673759,0.4891,TEST
2026-07-13,AJANTPHARM,RS Momentum Breakout,0.7358490566037736,-1.5096,TEST
2026-07-14,AJANTPHARM,RS Momentum Breakout,0.62,-2.2976,TEST
2026-07-15,AJANTPHARM,RS Momentum Breakout,0.5748299319727891,-2.1266,TEST
2026-07-16,AJANTPHARM,RS Momentum Breakout,0.7570621468926554,-0.5096,TEST
2026-07-17,AJANTPHARM,RS Momentum Breakout,0.6848958333333334,0.7326,TEST
2026-07-20,AJANTPHARM,RS Momentum Breakout,0.5740740740740741,1.2943,TEST
2026-07-21,AJANTPHARM,Donchian Channel Breakout,0.9043209876543208,-1.3682,TEST
2026-07-21,AJANTPHARM,RS Momentum Breakout,0.9043209876543208,-1.3682,TEST
2026-07-24,AJANTPHARM,EMA Pullback / Bounce,0.5285714285714286,4.4546,TEST
2026-04-29,AKUMS,RS Momentum Breakout,0.5196078431372549,-2.6194,TEST
2026-04-30,AKUMS,RS Momentum Breakout,0.6547619047619047,-6.0091,TEST
2026-05-04,AKUMS,Donchian Channel Breakout,0.6342592592592592,-7.1875,TEST
2026-05-04,AKUMS,RS Momentum Breakout,0.6342592592592592,-7.1875,TEST
2026-05-05,AKUMS,RS Momentum Breakout,0.3636363636363636,-6.1055,TEST
2026-05-06,AKUMS,RS Momentum Breakout,0.3137254901960785,-7.3664,TEST
2026-05-08,AKUMS,RS Momentum Breakout,0.5294117647058824,-6.7927,TEST
2026-05-11,AKUMS,EMA Pullback / Bounce,0.5111111111111111,-4.0604,TEST
2026-05-12,AKUMS,EMA Pullback / Bounce,0.5493827160493827,0.7191,TEST
2026-05-13,AKUMS,EMA Pullback / Bounce,0.4285714285714285,-1.9509,TEST
2026-05-14,AKUMS,EMA Pullback / Bounce,0.5714285714285715,0.6677,TEST
2026-05-21,AKUMS,EMA Pullback / Bounce,0.3870967741935483,6.1127,TEST
2026-05-22,AKUMS,EMA Pullback / Bounce,0.3198198198198198,4.4906,TEST
2026-05-25,AKUMS,EMA Pullback / Bounce,0.193798449612403,4.5533,TEST
2026-05-26,AKUMS,EMA Pullback / Bounce,0.4761904761904762,2.4671,TEST
2026-05-27,AKUMS,EMA Pullback / Bounce,0.3968253968253968,10.6212,TEST
2026-05-28,AKUMS,EMA Pullback / Bounce,0.4228855721393034,13.2367,TEST
2026-05-29,AKUMS,EMA Pullback / Bounce,0.1936936936936937,18.7607,TEST
2026-06-01,AKUMS,EMA Pullback / Bounce,0.3529411764705882,19.0037,TEST
2026-06-02,AKUMS,EMA Pullback / Bounce,0.2758620689655172,12.2109,TEST
2026-06-04,AKUMS,RS Momentum Breakout,0.7000000000000001,7.5424,TEST
2026-06-05,AKUMS,RS Momentum Breakout,0.4122807017543859,9.3391,TEST
2026-06-10,AKUMS,Donchian Channel Breakout,0.861111111111111,3.317,TEST
2026-06-10,AKUMS,RS Momentum Breakout,0.861111111111111,3.317,TEST
2026-06-11,AKUMS,Donchian Channel Breakout,0.859375,-0.9187,TEST
2026-06-11,AKUMS,RS Momentum Breakout,0.859375,-0.9187,TEST
2026-06-12,AKUMS,Donchian Channel Breakout,0.8902439024390244,-3.2624,TEST
2026-06-12,AKUMS,RS Momentum Breakout,0.8902439024390244,-3.2624,TEST
2026-06-15,AKUMS,RS Momentum Breakout,0.7596899224806201,0.2809,TEST
2026-06-16,AKUMS,RS Momentum Breakout,0.6855345911949685,4.2057,TEST
2026-06-17,AKUMS,RS Momentum Breakout,0.5862068965517241,6.6346,TEST
2026-06-18,AKUMS,RS Momentum Breakout,0.5216049382716049,5.8799,TEST
2026-06-19,AKUMS,RS Momentum Breakout,0.4943502824858757,2.4006,TEST
2026-06-22,AKUMS,RS Momentum Breakout,0.546875,1.3819,TEST
2026-06-23,AKUMS,RS Momentum Breakout,0.5865384615384616,4.4844,TEST
2026-06-24,AKUMS,RS Momentum Breakout,0.543859649122807,5.4151,TEST
2026-06-25,AKUMS,RS Momentum Breakout,0.4930555555555556,8.5275,TEST
2026-06-26,AKUMS,RS Momentum Breakout,0.5902777777777778,15.8077,TEST
2026-06-29,AKUMS,RS Momentum Breakout,0.4964539007092198,9.2343,TEST
2026-06-30,AKUMS,RS Momentum Breakout,0.5866666666666666,10.2113,TEST
2026-07-01,AKUMS,RS Momentum Breakout,0.5882352941176471,9.8535,TEST
2026-07-02,AKUMS,VCP Volatility Contraction Breakout,0.5505952380952381,6.9198,TEST
2026-07-02,AKUMS,RS Momentum Breakout,0.5505952380952381,6.9198,TEST
2026-07-03,AKUMS,VCP Volatility Contraction Breakout,0.4704301075268817,5.5476,TEST
2026-07-03,AKUMS,RS Momentum Breakout,0.4704301075268817,5.5476,TEST
2026-07-06,AKUMS,VCP Volatility Contraction Breakout,0.404320987654321,8.5955,TEST
2026-07-06,AKUMS,RS Momentum Breakout,0.404320987654321,8.5955,TEST
2026-07-07,AKUMS,Donchian Channel Breakout,0.8366666666666666,6.9472,TEST
2026-07-07,AKUMS,RS Momentum Breakout,0.8366666666666666,6.9472,TEST
2026-07-08,AKUMS,RS Momentum Breakout,0.888888888888889,7.6941,TEST
2026-07-09,AKUMS,RS Momentum Breakout,0.8148148148148149,5.5834,TEST
2026-07-10,AKUMS,Donchian Channel Breakout,0.9255319148936172,-0.9654,TEST
2026-07-10,AKUMS,RS Momentum Breakout,0.9255319148936172,-0.9654,TEST
2026-07-13,AKUMS,RS Momentum Breakout,0.8742138364779874,-0.9384,TEST
2026-07-14,AKUMS,RS Momentum Breakout,0.8666666666666666,-4.7266,TEST
2026-07-15,AKUMS,RS Momentum Breakout,0.8163265306122449,-4.3675,TEST
2026-07-16,AKUMS,RS Momentum Breakout,0.6045197740112994,-2.7099,TEST
2026-07-17,AKUMS,RS Momentum Breakout,0.7161458333333334,-1.3338,TEST
2026-07-20,AKUMS,RS Momentum Breakout,0.6185185185185186,0.7469,TEST
2026-07-21,AKUMS,RS Momentum Breakout,0.8456790123456791,-3.5549,TEST
2026-07-22,AKUMS,RS Momentum Breakout,0.8478260869565218,-4.8293,TEST
2026-07-23,AKUMS,RS Momentum Breakout,0.8508771929824562,-3.7551,TEST
2026-07-24,AKUMS,RS Momentum Breakout,0.7999999999999999,1.462,TEST
2026-02-25,ALKEM,EMA Pullback / Bounce,0.3603603603603604,-3.3895,TEST
2026-02-27,ALKEM,EMA Pullback / Bounce,0.2747747747747748,-1.699,TEST
2026-03-10,ALKEM,EMA Pullback / Bounce,0.3999999999999999,-6.4465,TEST
2026-04-15,ALKEM,Donchian Channel Breakout,0.4761904761904761,-5.2314,TEST
2026-04-21,ALKEM,Donchian Channel Breakout,0.4114583333333333,-4.9604,TEST
2026-04-23,ALKEM,EMA Pullback / Bounce,0.3,0.323,TEST
2026-05-12,ALKEM,EMA Pullback / Bounce,0.1049382716049382,-1.2844,TEST
2026-05-15,ALKEM,EMA Pullback / Bounce,0.2654320987654321,0.6038,TEST
2026-05-19,ALKEM,EMA Pullback / Bounce,0.2413793103448276,-3.6506,TEST
2026-05-21,ALKEM,EMA Pullback / Bounce,0.3440860215053763,-4.5841,TEST
2026-05-29,ALKEM,EMA Pullback / Bounce,0.4864864864864864,-2.6729,TEST
2026-07-07,ALKEM,Donchian Channel Breakout,0.5433333333333333,0.0352,TEST
2026-07-07,ALKEM,VCP Volatility Contraction Breakout,0.5433333333333333,0.0352,TEST
2026-07-08,ALKEM,VCP Volatility Contraction Breakout,0.3214285714285714,-0.8697,TEST
2026-07-09,ALKEM,VCP Volatility Contraction Breakout,0.2703703703703703,-1.7021,TEST
2026-07-09,ALKEM,RS Momentum Breakout,0.2703703703703703,-1.7021,TEST
2026-07-10,ALKEM,VCP Volatility Contraction Breakout,0.4361702127659574,0.3205,TEST
2026-07-10,ALKEM,RS Momentum Breakout,0.4361702127659574,0.3205,TEST
2026-07-13,ALKEM,VCP Volatility Contraction Breakout,0.4371069182389937,1.199,TEST
2026-07-13,ALKEM,EMA Pullback / Bounce,0.4371069182389937,1.199,TEST
2026-07-14,ALKEM,VCP Volatility Contraction Breakout,0.5033333333333333,0.1151,TEST
2026-07-14,ALKEM,EMA Pullback / Bounce,0.5033333333333333,0.1151,TEST
2026-07-15,ALKEM,VCP Volatility Contraction Breakout,0.4557823129251701,0.2297,TEST
2026-07-16,ALKEM,Donchian Channel Breakout,0.3248587570621469,1.883,TEST
2026-07-16,ALKEM,VCP Volatility Contraction Breakout,0.3248587570621469,1.883,TEST
2026-07-17,ALKEM,VCP Volatility Contraction Breakout,0.2057291666666666,2.7971,TEST
2026-07-17,ALKEM,EMA Pullback / Bounce,0.2057291666666666,2.7971,TEST
2026-07-20,ALKEM,VCP Volatility Contraction Breakout,0.3259259259259259,0.2988,TEST
2026-07-21,ALKEM,VCP Volatility Contraction Breakout,0.1481481481481481,-1.2763,TEST
2026-07-22,ALKEM,VCP Volatility Contraction Breakout,0.2898550724637681,1.7051,TEST
2026-07-22,ALKEM,EMA Pullback / Bounce,0.2898550724637681,1.7051,TEST
2026-07-23,ALKEM,VCP Volatility Contraction Breakout,0.2324561403508771,0.6473,TEST
2026-07-23,ALKEM,EMA Pullback / Bounce,0.2324561403508771,0.6473,TEST
2026-07-24,ALKEM,VCP Volatility Contraction Breakout,0.2809523809523809,-1.1143,TEST
2026-07-24,ALKEM,EMA Pullback / Bounce,0.2809523809523809,-1.1143,TEST
2026-06-23,ALKYLAMINE,EMA Pullback / Bounce,0.3525641025641025,0.1573,TEST
2026-06-24,ALKYLAMINE,EMA Pullback / Bounce,0.3187134502923976,4.1348,TEST
2026-06-25,ALKYLAMINE,EMA Pullback / Bounce,0.3541666666666667,9.2749,TEST
2026-06-26,ALKYLAMINE,EMA Pullback / Bounce,0.4930555555555556,9.5798,TEST
2026-07-01,ALKYLAMINE,EMA Pullback / Bounce,0.5294117647058824,7.3842,TEST
2026-07-06,ALKYLAMINE,EMA Pullback / Bounce,0.3333333333333333,2.2791,TEST
2026-07-07,ALKYLAMINE,VCP Volatility Contraction Breakout,0.38,2.3343,TEST
2026-07-07,ALKYLAMINE,EMA Pullback / Bounce,0.38,2.3343,TEST
2026-07-09,ALKYLAMINE,Donchian Channel Breakout,0.825925925925926,-7.7526,TEST
2026-07-09,ALKYLAMINE,RS Momentum Breakout,0.825925925925926,-7.7526,TEST
2026-07-10,ALKYLAMINE,RS Momentum Breakout,0.8368794326241135,-7.1836,TEST
2026-07-17,ALKYLAMINE,EMA Pullback / Bounce,0.5416666666666666,-2.2607,TEST
2026-07-20,ALKYLAMINE,EMA Pullback / Bounce,0.3444444444444444,-0.3605,TEST
2026-07-21,ALKYLAMINE,VCP Volatility Contraction Breakout,0.4475308641975308,4.1865,TEST
2026-07-21,ALKYLAMINE,EMA Pullback / Bounce,0.4475308641975308,4.1865,TEST
2026-07-22,ALKYLAMINE,VCP Volatility Contraction Breakout,0.4094202898550724,6.4012,TEST
2026-07-22,ALKYLAMINE,EMA Pullback / Bounce,0.4094202898550724,6.4012,TEST
2026-07-23,ALKYLAMINE,EMA Pullback / Bounce,0.4342105263157894,6.8375,TEST
2026-02-18,ANGELONE,EMA Pullback / Bounce,0.3235294117647059,-13.8827,TEST
2026-04-17,ANGELONE,Donchian Channel Breakout,0.971264367816092,-4.3056,TEST
2026-04-17,ANGELONE,RS Momentum Breakout,0.971264367816092,-4.3056,TEST
2026-04-20,ANGELONE,RS Momentum Breakout,0.8777777777777779,-3.648,TEST
2026-04-21,ANGELONE,RS Momentum Breakout,0.8177083333333334,-2.9779,TEST
2026-04-22,ANGELONE,Donchian Channel Breakout,0.7222222222222223,-3.3994,TEST
2026-04-22,ANGELONE,RS Momentum Breakout,0.7222222222222223,-3.3994,TEST
2026-04-23,ANGELONE,RS Momentum Breakout,0.5523809523809524,-0.065,TEST
2026-04-24,ANGELONE,RS Momentum Breakout,0.6666666666666666,2.8878,TEST
2026-04-27,ANGELONE,RS Momentum Breakout,0.4791666666666667,-0.2986,TEST
2026-04-28,ANGELONE,RS Momentum Breakout,0.45,-6.3175,TEST
2026-04-29,ANGELONE,RS Momentum Breakout,0.3970588235294117,-4.2427,TEST
2026-04-30,ANGELONE,RS Momentum Breakout,0.4107142857142857,-1.6229,TEST
2026-05-01,ANGELONE,RS Momentum Breakout,0.4193548387096774,-0.5993,TEST
2026-05-04,ANGELONE,RS Momentum Breakout,0.287037037037037,-1.2829,TEST
2026-05-05,ANGELONE,RS Momentum Breakout,0.3838383838383838,3.5517,TEST
2026-05-06,ANGELONE,RS Momentum Breakout,0.3333333333333333,2.0729,TEST
2026-05-07,ANGELONE,RS Momentum Breakout,0.3793103448275862,5.4814,TEST
2026-05-08,ANGELONE,RS Momentum Breakout,0.7254901960784313,4.8185,TEST
2026-05-11,ANGELONE,RS Momentum Breakout,0.3888888888888888,9.7576,TEST
2026-05-14,ANGELONE,EMA Pullback / Bounce,0.4285714285714285,10.3669,TEST
2026-05-15,ANGELONE,EMA Pullback / Bounce,0.4814814814814814,11.3937,TEST
2026-05-18,ANGELONE,EMA Pullback / Bounce,0.3333333333333333,10.4129,TEST
2026-05-19,ANGELONE,RS Momentum Breakout,0.7471264367816092,4.9786,TEST
2026-05-20,ANGELONE,RS Momentum Breakout,0.5802469135802469,2.1202,TEST
2026-05-21,ANGELONE,Donchian Channel Breakout,0.7365591397849464,-1.2429,TEST
2026-05-21,ANGELONE,RS Momentum Breakout,0.7365591397849464,-1.2429,TEST
2026-05-22,ANGELONE,RS Momentum Breakout,0.7747747747747749,-2.7485,TEST
2026-05-25,ANGELONE,Donchian Channel Breakout,0.7325581395348837,-6.1383,TEST
2026-05-25,ANGELONE,RS Momentum Breakout,0.7325581395348837,-6.1383,TEST
2026-05-26,ANGELONE,RS Momentum Breakout,0.6587301587301587,-2.1594,TEST
2026-05-27,ANGELONE,RS Momentum Breakout,0.6349206349206349,-2.1071,TEST
2026-05-28,ANGELONE,RS Momentum Breakout,0.6417910447761194,-4.3433,TEST
2026-05-29,ANGELONE,RS Momentum Breakout,0.5585585585585586,-0.4399,TEST
2026-06-01,ANGELONE,RS Momentum Breakout,0.6666666666666666,5.2899,TEST
2026-06-02,ANGELONE,RS Momentum Breakout,0.7241379310344828,1.5306,TEST
2026-06-04,ANGELONE,RS Momentum Breakout,0.6666666666666666,4.4714,TEST
2026-06-05,ANGELONE,EMA Pullback / Bounce,0.7192982456140351,8.5302,TEST
2026-06-08,ANGELONE,EMA Pullback / Bounce,0.515625,8.2037,TEST
2026-06-10,ANGELONE,EMA Pullback / Bounce,0.4555555555555555,3.8567,TEST
2026-06-15,ANGELONE,Donchian Channel Breakout,0.7713178294573643,-6.8697,TEST
2026-06-15,ANGELONE,RS Momentum Breakout,0.7713178294573643,-6.8697,TEST
2026-06-16,ANGELONE,RS Momentum Breakout,0.6352201257861636,-5.5151,TEST
2026-06-17,ANGELONE,RS Momentum Breakout,0.6752873563218391,-2.7429,TEST
2026-06-18,ANGELONE,RS Momentum Breakout,0.7777777777777778,-2.493,TEST
2026-06-19,ANGELONE,RS Momentum Breakout,0.7514124293785311,-0.7467,TEST
2026-06-22,ANGELONE,RS Momentum Breakout,0.5052083333333334,-2.4944,TEST
2026-06-23,ANGELONE,EMA Pullback / Bounce,0.592948717948718,-1.8129,TEST
2026-06-24,ANGELONE,EMA Pullback / Bounce,0.4883040935672515,-3.0161,TEST
2026-06-25,ANGELONE,EMA Pullback / Bounce,0.34375,1.745,TEST
2026-06-26,ANGELONE,EMA Pullback / Bounce,0.4513888888888889,4.0752,TEST
2026-07-01,ANGELONE,VCP Volatility Contraction Breakout,0.6176470588235294,0.8813,TEST
2026-07-01,ANGELONE,EMA Pullback / Bounce,0.6176470588235294,0.8813,TEST
2026-07-02,ANGELONE,VCP Volatility Contraction Breakout,0.613095238095238,-2.3622,TEST
2026-07-03,ANGELONE,VCP Volatility Contraction Breakout,0.6370967741935484,-6.5483,TEST
2026-07-03,ANGELONE,RS Momentum Breakout,0.6370967741935484,-6.5483,TEST
2026-07-06,ANGELONE,VCP Volatility Contraction Breakout,0.6049382716049383,-6.2437,TEST
2026-07-07,ANGELONE,EMA Pullback / Bounce,0.5633333333333334,-3.6133,TEST
2026-07-09,ANGELONE,VCP Volatility Contraction Breakout,0.5370370370370371,-11.0542,TEST
2026-07-09,ANGELONE,EMA Pullback / Bounce,0.5370370370370371,-11.0542,TEST
2026-07-10,ANGELONE,VCP Volatility Contraction Breakout,0.4042553191489361,-9.8358,TEST
2026-07-13,ANGELONE,VCP Volatility Contraction Breakout,0.430817610062893,-10.2527,TEST
2026-07-13,ANGELONE,EMA Pullback / Bounce,0.430817610062893,-10.2527,TEST
2026-07-15,ANGELONE,VCP Volatility Contraction Breakout,0.5408163265306123,-12.5672,TEST
2026-07-15,ANGELONE,EMA Pullback / Bounce,0.5408163265306123,-12.5672,TEST
2026-07-16,ANGELONE,EMA Pullback / Bounce,0.4802259887005649,-13.2022,TEST
2026-02-18,ANURAS,EMA Pullback / Bounce,0.3529411764705882,-3.9892,TEST
2026-02-20,ANURAS,EMA Pullback / Bounce,0.3444444444444444,-2.7597,TEST
2026-02-23,ANURAS,EMA Pullback / Bounce,0.1416666666666666,1.7214,TEST
2026-03-25,ANURAS,EMA Pullback / Bounce,0.2333333333333333,1.5611,TEST
2026-04-02,ANURAS,EMA Pullback / Bounce,0.4444444444444444,3.4783,TEST
2026-04-08,ANURAS,EMA Pullback / Bounce,0.1515151515151515,5.6821,TEST
2026-04-09,ANURAS,VCP Volatility Contraction Breakout,0.3555555555555555,4.8475,TEST
2026-04-10,ANURAS,VCP Volatility Contraction Breakout,0.3768115942028986,4.9961,TEST
2026-04-13,ANURAS,VCP Volatility Contraction Breakout,0.1354166666666666,2.1522,TEST
2026-04-13,ANURAS,EMA Pullback / Bounce,0.1354166666666666,2.1522,TEST
2026-04-15,ANURAS,VCP Volatility Contraction Breakout,0.4285714285714285,-0.0155,TEST
2026-04-16,ANURAS,VCP Volatility Contraction Breakout,0.0987654320987654,7.0245,TEST
2026-04-16,ANURAS,EMA Pullback / Bounce,0.0987654320987654,7.0245,TEST
2026-04-17,ANURAS,VCP Volatility Contraction Breakout,0.2758620689655172,4.9844,TEST
2026-04-20,ANURAS,Donchian Channel Breakout,0.2944444444444444,2.8293,TEST
2026-04-20,ANURAS,VCP Volatility Contraction Breakout,0.2944444444444444,2.8293,TEST
2026-04-21,ANURAS,VCP Volatility Contraction Breakout,0.4375,2.2934,TEST
2026-04-22,ANURAS,Donchian Channel Breakout,0.5128205128205128,1.1768,TEST
2026-04-22,ANURAS,VCP Volatility Contraction Breakout,0.5128205128205128,1.1768,TEST
2026-04-22,ANURAS,RS Momentum Breakout,0.5128205128205128,1.1768,TEST
2026-04-23,ANURAS,VCP Volatility Contraction Breakout,0.5428571428571428,2.3955,TEST
2026-04-23,ANURAS,RS Momentum Breakout,0.5428571428571428,2.3955,TEST
2026-04-24,ANURAS,VCP Volatility Contraction Breakout,0.2803030303030303,0.4576,TEST
2026-04-24,ANURAS,RS Momentum Breakout,0.2803030303030303,0.4576,TEST
2026-04-27,ANURAS,VCP Volatility Contraction Breakout,0.5104166666666666,2.5573,TEST
2026-04-27,ANURAS,RS Momentum Breakout,0.5104166666666666,2.5573,TEST
2026-04-28,ANURAS,VCP Volatility Contraction Breakout,0.4111111111111111,4.3406,TEST
2026-04-28,ANURAS,EMA Pullback / Bounce,0.4111111111111111,4.3406,TEST
2026-04-29,ANURAS,VCP Volatility Contraction Breakout,0.3137254901960784,5.7191,TEST
2026-04-29,ANURAS,EMA Pullback / Bounce,0.3137254901960784,5.7191,TEST
2026-04-30,ANURAS,VCP Volatility Contraction Breakout,0.6011904761904762,1.9259,TEST
2026-04-30,ANURAS,RS Momentum Breakout,0.6011904761904762,1.9259,TEST
2026-05-04,ANURAS,VCP Volatility Contraction Breakout,0.4583333333333333,1.461,TEST
2026-05-04,ANURAS,RS Momentum Breakout,0.4583333333333333,1.461,TEST
2026-05-05,ANURAS,VCP Volatility Contraction Breakout,0.5202020202020202,-1.2763,TEST
2026-05-05,ANURAS,RS Momentum Breakout,0.5202020202020202,-1.2763,TEST
2026-05-06,ANURAS,VCP Volatility Contraction Breakout,0.4313725490196078,0.8456,TEST
2026-05-06,ANURAS,RS Momentum Breakout,0.4313725490196078,0.8456,TEST
2026-05-07,ANURAS,RS Momentum Breakout,0.4827586206896552,0.3066,TEST
2026-05-08,ANURAS,VCP Volatility Contraction Breakout,0.5637254901960784,0.8787,TEST
2026-05-08,ANURAS,RS Momentum Breakout,0.5637254901960784,0.8787,TEST
2026-05-11,ANURAS,VCP Volatility Contraction Breakout,0.5833333333333334,0.4469,TEST
2026-05-11,ANURAS,RS Momentum Breakout,0.5833333333333334,0.4469,TEST
2026-05-12,ANURAS,VCP Volatility Contraction Breakout,0.5061728395061729,-0.1385,TEST
2026-05-12,ANURAS,RS Momentum Breakout,0.5061728395061729,-0.1385,TEST
2026-05-13,ANURAS,VCP Volatility Contraction Breakout,0.5773809523809524,-1.6393,TEST
2026-05-13,ANURAS,RS Momentum Breakout,0.5773809523809524,-1.6393,TEST
2026-05-14,ANURAS,VCP Volatility Contraction Breakout,0.3571428571428571,0.2124,TEST
2026-05-14,ANURAS,RS Momentum Breakout,0.3571428571428571,0.2124,TEST
2026-05-15,ANURAS,VCP Volatility Contraction Breakout,0.3395061728395062,-6.2391,TEST
2026-05-15,ANURAS,RS Momentum Breakout,0.3395061728395062,-6.2391,TEST
2026-05-18,ANURAS,VCP Volatility Contraction Breakout,0.3448275862068966,-3.6279,TEST
2026-05-18,ANURAS,EMA Pullback / Bounce,0.3448275862068966,-3.6279,TEST
2026-05-19,ANURAS,VCP Volatility Contraction Breakout,0.264367816091954,-2.1203,TEST
2026-05-19,ANURAS,EMA Pullback / Bounce,0.264367816091954,-2.1203,TEST
2026-05-20,ANURAS,VCP Volatility Contraction Breakout,0.2962962962962963,-3.2653,TEST
2026-05-20,ANURAS,RS Momentum Breakout,0.2962962962962963,-3.2653,TEST
2026-05-21,ANURAS,VCP Volatility Contraction Breakout,0.2849462365591397,-2.7974,TEST
2026-05-21,ANURAS,RS Momentum Breakout,0.2849462365591397,-2.7974,TEST
2026-05-22,ANURAS,VCP Volatility Contraction Breakout,0.5495495495495496,-4.446,TEST
2026-05-22,ANURAS,EMA Pullback / Bounce,0.5495495495495496,-4.446,TEST
2026-05-25,ANURAS,VCP Volatility Contraction Breakout,0.631782945736434,-5.3022,TEST
2026-05-25,ANURAS,EMA Pullback / Bounce,0.631782945736434,-5.3022,TEST
2026-05-25,ANURAS,RS Momentum Breakout,0.631782945736434,-5.3022,TEST
2026-05-26,ANURAS,VCP Volatility Contraction Breakout,0.4404761904761904,-8.3532,TEST
2026-05-26,ANURAS,EMA Pullback / Bounce,0.4404761904761904,-8.3532,TEST
2026-05-26,ANURAS,RS Momentum Breakout,0.4404761904761904,-8.3532,TEST
2026-05-27,ANURAS,VCP Volatility Contraction Breakout,0.3888888888888889,-6.9956,TEST
2026-05-27,ANURAS,EMA Pullback / Bounce,0.3888888888888889,-6.9956,TEST
2026-05-28,ANURAS,VCP Volatility Contraction Breakout,0.4527363184079602,-7.5136,TEST
2026-05-28,ANURAS,EMA Pullback / Bounce,0.4527363184079602,-7.5136,TEST
2026-06-03,ANURAS,EMA Pullback / Bounce,0.2733333333333334,-2.9101,TEST
2026-06-04,ANURAS,VCP Volatility Contraction Breakout,0.2388888888888889,-4.9963,TEST
2026-06-04,ANURAS,EMA Pullback / Bounce,0.2388888888888889,-4.9963,TEST
2026-06-05,ANURAS,EMA Pullback / Bounce,0.2324561403508772,-3.1032,TEST
2026-02-18,APARINDS,Donchian Channel Breakout,0.7794117647058824,2.2255,TEST
2026-02-18,APARINDS,RS Momentum Breakout,0.7794117647058824,2.2255,TEST
2026-02-19,APARINDS,RS Momentum Breakout,0.5507246376811594,4.044,TEST
2026-02-20,APARINDS,Donchian Channel Breakout,0.8722222222222221,-4.3208,TEST
2026-02-20,APARINDS,RS Momentum Breakout,0.8722222222222221,-4.3208,TEST
2026-02-23,APARINDS,RS Momentum Breakout,0.8583333333333333,-6.132,TEST
2026-02-24,APARINDS,RS Momentum Breakout,0.641025641025641,-15.5302,TEST
2026-02-25,APARINDS,RS Momentum Breakout,0.6666666666666666,-10.7925,TEST
2026-02-26,APARINDS,RS Momentum Breakout,0.7142857142857143,-16.8455,TEST
2026-02-27,APARINDS,Donchian Channel Breakout,0.8963963963963963,-13.1524,TEST
2026-02-27,APARINDS,RS Momentum Breakout,0.8963963963963963,-13.1524,TEST
2026-03-02,APARINDS,RS Momentum Breakout,0.7901234567901234,-10.3323,TEST
2026-03-04,APARINDS,EMA Pullback / Bounce,0.7156862745098039,-5.5534,TEST
2026-03-09,APARINDS,EMA Pullback / Bounce,0.4583333333333333,-5.1007,TEST
2026-03-10,APARINDS,EMA Pullback / Bounce,0.3888888888888889,-1.3705,TEST
2026-03-18,APARINDS,EMA Pullback / Bounce,0.3333333333333333,5.6915,TEST
2026-03-19,APARINDS,EMA Pullback / Bounce,0.4861111111111111,5.3987,TEST
2026-03-20,APARINDS,EMA Pullback / Bounce,0.3666666666666667,8.7506,TEST
2026-03-23,APARINDS,EMA Pullback / Bounce,1.0,8.4836,TEST
2026-03-24,APARINDS,EMA Pullback / Bounce,0.3999999999999999,15.0421,TEST
2026-03-27,APARINDS,RS Momentum Breakout,0.875,7.9153,TEST
2026-03-30,APARINDS,EMA Pullback / Bounce,0.6,8.8551,TEST
2026-04-01,APARINDS,EMA Pullback / Bounce,0.5,18.0001,TEST
2026-04-02,APARINDS,EMA Pullback / Bounce,0.6111111111111112,21.668,TEST
2026-04-06,APARINDS,EMA Pullback / Bounce,0.5333333333333333,17.9064,TEST
2026-04-09,APARINDS,Donchian Channel Breakout,0.8777777777777778,5.803,TEST
2026-04-09,APARINDS,RS Momentum Breakout,0.8777777777777778,5.803,TEST
2026-04-10,APARINDS,Donchian Channel Breakout,0.8043478260869565,9.6008,TEST
2026-04-10,APARINDS,RS Momentum Breakout,0.8043478260869565,9.6008,TEST
2026-04-13,APARINDS,RS Momentum Breakout,0.6875,4.0526,TEST
2026-04-15,APARINDS,RS Momentum Breakout,0.6507936507936508,8.6623,TEST
2026-04-16,APARINDS,RS Momentum Breakout,0.8518518518518517,8.7438,TEST
2026-04-17,APARINDS,Donchian Channel Breakout,0.7413793103448275,7.0399,TEST
2026-04-17,APARINDS,RS Momentum Breakout,0.7413793103448275,7.0399,TEST
2026-04-20,APARINDS,Donchian Channel Breakout,0.85,3.2574,TEST
2026-04-20,APARINDS,RS Momentum Breakout,0.85,3.2574,TEST
2026-04-21,APARINDS,RS Momentum Breakout,0.7916666666666666,8.7001,TEST
2026-04-22,APARINDS,RS Momentum Breakout,0.7136752136752137,5.3061,TEST
2026-04-23,APARINDS,RS Momentum Breakout,0.7619047619047619,7.7163,TEST
2026-04-24,APARINDS,RS Momentum Breakout,0.6212121212121212,9.417,TEST
2026-04-27,APARINDS,RS Momentum Breakout,0.75,5.3093,TEST
2026-04-28,APARINDS,RS Momentum Breakout,0.6888888888888888,3.8596,TEST
2026-04-29,APARINDS,Donchian Channel Breakout,0.8382352941176471,-0.1848,TEST
2026-04-29,APARINDS,RS Momentum Breakout,0.8382352941176471,-0.1848,TEST
2026-04-30,APARINDS,RS Momentum Breakout,0.8452380952380952,3.2763,TEST
2026-05-01,APARINDS,RS Momentum Breakout,0.6881720430107526,0.837,TEST
2026-05-04,APARINDS,RS Momentum Breakout,0.6666666666666666,-2.4559,TEST
2026-05-05,APARINDS,Donchian Channel Breakout,0.8131313131313131,-4.4419,TEST
2026-05-05,APARINDS,RS Momentum Breakout,0.8131313131313131,-4.4419,TEST
2026-05-06,APARINDS,RS Momentum Breakout,0.5392156862745098,1.5868,TEST
2026-05-07,APARINDS,RS Momentum Breakout,0.6091954022988505,0.0389,TEST
2026-05-08,APARINDS,RS Momentum Breakout,0.5294117647058824,-0.1484,TEST
2026-05-11,APARINDS,Donchian Channel Breakout,0.5833333333333334,-2.5,TEST
2026-05-11,APARINDS,RS Momentum Breakout,0.5833333333333334,-2.5,TEST
2026-05-12,APARINDS,RS Momentum Breakout,0.5432098765432098,0.618,TEST
2026-05-14,APARINDS,RS Momentum Breakout,0.5428571428571428,5.4674,TEST
2026-05-15,APARINDS,RS Momentum Breakout,0.5185185185185185,4.3513,TEST
2026-05-18,APARINDS,EMA Pullback / Bounce,0.6206896551724138,4.7545,TEST
2026-05-19,APARINDS,EMA Pullback / Bounce,0.5402298850574713,9.2181,TEST
2026-05-21,APARINDS,RS Momentum Breakout,0.5752688172043011,6.189,TEST
2026-05-22,APARINDS,RS Momentum Breakout,0.6396396396396397,8.1515,TEST
2026-05-25,APARINDS,EMA Pullback / Bounce,0.5348837209302326,6.3782,TEST
2026-05-26,APARINDS,EMA Pullback / Bounce,0.5079365079365079,8.4555,TEST
2026-05-27,APARINDS,Donchian Channel Breakout,0.7738095238095237,4.9084,TEST
2026-05-27,APARINDS,RS Momentum Breakout,0.7738095238095237,4.9084,TEST
2026-05-28,APARINDS,RS Momentum Breakout,0.6716417910447762,7.7852,TEST
2026-05-29,APARINDS,RS Momentum Breakout,0.7477477477477478,16.0137,TEST
2026-06-01,APARINDS,EMA Pullback / Bounce,0.6666666666666666,24.8809,TEST
2026-06-02,APARINDS,RS Momentum Breakout,0.7586206896551723,21.8387,TEST
2026-06-03,APARINDS,Donchian Channel Breakout,0.7933333333333333,18.6662,TEST
2026-06-03,APARINDS,RS Momentum Breakout,0.7933333333333333,18.6662,TEST
2026-06-04,APARINDS,RS Momentum Breakout,0.8555555555555556,14.3725,TEST
2026-06-05,APARINDS,RS Momentum Breakout,0.6666666666666666,22.0847,TEST
2026-06-09,APARINDS,RS Momentum Breakout,0.55,21.1817,TEST
2026-06-10,APARINDS,RS Momentum Breakout,0.8111111111111112,18.4856,TEST
2026-06-11,APARINDS,Donchian Channel Breakout,0.859375,8.0888,TEST
2026-06-11,APARINDS,RS Momentum Breakout,0.859375,8.0888,TEST
2026-06-12,APARINDS,Donchian Channel Breakout,0.8821138211382115,2.7051,TEST
2026-06-12,APARINDS,RS Momentum Breakout,0.8821138211382115,2.7051,TEST
2026-06-15,APARINDS,Donchian Channel Breakout,0.8875968992248063,-1.0767,TEST
2026-06-15,APARINDS,RS Momentum Breakout,0.8875968992248063,-1.0767,TEST
2026-06-16,APARINDS,Donchian Channel Breakout,0.9339622641509434,-2.9255,TEST
2026-06-16,APARINDS,RS Momentum Breakout,0.9339622641509434,-2.9255,TEST
2026-06-17,APARINDS,RS Momentum Breakout,0.9367816091954024,-9.8332,TEST
2026-06-18,APARINDS,RS Momentum Breakout,0.9135802469135804,-4.7195,TEST
2026-06-19,APARINDS,RS Momentum Breakout,0.824858757062147,-13.3672,TEST
2026-06-22,APARINDS,RS Momentum Breakout,0.6744791666666666,-12.558,TEST
2026-06-23,APARINDS,Donchian Channel Breakout,0.8237179487179488,-15.0114,TEST
2026-06-23,APARINDS,RS Momentum Breakout,0.8237179487179488,-15.0114,TEST
2026-06-24,APARINDS,RS Momentum Breakout,0.8362573099415204,-19.6713,TEST
2026-06-25,APARINDS,RS Momentum Breakout,0.7013888888888888,-12.1832,TEST
2026-06-26,APARINDS,RS Momentum Breakout,0.6921296296296298,-12.2581,TEST
2026-06-29,APARINDS,RS Momentum Breakout,0.723404255319149,-13.8922,TEST
2026-06-30,APARINDS,RS Momentum Breakout,0.5166666666666666,-14.2217,TEST
2026-07-02,APARINDS,EMA Pullback / Bounce,0.5654761904761905,-6.3612,TEST
2026-02-18,APLAPOLLO,RS Momentum Breakout,0.6078431372549019,-3.9422,TEST
2026-02-19,APLAPOLLO,RS Momentum Breakout,0.5217391304347826,-2.2787,TEST
2026-02-20,APLAPOLLO,EMA Pullback / Bounce,0.4777777777777778,-4.2317,TEST
2026-02-23,APLAPOLLO,EMA Pullback / Bounce,0.4624999999999999,-4.0647,TEST
2026-02-23,APLAPOLLO,RS Momentum Breakout,0.4624999999999999,-4.0647,TEST
2026-02-24,APLAPOLLO,EMA Pullback / Bounce,0.7136752136752137,-8.711,TEST
2026-02-24,APLAPOLLO,RS Momentum Breakout,0.7136752136752137,-8.711,TEST
2026-02-25,APLAPOLLO,RS Momentum Breakout,0.5945945945945946,-10.3436,TEST
2026-02-26,APLAPOLLO,RS Momentum Breakout,0.5333333333333333,-13.3871,TEST
2026-02-27,APLAPOLLO,RS Momentum Breakout,0.7837837837837838,-13.7267,TEST
2026-03-02,APLAPOLLO,RS Momentum Breakout,0.6172839506172839,-10.6627,TEST
2026-03-05,APLAPOLLO,EMA Pullback / Bounce,0.4814814814814815,-10.6574,TEST
2026-03-06,APLAPOLLO,EMA Pullback / Bounce,0.5128205128205129,-5.7511,TEST
2026-04-17,APLAPOLLO,Donchian Channel Breakout,0.3218390804597701,-10.1458,TEST
2026-04-20,APLAPOLLO,Donchian Channel Breakout,0.5277777777777778,-13.4873,TEST
2026-04-20,APLAPOLLO,RS Momentum Breakout,0.5277777777777778,-13.4873,TEST
2026-02-23,APOLLOHOSP,Donchian Channel Breakout,0.6083333333333333,1.8934,TEST
2026-02-23,APOLLOHOSP,VCP Volatility Contraction Breakout,0.6083333333333333,1.8934,TEST
2026-02-23,APOLLOHOSP,RS Momentum Breakout,0.6083333333333333,1.8934,TEST
2026-02-24,APOLLOHOSP,Donchian Channel Breakout,0.5897435897435898,-1.1132,TEST
2026-02-24,APOLLOHOSP,VCP Volatility Contraction Breakout,0.5897435897435898,-1.1132,TEST
2026-02-24,APOLLOHOSP,RS Momentum Breakout,0.5897435897435898,-1.1132,TEST
2026-02-25,APOLLOHOSP,Donchian Channel Breakout,0.6396396396396397,-2.891,TEST
2026-02-25,APOLLOHOSP,VCP Volatility Contraction Breakout,0.6396396396396397,-2.891,TEST
2026-02-25,APOLLOHOSP,RS Momentum Breakout,0.6396396396396397,-2.891,TEST
2026-02-26,APOLLOHOSP,Donchian Channel Breakout,0.6476190476190476,-2.398,TEST
2026-02-26,APOLLOHOSP,VCP Volatility Contraction Breakout,0.6476190476190476,-2.398,TEST
2026-02-26,APOLLOHOSP,RS Momentum Breakout,0.6476190476190476,-2.398,TEST
2026-02-27,APOLLOHOSP,Donchian Channel Breakout,0.7117117117117117,-1.7189,TEST
2026-02-27,APOLLOHOSP,VCP Volatility Contraction Breakout,0.7117117117117117,-1.7189,TEST
2026-02-27,APOLLOHOSP,RS Momentum Breakout,0.7117117117117117,-1.7189,TEST
2026-03-02,APOLLOHOSP,VCP Volatility Contraction Breakout,0.7592592592592592,-1.5748,TEST
2026-03-02,APOLLOHOSP,RS Momentum Breakout,0.7592592592592592,-1.5748,TEST
2026-03-04,APOLLOHOSP,EMA Pullback / Bounce,0.6274509803921569,-2.974,TEST
2026-03-04,APOLLOHOSP,RS Momentum Breakout,0.6274509803921569,-2.974,TEST
2026-03-05,APOLLOHOSP,RS Momentum Breakout,0.611111111111111,-6.6667,TEST
2026-03-06,APOLLOHOSP,RS Momentum Breakout,0.3333333333333333,-2.9454,TEST
2026-03-09,APOLLOHOSP,RS Momentum Breakout,0.638888888888889,-9.1545,TEST
2026-03-10,APOLLOHOSP,RS Momentum Breakout,0.6000000000000001,-4.6007,TEST
2026-03-11,APOLLOHOSP,EMA Pullback / Bounce,0.3771929824561403,-0.1252,TEST
2026-03-12,APOLLOHOSP,EMA Pullback / Bounce,0.40625,-0.0926,TEST
2026-03-13,APOLLOHOSP,EMA Pullback / Bounce,0.4583333333333333,-1.9299,TEST
2026-03-17,APOLLOHOSP,EMA Pullback / Bounce,0.3833333333333333,-2.5827,TEST
2026-03-18,APOLLOHOSP,EMA Pullback / Bounce,0.3518518518518518,-0.459,TEST
2026-03-25,APOLLOHOSP,EMA Pullback / Bounce,0.6999999999999998,0.0866,TEST
2026-03-27,APOLLOHOSP,EMA Pullback / Bounce,0.375,2.3025,TEST
2026-04-09,APOLLOHOSP,EMA Pullback / Bounce,0.2333333333333333,3.1,TEST
2026-04-10,APOLLOHOSP,EMA Pullback / Bounce,0.3260869565217391,5.4582,TEST
2026-04-13,APOLLOHOSP,EMA Pullback / Bounce,0.2083333333333333,3.1464,TEST
2026-04-16,APOLLOHOSP,EMA Pullback / Bounce,0.2839506172839506,1.1055,TEST
2026-04-21,APOLLOHOSP,Donchian Channel Breakout,0.2291666666666666,0.9089,TEST
2026-04-21,APOLLOHOSP,RS Momentum Breakout,0.2291666666666666,0.9089,TEST
2026-04-22,APOLLOHOSP,EMA Pullback / Bounce,0.4273504273504273,0.9824,TEST
2026-04-23,APOLLOHOSP,Donchian Channel Breakout,0.3666666666666666,0.2943,TEST
2026-04-23,APOLLOHOSP,RS Momentum Breakout,0.3666666666666666,0.2943,TEST
2026-04-27,APOLLOHOSP,Donchian Channel Breakout,0.359375,3.0867,TEST
2026-04-27,APOLLOHOSP,RS Momentum Breakout,0.359375,3.0867,TEST
2026-04-29,APOLLOHOSP,EMA Pullback / Bounce,0.3725490196078431,4.8464,TEST
2026-04-30,APOLLOHOSP,EMA Pullback / Bounce,0.3928571428571428,6.3183,TEST
2026-05-01,APOLLOHOSP,VCP Volatility Contraction Breakout,0.2795698924731182,4.9743,TEST
2026-05-01,APOLLOHOSP,EMA Pullback / Bounce,0.2795698924731182,4.9743,TEST
2026-05-04,APOLLOHOSP,VCP Volatility Contraction Breakout,0.3379629629629629,3.832,TEST
2026-05-04,APOLLOHOSP,EMA Pullback / Bounce,0.3379629629629629,3.832,TEST
2026-05-05,APOLLOHOSP,VCP Volatility Contraction Breakout,0.3737373737373737,2.7591,TEST
2026-05-06,APOLLOHOSP,VCP Volatility Contraction Breakout,0.4362745098039216,4.0977,TEST
2026-05-06,APOLLOHOSP,EMA Pullback / Bounce,0.4362745098039216,4.0977,TEST
2026-05-07,APOLLOHOSP,VCP Volatility Contraction Breakout,0.3620689655172414,6.0163,TEST
2026-05-07,APOLLOHOSP,RS Momentum Breakout,0.3620689655172414,6.0163,TEST
2026-05-08,APOLLOHOSP,Donchian Channel Breakout,0.7254901960784313,3.9336,TEST
2026-05-08,APOLLOHOSP,VCP Volatility Contraction Breakout,0.7254901960784313,3.9336,TEST
2026-05-08,APOLLOHOSP,RS Momentum Breakout,0.7254901960784313,3.9336,TEST
2026-05-11,APOLLOHOSP,Donchian Channel Breakout,0.6666666666666666,4.3975,TEST
2026-05-11,APOLLOHOSP,VCP Volatility Contraction Breakout,0.6666666666666666,4.3975,TEST
2026-05-11,APOLLOHOSP,RS Momentum Breakout,0.6666666666666666,4.3975,TEST
2026-05-12,APOLLOHOSP,VCP Volatility Contraction Breakout,0.5493827160493827,3.477,TEST
2026-05-12,APOLLOHOSP,RS Momentum Breakout,0.5493827160493827,3.477,TEST
2026-05-13,APOLLOHOSP,VCP Volatility Contraction Breakout,0.494047619047619,3.2643,TEST
2026-05-13,APOLLOHOSP,RS Momentum Breakout,0.494047619047619,3.2643,TEST
2026-05-14,APOLLOHOSP,Donchian Channel Breakout,0.5904761904761905,1.2546,TEST
2026-05-14,APOLLOHOSP,VCP Volatility Contraction Breakout,0.5904761904761905,1.2546,TEST
2026-05-14,APOLLOHOSP,RS Momentum Breakout,0.5904761904761905,1.2546,TEST
2026-05-15,APOLLOHOSP,VCP Volatility Contraction Breakout,0.5246913580246914,1.414,TEST
2026-05-15,APOLLOHOSP,RS Momentum Breakout,0.5246913580246914,1.414,TEST
2026-05-18,APOLLOHOSP,VCP Volatility Contraction Breakout,0.5459770114942528,0.9776,TEST
2026-05-18,APOLLOHOSP,RS Momentum Breakout,0.5459770114942528,0.9776,TEST
2026-05-19,APOLLOHOSP,VCP Volatility Contraction Breakout,0.5344827586206896,2.0886,TEST
2026-05-19,APOLLOHOSP,RS Momentum Breakout,0.5344827586206896,2.0886,TEST
2026-05-20,APOLLOHOSP,VCP Volatility Contraction Breakout,0.5617283950617283,1.1222,TEST
2026-05-20,APOLLOHOSP,RS Momentum Breakout,0.5617283950617283,1.1222,TEST
2026-05-21,APOLLOHOSP,Donchian Channel Breakout,0.6827956989247311,-0.7161,TEST
2026-05-21,APOLLOHOSP,RS Momentum Breakout,0.6827956989247311,-0.7161,TEST
2026-05-22,APOLLOHOSP,Donchian Channel Breakout,0.6981981981981983,-1.4887,TEST
2026-05-22,APOLLOHOSP,RS Momentum Breakout,0.6981981981981983,-1.4887,TEST
2026-05-25,APOLLOHOSP,Donchian Channel Breakout,0.5697674418604651,-0.5414,TEST
2026-05-25,APOLLOHOSP,RS Momentum Breakout,0.5697674418604651,-0.5414,TEST
2026-05-26,APOLLOHOSP,RS Momentum Breakout,0.4285714285714285,3.409,TEST
2026-05-27,APOLLOHOSP,RS Momentum Breakout,0.5158730158730159,2.6111,TEST
2026-05-28,APOLLOHOSP,VCP Volatility Contraction Breakout,0.537313432835821,3.8708,TEST
2026-05-28,APOLLOHOSP,RS Momentum Breakout,0.537313432835821,3.8708,TEST
2026-05-29,APOLLOHOSP,VCP Volatility Contraction Breakout,0.509009009009009,3.3631,TEST
2026-05-29,APOLLOHOSP,EMA Pullback / Bounce,0.509009009009009,3.3631,TEST
2026-06-01,APOLLOHOSP,VCP Volatility Contraction Breakout,0.2450980392156862,8.3483,TEST
2026-06-01,APOLLOHOSP,EMA Pullback / Bounce,0.2450980392156862,8.3483,TEST
2026-06-02,APOLLOHOSP,EMA Pullback / Bounce,0.4770114942528735,3.4651,TEST
2026-06-03,APOLLOHOSP,RS Momentum Breakout,0.5466666666666667,1.9045,TEST
2026-06-04,APOLLOHOSP,EMA Pullback / Bounce,0.3999999999999999,1.7725,TEST
2026-06-05,APOLLOHOSP,VCP Volatility Contraction Breakout,0.3552631578947369,3.3918,TEST
2026-06-05,APOLLOHOSP,RS Momentum Breakout,0.3552631578947369,3.3918,TEST
2026-06-08,APOLLOHOSP,RS Momentum Breakout,0.625,0.5819,TEST
2026-06-09,APOLLOHOSP,Donchian Channel Breakout,0.7374999999999999,-0.4632,TEST
2026-06-09,APOLLOHOSP,RS Momentum Breakout,0.7374999999999999,-0.4632,TEST
2026-06-10,APOLLOHOSP,RS Momentum Breakout,0.5888888888888889,1.1264,TEST
2026-06-11,APOLLOHOSP,VCP Volatility Contraction Breakout,0.5677083333333334,0.6678,TEST
2026-06-11,APOLLOHOSP,RS Momentum Breakout,0.5677083333333334,0.6678,TEST
2026-06-12,APOLLOHOSP,VCP Volatility Contraction Breakout,0.483739837398374,0.7741,TEST
2026-06-12,APOLLOHOSP,RS Momentum Breakout,0.483739837398374,0.7741,TEST
2026-06-15,APOLLOHOSP,VCP Volatility Contraction Breakout,0.4534883720930233,2.2023,TEST
2026-06-15,APOLLOHOSP,RS Momentum Breakout,0.4534883720930233,2.2023,TEST
2026-06-16,APOLLOHOSP,VCP Volatility Contraction Breakout,0.3553459119496855,3.4742,TEST
2026-06-16,APOLLOHOSP,EMA Pullback / Bounce,0.3553459119496855,3.4742,TEST
2026-06-17,APOLLOHOSP,VCP Volatility Contraction Breakout,0.3333333333333333,2.1331,TEST
2026-06-17,APOLLOHOSP,EMA Pullback / Bounce,0.3333333333333333,2.1331,TEST
2026-06-17,APOLLOHOSP,RS Momentum Breakout,0.3333333333333333,2.1331,TEST
2026-06-18,APOLLOHOSP,VCP Volatility Contraction Breakout,0.4876543209876542,3.4745,TEST
2026-06-18,APOLLOHOSP,EMA Pullback / Bounce,0.4876543209876542,3.4745,TEST
2026-06-19,APOLLOHOSP,VCP Volatility Contraction Breakout,0.5056497175141242,4.1637,TEST
2026-06-19,APOLLOHOSP,RS Momentum Breakout,0.5056497175141242,4.1637,TEST
2026-06-22,APOLLOHOSP,VCP Volatility Contraction Breakout,0.3177083333333333,4.5952,TEST
2026-06-22,APOLLOHOSP,EMA Pullback / Bounce,0.3177083333333333,4.5952,TEST
2026-06-22,APOLLOHOSP,RS Momentum Breakout,0.3177083333333333,4.5952,TEST
2026-06-23,APOLLOHOSP,VCP Volatility Contraction Breakout,0.3461538461538461,3.9647,TEST
2026-06-23,APOLLOHOSP,EMA Pullback / Bounce,0.3461538461538461,3.9647,TEST
2026-06-23,APOLLOHOSP,RS Momentum Breakout,0.3461538461538461,3.9647,TEST
2026-06-24,APOLLOHOSP,VCP Volatility Contraction Breakout,0.5818713450292398,2.0757,TEST
2026-06-24,APOLLOHOSP,RS Momentum Breakout,0.5818713450292398,2.0757,TEST
2026-06-25,APOLLOHOSP,Donchian Channel Breakout,0.6041666666666666,2.9504,TEST
2026-06-25,APOLLOHOSP,VCP Volatility Contraction Breakout,0.6041666666666666,2.9504,TEST
2026-06-25,APOLLOHOSP,RS Momentum Breakout,0.6041666666666666,2.9504,TEST
2026-06-26,APOLLOHOSP,VCP Volatility Contraction Breakout,0.5625,1.6207,TEST
2026-06-26,APOLLOHOSP,RS Momentum Breakout,0.5625,1.6207,TEST
2026-06-29,APOLLOHOSP,Donchian Channel Breakout,0.4822695035460993,1.479,TEST
2026-06-29,APOLLOHOSP,VCP Volatility Contraction Breakout,0.4822695035460993,1.479,TEST
2026-06-29,APOLLOHOSP,RS Momentum Breakout,0.4822695035460993,1.479,TEST
2026-06-30,APOLLOHOSP,VCP Volatility Contraction Breakout,0.65,2.5285,TEST
2026-06-30,APOLLOHOSP,RS Momentum Breakout,0.65,2.5285,TEST
2026-07-01,APOLLOHOSP,VCP Volatility Contraction Breakout,0.4084967320261438,3.6427,TEST
2026-07-01,APOLLOHOSP,RS Momentum Breakout,0.4084967320261438,3.6427,TEST
2026-07-02,APOLLOHOSP,VCP Volatility Contraction Breakout,0.4255952380952381,1.6585,TEST
2026-07-02,APOLLOHOSP,RS Momentum Breakout,0.4255952380952381,1.6585,TEST
2026-07-03,APOLLOHOSP,Donchian Channel Breakout,0.6666666666666666,-0.7869,TEST
2026-07-03,APOLLOHOSP,VCP Volatility Contraction Breakout,0.6666666666666666,-0.7869,TEST
2026-07-03,APOLLOHOSP,RS Momentum Breakout,0.6666666666666666,-0.7869,TEST
2026-07-06,APOLLOHOSP,Donchian Channel Breakout,0.5987654320987654,0.1913,TEST
2026-07-06,APOLLOHOSP,VCP Volatility Contraction Breakout,0.5987654320987654,0.1913,TEST
2026-07-06,APOLLOHOSP,RS Momentum Breakout,0.5987654320987654,0.1913,TEST
2026-07-07,APOLLOHOSP,VCP Volatility Contraction Breakout,0.5033333333333333,1.4375,TEST
2026-07-07,APOLLOHOSP,RS Momentum Breakout,0.5033333333333333,1.4375,TEST
2026-07-08,APOLLOHOSP,VCP Volatility Contraction Breakout,0.5634920634920635,2.0727,TEST
2026-07-08,APOLLOHOSP,RS Momentum Breakout,0.5634920634920635,2.0727,TEST
2026-07-09,APOLLOHOSP,VCP Volatility Contraction Breakout,0.6777777777777777,0.1469,TEST
2026-07-09,APOLLOHOSP,RS Momentum Breakout,0.6777777777777777,0.1469,TEST
2026-07-10,APOLLOHOSP,VCP Volatility Contraction Breakout,0.74822695035461,-0.8278,TEST
2026-07-10,APOLLOHOSP,RS Momentum Breakout,0.74822695035461,-0.8278,TEST
2026-07-13,APOLLOHOSP,VCP Volatility Contraction Breakout,0.6320754716981133,1.0686,TEST
2026-07-13,APOLLOHOSP,EMA Pullback / Bounce,0.6320754716981133,1.0686,TEST
2026-07-13,APOLLOHOSP,RS Momentum Breakout,0.6320754716981133,1.0686,TEST
2026-07-14,APOLLOHOSP,VCP Volatility Contraction Breakout,0.7433333333333333,-0.5085,TEST
2026-07-14,APOLLOHOSP,RS Momentum Breakout,0.7433333333333333,-0.5085,TEST
2026-07-15,APOLLOHOSP,Donchian Channel Breakout,0.8095238095238096,0.0504,TEST
2026-07-15,APOLLOHOSP,VCP Volatility Contraction Breakout,0.8095238095238096,0.0504,TEST
2026-07-15,APOLLOHOSP,RS Momentum Breakout,0.8095238095238096,0.0504,TEST
2026-07-16,APOLLOHOSP,VCP Volatility Contraction Breakout,0.6468926553672317,1.2732,TEST
2026-07-16,APOLLOHOSP,RS Momentum Breakout,0.6468926553672317,1.2732,TEST
2026-07-17,APOLLOHOSP,VCP Volatility Contraction Breakout,0.4817708333333333,1.4958,TEST
2026-07-17,APOLLOHOSP,EMA Pullback / Bounce,0.4817708333333333,1.4958,TEST
2026-07-17,APOLLOHOSP,RS Momentum Breakout,0.4817708333333333,1.4958,TEST
2026-07-20,APOLLOHOSP,VCP Volatility Contraction Breakout,0.662962962962963,-1.276,TEST
2026-07-20,APOLLOHOSP,RS Momentum Breakout,0.662962962962963,-1.276,TEST
2026-07-21,APOLLOHOSP,VCP Volatility Contraction Breakout,0.5833333333333334,1.3892,TEST
2026-07-21,APOLLOHOSP,RS Momentum Breakout,0.5833333333333334,1.3892,TEST
2026-07-22,APOLLOHOSP,VCP Volatility Contraction Breakout,0.6340579710144928,0.1686,TEST
2026-07-22,APOLLOHOSP,RS Momentum Breakout,0.6340579710144928,0.1686,TEST
2026-07-23,APOLLOHOSP,VCP Volatility Contraction Breakout,0.5789473684210527,1.9714,TEST
2026-07-23,APOLLOHOSP,EMA Pullback / Bounce,0.5789473684210527,1.9714,TEST
2026-07-24,APOLLOHOSP,VCP Volatility Contraction Breakout,0.638095238095238,1.4632,TEST
2026-07-24,APOLLOHOSP,EMA Pullback / Bounce,0.638095238095238,1.4632,TEST
2026-07-16,APTUS,Donchian Channel Breakout,0.9096045197740112,-8.2423,TEST
2026-07-16,APTUS,VCP Volatility Contraction Breakout,0.9096045197740112,-8.2423,TEST
2026-07-16,APTUS,RS Momentum Breakout,0.9096045197740112,-8.2423,TEST
2026-07-17,APTUS,Donchian Channel Breakout,0.875,-15.181,TEST
2026-07-17,APTUS,VCP Volatility Contraction Breakout,0.875,-15.181,TEST
2026-07-17,APTUS,RS Momentum Breakout,0.875,-15.181,TEST
2026-07-20,APTUS,VCP Volatility Contraction Breakout,0.7740740740740741,-13.7011,TEST
2026-07-20,APTUS,RS Momentum Breakout,0.7740740740740741,-13.7011,TEST
2026-07-21,APTUS,VCP Volatility Contraction Breakout,0.6882716049382717,-12.565,TEST
2026-07-21,APTUS,RS Momentum Breakout,0.6882716049382717,-12.565,TEST
2026-07-22,APTUS,VCP Volatility Contraction Breakout,0.4818840579710144,-9.7952,TEST
2026-07-23,APTUS,VCP Volatility Contraction Breakout,0.4824561403508771,-8.3304,TEST
2026-07-23,APTUS,EMA Pullback / Bounce,0.4824561403508771,-8.3304,TEST
2026-07-14,ASAHIINDIA,VCP Volatility Contraction Breakout,0.4033333333333333,-5.3696,TEST
2026-07-14,ASAHIINDIA,RS Momentum Breakout,0.4033333333333333,-5.3696,TEST
2026-07-15,ASAHIINDIA,VCP Volatility Contraction Breakout,0.4047619047619048,-5.3071,TEST
2026-07-15,ASAHIINDIA,RS Momentum Breakout,0.4047619047619048,-5.3071,TEST
2026-07-16,ASAHIINDIA,VCP Volatility Contraction Breakout,0.2514124293785311,-2.4574,TEST
2026-07-16,ASAHIINDIA,EMA Pullback / Bounce,0.2514124293785311,-2.4574,TEST
2026-07-17,ASAHIINDIA,EMA Pullback / Bounce,0.2109375,-0.6292,TEST
2026-07-20,ASAHIINDIA,VCP Volatility Contraction Breakout,0.137037037037037,0.3131,TEST
2026-07-20,ASAHIINDIA,EMA Pullback / Bounce,0.137037037037037,0.3131,TEST
2026-07-21,ASAHIINDIA,VCP Volatility Contraction Breakout,0.1574074074074074,0.4699,TEST
2026-07-21,ASAHIINDIA,EMA Pullback / Bounce,0.1574074074074074,0.4699,TEST
2026-07-22,ASAHIINDIA,VCP Volatility Contraction Breakout,0.1268115942028985,5.4266,TEST
2026-07-22,ASAHIINDIA,EMA Pullback / Bounce,0.1268115942028985,5.4266,TEST
2026-07-24,ASAHIINDIA,VCP Volatility Contraction Breakout,0.1761904761904762,-0.0334,TEST
2026-07-24,ASAHIINDIA,EMA Pullback / Bounce,0.1761904761904762,-0.0334,TEST
2026-02-18,ASHOKLEY,RS Momentum Breakout,0.5588235294117647,-2.5252,TEST
2026-02-19,ASHOKLEY,EMA Pullback / Bounce,0.6014492753623188,-3.8951,TEST
2026-02-20,ASHOKLEY,RS Momentum Breakout,0.7333333333333334,-10.8791,TEST
2026-02-23,ASHOKLEY,RS Momentum Breakout,0.6333333333333333,-7.3876,TEST
2026-02-24,ASHOKLEY,RS Momentum Breakout,0.6623931623931624,-12.2589,TEST
2026-02-25,ASHOKLEY,RS Momentum Breakout,0.6936936936936937,-15.6768,TEST
2026-02-26,ASHOKLEY,RS Momentum Breakout,0.6095238095238095,-19.4743,TEST
2026-02-27,ASHOKLEY,RS Momentum Breakout,0.6486486486486487,-13.6366,TEST
2026-03-02,ASHOKLEY,RS Momentum Breakout,0.7839506172839507,-14.8404,TEST
2026-03-05,ASHOKLEY,EMA Pullback / Bounce,0.648148148148148,-16.7514,TEST
2026-04-22,ASHOKLEY,Donchian Channel Breakout,0.0854700854700854,-5.1977,TEST
2026-06-15,ASHOKLEY,VCP Volatility Contraction Breakout,0.3488372093023256,-1.65,TEST
2026-06-16,ASHOKLEY,VCP Volatility Contraction Breakout,0.3396226415094339,-1.3759,TEST
2026-06-17,ASHOKLEY,VCP Volatility Contraction Breakout,0.3045977011494252,1.8894,TEST
2026-06-18,ASHOKLEY,VCP Volatility Contraction Breakout,0.1388888888888889,4.3321,TEST
2026-06-25,ASHOKLEY,VCP Volatility Contraction Breakout,0.4722222222222221,-3.4167,TEST
2026-06-26,ASHOKLEY,VCP Volatility Contraction Breakout,0.3032407407407407,-1.5687,TEST
2026-06-29,ASHOKLEY,VCP Volatility Contraction Breakout,0.3226950354609929,0.1006,TEST
2026-06-30,ASHOKLEY,VCP Volatility Contraction Breakout,0.15,-1.71,TEST
2026-07-01,ASHOKLEY,Donchian Channel Breakout,0.4281045751633986,-4.561,TEST
2026-07-01,ASHOKLEY,VCP Volatility Contraction Breakout,0.4281045751633986,-4.561,TEST
2026-07-02,ASHOKLEY,VCP Volatility Contraction Breakout,0.3571428571428571,-6.7048,TEST
2026-07-03,ASHOKLEY,VCP Volatility Contraction Breakout,0.2231182795698924,-5.6926,TEST
2026-07-06,ASHOKLEY,VCP Volatility Contraction Breakout,0.2253086419753086,-7.133,TEST
2026-07-06,ASHOKLEY,RS Momentum Breakout,0.2253086419753086,-7.133,TEST
2026-07-07,ASHOKLEY,VCP Volatility Contraction Breakout,0.21,-4.8814,TEST
2026-07-13,ASHOKLEY,VCP Volatility Contraction Breakout,0.210691823899371,-0.9201,TEST
2026-07-13,ASHOKLEY,EMA Pullback / Bounce,0.210691823899371,-0.9201,TEST
2026-05-29,ASIANPAINT,VCP Volatility Contraction Breakout,0.7252252252252253,0.5416,TEST
2026-05-29,ASIANPAINT,RS Momentum Breakout,0.7252252252252253,0.5416,TEST
2026-06-01,ASIANPAINT,EMA Pullback / Bounce,0.6127450980392157,4.3106,TEST
2026-06-02,ASIANPAINT,RS Momentum Breakout,0.5632183908045977,3.6198,TEST
2026-06-03,ASIANPAINT,VCP Volatility Contraction Breakout,0.5266666666666667,2.7816,TEST
2026-06-03,ASIANPAINT,RS Momentum Breakout,0.5266666666666667,2.7816,TEST
2026-06-04,ASIANPAINT,VCP Volatility Contraction Breakout,0.7055555555555556,3.3383,TEST
2026-06-04,ASIANPAINT,RS Momentum Breakout,0.7055555555555556,3.3383,TEST
2026-06-05,ASIANPAINT,VCP Volatility Contraction Breakout,0.6184210526315789,3.3897,TEST
2026-06-05,ASIANPAINT,RS Momentum Breakout,0.6184210526315789,3.3897,TEST
2026-06-08,ASIANPAINT,VCP Volatility Contraction Breakout,0.5989583333333334,0.2926,TEST
2026-06-08,ASIANPAINT,EMA Pullback / Bounce,0.5989583333333334,0.2926,TEST
2026-06-08,ASIANPAINT,RS Momentum Breakout,0.5989583333333334,0.2926,TEST
2026-06-09,ASIANPAINT,VCP Volatility Contraction Breakout,0.6291666666666667,-0.989,TEST
2026-06-09,ASIANPAINT,RS Momentum Breakout,0.6291666666666667,-0.989,TEST
2026-06-10,ASIANPAINT,VCP Volatility Contraction Breakout,0.6833333333333332,-0.1209,TEST
2026-06-10,ASIANPAINT,RS Momentum Breakout,0.6833333333333332,-0.1209,TEST
2026-06-11,ASIANPAINT,VCP Volatility Contraction Breakout,0.578125,-2.1114,TEST
2026-06-11,ASIANPAINT,RS Momentum Breakout,0.578125,-2.1114,TEST
2026-06-12,ASIANPAINT,VCP Volatility Contraction Breakout,0.6626016260162602,-5.3948,TEST
2026-06-12,ASIANPAINT,RS Momentum Breakout,0.6626016260162602,-5.3948,TEST
2026-06-15,ASIANPAINT,VCP Volatility Contraction Breakout,0.8255813953488372,-2.2272,TEST
2026-06-15,ASIANPAINT,RS Momentum Breakout,0.8255813953488372,-2.2272,TEST
2026-06-16,ASIANPAINT,VCP Volatility Contraction Breakout,0.7452830188679246,-3.8145,TEST
2026-06-16,ASIANPAINT,RS Momentum Breakout,0.7452830188679246,-3.8145,TEST
2026-06-17,ASIANPAINT,VCP Volatility Contraction Breakout,0.5660919540229885,-0.1833,TEST
2026-06-17,ASIANPAINT,RS Momentum Breakout,0.5660919540229885,-0.1833,TEST
2026-06-18,ASIANPAINT,VCP Volatility Contraction Breakout,0.5524691358024691,0.5598,TEST
2026-06-18,ASIANPAINT,RS Momentum Breakout,0.5524691358024691,0.5598,TEST
2026-06-19,ASIANPAINT,VCP Volatility Contraction Breakout,0.4632768361581921,0.6874,TEST
2026-06-19,ASIANPAINT,RS Momentum Breakout,0.4632768361581921,0.6874,TEST
2026-06-22,ASIANPAINT,VCP Volatility Contraction Breakout,0.3385416666666667,3.2184,TEST
2026-06-22,ASIANPAINT,EMA Pullback / Bounce,0.3385416666666667,3.2184,TEST
2026-06-23,ASIANPAINT,VCP Volatility Contraction Breakout,0.3557692307692308,2.6071,TEST
2026-06-23,ASIANPAINT,EMA Pullback / Bounce,0.3557692307692308,2.6071,TEST
2026-06-24,ASIANPAINT,VCP Volatility Contraction Breakout,0.4649122807017544,-0.8959,TEST
2026-06-24,ASIANPAINT,EMA Pullback / Bounce,0.4649122807017544,-0.8959,TEST
2026-06-25,ASIANPAINT,EMA Pullback / Bounce,0.5138888888888888,1.0812,TEST
2026-06-26,ASIANPAINT,EMA Pullback / Bounce,0.3726851851851851,1.7672,TEST
2026-06-29,ASIANPAINT,VCP Volatility Contraction Breakout,0.5070921985815603,-0.222,TEST
2026-06-29,ASIANPAINT,EMA Pullback / Bounce,0.5070921985815603,-0.222,TEST
2026-06-30,ASIANPAINT,EMA Pullback / Bounce,0.3733333333333333,-0.2644,TEST
2026-07-01,ASIANPAINT,VCP Volatility Contraction Breakout,0.5261437908496732,-1.8382,TEST
2026-07-01,ASIANPAINT,RS Momentum Breakout,0.5261437908496732,-1.8382,TEST
2026-07-02,ASIANPAINT,VCP Volatility Contraction Breakout,0.6398809523809524,-2.5255,TEST
2026-07-02,ASIANPAINT,RS Momentum Breakout,0.6398809523809524,-2.5255,TEST
2026-07-03,ASIANPAINT,VCP Volatility Contraction Breakout,0.3629032258064517,-1.2849,TEST
2026-07-03,ASIANPAINT,RS Momentum Breakout,0.3629032258064517,-1.2849,TEST
2026-07-06,ASIANPAINT,VCP Volatility Contraction Breakout,0.3672839506172839,-2.1309,TEST
2026-07-06,ASIANPAINT,RS Momentum Breakout,0.3672839506172839,-2.1309,TEST
2026-07-07,ASIANPAINT,VCP Volatility Contraction Breakout,0.3866666666666667,0.5903,TEST
2026-07-08,ASIANPAINT,EMA Pullback / Bounce,0.3888888888888888,1.3093,TEST
2026-07-09,ASIANPAINT,VCP Volatility Contraction Breakout,0.3296296296296296,-0.9722,TEST
2026-07-09,ASIANPAINT,EMA Pullback / Bounce,0.3296296296296296,-0.9722,TEST
2026-07-10,ASIANPAINT,VCP Volatility Contraction Breakout,0.3794326241134751,-0.4754,TEST
2026-07-10,ASIANPAINT,EMA Pullback / Bounce,0.3794326241134751,-0.4754,TEST
2026-07-13,ASIANPAINT,EMA Pullback / Bounce,0.3962264150943396,4.0783,TEST
2026-07-14,ASIANPAINT,EMA Pullback / Bounce,0.3566666666666667,3.4519,TEST
2026-07-15,ASIANPAINT,EMA Pullback / Bounce,0.3061224489795918,2.619,TEST
2026-07-16,ASIANPAINT,VCP Volatility Contraction Breakout,0.2146892655367231,3.0469,TEST
2026-07-16,ASIANPAINT,EMA Pullback / Bounce,0.2146892655367231,3.0469,TEST
2026-07-17,ASIANPAINT,VCP Volatility Contraction Breakout,0.2942708333333333,2.1681,TEST
2026-07-17,ASIANPAINT,EMA Pullback / Bounce,0.2942708333333333,2.1681,TEST
2026-07-20,ASIANPAINT,VCP Volatility Contraction Breakout,0.2481481481481481,4.2672,TEST
2026-07-20,ASIANPAINT,EMA Pullback / Bounce,0.2481481481481481,4.2672,TEST
2026-07-21,ASIANPAINT,VCP Volatility Contraction Breakout,0.3858024691358024,3.429,TEST
2026-07-21,ASIANPAINT,EMA Pullback / Bounce,0.3858024691358024,3.429,TEST
2026-07-22,ASIANPAINT,VCP Volatility Contraction Breakout,0.286231884057971,3.3282,TEST
2026-07-22,ASIANPAINT,EMA Pullback / Bounce,0.286231884057971,3.3282,TEST
2026-07-23,ASIANPAINT,EMA Pullback / Bounce,0.2675438596491228,5.1487,TEST
2026-02-18,ASTRAL,RS Momentum Breakout,0.5833333333333334,2.0307,TEST
2026-02-19,ASTRAL,RS Momentum Breakout,0.7971014492753623,4.8476,TEST
2026-02-20,ASTRAL,RS Momentum Breakout,0.7000000000000001,-2.6137,TEST
2026-02-23,ASTRAL,RS Momentum Breakout,0.6083333333333333,2.3229,TEST
2026-02-24,ASTRAL,Donchian Channel Breakout,0.7222222222222222,4.7571,TEST
2026-02-24,ASTRAL,RS Momentum Breakout,0.7222222222222222,4.7571,TEST
2026-02-25,ASTRAL,Donchian Channel Breakout,0.7612612612612613,0.7605,TEST
2026-02-25,ASTRAL,RS Momentum Breakout,0.7612612612612613,0.7605,TEST
2026-02-26,ASTRAL,Donchian Channel Breakout,0.7428571428571429,-4.2988,TEST
2026-02-26,ASTRAL,VCP Volatility Contraction Breakout,0.7428571428571429,-4.2988,TEST
2026-02-26,ASTRAL,RS Momentum Breakout,0.7428571428571429,-4.2988,TEST
2026-02-27,ASTRAL,VCP Volatility Contraction Breakout,0.6891891891891891,1.8359,TEST
2026-02-27,ASTRAL,RS Momentum Breakout,0.6891891891891891,1.8359,TEST
2026-03-02,ASTRAL,RS Momentum Breakout,0.8518518518518517,1.0336,TEST
2026-03-04,ASTRAL,RS Momentum Breakout,0.6470588235294118,1.2379,TEST
2026-03-05,ASTRAL,RS Momentum Breakout,0.5740740740740741,-1.7136,TEST
2026-03-06,ASTRAL,Donchian Channel Breakout,0.782051282051282,-2.6953,TEST
2026-03-06,ASTRAL,RS Momentum Breakout,0.782051282051282,-2.6953,TEST
2026-03-09,ASTRAL,EMA Pullback / Bounce,0.3472222222222221,-4.2513,TEST
2026-03-11,ASTRAL,Donchian Channel Breakout,0.8333333333333334,-4.2118,TEST
2026-03-11,ASTRAL,RS Momentum Breakout,0.8333333333333334,-4.2118,TEST
2026-03-16,ASTRAL,EMA Pullback / Bounce,0.4074074074074074,-3.3602,TEST
2026-03-17,ASTRAL,EMA Pullback / Bounce,0.6166666666666666,-5.1587,TEST
2026-03-19,ASTRAL,EMA Pullback / Bounce,0.6944444444444445,-6.1094,TEST
2026-03-20,ASTRAL,EMA Pullback / Bounce,0.4111111111111111,-3.851,TEST
2026-03-25,ASTRAL,EMA Pullback / Bounce,0.6666666666666666,-0.6055,TEST
2026-03-27,ASTRAL,EMA Pullback / Bounce,0.375,2.5786,TEST
2026-04-17,ASTRAL,EMA Pullback / Bounce,0.3793103448275862,-4.6916,TEST
2026-04-20,ASTRAL,EMA Pullback / Bounce,0.2777777777777777,-1.6025,TEST
2026-04-22,ASTRAL,EMA Pullback / Bounce,0.2051282051282051,-0.5615,TEST
2026-05-06,ASTRAL,EMA Pullback / Bounce,0.1470588235294117,-8.505,TEST
2026-05-27,ASTRAL,Donchian Channel Breakout,0.3531746031746032,-6.0741,TEST
2026-05-27,ASTRAL,VCP Volatility Contraction Breakout,0.3531746031746032,-6.0741,TEST
2026-05-28,ASTRAL,Donchian Channel Breakout,0.3432835820895523,-6.6291,TEST
2026-05-28,ASTRAL,VCP Volatility Contraction Breakout,0.3432835820895523,-6.6291,TEST
2026-05-29,ASTRAL,VCP Volatility Contraction Breakout,0.4639639639639639,-5.4169,TEST
2026-06-16,ASTRAL,VCP Volatility Contraction Breakout,0.2264150943396226,-14.6036,TEST
2026-06-17,ASTRAL,VCP Volatility Contraction Breakout,0.2471264367816092,-13.5175,TEST
2026-06-18,ASTRAL,VCP Volatility Contraction Breakout,0.3703703703703704,-12.6154,TEST
2026-06-22,ASTRAL,VCP Volatility Contraction Breakout,0.0677083333333333,-10.9615,TEST
2026-06-22,ASTRAL,EMA Pullback / Bounce,0.0677083333333333,-10.9615,TEST
2026-04-22,ATUL,Donchian Channel Breakout,0.3418803418803418,6.5667,TEST
2026-04-22,ATUL,VCP Volatility Contraction Breakout,0.3418803418803418,6.5667,TEST
2026-04-22,ATUL,RS Momentum Breakout,0.3418803418803418,6.5667,TEST
2026-04-23,ATUL,Donchian Channel Breakout,0.6476190476190475,3.4643,TEST
2026-04-23,ATUL,VCP Volatility Contraction Breakout,0.6476190476190475,3.4643,TEST
2026-04-23,ATUL,RS Momentum Breakout,0.6476190476190475,3.4643,TEST
2026-04-24,ATUL,RS Momentum Breakout,0.5606060606060607,5.0148,TEST
2026-04-27,ATUL,RS Momentum Breakout,0.5,2.8657,TEST
2026-04-28,ATUL,RS Momentum Breakout,0.6666666666666666,-0.233,TEST
2026-04-29,ATUL,RS Momentum Breakout,0.4509803921568627,2.9161,TEST
2026-04-30,ATUL,RS Momentum Breakout,0.5476190476190476,2.2369,TEST
2026-05-01,ATUL,VCP Volatility Contraction Breakout,0.4193548387096774,3.0479,TEST
2026-05-01,ATUL,RS Momentum Breakout,0.4193548387096774,3.0479,TEST
2026-05-04,ATUL,VCP Volatility Contraction Breakout,0.412037037037037,-1.8188,TEST
2026-05-04,ATUL,RS Momentum Breakout,0.412037037037037,-1.8188,TEST
2026-05-05,ATUL,VCP Volatility Contraction Breakout,0.4141414141414141,1.3514,TEST
2026-05-05,ATUL,RS Momentum Breakout,0.4141414141414141,1.3514,TEST
2026-05-06,ATUL,Donchian Channel Breakout,0.5,-2.4962,TEST
2026-05-06,ATUL,VCP Volatility Contraction Breakout,0.5,-2.4962,TEST
2026-05-06,ATUL,RS Momentum Breakout,0.5,-2.4962,TEST
2026-05-07,ATUL,VCP Volatility Contraction Breakout,0.2816091954022988,0.4555,TEST
2026-05-07,ATUL,RS Momentum Breakout,0.2816091954022988,0.4555,TEST
2026-05-08,ATUL,VCP Volatility Contraction Breakout,0.5441176470588235,-0.2199,TEST
2026-05-08,ATUL,RS Momentum Breakout,0.5441176470588235,-0.2199,TEST
2026-05-11,ATUL,VCP Volatility Contraction Breakout,0.311111111111111,2.4673,TEST
2026-05-12,ATUL,VCP Volatility Contraction Breakout,0.5370370370370371,1.9095,TEST
2026-05-12,ATUL,EMA Pullback / Bounce,0.5370370370370371,1.9095,TEST
2026-05-13,ATUL,VCP Volatility Contraction Breakout,0.3988095238095239,0.1788,TEST
2026-05-13,ATUL,RS Momentum Breakout,0.3988095238095239,0.1788,TEST
2026-05-14,ATUL,VCP Volatility Contraction Breakout,0.2666666666666666,0.3799,TEST
2026-05-15,ATUL,VCP Volatility Contraction Breakout,0.2901234567901234,-3.5862,TEST
2026-05-15,ATUL,RS Momentum Breakout,0.2901234567901234,-3.5862,TEST
2026-05-18,ATUL,VCP Volatility Contraction Breakout,0.4770114942528735,-3.1789,TEST
2026-05-18,ATUL,EMA Pullback / Bounce,0.4770114942528735,-3.1789,TEST
2026-05-19,ATUL,VCP Volatility Contraction Breakout,0.367816091954023,-5.1286,TEST
2026-05-20,ATUL,VCP Volatility Contraction Breakout,0.2839506172839506,-5.307,TEST
2026-05-21,ATUL,VCP Volatility Contraction Breakout,0.3118279569892473,-4.6952,TEST
2026-05-22,ATUL,VCP Volatility Contraction Breakout,0.3063063063063063,-5.9234,TEST
2026-05-25,ATUL,VCP Volatility Contraction Breakout,0.3217054263565891,-6.1566,TEST
2026-05-26,ATUL,VCP Volatility Contraction Breakout,0.3531746031746032,-5.1867,TEST
2026-05-26,ATUL,EMA Pullback / Bounce,0.3531746031746032,-5.1867,TEST
2026-05-27,ATUL,VCP Volatility Contraction Breakout,0.25,-5.1553,TEST
2026-05-27,ATUL,EMA Pullback / Bounce,0.25,-5.1553,TEST
2026-05-28,ATUL,VCP Volatility Contraction Breakout,0.3830845771144278,-7.226,TEST
2026-05-28,ATUL,EMA Pullback / Bounce,0.3830845771144278,-7.226,TEST
2026-05-29,ATUL,EMA Pullback / Bounce,0.1306306306306306,-5.3721,TEST
2026-06-25,ATUL,VCP Volatility Contraction Breakout,0.2604166666666667,-7.3083,TEST
2026-06-25,ATUL,EMA Pullback / Bounce,0.2604166666666667,-7.3083,TEST
2026-06-26,ATUL,VCP Volatility Contraction Breakout,0.2847222222222222,-6.9254,TEST
2026-06-26,ATUL,EMA Pullback / Bounce,0.2847222222222222,-6.9254,TEST
2026-02-18,AUBANK,RS Momentum Breakout,0.6176470588235294,-4.8901,TEST
2026-02-20,AUBANK,RS Momentum Breakout,0.5777777777777778,-6.1782,TEST
2026-02-24,AUBANK,EMA Pullback / Bounce,0.4786324786324785,-8.5077,TEST
2026-02-25,AUBANK,EMA Pullback / Bounce,0.3783783783783783,-8.1356,TEST
2026-04-10,AUBANK,Donchian Channel Breakout,0.2681159420289855,8.4199,TEST
2026-04-10,AUBANK,RS Momentum Breakout,0.2681159420289855,8.4199,TEST
2026-04-16,AUBANK,RS Momentum Breakout,0.3703703703703704,2.725,TEST
2026-04-20,AUBANK,Donchian Channel Breakout,0.2555555555555555,1.7391,TEST
2026-04-21,AUBANK,Donchian Channel Breakout,0.6614583333333334,-2.8833,TEST
2026-04-21,AUBANK,RS Momentum Breakout,0.6614583333333334,-2.8833,TEST
2026-04-22,AUBANK,Donchian Channel Breakout,0.4829059829059829,-1.4484,TEST
2026-04-22,AUBANK,RS Momentum Breakout,0.4829059829059829,-1.4484,TEST
2026-04-23,AUBANK,Donchian Channel Breakout,0.6238095238095238,-2.4842,TEST
2026-04-23,AUBANK,RS Momentum Breakout,0.6238095238095238,-2.4842,TEST
2026-04-24,AUBANK,Donchian Channel Breakout,0.6893939393939394,-0.6244,TEST
2026-04-24,AUBANK,RS Momentum Breakout,0.6893939393939394,-0.6244,TEST
2026-04-27,AUBANK,RS Momentum Breakout,0.390625,-3.9044,TEST
2026-05-05,AUBANK,EMA Pullback / Bounce,0.2575757575757575,-4.2463,TEST
2026-05-07,AUBANK,RS Momentum Breakout,0.2528735632183908,-7.1387,TEST
2026-05-08,AUBANK,VCP Volatility Contraction Breakout,0.4656862745098039,-6.421,TEST
2026-05-08,AUBANK,RS Momentum Breakout,0.4656862745098039,-6.421,TEST
2026-05-11,AUBANK,EMA Pullback / Bounce,0.2277777777777777,-2.087,TEST
2026-05-12,AUBANK,EMA Pullback / Bounce,0.1296296296296296,1.5761,TEST
2026-05-13,AUBANK,EMA Pullback / Bounce,0.1130952380952381,0.4096,TEST
2026-05-14,AUBANK,VCP Volatility Contraction Breakout,0.1857142857142857,-0.4852,TEST
2026-05-14,AUBANK,EMA Pullback / Bounce,0.1857142857142857,-0.4852,TEST
2026-05-25,AUBANK,VCP Volatility Contraction Breakout,0.2674418604651162,-4.2058,TEST
2026-05-25,AUBANK,EMA Pullback / Bounce,0.2674418604651162,-4.2058,TEST
2026-05-26,AUBANK,VCP Volatility Contraction Breakout,0.4285714285714285,-3.2816,TEST
2026-05-27,AUBANK,VCP Volatility Contraction Breakout,0.2142857142857142,-4.5572,TEST
2026-05-27,AUBANK,EMA Pullback / Bounce,0.2142857142857142,-4.5572,TEST
2026-05-28,AUBANK,VCP Volatility Contraction Breakout,0.2985074626865672,-4.1493,TEST
2026-05-28,AUBANK,EMA Pullback / Bounce,0.2985074626865672,-4.1493,TEST
2026-06-12,AUBANK,VCP Volatility Contraction Breakout,0.6016260162601627,-0.1111,TEST
2026-06-15,AUBANK,Donchian Channel Breakout,0.4573643410852713,-0.8229,TEST
2026-06-15,AUBANK,VCP Volatility Contraction Breakout,0.4573643410852713,-0.8229,TEST
2026-06-15,AUBANK,RS Momentum Breakout,0.4573643410852713,-0.8229,TEST
2026-06-16,AUBANK,VCP Volatility Contraction Breakout,0.4056603773584906,0.7334,TEST
2026-06-17,AUBANK,VCP Volatility Contraction Breakout,0.2844827586206896,2.8767,TEST
2026-06-18,AUBANK,VCP Volatility Contraction Breakout,0.3981481481481481,3.2126,TEST
2026-06-19,AUBANK,VCP Volatility Contraction Breakout,0.4717514124293784,2.3548,TEST
2026-06-19,AUBANK,RS Momentum Breakout,0.4717514124293784,2.3548,TEST
2026-06-22,AUBANK,VCP Volatility Contraction Breakout,0.4869791666666667,1.5645,TEST
2026-06-22,AUBANK,RS Momentum Breakout,0.4869791666666667,1.5645,TEST
2026-06-23,AUBANK,VCP Volatility Contraction Breakout,0.2211538461538461,4.4956,TEST
2026-06-24,AUBANK,Donchian Channel Breakout,0.6491228070175438,-3.739,TEST
2026-06-24,AUBANK,VCP Volatility Contraction Breakout,0.6491228070175438,-3.739,TEST
2026-06-24,AUBANK,RS Momentum Breakout,0.6491228070175438,-3.739,TEST
2026-06-26,AUBANK,VCP Volatility Contraction Breakout,0.4375,3.6947,TEST
2026-06-29,AUBANK,VCP Volatility Contraction Breakout,0.5673758865248227,2.4638,TEST
2026-06-29,AUBANK,EMA Pullback / Bounce,0.5673758865248227,2.4638,TEST
2026-06-30,AUBANK,VCP Volatility Contraction Breakout,0.4266666666666667,0.2317,TEST
2026-07-01,AUBANK,VCP Volatility Contraction Breakout,0.4705882352941176,-1.0084,TEST
2026-07-02,AUBANK,VCP Volatility Contraction Breakout,0.3541666666666667,-2.7984,TEST
2026-07-02,AUBANK,RS Momentum Breakout,0.3541666666666667,-2.7984,TEST
2026-07-03,AUBANK,VCP Volatility Contraction Breakout,0.4166666666666667,-3.0674,TEST
2026-07-03,AUBANK,RS Momentum Breakout,0.4166666666666667,-3.0674,TEST
2026-07-06,AUBANK,VCP Volatility Contraction Breakout,0.5895061728395062,-6.7324,TEST
2026-07-06,AUBANK,RS Momentum Breakout,0.5895061728395062,-6.7324,TEST
2026-07-07,AUBANK,VCP Volatility Contraction Breakout,0.4433333333333333,-5.3491,TEST
2026-07-07,AUBANK,RS Momentum Breakout,0.4433333333333333,-5.3491,TEST
2026-07-08,AUBANK,VCP Volatility Contraction Breakout,0.246031746031746,-5.6411,TEST
2026-07-08,AUBANK,EMA Pullback / Bounce,0.246031746031746,-5.6411,TEST
2026-07-09,AUBANK,VCP Volatility Contraction Breakout,0.2518518518518518,-6.9677,TEST
2026-07-09,AUBANK,EMA Pullback / Bounce,0.2518518518518518,-6.9677,TEST
2026-07-10,AUBANK,VCP Volatility Contraction Breakout,0.3297872340425532,-6.0541,TEST
2026-07-10,AUBANK,RS Momentum Breakout,0.3297872340425532,-6.0541,TEST
2026-07-13,AUBANK,VCP Volatility Contraction Breakout,0.210691823899371,0.2095,TEST
2026-07-14,AUBANK,VCP Volatility Contraction Breakout,0.1533333333333333,0.4602,TEST
2026-07-14,AUBANK,EMA Pullback / Bounce,0.1533333333333333,0.4602,TEST
2026-07-15,AUBANK,VCP Volatility Contraction Breakout,0.0748299319727891,1.668,TEST
2026-07-15,AUBANK,EMA Pullback / Bounce,0.0748299319727891,1.668,TEST
2026-07-16,AUBANK,EMA Pullback / Bounce,0.0706214689265536,-0.4251,TEST
2026-07-17,AUBANK,EMA Pullback / Bounce,0.1119791666666666,1.1889,TEST
2026-03-04,AUROPHARMA,EMA Pullback / Bounce,0.2352941176470588,5.9265,TEST
2026-03-09,AUROPHARMA,Donchian Channel Breakout,0.6527777777777778,1.4841,TEST
2026-03-09,AUROPHARMA,RS Momentum Breakout,0.6527777777777778,1.4841,TEST
2026-03-10,AUROPHARMA,Donchian Channel Breakout,0.6555555555555556,-0.7281,TEST
2026-03-10,AUROPHARMA,RS Momentum Breakout,0.6555555555555556,-0.7281,TEST
2026-03-11,AUROPHARMA,Donchian Channel Breakout,0.7280701754385964,-0.0153,TEST
2026-03-11,AUROPHARMA,RS Momentum Breakout,0.7280701754385964,-0.0153,TEST
2026-03-12,AUROPHARMA,RS Momentum Breakout,0.7291666666666666,0.759,TEST
2026-03-13,AUROPHARMA,RS Momentum Breakout,0.75,0.1843,TEST
2026-03-16,AUROPHARMA,RS Momentum Breakout,0.5925925925925926,4.4517,TEST
2026-03-17,AUROPHARMA,RS Momentum Breakout,0.5333333333333333,4.3584,TEST
2026-03-19,AUROPHARMA,EMA Pullback / Bounce,0.4583333333333333,5.3883,TEST
2026-03-20,AUROPHARMA,RS Momentum Breakout,0.4888888888888889,3.4144,TEST
2026-03-25,AUROPHARMA,RS Momentum Breakout,0.7666666666666666,2.4469,TEST
2026-03-27,AUROPHARMA,RS Momentum Breakout,0.6666666666666666,5.6846,TEST
2026-03-30,AUROPHARMA,RS Momentum Breakout,0.7000000000000001,4.076,TEST
2026-04-01,AUROPHARMA,Donchian Channel Breakout,0.7000000000000001,3.7814,TEST
2026-04-01,AUROPHARMA,RS Momentum Breakout,0.7000000000000001,3.7814,TEST
2026-04-02,AUROPHARMA,RS Momentum Breakout,0.8333333333333334,1.7708,TEST
2026-04-06,AUROPHARMA,RS Momentum Breakout,0.6,3.4721,TEST
2026-04-07,AUROPHARMA,RS Momentum Breakout,0.6666666666666666,4.2929,TEST
2026-04-08,AUROPHARMA,RS Momentum Breakout,0.6666666666666666,7.5206,TEST
2026-04-09,AUROPHARMA,RS Momentum Breakout,0.4444444444444444,5.1152,TEST
2026-04-10,AUROPHARMA,RS Momentum Breakout,0.4057971014492753,5.7239,TEST
2026-04-13,AUROPHARMA,RS Momentum Breakout,0.46875,5.3778,TEST
2026-04-15,AUROPHARMA,Donchian Channel Breakout,0.6904761904761906,0.4964,TEST
2026-04-15,AUROPHARMA,RS Momentum Breakout,0.6904761904761906,0.4964,TEST
2026-04-16,AUROPHARMA,Donchian Channel Breakout,0.6728395061728395,0.0432,TEST
2026-04-16,AUROPHARMA,RS Momentum Breakout,0.6728395061728395,0.0432,TEST
2026-04-17,AUROPHARMA,Donchian Channel Breakout,0.5114942528735632,-0.1796,TEST
2026-04-17,AUROPHARMA,RS Momentum Breakout,0.5114942528735632,-0.1796,TEST
2026-04-20,AUROPHARMA,VCP Volatility Contraction Breakout,0.411111111111111,0.5187,TEST
2026-04-20,AUROPHARMA,RS Momentum Breakout,0.411111111111111,0.5187,TEST
2026-04-21,AUROPHARMA,Donchian Channel Breakout,0.5729166666666666,2.778,TEST
2026-04-21,AUROPHARMA,VCP Volatility Contraction Breakout,0.5729166666666666,2.778,TEST
2026-04-21,AUROPHARMA,RS Momentum Breakout,0.5729166666666666,2.778,TEST
2026-04-22,AUROPHARMA,Donchian Channel Breakout,0.717948717948718,4.507,TEST
2026-04-22,AUROPHARMA,VCP Volatility Contraction Breakout,0.717948717948718,4.507,TEST
2026-04-22,AUROPHARMA,RS Momentum Breakout,0.717948717948718,4.507,TEST
2026-04-23,AUROPHARMA,Donchian Channel Breakout,0.7761904761904761,2.909,TEST
2026-04-23,AUROPHARMA,RS Momentum Breakout,0.7761904761904761,2.909,TEST
2026-04-24,AUROPHARMA,RS Momentum Breakout,0.6363636363636364,5.117,TEST
2026-04-27,AUROPHARMA,RS Momentum Breakout,0.5104166666666666,5.0601,TEST
2026-04-28,AUROPHARMA,RS Momentum Breakout,0.5166666666666667,4.3692,TEST
2026-04-29,AUROPHARMA,RS Momentum Breakout,0.5735294117647058,7.579,TEST
2026-04-30,AUROPHARMA,VCP Volatility Contraction Breakout,0.4047619047619047,8.737,TEST
2026-04-30,AUROPHARMA,EMA Pullback / Bounce,0.4047619047619047,8.737,TEST
2026-05-01,AUROPHARMA,VCP Volatility Contraction Breakout,0.4193548387096774,8.1402,TEST
2026-05-01,AUROPHARMA,EMA Pullback / Bounce,0.4193548387096774,8.1402,TEST
2026-05-04,AUROPHARMA,VCP Volatility Contraction Breakout,0.2407407407407407,9.2146,TEST
2026-05-04,AUROPHARMA,EMA Pullback / Bounce,0.2407407407407407,9.2146,TEST
2026-05-05,AUROPHARMA,VCP Volatility Contraction Breakout,0.6616161616161617,5.7163,TEST
2026-05-05,AUROPHARMA,RS Momentum Breakout,0.6616161616161617,5.7163,TEST
2026-05-06,AUROPHARMA,Donchian Channel Breakout,0.7794117647058822,2.8744,TEST
2026-05-06,AUROPHARMA,RS Momentum Breakout,0.7794117647058822,2.8744,TEST
2026-05-07,AUROPHARMA,RS Momentum Breakout,0.5057471264367815,4.1549,TEST
2026-05-08,AUROPHARMA,VCP Volatility Contraction Breakout,0.6519607843137255,-1.6002,TEST
2026-05-08,AUROPHARMA,RS Momentum Breakout,0.6519607843137255,-1.6002,TEST
2026-05-11,AUROPHARMA,VCP Volatility Contraction Breakout,0.65,-2.1526,TEST
2026-05-11,AUROPHARMA,RS Momentum Breakout,0.65,-2.1526,TEST
2026-05-12,AUROPHARMA,VCP Volatility Contraction Breakout,0.7530864197530865,-1.9329,TEST
2026-05-12,AUROPHARMA,RS Momentum Breakout,0.7530864197530865,-1.9329,TEST
2026-05-13,AUROPHARMA,VCP Volatility Contraction Breakout,0.7916666666666666,-4.5533,TEST
2026-05-13,AUROPHARMA,RS Momentum Breakout,0.7916666666666666,-4.5533,TEST
2026-05-14,AUROPHARMA,Donchian Channel Breakout,0.6666666666666666,-5.4707,TEST
2026-05-14,AUROPHARMA,VCP Volatility Contraction Breakout,0.6666666666666666,-5.4707,TEST
2026-05-14,AUROPHARMA,RS Momentum Breakout,0.6666666666666666,-5.4707,TEST
2026-05-15,AUROPHARMA,VCP Volatility Contraction Breakout,0.6728395061728395,-5.8047,TEST
2026-05-15,AUROPHARMA,RS Momentum Breakout,0.6728395061728395,-5.8047,TEST
2026-05-18,AUROPHARMA,VCP Volatility Contraction Breakout,0.7183908045977011,-4.4519,TEST
2026-05-18,AUROPHARMA,RS Momentum Breakout,0.7183908045977011,-4.4519,TEST
2026-05-19,AUROPHARMA,VCP Volatility Contraction Breakout,0.8448275862068967,-5.3573,TEST
2026-05-19,AUROPHARMA,RS Momentum Breakout,0.8448275862068967,-5.3573,TEST
2026-05-20,AUROPHARMA,VCP Volatility Contraction Breakout,0.7345679012345679,-5.4235,TEST
2026-05-20,AUROPHARMA,RS Momentum Breakout,0.7345679012345679,-5.4235,TEST
2026-05-21,AUROPHARMA,Donchian Channel Breakout,0.8172043010752686,-3.7105,TEST
2026-05-21,AUROPHARMA,VCP Volatility Contraction Breakout,0.8172043010752686,-3.7105,TEST
2026-05-21,AUROPHARMA,RS Momentum Breakout,0.8172043010752686,-3.7105,TEST
2026-05-22,AUROPHARMA,EMA Pullback / Bounce,0.5990990990990991,0.4879,TEST
2026-05-25,AUROPHARMA,EMA Pullback / Bounce,0.5775193798449613,0.1241,TEST
2026-05-26,AUROPHARMA,VCP Volatility Contraction Breakout,0.3571428571428571,-0.9569,TEST
2026-05-26,AUROPHARMA,EMA Pullback / Bounce,0.3571428571428571,-0.9569,TEST
2026-06-03,AUROPHARMA,EMA Pullback / Bounce,0.4666666666666666,-1.3661,TEST
2026-06-04,AUROPHARMA,VCP Volatility Contraction Breakout,0.4833333333333333,-2.7091,TEST
2026-06-04,AUROPHARMA,EMA Pullback / Bounce,0.4833333333333333,-2.7091,TEST
2026-06-05,AUROPHARMA,VCP Volatility Contraction Breakout,0.5394736842105263,3.204,TEST
2026-06-05,AUROPHARMA,EMA Pullback / Bounce,0.5394736842105263,3.204,TEST
2026-06-08,AUROPHARMA,VCP Volatility Contraction Breakout,0.328125,2.7621,TEST
2026-06-08,AUROPHARMA,EMA Pullback / Bounce,0.328125,2.7621,TEST
2026-06-09,AUROPHARMA,VCP Volatility Contraction Breakout,0.3875,6.2612,TEST
2026-06-09,AUROPHARMA,EMA Pullback / Bounce,0.3875,6.2612,TEST
2026-06-10,AUROPHARMA,VCP Volatility Contraction Breakout,0.4166666666666667,4.9794,TEST
2026-06-10,AUROPHARMA,EMA Pullback / Bounce,0.4166666666666667,4.9794,TEST
2026-06-11,AUROPHARMA,VCP Volatility Contraction Breakout,0.4479166666666667,5.1521,TEST
2026-06-11,AUROPHARMA,EMA Pullback / Bounce,0.4479166666666667,5.1521,TEST
2026-06-12,AUROPHARMA,VCP Volatility Contraction Breakout,0.3861788617886179,6.3385,TEST
2026-06-12,AUROPHARMA,EMA Pullback / Bounce,0.3861788617886179,6.3385,TEST
2026-06-17,AUROPHARMA,EMA Pullback / Bounce,0.3620689655172414,8.619,TEST
2026-06-18,AUROPHARMA,VCP Volatility Contraction Breakout,0.324074074074074,7.359,TEST
2026-06-18,AUROPHARMA,EMA Pullback / Bounce,0.324074074074074,7.359,TEST
2026-06-19,AUROPHARMA,VCP Volatility Contraction Breakout,0.5621468926553672,8.1631,TEST
2026-06-19,AUROPHARMA,RS Momentum Breakout,0.5621468926553672,8.1631,TEST
2026-06-22,AUROPHARMA,VCP Volatility Contraction Breakout,0.4791666666666667,6.8624,TEST
2026-06-23,AUROPHARMA,Donchian Channel Breakout,0.673076923076923,2.7787,TEST
2026-06-23,AUROPHARMA,VCP Volatility Contraction Breakout,0.673076923076923,2.7787,TEST
2026-06-23,AUROPHARMA,RS Momentum Breakout,0.673076923076923,2.7787,TEST
2026-06-24,AUROPHARMA,VCP Volatility Contraction Breakout,0.5233918128654971,1.3932,TEST
2026-06-24,AUROPHARMA,RS Momentum Breakout,0.5233918128654971,1.3932,TEST
2026-06-25,AUROPHARMA,Donchian Channel Breakout,0.7222222222222223,2.0705,TEST
2026-06-25,AUROPHARMA,VCP Volatility Contraction Breakout,0.7222222222222223,2.0705,TEST
2026-06-25,AUROPHARMA,RS Momentum Breakout,0.7222222222222223,2.0705,TEST
2026-06-26,AUROPHARMA,VCP Volatility Contraction Breakout,0.5902777777777778,0.6109,TEST
2026-06-26,AUROPHARMA,RS Momentum Breakout,0.5902777777777778,0.6109,TEST
2026-06-29,AUROPHARMA,VCP Volatility Contraction Breakout,0.5709219858156028,-0.1096,TEST
2026-06-29,AUROPHARMA,RS Momentum Breakout,0.5709219858156028,-0.1096,TEST
2026-06-30,AUROPHARMA,Donchian Channel Breakout,0.7466666666666667,-1.6406,TEST
2026-06-30,AUROPHARMA,VCP Volatility Contraction Breakout,0.7466666666666667,-1.6406,TEST
2026-06-30,AUROPHARMA,RS Momentum Breakout,0.7466666666666667,-1.6406,TEST
2026-07-01,AUROPHARMA,VCP Volatility Contraction Breakout,0.3627450980392157,-0.6218,TEST
2026-07-01,AUROPHARMA,RS Momentum Breakout,0.3627450980392157,-0.6218,TEST
2026-07-02,AUROPHARMA,VCP Volatility Contraction Breakout,0.3720238095238095,-1.25,TEST
2026-07-02,AUROPHARMA,RS Momentum Breakout,0.3720238095238095,-1.25,TEST
2026-07-03,AUROPHARMA,Donchian Channel Breakout,0.6720430107526881,-5.4915,TEST
2026-07-03,AUROPHARMA,VCP Volatility Contraction Breakout,0.6720430107526881,-5.4915,TEST
2026-07-03,AUROPHARMA,RS Momentum Breakout,0.6720430107526881,-5.4915,TEST
2026-07-06,AUROPHARMA,RS Momentum Breakout,0.3333333333333333,-2.525,TEST
2026-07-07,AUROPHARMA,VCP Volatility Contraction Breakout,0.3766666666666667,0.2666,TEST
2026-07-07,AUROPHARMA,RS Momentum Breakout,0.3766666666666667,0.2666,TEST
2026-07-09,AUROPHARMA,RS Momentum Breakout,0.3703703703703704,-3.3437,TEST
2026-07-10,AUROPHARMA,EMA Pullback / Bounce,0.3971631205673758,-2.1024,TEST
2026-07-13,AUROPHARMA,EMA Pullback / Bounce,0.3081761006289308,-0.1289,TEST
2026-07-14,AUROPHARMA,EMA Pullback / Bounce,0.2533333333333333,-0.2896,TEST
2026-07-15,AUROPHARMA,VCP Volatility Contraction Breakout,0.2482993197278911,2.6126,TEST
2026-07-15,AUROPHARMA,EMA Pullback / Bounce,0.2482993197278911,2.6126,TEST
2026-07-16,AUROPHARMA,VCP Volatility Contraction Breakout,0.3700564971751412,1.6968,TEST
2026-07-16,AUROPHARMA,EMA Pullback / Bounce,0.3700564971751412,1.6968,TEST
2026-07-17,AUROPHARMA,VCP Volatility Contraction Breakout,0.2083333333333333,3.052,TEST
2026-07-17,AUROPHARMA,EMA Pullback / Bounce,0.2083333333333333,3.052,TEST
2026-07-20,AUROPHARMA,VCP Volatility Contraction Breakout,0.4703703703703703,-0.7849,TEST
2026-07-20,AUROPHARMA,EMA Pullback / Bounce,0.4703703703703703,-0.7849,TEST
2026-07-21,AUROPHARMA,VCP Volatility Contraction Breakout,0.3580246913580246,1.4003,TEST
2026-07-22,AUROPHARMA,EMA Pullback / Bounce,0.4927536231884057,5.7967,TEST
2026-07-23,AUROPHARMA,EMA Pullback / Bounce,0.1535087719298245,5.086,TEST
2026-07-24,AUROPHARMA,EMA Pullback / Bounce,0.2285714285714285,8.1187,TEST
2026-02-18,AVANTIFEED,RS Momentum Breakout,0.6862745098039215,-11.5183,TEST
2026-02-19,AVANTIFEED,RS Momentum Breakout,0.6811594202898551,-13.488,TEST
2026-02-20,AVANTIFEED,RS Momentum Breakout,0.638888888888889,-16.9214,TEST
2026-02-23,AVANTIFEED,RS Momentum Breakout,0.7916666666666666,-8.0763,TEST
2026-02-24,AVANTIFEED,RS Momentum Breakout,0.6239316239316238,-9.3293,TEST
2026-02-25,AVANTIFEED,RS Momentum Breakout,0.6036036036036035,-7.7899,TEST
2026-02-26,AVANTIFEED,RS Momentum Breakout,0.5714285714285714,-10.6971,TEST
2026-02-27,AVANTIFEED,RS Momentum Breakout,0.5270270270270271,2.3399,TEST
2026-03-02,AVANTIFEED,RS Momentum Breakout,0.6049382716049382,-2.0238,TEST
2026-03-05,AVANTIFEED,EMA Pullback / Bounce,0.5370370370370371,-3.1822,TEST
2026-03-10,AVANTIFEED,EMA Pullback / Bounce,0.5,-2.1259,TEST
2026-03-11,AVANTIFEED,EMA Pullback / Bounce,0.4385964912280701,5.4063,TEST
2026-03-16,AVANTIFEED,EMA Pullback / Bounce,0.6481481481481481,0.6002,TEST
2026-03-18,AVANTIFEED,EMA Pullback / Bounce,0.5555555555555556,1.541,TEST
2026-03-20,AVANTIFEED,EMA Pullback / Bounce,0.6222222222222221,9.7034,TEST
2026-03-27,AVANTIFEED,EMA Pullback / Bounce,0.5416666666666666,18.25,TEST
2026-04-01,AVANTIFEED,EMA Pullback / Bounce,0.6,20.5943,TEST
2026-04-02,AVANTIFEED,EMA Pullback / Bounce,0.5555555555555555,23.4319,TEST
2026-04-10,AVANTIFEED,Donchian Channel Breakout,0.9492753623188404,0.0842,TEST
2026-04-10,AVANTIFEED,RS Momentum Breakout,0.9492753623188404,0.0842,TEST
2026-04-13,AVANTIFEED,RS Momentum Breakout,0.7708333333333334,-1.9681,TEST
2026-04-15,AVANTIFEED,RS Momentum Breakout,0.8412698412698413,-3.3875,TEST
2026-04-16,AVANTIFEED,RS Momentum Breakout,0.6049382716049382,-1.7994,TEST
2026-04-17,AVANTIFEED,RS Momentum Breakout,0.8390804597701149,-6.3932,TEST
2026-04-20,AVANTIFEED,RS Momentum Breakout,0.8222222222222223,-11.86,TEST
2026-04-21,AVANTIFEED,RS Momentum Breakout,0.7708333333333334,-10.3623,TEST
2026-04-22,AVANTIFEED,RS Momentum Breakout,0.4743589743589744,-6.6205,TEST
2026-04-23,AVANTIFEED,RS Momentum Breakout,0.6,-1.7012,TEST
2026-04-29,AVANTIFEED,EMA Pullback / Bounce,0.4754901960784314,-3.134,TEST
2026-04-30,AVANTIFEED,EMA Pullback / Bounce,0.5178571428571428,-3.6721,TEST
2026-05-01,AVANTIFEED,EMA Pullback / Bounce,0.5806451612903226,-4.8058,TEST
2026-05-06,AVANTIFEED,EMA Pullback / Bounce,0.3627450980392157,-6.5679,TEST
2026-05-07,AVANTIFEED,RS Momentum Breakout,0.5287356321839081,-10.7573,TEST
2026-05-25,AVANTIFEED,EMA Pullback / Bounce,0.3100775193798449,-20.6356,TEST
2026-05-26,AVANTIFEED,EMA Pullback / Bounce,0.1944444444444444,-23.0769,TEST
2026-02-18,AXISBANK,RS Momentum Breakout,0.5,-2.317,TEST
2026-02-19,AXISBANK,EMA Pullback / Bounce,0.3478260869565217,-2.6055,TEST
2026-02-23,AXISBANK,RS Momentum Breakout,0.5166666666666667,-5.9585,TEST
2026-02-24,AXISBANK,RS Momentum Breakout,0.5726495726495726,-9.9139,TEST
2026-02-25,AXISBANK,RS Momentum Breakout,0.4774774774774775,-12.01,TEST
2026-02-26,AXISBANK,RS Momentum Breakout,0.6190476190476191,-13.677,TEST
2026-03-02,AXISBANK,EMA Pullback / Bounce,0.4753086419753087,-8.6575,TEST
2026-03-04,AXISBANK,EMA Pullback / Bounce,0.4215686274509804,-7.5061,TEST
2026-03-05,AXISBANK,EMA Pullback / Bounce,0.4722222222222222,-10.3935,TEST
2026-04-08,AXISBANK,RS Momentum Breakout,0.4242424242424242,3.5771,TEST
2026-04-10,AXISBANK,Donchian Channel Breakout,0.3695652173913044,0.4704,TEST
2026-04-10,AXISBANK,RS Momentum Breakout,0.3695652173913044,0.4704,TEST
2026-04-13,AXISBANK,Donchian Channel Breakout,0.4479166666666667,-5.7059,TEST
2026-04-13,AXISBANK,RS Momentum Breakout,0.4479166666666667,-5.7059,TEST
2026-04-15,AXISBANK,RS Momentum Breakout,0.365079365079365,-4.8164,TEST
2026-04-16,AXISBANK,RS Momentum Breakout,0.3024691358024691,-6.2602,TEST
2026-04-17,AXISBANK,RS Momentum Breakout,0.293103448275862,-6.7083,TEST
2026-04-20,AXISBANK,RS Momentum Breakout,0.3277777777777778,-6.3115,TEST
2026-04-21,AXISBANK,Donchian Channel Breakout,0.3802083333333333,-8.0511,TEST
2026-04-21,AXISBANK,RS Momentum Breakout,0.3802083333333333,-8.0511,TEST
2026-04-22,AXISBANK,Donchian Channel Breakout,0.2948717948717949,-5.4638,TEST
2026-04-22,AXISBANK,RS Momentum Breakout,0.2948717948717949,-5.4638,TEST
2026-04-23,AXISBANK,RS Momentum Breakout,0.4047619047619048,-5.5734,TEST
2026-04-24,AXISBANK,RS Momentum Breakout,0.3409090909090909,-4.2792,TEST
2026-04-27,AXISBANK,EMA Pullback / Bounce,0.2864583333333333,-3.0259,TEST
2026-05-22,AXISBANK,VCP Volatility Contraction Breakout,0.2747747747747747,-2.1609,TEST
2026-05-22,AXISBANK,EMA Pullback / Bounce,0.2747747747747747,-2.1609,TEST
2026-05-25,AXISBANK,VCP Volatility Contraction Breakout,0.3255813953488372,-3.1837,TEST
2026-05-26,AXISBANK,VCP Volatility Contraction Breakout,0.3214285714285714,-0.3009,TEST
2026-05-27,AXISBANK,VCP Volatility Contraction Breakout,0.3650793650793651,0.7975,TEST
2026-05-28,AXISBANK,VCP Volatility Contraction Breakout,0.2835820895522388,1.6357,TEST
2026-05-29,AXISBANK,VCP Volatility Contraction Breakout,0.3513513513513513,5.2211,TEST
2026-05-29,AXISBANK,EMA Pullback / Bounce,0.3513513513513513,5.2211,TEST
2026-06-09,AXISBANK,VCP Volatility Contraction Breakout,0.4208333333333334,6.233,TEST
2026-06-09,AXISBANK,EMA Pullback / Bounce,0.4208333333333334,6.233,TEST
2026-06-10,AXISBANK,Donchian Channel Breakout,0.5055555555555555,5.7839,TEST
2026-06-10,AXISBANK,VCP Volatility Contraction Breakout,0.5055555555555555,5.7839,TEST
2026-06-11,AXISBANK,VCP Volatility Contraction Breakout,0.4947916666666667,3.3934,TEST
2026-06-11,AXISBANK,RS Momentum Breakout,0.4947916666666667,3.3934,TEST
2026-06-12,AXISBANK,Donchian Channel Breakout,0.5772357723577236,0.379,TEST
2026-06-12,AXISBANK,VCP Volatility Contraction Breakout,0.5772357723577236,0.379,TEST
2026-06-12,AXISBANK,RS Momentum Breakout,0.5772357723577236,0.379,TEST
2026-06-15,AXISBANK,Donchian Channel Breakout,0.5581395348837209,-0.4914,TEST
2026-06-15,AXISBANK,VCP Volatility Contraction Breakout,0.5581395348837209,-0.4914,TEST
2026-06-15,AXISBANK,RS Momentum Breakout,0.5581395348837209,-0.4914,TEST
2026-06-16,AXISBANK,VCP Volatility Contraction Breakout,0.7201257861635221,-1.3489,TEST
2026-06-16,AXISBANK,RS Momentum Breakout,0.7201257861635221,-1.3489,TEST
2026-06-17,AXISBANK,VCP Volatility Contraction Breakout,0.4971264367816091,1.5657,TEST
2026-06-17,AXISBANK,RS Momentum Breakout,0.4971264367816091,1.5657,TEST
2026-06-18,AXISBANK,VCP Volatility Contraction Breakout,0.5648148148148149,0.4275,TEST
2026-06-18,AXISBANK,RS Momentum Breakout,0.5648148148148149,0.4275,TEST
2026-06-19,AXISBANK,VCP Volatility Contraction Breakout,0.4463276836158192,-1.3887,TEST
2026-06-19,AXISBANK,RS Momentum Breakout,0.4463276836158192,-1.3887,TEST
2026-06-22,AXISBANK,VCP Volatility Contraction Breakout,0.2864583333333333,-1.3985,TEST
2026-06-22,AXISBANK,RS Momentum Breakout,0.2864583333333333,-1.3985,TEST
2026-06-23,AXISBANK,VCP Volatility Contraction Breakout,0.4262820512820513,-1.1062,TEST
2026-06-23,AXISBANK,RS Momentum Breakout,0.4262820512820513,-1.1062,TEST
2026-06-24,AXISBANK,Donchian Channel Breakout,0.6783625730994153,-5.5808,TEST
2026-06-24,AXISBANK,VCP Volatility Contraction Breakout,0.6783625730994153,-5.5808,TEST
2026-06-24,AXISBANK,RS Momentum Breakout,0.6783625730994153,-5.5808,TEST
2026-06-25,AXISBANK,VCP Volatility Contraction Breakout,0.5833333333333334,-5.7798,TEST
2026-06-25,AXISBANK,RS Momentum Breakout,0.5833333333333334,-5.7798,TEST
2026-06-26,AXISBANK,VCP Volatility Contraction Breakout,0.5208333333333334,-4.8743,TEST
2026-06-26,AXISBANK,RS Momentum Breakout,0.5208333333333334,-4.8743,TEST
2026-06-29,AXISBANK,VCP Volatility Contraction Breakout,0.4184397163120567,-2.746,TEST
2026-06-29,AXISBANK,EMA Pullback / Bounce,0.4184397163120567,-2.746,TEST
2026-06-30,AXISBANK,VCP Volatility Contraction Breakout,0.3866666666666667,-2.0126,TEST
2026-06-30,AXISBANK,EMA Pullback / Bounce,0.3866666666666667,-2.0126,TEST
2026-07-01,AXISBANK,VCP Volatility Contraction Breakout,0.2973856209150327,-4.4169,TEST
2026-07-01,AXISBANK,RS Momentum Breakout,0.2973856209150327,-4.4169,TEST
2026-07-02,AXISBANK,VCP Volatility Contraction Breakout,0.2738095238095238,-4.6898,TEST
2026-07-02,AXISBANK,EMA Pullback / Bounce,0.2738095238095238,-4.6898,TEST
2026-07-03,AXISBANK,VCP Volatility Contraction Breakout,0.1559139784946236,-1.9308,TEST
2026-07-03,AXISBANK,EMA Pullback / Bounce,0.1559139784946236,-1.9308,TEST
2026-07-06,AXISBANK,VCP Volatility Contraction Breakout,0.2160493827160493,-6.67,TEST
2026-07-06,AXISBANK,EMA Pullback / Bounce,0.2160493827160493,-6.67,TEST
2026-07-07,AXISBANK,VCP Volatility Contraction Breakout,0.3133333333333333,-6.3117,TEST
2026-07-07,AXISBANK,EMA Pullback / Bounce,0.3133333333333333,-6.3117,TEST
2026-07-10,AXISBANK,EMA Pullback / Bounce,0.0921985815602837,-6.733,TEST
2026-07-17,AXISBANK,VCP Volatility Contraction Breakout,0.3671875,-3.5686,TEST
2026-07-17,AXISBANK,EMA Pullback / Bounce,0.3671875,-3.5686,TEST
2026-02-18,BAJAJFINSV,Donchian Channel Breakout,0.3676470588235294,-7.5532,TEST
2026-02-18,BAJAJFINSV,VCP Volatility Contraction Breakout,0.3676470588235294,-7.5532,TEST
2026-02-19,BAJAJFINSV,VCP Volatility Contraction Breakout,0.4492753623188406,-8.0809,TEST
2026-02-19,BAJAJFINSV,EMA Pullback / Bounce,0.4492753623188406,-8.0809,TEST
2026-02-20,BAJAJFINSV,Donchian Channel Breakout,0.2722222222222222,-10.1707,TEST
2026-02-20,BAJAJFINSV,VCP Volatility Contraction Breakout,0.2722222222222222,-10.1707,TEST
2026-02-23,BAJAJFINSV,VCP Volatility Contraction Breakout,0.3666666666666667,-8.4412,TEST
2026-02-23,BAJAJFINSV,EMA Pullback / Bounce,0.3666666666666667,-8.4412,TEST
2026-02-24,BAJAJFINSV,VCP Volatility Contraction Breakout,0.358974358974359,-12.4244,TEST
2026-02-24,BAJAJFINSV,EMA Pullback / Bounce,0.358974358974359,-12.4244,TEST
2026-02-25,BAJAJFINSV,VCP Volatility Contraction Breakout,0.2117117117117117,-13.9135,TEST
2026-02-25,BAJAJFINSV,EMA Pullback / Bounce,0.2117117117117117,-13.9135,TEST
2026-02-26,BAJAJFINSV,VCP Volatility Contraction Breakout,0.238095238095238,-14.0752,TEST
2026-02-26,BAJAJFINSV,EMA Pullback / Bounce,0.238095238095238,-14.0752,TEST
2026-02-20,BAJFINANCE,Donchian Channel Breakout,0.4888888888888889,-9.1433,TEST
2026-02-24,BAJFINANCE,RS Momentum Breakout,0.3461538461538462,-13.0691,TEST
2026-02-25,BAJFINANCE,VCP Volatility Contraction Breakout,0.2432432432432432,-15.4445,TEST
2026-02-25,BAJFINANCE,RS Momentum Breakout,0.2432432432432432,-15.4445,TEST
2026-02-26,BAJFINANCE,VCP Volatility Contraction Breakout,0.2857142857142857,-15.2535,TEST
2026-02-26,BAJFINANCE,EMA Pullback / Bounce,0.2857142857142857,-15.2535,TEST
2026-02-27,BAJFINANCE,VCP Volatility Contraction Breakout,0.2432432432432432,-9.5623,TEST
2026-02-27,BAJFINANCE,EMA Pullback / Bounce,0.2432432432432432,-9.5623,TEST
2026-06-30,BAJFINANCE,Donchian Channel Breakout,0.64,0.6197,TEST
2026-06-30,BAJFINANCE,VCP Volatility Contraction Breakout,0.64,0.6197,TEST
2026-06-30,BAJFINANCE,RS Momentum Breakout,0.64,0.6197,TEST
2026-07-01,BAJFINANCE,Donchian Channel Breakout,0.6274509803921569,2.6742,TEST
2026-07-01,BAJFINANCE,VCP Volatility Contraction Breakout,0.6274509803921569,2.6742,TEST
2026-07-01,BAJFINANCE,RS Momentum Breakout,0.6274509803921569,2.6742,TEST
2026-07-02,BAJFINANCE,VCP Volatility Contraction Breakout,0.6398809523809524,0.2512,TEST
2026-07-02,BAJFINANCE,RS Momentum Breakout,0.6398809523809524,0.2512,TEST
2026-07-03,BAJFINANCE,Donchian Channel Breakout,0.7204301075268816,1.5673,TEST
2026-07-03,BAJFINANCE,VCP Volatility Contraction Breakout,0.7204301075268816,1.5673,TEST
2026-07-03,BAJFINANCE,RS Momentum Breakout,0.7204301075268816,1.5673,TEST
2026-07-06,BAJFINANCE,VCP Volatility Contraction Breakout,0.5956790123456791,3.9062,TEST
2026-07-06,BAJFINANCE,RS Momentum Breakout,0.5956790123456791,3.9062,TEST
2026-07-07,BAJFINANCE,Donchian Channel Breakout,0.7533333333333333,4.3122,TEST
2026-07-07,BAJFINANCE,VCP Volatility Contraction Breakout,0.7533333333333333,4.3122,TEST
2026-07-07,BAJFINANCE,RS Momentum Breakout,0.7533333333333333,4.3122,TEST
2026-07-08,BAJFINANCE,VCP Volatility Contraction Breakout,0.496031746031746,6.03,TEST
2026-07-08,BAJFINANCE,RS Momentum Breakout,0.496031746031746,6.03,TEST
2026-07-09,BAJFINANCE,VCP Volatility Contraction Breakout,0.4777777777777778,2.9403,TEST
2026-07-10,BAJFINANCE,VCP Volatility Contraction Breakout,0.4858156028368794,-0.1183,TEST
2026-07-10,BAJFINANCE,RS Momentum Breakout,0.4858156028368794,-0.1183,TEST
2026-07-13,BAJFINANCE,VCP Volatility Contraction Breakout,0.3993710691823899,4.1013,TEST
2026-07-13,BAJFINANCE,RS Momentum Breakout,0.3993710691823899,4.1013,TEST
2026-07-14,BAJFINANCE,VCP Volatility Contraction Breakout,0.43,4.1526,TEST
2026-07-14,BAJFINANCE,EMA Pullback / Bounce,0.43,4.1526,TEST
2026-07-15,BAJFINANCE,VCP Volatility Contraction Breakout,0.4557823129251701,2.9688,TEST
2026-07-15,BAJFINANCE,RS Momentum Breakout,0.4557823129251701,2.9688,TEST
2026-07-16,BAJFINANCE,VCP Volatility Contraction Breakout,0.7090395480225989,0.823,TEST
2026-07-16,BAJFINANCE,RS Momentum Breakout,0.7090395480225989,0.823,TEST
2026-07-17,BAJFINANCE,Donchian Channel Breakout,0.7916666666666666,7.9659,TEST
2026-07-17,BAJFINANCE,VCP Volatility Contraction Breakout,0.7916666666666666,7.9659,TEST
2026-07-17,BAJFINANCE,RS Momentum Breakout,0.7916666666666666,7.9659,TEST
2026-07-20,BAJFINANCE,Donchian Channel Breakout,0.7851851851851852,8.3647,TEST
2026-07-20,BAJFINANCE,VCP Volatility Contraction Breakout,0.7851851851851852,8.3647,TEST
2026-07-20,BAJFINANCE,RS Momentum Breakout,0.7851851851851852,8.3647,TEST
2026-07-21,BAJFINANCE,Donchian Channel Breakout,0.6913580246913581,7.9887,TEST
2026-07-21,BAJFINANCE,VCP Volatility Contraction Breakout,0.6913580246913581,7.9887,TEST
2026-07-21,BAJFINANCE,RS Momentum Breakout,0.6913580246913581,7.9887,TEST
2026-07-22,BAJFINANCE,VCP Volatility Contraction Breakout,0.7065217391304349,10.0161,TEST
2026-07-22,BAJFINANCE,RS Momentum Breakout,0.7065217391304349,10.0161,TEST
2026-07-23,BAJFINANCE,VCP Volatility Contraction Breakout,0.6973684210526315,11.4377,TEST
2026-07-24,BAJFINANCE,VCP Volatility Contraction Breakout,0.5428571428571428,4.9966,TEST
2026-07-24,BAJFINANCE,EMA Pullback / Bounce,0.5428571428571428,4.9966,TEST
2026-05-20,BALAMINES,Donchian Channel Breakout,0.95679012345679,15.0182,TEST
2026-05-20,BALAMINES,RS Momentum Breakout,0.95679012345679,15.0182,TEST
2026-05-21,BALAMINES,Donchian Channel Breakout,0.7903225806451614,14.9433,TEST
2026-05-21,BALAMINES,RS Momentum Breakout,0.7903225806451614,14.9433,TEST
2026-05-22,BALAMINES,RS Momentum Breakout,0.7612612612612613,9.0342,TEST
2026-05-25,BALAMINES,Donchian Channel Breakout,0.9031007751937984,8.3368,TEST
2026-05-25,BALAMINES,RS Momentum Breakout,0.9031007751937984,8.3368,TEST
2026-05-26,BALAMINES,RS Momentum Breakout,0.634920634920635,18.7616,TEST
2026-05-27,BALAMINES,RS Momentum Breakout,0.5555555555555555,17.0291,TEST
2026-05-28,BALAMINES,RS Momentum Breakout,0.7512437810945274,11.9346,TEST
2026-05-29,BALAMINES,RS Momentum Breakout,0.5855855855855856,20.1284,TEST
2026-06-01,BALAMINES,RS Momentum Breakout,0.5882352941176471,20.6007,TEST
2026-06-02,BALAMINES,Donchian Channel Breakout,0.9482758620689654,2.797,TEST
2026-06-02,BALAMINES,RS Momentum Breakout,0.9482758620689654,2.797,TEST
2026-06-03,BALAMINES,Donchian Channel Breakout,0.98,1.423,TEST
2026-06-03,BALAMINES,RS Momentum Breakout,0.98,1.423,TEST
2026-06-04,BALAMINES,RS Momentum Breakout,0.7333333333333333,5.2143,TEST
2026-06-05,BALAMINES,RS Momentum Breakout,0.6754385964912281,5.3768,TEST
2026-06-08,BALAMINES,RS Momentum Breakout,0.8333333333333334,0.6446,TEST
2026-06-09,BALAMINES,Donchian Channel Breakout,0.8625000000000002,-8.3108,TEST
2026-06-09,BALAMINES,RS Momentum Breakout,0.8625000000000002,-8.3108,TEST
2026-06-10,BALAMINES,RS Momentum Breakout,0.688888888888889,-1.8156,TEST
2026-06-11,BALAMINES,RS Momentum Breakout,0.5833333333333334,-4.8826,TEST
2026-06-12,BALAMINES,RS Momentum Breakout,0.573170731707317,-8.7615,TEST
2026-06-15,BALAMINES,RS Momentum Breakout,0.5581395348837209,-9.8995,TEST
2026-06-16,BALAMINES,RS Momentum Breakout,0.5188679245283019,-2.2612,TEST
2026-06-17,BALAMINES,RS Momentum Breakout,0.5919540229885057,-3.5886,TEST
2026-06-18,BALAMINES,RS Momentum Breakout,0.808641975308642,1.0553,TEST
2026-06-19,BALAMINES,RS Momentum Breakout,0.480225988700565,1.7381,TEST
2026-06-22,BALAMINES,RS Momentum Breakout,0.4322916666666667,1.4414,TEST
2026-06-30,BALAMINES,EMA Pullback / Bounce,0.4466666666666666,12.8742,TEST
2026-07-02,BALAMINES,RS Momentum Breakout,0.8273809523809524,5.8367,TEST
2026-07-03,BALAMINES,RS Momentum Breakout,0.5430107526881721,4.325,TEST
2026-07-07,BALAMINES,EMA Pullback / Bounce,0.48,14.0757,TEST
2026-07-09,BALAMINES,Donchian Channel Breakout,0.862962962962963,-1.7071,TEST
2026-07-09,BALAMINES,RS Momentum Breakout,0.862962962962963,-1.7071,TEST
2026-07-10,BALAMINES,Donchian Channel Breakout,0.9184397163120568,-9.0167,TEST
2026-07-10,BALAMINES,RS Momentum Breakout,0.9184397163120568,-9.0167,TEST
2026-07-13,BALAMINES,RS Momentum Breakout,0.6729559748427673,-1.9399,TEST
2026-07-14,BALAMINES,RS Momentum Breakout,0.5633333333333334,-4.0043,TEST
2026-07-15,BALAMINES,RS Momentum Breakout,0.5748299319727891,-2.0526,TEST
2026-07-16,BALAMINES,RS Momentum Breakout,0.7627118644067797,-6.0946,TEST
2026-07-21,BALAMINES,RS Momentum Breakout,0.611111111111111,-16.251,TEST
2026-07-22,BALAMINES,RS Momentum Breakout,0.7318840579710145,-15.8526,TEST
2026-02-19,BALKRISIND,EMA Pullback / Bounce,0.4565217391304347,-11.079,TEST
2026-02-23,BALKRISIND,EMA Pullback / Bounce,0.2916666666666667,-10.6258,TEST
2026-02-24,BALKRISIND,EMA Pullback / Bounce,0.5470085470085471,-13.6153,TEST
2026-02-25,BALKRISIND,EMA Pullback / Bounce,0.3243243243243243,-9.0866,TEST
2026-04-29,BALRAMCHIN,EMA Pullback / Bounce,0.5441176470588235,7.3118,TEST
2026-05-05,BALRAMCHIN,RS Momentum Breakout,0.5656565656565657,2.5524,TEST
2026-05-12,BALRAMCHIN,RS Momentum Breakout,0.5802469135802469,-0.8146,TEST
2026-05-13,BALRAMCHIN,RS Momentum Breakout,0.75,-2.5278,TEST
2026-05-14,BALRAMCHIN,RS Momentum Breakout,0.6380952380952382,-1.2663,TEST
2026-05-15,BALRAMCHIN,RS Momentum Breakout,0.345679012345679,-2.8679,TEST
2026-05-18,BALRAMCHIN,RS Momentum Breakout,0.4712643678160919,-1.57,TEST
2026-05-19,BALRAMCHIN,RS Momentum Breakout,0.6781609195402298,-2.2909,TEST
2026-05-20,BALRAMCHIN,EMA Pullback / Bounce,0.4814814814814814,-1.0364,TEST
2026-05-22,BALRAMCHIN,EMA Pullback / Bounce,0.4144144144144144,-0.6167,TEST
2026-05-25,BALRAMCHIN,EMA Pullback / Bounce,0.2790697674418604,3.5755,TEST
2026-05-26,BALRAMCHIN,EMA Pullback / Bounce,0.242063492063492,0.9684,TEST
2026-05-27,BALRAMCHIN,EMA Pullback / Bounce,0.3968253968253968,1.1977,TEST
2026-05-28,BALRAMCHIN,VCP Volatility Contraction Breakout,0.4328358208955223,3.461,TEST
2026-05-28,BALRAMCHIN,EMA Pullback / Bounce,0.4328358208955223,3.461,TEST
2026-06-01,BALRAMCHIN,VCP Volatility Contraction Breakout,0.5343137254901961,3.5674,TEST
2026-06-01,BALRAMCHIN,EMA Pullback / Bounce,0.5343137254901961,3.5674,TEST
2026-06-02,BALRAMCHIN,EMA Pullback / Bounce,0.4597701149425287,4.1061,TEST
2026-06-03,BALRAMCHIN,VCP Volatility Contraction Breakout,0.5133333333333333,2.4157,TEST
2026-06-03,BALRAMCHIN,EMA Pullback / Bounce,0.5133333333333333,2.4157,TEST
2026-06-04,BALRAMCHIN,EMA Pullback / Bounce,0.5777777777777778,3.1937,TEST
2026-06-05,BALRAMCHIN,EMA Pullback / Bounce,0.3421052631578947,0.3019,TEST
2026-06-08,BALRAMCHIN,RS Momentum Breakout,0.75,-2.0624,TEST
2026-06-09,BALRAMCHIN,EMA Pullback / Bounce,0.425,-1.679,TEST
2026-06-10,BALRAMCHIN,EMA Pullback / Bounce,0.25,-0.9594,TEST
2026-06-12,BALRAMCHIN,EMA Pullback / Bounce,0.2520325203252032,-3.7304,TEST
2026-06-16,BALRAMCHIN,RS Momentum Breakout,0.3616352201257862,-0.7334,TEST
2026-06-17,BALRAMCHIN,EMA Pullback / Bounce,0.2758620689655173,-0.7637,TEST
2026-06-18,BALRAMCHIN,VCP Volatility Contraction Breakout,0.2962962962962963,2.2904,TEST
2026-06-22,BALRAMCHIN,EMA Pullback / Bounce,0.1875,6.5299,TEST
2026-06-23,BALRAMCHIN,EMA Pullback / Bounce,0.1314102564102564,7.6452,TEST
2026-06-24,BALRAMCHIN,VCP Volatility Contraction Breakout,0.1286549707602339,4.7926,TEST
2026-06-24,BALRAMCHIN,EMA Pullback / Bounce,0.1286549707602339,4.7926,TEST
2026-06-25,BALRAMCHIN,EMA Pullback / Bounce,0.1597222222222222,6.2243,TEST
2026-06-26,BALRAMCHIN,EMA Pullback / Bounce,0.2199074074074074,6.5602,TEST
2026-06-30,BALRAMCHIN,VCP Volatility Contraction Breakout,0.5333333333333333,6.8064,TEST
2026-07-01,BALRAMCHIN,VCP Volatility Contraction Breakout,0.3627450980392157,7.6369,TEST
2026-07-01,BALRAMCHIN,EMA Pullback / Bounce,0.3627450980392157,7.6369,TEST
2026-07-02,BALRAMCHIN,Donchian Channel Breakout,0.5,5.4302,TEST
2026-07-02,BALRAMCHIN,VCP Volatility Contraction Breakout,0.5,5.4302,TEST
2026-07-02,BALRAMCHIN,RS Momentum Breakout,0.5,5.4302,TEST
2026-07-03,BALRAMCHIN,VCP Volatility Contraction Breakout,0.2204301075268817,7.899,TEST
2026-07-06,BALRAMCHIN,Donchian Channel Breakout,0.4753086419753087,5.2996,TEST
2026-07-06,BALRAMCHIN,VCP Volatility Contraction Breakout,0.4753086419753087,5.2996,TEST
2026-07-06,BALRAMCHIN,RS Momentum Breakout,0.4753086419753087,5.2996,TEST
2026-07-07,BALRAMCHIN,VCP Volatility Contraction Breakout,0.3766666666666666,8.2049,TEST
2026-07-07,BALRAMCHIN,RS Momentum Breakout,0.3766666666666666,8.2049,TEST
2026-07-08,BALRAMCHIN,VCP Volatility Contraction Breakout,0.2539682539682539,11.7921,TEST
2026-07-09,BALRAMCHIN,VCP Volatility Contraction Breakout,0.3481481481481481,7.9443,TEST
2026-07-10,BALRAMCHIN,VCP Volatility Contraction Breakout,0.3156028368794326,7.4208,TEST
2026-07-13,BALRAMCHIN,Donchian Channel Breakout,0.7861635220125786,4.0575,TEST
2026-07-13,BALRAMCHIN,VCP Volatility Contraction Breakout,0.7861635220125786,4.0575,TEST
2026-07-13,BALRAMCHIN,RS Momentum Breakout,0.7861635220125786,4.0575,TEST
2026-07-14,BALRAMCHIN,VCP Volatility Contraction Breakout,0.8566666666666668,2.0056,TEST
2026-07-14,BALRAMCHIN,RS Momentum Breakout,0.8566666666666668,2.0056,TEST
2026-07-15,BALRAMCHIN,VCP Volatility Contraction Breakout,0.6836734693877551,1.9677,TEST
2026-07-15,BALRAMCHIN,RS Momentum Breakout,0.6836734693877551,1.9677,TEST
2026-07-16,BALRAMCHIN,VCP Volatility Contraction Breakout,0.7203389830508474,-0.4674,TEST
2026-07-16,BALRAMCHIN,RS Momentum Breakout,0.7203389830508474,-0.4674,TEST
2026-07-17,BALRAMCHIN,Donchian Channel Breakout,0.8802083333333334,-2.3,TEST
2026-07-17,BALRAMCHIN,VCP Volatility Contraction Breakout,0.8802083333333334,-2.3,TEST
2026-07-17,BALRAMCHIN,RS Momentum Breakout,0.8802083333333334,-2.3,TEST
2026-07-20,BALRAMCHIN,VCP Volatility Contraction Breakout,0.5814814814814816,6.9975,TEST
2026-07-20,BALRAMCHIN,RS Momentum Breakout,0.5814814814814816,6.9975,TEST
2026-07-21,BALRAMCHIN,Donchian Channel Breakout,0.8549382716049383,6.9492,TEST
2026-07-21,BALRAMCHIN,RS Momentum Breakout,0.8549382716049383,6.9492,TEST
2026-07-22,BALRAMCHIN,RS Momentum Breakout,0.7681159420289855,2.5081,TEST
2026-07-23,BALRAMCHIN,RS Momentum Breakout,0.7982456140350878,2.8268,TEST
2026-07-24,BALRAMCHIN,RS Momentum Breakout,0.5619047619047619,4.0148,TEST
2026-03-02,BANDHANBNK,RS Momentum Breakout,0.6543209876543209,-9.2677,TEST
2026-03-04,BANDHANBNK,RS Momentum Breakout,0.7450980392156863,-8.1512,TEST
2026-03-05,BANDHANBNK,RS Momentum Breakout,0.7407407407407408,-14.7925,TEST
2026-03-06,BANDHANBNK,RS Momentum Breakout,0.5897435897435898,-10.9888,TEST
2026-03-09,BANDHANBNK,EMA Pullback / Bounce,0.6666666666666666,-15.7159,TEST
2026-03-10,BANDHANBNK,RS Momentum Breakout,0.5777777777777778,-17.5879,TEST
2026-03-11,BANDHANBNK,RS Momentum Breakout,0.6842105263157894,-14.7667,TEST
2026-03-12,BANDHANBNK,EMA Pullback / Bounce,0.4791666666666667,-15.7749,TEST
2026-03-13,BANDHANBNK,EMA Pullback / Bounce,0.8333333333333334,-19.2286,TEST
2026-04-16,BANDHANBNK,RS Momentum Breakout,0.3950617283950617,14.3217,TEST
2026-04-17,BANDHANBNK,RS Momentum Breakout,0.3505747126436782,14.6169,TEST
2026-04-20,BANDHANBNK,RS Momentum Breakout,0.4888888888888889,17.9531,TEST
2026-04-21,BANDHANBNK,RS Momentum Breakout,0.2916666666666667,17.9657,TEST
2026-04-22,BANDHANBNK,RS Momentum Breakout,0.5384615384615384,20.2326,TEST
2026-04-27,BANDHANBNK,Donchian Channel Breakout,0.6614583333333334,12.006,TEST
2026-04-27,BANDHANBNK,RS Momentum Breakout,0.6614583333333334,12.006,TEST
2026-04-28,BANDHANBNK,RS Momentum Breakout,0.5777777777777778,5.4083,TEST
2026-04-29,BANDHANBNK,Donchian Channel Breakout,0.8774509803921569,-1.5758,TEST
2026-04-29,BANDHANBNK,RS Momentum Breakout,0.8774509803921569,-1.5758,TEST
2026-04-30,BANDHANBNK,RS Momentum Breakout,0.7976190476190476,-0.3405,TEST
2026-05-01,BANDHANBNK,RS Momentum Breakout,0.6344086021505376,-4.0651,TEST
2026-05-04,BANDHANBNK,Donchian Channel Breakout,0.8194444444444443,-7.7855,TEST
2026-05-04,BANDHANBNK,RS Momentum Breakout,0.8194444444444443,-7.7855,TEST
2026-05-05,BANDHANBNK,RS Momentum Breakout,0.7373737373737373,-8.512,TEST
2026-05-06,BANDHANBNK,RS Momentum Breakout,0.7058823529411765,-7.9741,TEST
2026-05-07,BANDHANBNK,RS Momentum Breakout,0.528735632183908,-7.8866,TEST
2026-05-08,BANDHANBNK,RS Momentum Breakout,0.6274509803921567,-4.3779,TEST
2026-05-11,BANDHANBNK,RS Momentum Breakout,0.5777777777777778,-1.515,TEST
2026-05-14,BANDHANBNK,RS Momentum Breakout,0.3999999999999999,3.4114,TEST
2026-05-15,BANDHANBNK,EMA Pullback / Bounce,0.3209876543209876,8.4896,TEST
2026-05-18,BANDHANBNK,EMA Pullback / Bounce,0.264367816091954,8.4503,TEST
2026-05-19,BANDHANBNK,EMA Pullback / Bounce,0.2356321839080459,8.8813,TEST
2026-05-20,BANDHANBNK,EMA Pullback / Bounce,0.2222222222222222,7.5696,TEST
2026-05-21,BANDHANBNK,EMA Pullback / Bounce,0.3010752688172043,7.5152,TEST
2026-05-22,BANDHANBNK,EMA Pullback / Bounce,0.4774774774774775,4.7631,TEST
2026-05-26,BANDHANBNK,RS Momentum Breakout,0.634920634920635,3.2068,TEST
2026-05-27,BANDHANBNK,RS Momentum Breakout,0.6428571428571428,-2.949,TEST
2026-05-28,BANDHANBNK,RS Momentum Breakout,0.6417910447761194,-5.8418,TEST
2026-05-29,BANDHANBNK,RS Momentum Breakout,0.6846846846846848,-2.5714,TEST
2026-06-01,BANDHANBNK,RS Momentum Breakout,0.7696078431372548,2.8232,TEST
2026-06-02,BANDHANBNK,VCP Volatility Contraction Breakout,0.6379310344827586,4.2019,TEST
2026-06-02,BANDHANBNK,RS Momentum Breakout,0.6379310344827586,4.2019,TEST
2026-06-03,BANDHANBNK,RS Momentum Breakout,0.6666666666666666,3.2657,TEST
2026-06-04,BANDHANBNK,VCP Volatility Contraction Breakout,0.3833333333333333,4.2471,TEST
2026-06-04,BANDHANBNK,RS Momentum Breakout,0.3833333333333333,4.2471,TEST
2026-06-05,BANDHANBNK,VCP Volatility Contraction Breakout,0.5219298245614036,2.5074,TEST
2026-06-05,BANDHANBNK,RS Momentum Breakout,0.5219298245614036,2.5074,TEST
2026-06-08,BANDHANBNK,VCP Volatility Contraction Breakout,0.3697916666666667,2.1626,TEST
2026-06-08,BANDHANBNK,EMA Pullback / Bounce,0.3697916666666667,2.1626,TEST
2026-06-09,BANDHANBNK,VCP Volatility Contraction Breakout,0.6291666666666668,0.0918,TEST
2026-06-09,BANDHANBNK,RS Momentum Breakout,0.6291666666666668,0.0918,TEST
2026-06-10,BANDHANBNK,VCP Volatility Contraction Breakout,0.2611111111111111,6.2092,TEST
2026-06-10,BANDHANBNK,EMA Pullback / Bounce,0.2611111111111111,6.2092,TEST
2026-06-15,BANDHANBNK,RS Momentum Breakout,0.5348837209302326,-5.0451,TEST
2026-06-16,BANDHANBNK,Donchian Channel Breakout,0.839622641509434,-6.2621,TEST
2026-06-16,BANDHANBNK,RS Momentum Breakout,0.839622641509434,-6.2621,TEST
2026-06-17,BANDHANBNK,RS Momentum Breakout,0.6379310344827586,-4.0793,TEST
2026-06-18,BANDHANBNK,RS Momentum Breakout,0.4567901234567901,-4.1589,TEST
2026-06-19,BANDHANBNK,EMA Pullback / Bounce,0.4858757062146893,-4.0191,TEST
2026-06-22,BANDHANBNK,EMA Pullback / Bounce,0.296875,-1.1958,TEST
2026-06-23,BANDHANBNK,EMA Pullback / Bounce,0.3846153846153846,-0.7741,TEST
2026-06-29,BANDHANBNK,EMA Pullback / Bounce,0.3971631205673758,6.655,TEST
2026-06-30,BANDHANBNK,EMA Pullback / Bounce,0.4533333333333333,1.7973,TEST
2026-07-01,BANDHANBNK,EMA Pullback / Bounce,0.3856209150326797,5.5989,TEST
2026-07-02,BANDHANBNK,EMA Pullback / Bounce,0.255952380952381,4.0268,TEST
2026-07-06,BANDHANBNK,EMA Pullback / Bounce,0.611111111111111,1.2407,TEST
2026-07-07,BANDHANBNK,EMA Pullback / Bounce,0.5166666666666666,1.8981,TEST
2026-07-14,BANDHANBNK,EMA Pullback / Bounce,0.41,-19.1186,TEST
2026-07-21,BANDHANBNK,EMA Pullback / Bounce,0.5154320987654321,-7.635,TEST
2026-02-20,BANKBARODA,Donchian Channel Breakout,0.5944444444444444,-7.3645,TEST
2026-02-20,BANKBARODA,RS Momentum Breakout,0.5944444444444444,-7.3645,TEST
2026-02-23,BANKBARODA,Donchian Channel Breakout,0.6458333333333334,-5.9275,TEST
2026-02-23,BANKBARODA,RS Momentum Breakout,0.6458333333333334,-5.9275,TEST
2026-02-24,BANKBARODA,RS Momentum Breakout,0.7094017094017094,-7.5719,TEST
2026-02-25,BANKBARODA,Donchian Channel Breakout,0.6081081081081081,-8.481,TEST
2026-02-25,BANKBARODA,RS Momentum Breakout,0.6081081081081081,-8.481,TEST
2026-02-26,BANKBARODA,Donchian Channel Breakout,0.7666666666666666,-13.5231,TEST
2026-02-26,BANKBARODA,RS Momentum Breakout,0.7666666666666666,-13.5231,TEST
2026-02-27,BANKBARODA,RS Momentum Breakout,0.7027027027027026,-10.2724,TEST
2026-03-02,BANKBARODA,RS Momentum Breakout,0.6481481481481483,-8.6732,TEST
2026-03-05,BANKBARODA,EMA Pullback / Bounce,0.3240740740740741,-8.8294,TEST
2026-06-12,BANKBARODA,Donchian Channel Breakout,0.516260162601626,0.2154,TEST
2026-06-12,BANKBARODA,VCP Volatility Contraction Breakout,0.516260162601626,0.2154,TEST
2026-06-15,BANKBARODA,Donchian Channel Breakout,0.3139534883720929,-1.9058,TEST
2026-06-15,BANKBARODA,VCP Volatility Contraction Breakout,0.3139534883720929,-1.9058,TEST
2026-06-16,BANKBARODA,VCP Volatility Contraction Breakout,0.4213836477987421,-1.6607,TEST
2026-06-17,BANKBARODA,Donchian Channel Breakout,0.5948275862068965,-4.2812,TEST
2026-06-17,BANKBARODA,VCP Volatility Contraction Breakout,0.5948275862068965,-4.2812,TEST
2026-06-18,BANKBARODA,Donchian Channel Breakout,0.5956790123456791,-7.6964,TEST
2026-06-18,BANKBARODA,VCP Volatility Contraction Breakout,0.5956790123456791,-7.6964,TEST
2026-06-19,BANKBARODA,VCP Volatility Contraction Breakout,0.2966101694915254,-10.5674,TEST
2026-06-22,BANKBARODA,Donchian Channel Breakout,0.4348958333333333,-12.9094,TEST
2026-06-22,BANKBARODA,VCP Volatility Contraction Breakout,0.4348958333333333,-12.9094,TEST
2026-06-23,BANKBARODA,VCP Volatility Contraction Breakout,0.2211538461538461,-9.5438,TEST
2026-06-24,BANKBARODA,VCP Volatility Contraction Breakout,0.2982456140350877,-14.8548,TEST
2026-06-25,BANKBARODA,VCP Volatility Contraction Breakout,0.2743055555555555,-12.3769,TEST
2026-06-26,BANKBARODA,VCP Volatility Contraction Breakout,0.349537037037037,-10.2147,TEST
2026-06-29,BANKBARODA,VCP Volatility Contraction Breakout,0.1489361702127659,-8.4551,TEST
2026-06-29,BANKBARODA,EMA Pullback / Bounce,0.1489361702127659,-8.4551,TEST
2026-06-30,BANKBARODA,VCP Volatility Contraction Breakout,0.1666666666666666,-9.9014,TEST
2026-06-30,BANKBARODA,EMA Pullback / Bounce,0.1666666666666666,-9.9014,TEST
2026-07-01,BANKBARODA,EMA Pullback / Bounce,0.1928104575163398,-9.2687,TEST
2026-02-18,BANKINDIA,Donchian Channel Breakout,0.6666666666666666,-4.7293,TEST
2026-02-18,BANKINDIA,RS Momentum Breakout,0.6666666666666666,-4.7293,TEST
2026-02-20,BANKINDIA,RS Momentum Breakout,0.5555555555555557,-12.2499,TEST
2026-02-23,BANKINDIA,Donchian Channel Breakout,0.6041666666666666,-10.2471,TEST
2026-02-23,BANKINDIA,RS Momentum Breakout,0.6041666666666666,-10.2471,TEST
2026-02-24,BANKINDIA,Donchian Channel Breakout,0.8076923076923078,-12.2298,TEST
2026-02-24,BANKINDIA,RS Momentum Breakout,0.8076923076923078,-12.2298,TEST
2026-02-25,BANKINDIA,RS Momentum Breakout,0.5900900900900901,-11.8465,TEST
2026-02-26,BANKINDIA,RS Momentum Breakout,0.6761904761904761,-15.1412,TEST
2026-02-27,BANKINDIA,RS Momentum Breakout,0.5495495495495496,-11.6305,TEST
2026-04-22,BANKINDIA,Donchian Channel Breakout,0.3675213675213675,-6.3614,TEST
2026-05-25,BANKINDIA,VCP Volatility Contraction Breakout,0.3410852713178294,-0.9274,TEST
2026-05-27,BANKINDIA,Donchian Channel Breakout,0.3531746031746032,1.7633,TEST
2026-05-27,BANKINDIA,VCP Volatility Contraction Breakout,0.3531746031746032,1.7633,TEST
2026-05-28,BANKINDIA,Donchian Channel Breakout,0.2835820895522388,-0.772,TEST
2026-05-28,BANKINDIA,VCP Volatility Contraction Breakout,0.2835820895522388,-0.772,TEST
2026-06-05,BANKINDIA,VCP Volatility Contraction Breakout,0.3859649122807018,5.287,TEST
2026-06-09,BANKINDIA,Donchian Channel Breakout,0.5625,-1.9074,TEST
2026-06-09,BANKINDIA,VCP Volatility Contraction Breakout,0.5625,-1.9074,TEST
2026-06-10,BANKINDIA,VCP Volatility Contraction Breakout,0.4277777777777777,-0.1731,TEST
2026-06-11,BANKINDIA,VCP Volatility Contraction Breakout,0.2916666666666667,0.5,TEST
2026-06-11,BANKINDIA,EMA Pullback / Bounce,0.2916666666666667,0.5,TEST
2026-06-12,BANKINDIA,VCP Volatility Contraction Breakout,0.3577235772357723,-2.8725,TEST
2026-06-15,BANKINDIA,VCP Volatility Contraction Breakout,0.2170542635658915,-2.8951,TEST
2026-06-16,BANKINDIA,VCP Volatility Contraction Breakout,0.2295597484276729,-3.829,TEST
2026-06-17,BANKINDIA,VCP Volatility Contraction Breakout,0.3936781609195403,-4.1354,TEST
2026-06-18,BANKINDIA,VCP Volatility Contraction Breakout,0.3765432098765432,-1.6554,TEST
2026-06-19,BANKINDIA,VCP Volatility Contraction Breakout,0.3587570621468927,-1.7394,TEST
2026-06-22,BANKINDIA,VCP Volatility Contraction Breakout,0.2786458333333333,-4.3056,TEST
2026-06-23,BANKINDIA,VCP Volatility Contraction Breakout,0.2692307692307692,-1.2413,TEST
2026-06-23,BANKINDIA,EMA Pullback / Bounce,0.2692307692307692,-1.2413,TEST
2026-06-24,BANKINDIA,VCP Volatility Contraction Breakout,0.239766081871345,-7.0446,TEST
2026-06-24,BANKINDIA,EMA Pullback / Bounce,0.239766081871345,-7.0446,TEST
2026-06-25,BANKINDIA,VCP Volatility Contraction Breakout,0.2291666666666666,-4.2772,TEST
2026-06-25,BANKINDIA,EMA Pullback / Bounce,0.2291666666666666,-4.2772,TEST
2026-06-26,BANKINDIA,VCP Volatility Contraction Breakout,0.2662037037037036,-0.069,TEST
2026-06-26,BANKINDIA,EMA Pullback / Bounce,0.2662037037037036,-0.069,TEST
2026-07-02,BANKINDIA,VCP Volatility Contraction Breakout,0.3660714285714286,-1.5861,TEST
2026-07-02,BANKINDIA,EMA Pullback / Bounce,0.3660714285714286,-1.5861,TEST
2026-07-03,BANKINDIA,VCP Volatility Contraction Breakout,0.2043010752688172,-0.3272,TEST
2026-07-03,BANKINDIA,EMA Pullback / Bounce,0.2043010752688172,-0.3272,TEST
2026-07-10,BANKINDIA,VCP Volatility Contraction Breakout,0.3971631205673758,-0.9515,TEST
2026-07-13,BANKINDIA,VCP Volatility Contraction Breakout,0.3710691823899371,-4.8451,TEST
2026-07-15,BANKINDIA,VCP Volatility Contraction Breakout,0.3027210884353741,-5.265,TEST
2026-07-16,BANKINDIA,VCP Volatility Contraction Breakout,0.1412429378531073,-4.3763,TEST
2026-07-16,BANKINDIA,EMA Pullback / Bounce,0.1412429378531073,-4.3763,TEST
2026-07-17,BANKINDIA,VCP Volatility Contraction Breakout,0.2005208333333333,-3.5315,TEST
2026-07-17,BANKINDIA,EMA Pullback / Bounce,0.2005208333333333,-3.5315,TEST
2026-07-20,BANKINDIA,Donchian Channel Breakout,0.4777777777777778,-4.4867,TEST
2026-07-20,BANKINDIA,VCP Volatility Contraction Breakout,0.4777777777777778,-4.4867,TEST
2026-07-21,BANKINDIA,Donchian Channel Breakout,0.404320987654321,-4.5145,TEST
2026-07-21,BANKINDIA,VCP Volatility Contraction Breakout,0.404320987654321,-4.5145,TEST
2026-07-22,BANKINDIA,VCP Volatility Contraction Breakout,0.3840579710144927,-1.6325,TEST
2026-07-22,BANKINDIA,EMA Pullback / Bounce,0.3840579710144927,-1.6325,TEST
2026-06-29,BERGEPAINT,EMA Pullback / Bounce,0.375886524822695,-5.5651,TEST
2026-07-01,BERGEPAINT,EMA Pullback / Bounce,0.3137254901960785,-5.4423,TEST
2026-07-02,BERGEPAINT,EMA Pullback / Bounce,0.25,-4.3387,TEST
2026-07-03,BERGEPAINT,EMA Pullback / Bounce,0.2634408602150537,-4.7003,TEST
2026-07-06,BERGEPAINT,EMA Pullback / Bounce,0.3518518518518518,-6.6223,TEST
2026-07-21,BERGEPAINT,VCP Volatility Contraction Breakout,0.3672839506172839,5.286,TEST
2026-07-21,BERGEPAINT,EMA Pullback / Bounce,0.3672839506172839,5.286,TEST
2026-02-18,BHARATFORG,RS Momentum Breakout,0.926470588235294,6.6637,TEST
2026-02-19,BHARATFORG,RS Momentum Breakout,0.927536231884058,9.9623,TEST
2026-02-20,BHARATFORG,RS Momentum Breakout,0.8777777777777778,3.5762,TEST
2026-02-23,BHARATFORG,Donchian Channel Breakout,0.9125,0.4143,TEST
2026-02-23,BHARATFORG,RS Momentum Breakout,0.9125,0.4143,TEST
2026-02-24,BHARATFORG,Donchian Channel Breakout,0.7905982905982906,-3.7955,TEST
2026-02-24,BHARATFORG,RS Momentum Breakout,0.7905982905982906,-3.7955,TEST
2026-02-25,BHARATFORG,Donchian Channel Breakout,0.7882882882882883,-6.4402,TEST
2026-02-25,BHARATFORG,RS Momentum Breakout,0.7882882882882883,-6.4402,TEST
2026-02-26,BHARATFORG,Donchian Channel Breakout,0.8238095238095239,-12.846,TEST
2026-02-26,BHARATFORG,RS Momentum Breakout,0.8238095238095239,-12.846,TEST
2026-02-27,BHARATFORG,Donchian Channel Breakout,0.7477477477477478,-8.7683,TEST
2026-02-27,BHARATFORG,RS Momentum Breakout,0.7477477477477478,-8.7683,TEST
2026-03-02,BHARATFORG,RS Momentum Breakout,0.7283950617283951,-6.631,TEST
2026-03-04,BHARATFORG,RS Momentum Breakout,0.8333333333333334,-5.0316,TEST
2026-03-05,BHARATFORG,RS Momentum Breakout,0.9629629629629628,-9.6311,TEST
2026-03-06,BHARATFORG,Donchian Channel Breakout,0.8333333333333334,-10.3551,TEST
2026-03-06,BHARATFORG,RS Momentum Breakout,0.8333333333333334,-10.3551,TEST
2026-03-09,BHARATFORG,RS Momentum Breakout,0.7222222222222222,-12.5411,TEST
2026-03-10,BHARATFORG,RS Momentum Breakout,0.5555555555555556,-7.6174,TEST
2026-03-11,BHARATFORG,EMA Pullback / Bounce,0.4649122807017543,-2.9834,TEST
2026-03-12,BHARATFORG,EMA Pullback / Bounce,0.5520833333333334,-2.2052,TEST
2026-03-25,BHARATFORG,EMA Pullback / Bounce,0.7000000000000001,4.6659,TEST
2026-03-27,BHARATFORG,EMA Pullback / Bounce,0.5416666666666666,8.3787,TEST
2026-04-09,BHARATFORG,EMA Pullback / Bounce,0.5,5.9966,TEST
2026-04-15,BHARATFORG,Donchian Channel Breakout,0.6904761904761906,3.2415,TEST
2026-04-16,BHARATFORG,Donchian Channel Breakout,0.6296296296296297,1.3902,TEST
2026-04-16,BHARATFORG,RS Momentum Breakout,0.6296296296296297,1.3902,TEST
2026-04-17,BHARATFORG,Donchian Channel Breakout,0.4770114942528735,0.9442,TEST
2026-04-17,BHARATFORG,RS Momentum Breakout,0.4770114942528735,0.9442,TEST
2026-04-20,BHARATFORG,RS Momentum Breakout,0.5,-1.5573,TEST
2026-04-21,BHARATFORG,Donchian Channel Breakout,0.5885416666666666,-1.1387,TEST
2026-04-21,BHARATFORG,RS Momentum Breakout,0.5885416666666666,-1.1387,TEST
2026-04-22,BHARATFORG,RS Momentum Breakout,0.6153846153846154,-1.327,TEST
2026-04-23,BHARATFORG,RS Momentum Breakout,0.5857142857142857,5.7803,TEST
2026-04-27,BHARATFORG,RS Momentum Breakout,0.4895833333333333,4.0314,TEST
2026-04-28,BHARATFORG,RS Momentum Breakout,0.5055555555555556,0.3831,TEST
2026-04-29,BHARATFORG,RS Momentum Breakout,0.7058823529411765,2.1953,TEST
2026-05-04,BHARATFORG,EMA Pullback / Bounce,0.3287037037037036,2.4488,TEST
2026-05-05,BHARATFORG,EMA Pullback / Bounce,0.4747474747474747,-1.4695,TEST
2026-05-06,BHARATFORG,EMA Pullback / Bounce,0.5294117647058824,0.0424,TEST
2026-05-07,BHARATFORG,Donchian Channel Breakout,0.7298850574712644,-5.5041,TEST
2026-05-07,BHARATFORG,RS Momentum Breakout,0.7298850574712644,-5.5041,TEST
2026-05-08,BHARATFORG,RS Momentum Breakout,0.7254901960784313,-4.3016,TEST
2026-05-11,BHARATFORG,RS Momentum Breakout,0.6444444444444444,-4.037,TEST
2026-05-12,BHARATFORG,EMA Pullback / Bounce,0.4753086419753086,0.9148,TEST
2026-05-15,BHARATFORG,EMA Pullback / Bounce,0.4259259259259259,2.4712,TEST
2026-05-18,BHARATFORG,EMA Pullback / Bounce,0.2701149425287356,2.0,TEST
2026-05-20,BHARATFORG,EMA Pullback / Bounce,0.2716049382716049,1.8139,TEST
2026-05-21,BHARATFORG,EMA Pullback / Bounce,0.2473118279569892,1.9737,TEST
2026-05-22,BHARATFORG,EMA Pullback / Bounce,0.3063063063063063,0.7834,TEST
2026-05-25,BHARATFORG,EMA Pullback / Bounce,0.3720930232558139,-1.7388,TEST
2026-05-28,BHARATFORG,VCP Volatility Contraction Breakout,0.427860696517413,-0.69,TEST
2026-05-29,BHARATFORG,VCP Volatility Contraction Breakout,0.5810810810810811,-1.269,TEST
2026-05-29,BHARATFORG,RS Momentum Breakout,0.5810810810810811,-1.269,TEST
2026-06-01,BHARATFORG,VCP Volatility Contraction Breakout,0.2156862745098039,5.5698,TEST
2026-06-01,BHARATFORG,EMA Pullback / Bounce,0.2156862745098039,5.5698,TEST
2026-06-02,BHARATFORG,VCP Volatility Contraction Breakout,0.3448275862068965,5.4609,TEST
2026-06-02,BHARATFORG,EMA Pullback / Bounce,0.3448275862068965,5.4609,TEST
2026-06-03,BHARATFORG,VCP Volatility Contraction Breakout,0.3133333333333333,5.0607,TEST
2026-06-03,BHARATFORG,EMA Pullback / Bounce,0.3133333333333333,5.0607,TEST
2026-06-04,BHARATFORG,VCP Volatility Contraction Breakout,0.4833333333333333,4.7612,TEST
2026-06-04,BHARATFORG,EMA Pullback / Bounce,0.4833333333333333,4.7612,TEST
2026-06-05,BHARATFORG,VCP Volatility Contraction Breakout,0.1842105263157895,6.8852,TEST
2026-06-05,BHARATFORG,EMA Pullback / Bounce,0.1842105263157895,6.8852,TEST
2026-06-08,BHARATFORG,EMA Pullback / Bounce,0.1510416666666666,10.2621,TEST
2026-06-09,BHARATFORG,VCP Volatility Contraction Breakout,0.3875,11.7846,TEST
2026-06-09,BHARATFORG,EMA Pullback / Bounce,0.3875,11.7846,TEST
2026-06-11,BHARATFORG,VCP Volatility Contraction Breakout,0.4322916666666667,9.9027,TEST
2026-06-11,BHARATFORG,EMA Pullback / Bounce,0.4322916666666667,9.9027,TEST
2026-06-12,BHARATFORG,VCP Volatility Contraction Breakout,0.3455284552845528,8.8156,TEST
2026-06-12,BHARATFORG,EMA Pullback / Bounce,0.3455284552845528,8.8156,TEST
2026-06-15,BHARATFORG,Donchian Channel Breakout,0.6550387596899224,6.4167,TEST
2026-06-15,BHARATFORG,RS Momentum Breakout,0.6550387596899224,6.4167,TEST
2026-06-16,BHARATFORG,RS Momentum Breakout,0.6729559748427674,6.0386,TEST
2026-06-17,BHARATFORG,Donchian Channel Breakout,0.6494252873563218,3.3726,TEST
2026-06-17,BHARATFORG,VCP Volatility Contraction Breakout,0.6494252873563218,3.3726,TEST
2026-06-17,BHARATFORG,RS Momentum Breakout,0.6494252873563218,3.3726,TEST
2026-06-18,BHARATFORG,VCP Volatility Contraction Breakout,0.638888888888889,5.7998,TEST
2026-06-18,BHARATFORG,RS Momentum Breakout,0.638888888888889,5.7998,TEST
2026-06-19,BHARATFORG,Donchian Channel Breakout,0.7288135593220338,4.038,TEST
2026-06-19,BHARATFORG,VCP Volatility Contraction Breakout,0.7288135593220338,4.038,TEST
2026-06-19,BHARATFORG,RS Momentum Breakout,0.7288135593220338,4.038,TEST
2026-06-22,BHARATFORG,Donchian Channel Breakout,0.7291666666666666,1.4274,TEST
2026-06-22,BHARATFORG,VCP Volatility Contraction Breakout,0.7291666666666666,1.4274,TEST
2026-06-22,BHARATFORG,RS Momentum Breakout,0.7291666666666666,1.4274,TEST
2026-06-23,BHARATFORG,Donchian Channel Breakout,0.7692307692307692,-1.2584,TEST
2026-06-23,BHARATFORG,VCP Volatility Contraction Breakout,0.7692307692307692,-1.2584,TEST
2026-06-23,BHARATFORG,RS Momentum Breakout,0.7692307692307692,-1.2584,TEST
2026-06-24,BHARATFORG,VCP Volatility Contraction Breakout,0.6812865497076025,-1.5388,TEST
2026-06-24,BHARATFORG,RS Momentum Breakout,0.6812865497076025,-1.5388,TEST
2026-06-25,BHARATFORG,VCP Volatility Contraction Breakout,0.7326388888888888,-0.3839,TEST
2026-06-25,BHARATFORG,RS Momentum Breakout,0.7326388888888888,-0.3839,TEST
2026-06-26,BHARATFORG,VCP Volatility Contraction Breakout,0.6597222222222222,-1.0198,TEST
2026-06-26,BHARATFORG,RS Momentum Breakout,0.6597222222222222,-1.0198,TEST
2026-06-29,BHARATFORG,Donchian Channel Breakout,0.8191489361702127,1.7979,TEST
2026-06-29,BHARATFORG,RS Momentum Breakout,0.8191489361702127,1.7979,TEST
2026-06-30,BHARATFORG,RS Momentum Breakout,0.7133333333333333,-1.1562,TEST
2026-07-01,BHARATFORG,RS Momentum Breakout,0.5588235294117648,-1.3221,TEST
2026-07-02,BHARATFORG,RS Momentum Breakout,0.4821428571428571,-2.5602,TEST
2026-07-03,BHARATFORG,RS Momentum Breakout,0.4516129032258065,2.3646,TEST
2026-07-06,BHARATFORG,RS Momentum Breakout,0.4259259259259259,3.4176,TEST
2026-07-08,BHARATFORG,EMA Pullback / Bounce,0.4166666666666667,3.9724,TEST
2026-07-09,BHARATFORG,RS Momentum Breakout,0.4074074074074074,1.4883,TEST
2026-07-10,BHARATFORG,EMA Pullback / Bounce,0.3226950354609929,2.0683,TEST
2026-07-13,BHARATFORG,RS Momentum Breakout,0.4779874213836478,2.0539,TEST
2026-07-14,BHARATFORG,EMA Pullback / Bounce,0.3833333333333333,1.822,TEST
2026-07-15,BHARATFORG,VCP Volatility Contraction Breakout,0.3809523809523809,3.2916,TEST
2026-07-15,BHARATFORG,EMA Pullback / Bounce,0.3809523809523809,3.2916,TEST
2026-07-16,BHARATFORG,VCP Volatility Contraction Breakout,0.4378531073446328,3.0319,TEST
2026-07-16,BHARATFORG,EMA Pullback / Bounce,0.4378531073446328,3.0319,TEST
2026-07-17,BHARATFORG,RS Momentum Breakout,0.75,0.2324,TEST
2026-07-20,BHARATFORG,RS Momentum Breakout,0.674074074074074,0.1313,TEST
2026-07-21,BHARATFORG,VCP Volatility Contraction Breakout,0.6111111111111112,0.3199,TEST
2026-07-21,BHARATFORG,RS Momentum Breakout,0.6111111111111112,0.3199,TEST
2026-07-22,BHARATFORG,VCP Volatility Contraction Breakout,0.6811594202898551,0.692,TEST
2026-07-22,BHARATFORG,RS Momentum Breakout,0.6811594202898551,0.692,TEST
2026-07-23,BHARATFORG,VCP Volatility Contraction Breakout,0.6754385964912281,2.2202,TEST
2026-07-23,BHARATFORG,RS Momentum Breakout,0.6754385964912281,2.2202,TEST
2026-07-24,BHARATFORG,VCP Volatility Contraction Breakout,0.6666666666666666,4.4834,TEST
2026-07-24,BHARATFORG,EMA Pullback / Bounce,0.6666666666666666,4.4834,TEST
2026-03-12,BHEL,Donchian Channel Breakout,0.3541666666666667,-4.1377,TEST
2026-03-25,BHEL,EMA Pullback / Bounce,0.3333333333333333,10.5532,TEST
2026-04-09,BHEL,Donchian Channel Breakout,0.5555555555555555,20.9283,TEST
2026-04-10,BHEL,Donchian Channel Breakout,0.4492753623188406,24.9391,TEST
2026-04-13,BHEL,Donchian Channel Breakout,0.65625,21.8851,TEST
2026-04-13,BHEL,RS Momentum Breakout,0.65625,21.8851,TEST
2026-04-15,BHEL,Donchian Channel Breakout,0.4682539682539682,17.0296,TEST
2026-04-16,BHEL,Donchian Channel Breakout,0.7469135802469137,13.3151,TEST
2026-04-16,BHEL,RS Momentum Breakout,0.7469135802469137,13.3151,TEST
2026-04-17,BHEL,Donchian Channel Breakout,0.6379310344827586,10.6364,TEST
2026-04-17,BHEL,RS Momentum Breakout,0.6379310344827586,10.6364,TEST
2026-04-20,BHEL,Donchian Channel Breakout,0.8722222222222222,15.3023,TEST
2026-04-20,BHEL,RS Momentum Breakout,0.8722222222222222,15.3023,TEST
2026-04-21,BHEL,Donchian Channel Breakout,0.8489583333333334,12.9402,TEST
2026-04-21,BHEL,RS Momentum Breakout,0.8489583333333334,12.9402,TEST
2026-04-22,BHEL,Donchian Channel Breakout,0.7222222222222222,15.9009,TEST
2026-04-22,BHEL,RS Momentum Breakout,0.7222222222222222,15.9009,TEST
2026-04-23,BHEL,Donchian Channel Breakout,0.7571428571428571,19.8968,TEST
2026-04-23,BHEL,RS Momentum Breakout,0.7571428571428571,19.8968,TEST
2026-04-24,BHEL,RS Momentum Breakout,0.8030303030303031,19.1998,TEST
2026-04-27,BHEL,Donchian Channel Breakout,0.7760416666666666,14.7731,TEST
2026-04-27,BHEL,RS Momentum Breakout,0.7760416666666666,14.7731,TEST
2026-04-28,BHEL,Donchian Channel Breakout,0.75,9.7954,TEST
2026-04-28,BHEL,RS Momentum Breakout,0.75,9.7954,TEST
2026-04-29,BHEL,RS Momentum Breakout,0.6862745098039215,17.2619,TEST
2026-04-30,BHEL,RS Momentum Breakout,0.8214285714285715,17.2356,TEST
2026-05-01,BHEL,RS Momentum Breakout,0.7204301075268816,12.1972,TEST
2026-05-04,BHEL,Donchian Channel Breakout,0.949074074074074,4.0405,TEST
2026-05-04,BHEL,RS Momentum Breakout,0.949074074074074,4.0405,TEST
2026-05-05,BHEL,RS Momentum Breakout,0.8585858585858587,6.1111,TEST
2026-05-06,BHEL,RS Momentum Breakout,0.7549019607843137,5.9403,TEST
2026-05-07,BHEL,Donchian Channel Breakout,0.8908045977011495,0.5048,TEST
2026-05-07,BHEL,RS Momentum Breakout,0.8908045977011495,0.5048,TEST
2026-05-08,BHEL,RS Momentum Breakout,0.7549019607843137,2.1375,TEST
2026-05-11,BHEL,RS Momentum Breakout,0.7888888888888889,5.6157,TEST
2026-05-12,BHEL,RS Momentum Breakout,0.7530864197530863,6.4331,TEST
2026-05-13,BHEL,RS Momentum Breakout,0.7857142857142857,3.7205,TEST
2026-05-14,BHEL,Donchian Channel Breakout,0.8238095238095239,1.8202,TEST
2026-05-14,BHEL,RS Momentum Breakout,0.8238095238095239,1.8202,TEST
2026-05-15,BHEL,RS Momentum Breakout,0.7530864197530863,5.3463,TEST
2026-05-18,BHEL,RS Momentum Breakout,0.6206896551724138,1.9647,TEST
2026-05-19,BHEL,RS Momentum Breakout,0.6666666666666666,3.4635,TEST
2026-05-20,BHEL,RS Momentum Breakout,0.6049382716049383,-1.3835,TEST
2026-05-21,BHEL,RS Momentum Breakout,0.5483870967741935,-4.7246,TEST
2026-05-22,BHEL,RS Momentum Breakout,0.6081081081081081,-6.0801,TEST
2026-05-25,BHEL,Donchian Channel Breakout,0.6782945736434108,-7.9142,TEST
2026-05-25,BHEL,RS Momentum Breakout,0.6782945736434108,-7.9142,TEST
2026-05-26,BHEL,RS Momentum Breakout,0.6150793650793651,-4.9497,TEST
2026-05-27,BHEL,Donchian Channel Breakout,0.6865079365079366,-10.6665,TEST
2026-05-27,BHEL,RS Momentum Breakout,0.6865079365079366,-10.6665,TEST
2026-05-28,BHEL,RS Momentum Breakout,0.7761194029850746,-12.5929,TEST
2026-05-29,BHEL,RS Momentum Breakout,0.6936936936936937,-9.1727,TEST
2026-06-01,BHEL,RS Momentum Breakout,0.6519607843137255,-4.2875,TEST
2026-06-02,BHEL,RS Momentum Breakout,0.6206896551724138,-6.4638,TEST
2026-06-09,BHEL,EMA Pullback / Bounce,0.5333333333333333,0.7179,TEST
2026-06-16,BHEL,EMA Pullback / Bounce,0.3993710691823899,7.7824,TEST
2026-06-17,BHEL,EMA Pullback / Bounce,0.5459770114942528,5.3844,TEST
2026-06-19,BHEL,RS Momentum Breakout,0.7627118644067797,-8.0757,TEST
2026-06-22,BHEL,RS Momentum Breakout,0.5989583333333334,-6.367,TEST
2026-06-23,BHEL,EMA Pullback / Bounce,0.5448717948717949,-6.1456,TEST
2026-06-25,BHEL,EMA Pullback / Bounce,0.5590277777777778,-5.2396,TEST
2026-06-26,BHEL,EMA Pullback / Bounce,0.5740740740740741,-1.85,TEST
2026-06-29,BHEL,RS Momentum Breakout,0.7659574468085107,-1.3147,TEST
2026-06-30,BHEL,RS Momentum Breakout,0.7333333333333334,-2.932,TEST
2026-07-01,BHEL,RS Momentum Breakout,0.6666666666666666,0.723,TEST
2026-07-02,BHEL,EMA Pullback / Bounce,0.5327380952380952,8.3085,TEST
2026-07-10,BHEL,EMA Pullback / Bounce,0.5531914893617021,6.5935,TEST
2026-07-15,BHEL,RS Momentum Breakout,0.6802721088435374,-4.1827,TEST
2026-07-16,BHEL,Donchian Channel Breakout,0.923728813559322,-9.4382,TEST
2026-07-16,BHEL,RS Momentum Breakout,0.923728813559322,-9.4382,TEST
2026-07-23,BHEL,EMA Pullback / Bounce,0.5614035087719298,0.7778,TEST
2026-02-18,BIOCON,VCP Volatility Contraction Breakout,0.1911764705882352,2.058,TEST
2026-02-18,BIOCON,EMA Pullback / Bounce,0.1911764705882352,2.058,TEST
2026-02-19,BIOCON,VCP Volatility Contraction Breakout,0.5507246376811594,1.7183,TEST
2026-02-20,BIOCON,VCP Volatility Contraction Breakout,0.3555555555555555,0.7107,TEST
2026-02-23,BIOCON,Donchian Channel Breakout,0.4624999999999999,2.2871,TEST
2026-02-23,BIOCON,VCP Volatility Contraction Breakout,0.4624999999999999,2.2871,TEST
2026-02-24,BIOCON,Donchian Channel Breakout,0.3632478632478632,0.8546,TEST
2026-02-24,BIOCON,VCP Volatility Contraction Breakout,0.3632478632478632,0.8546,TEST
2026-02-25,BIOCON,Donchian Channel Breakout,0.536036036036036,-0.6711,TEST
2026-02-25,BIOCON,VCP Volatility Contraction Breakout,0.536036036036036,-0.6711,TEST
2026-02-26,BIOCON,VCP Volatility Contraction Breakout,0.580952380952381,-2.911,TEST
2026-02-27,BIOCON,VCP Volatility Contraction Breakout,0.4234234234234234,-0.7763,TEST
2026-03-02,BIOCON,VCP Volatility Contraction Breakout,0.3209876543209877,-1.1908,TEST
2026-03-02,BIOCON,EMA Pullback / Bounce,0.3209876543209877,-1.1908,TEST
2026-03-05,BIOCON,VCP Volatility Contraction Breakout,0.3611111111111111,-4.7674,TEST
2026-03-05,BIOCON,EMA Pullback / Bounce,0.3611111111111111,-4.7674,TEST
2026-03-06,BIOCON,VCP Volatility Contraction Breakout,0.2564102564102564,-1.0391,TEST
2026-03-09,BIOCON,VCP Volatility Contraction Breakout,0.4583333333333333,-6.7319,TEST
2026-03-09,BIOCON,EMA Pullback / Bounce,0.4583333333333333,-6.7319,TEST
2026-03-10,BIOCON,VCP Volatility Contraction Breakout,0.6222222222222222,-6.7585,TEST
2026-03-10,BIOCON,RS Momentum Breakout,0.6222222222222222,-6.7585,TEST
2026-03-11,BIOCON,VCP Volatility Contraction Breakout,0.4298245614035088,-2.7785,TEST
2026-03-11,BIOCON,RS Momentum Breakout,0.4298245614035088,-2.7785,TEST
2026-03-12,BIOCON,VCP Volatility Contraction Breakout,0.3229166666666667,-5.9227,TEST
2026-03-12,BIOCON,EMA Pullback / Bounce,0.3229166666666667,-5.9227,TEST
2026-03-13,BIOCON,EMA Pullback / Bounce,0.4027777777777777,-5.7702,TEST
2026-05-13,BIOCON,Donchian Channel Breakout,0.8511904761904762,3.5086,TEST
2026-05-13,BIOCON,RS Momentum Breakout,0.8511904761904762,3.5086,TEST
2026-05-14,BIOCON,Donchian Channel Breakout,0.7952380952380952,3.3971,TEST
2026-05-14,BIOCON,RS Momentum Breakout,0.7952380952380952,3.3971,TEST
2026-05-15,BIOCON,Donchian Channel Breakout,0.7839506172839505,0.0467,TEST
2026-05-15,BIOCON,RS Momentum Breakout,0.7839506172839505,0.0467,TEST
2026-05-18,BIOCON,RS Momentum Breakout,0.6436781609195402,-0.3162,TEST
2026-05-19,BIOCON,RS Momentum Breakout,0.689655172413793,-2.1596,TEST
2026-05-20,BIOCON,RS Momentum Breakout,0.7283950617283951,-5.4014,TEST
2026-05-21,BIOCON,RS Momentum Breakout,0.6021505376344086,-3.9146,TEST
2026-05-22,BIOCON,RS Momentum Breakout,0.6936936936936937,-4.2388,TEST
2026-05-25,BIOCON,VCP Volatility Contraction Breakout,0.5271317829457364,-4.8366,TEST
2026-05-25,BIOCON,RS Momentum Breakout,0.5271317829457364,-4.8366,TEST
2026-05-26,BIOCON,Donchian Channel Breakout,0.753968253968254,-4.5397,TEST
2026-05-26,BIOCON,VCP Volatility Contraction Breakout,0.753968253968254,-4.5397,TEST
2026-05-26,BIOCON,RS Momentum Breakout,0.753968253968254,-4.5397,TEST
2026-05-27,BIOCON,VCP Volatility Contraction Breakout,0.5198412698412699,-4.0722,TEST
2026-05-27,BIOCON,RS Momentum Breakout,0.5198412698412699,-4.0722,TEST
2026-05-28,BIOCON,VCP Volatility Contraction Breakout,0.6169154228855721,-3.7598,TEST
2026-05-28,BIOCON,RS Momentum Breakout,0.6169154228855721,-3.7598,TEST
2026-05-29,BIOCON,VCP Volatility Contraction Breakout,0.6441441441441441,-2.8293,TEST
2026-05-29,BIOCON,RS Momentum Breakout,0.6441441441441441,-2.8293,TEST
2026-06-01,BIOCON,VCP Volatility Contraction Breakout,0.607843137254902,-2.1059,TEST
2026-06-01,BIOCON,RS Momentum Breakout,0.607843137254902,-2.1059,TEST
2026-06-02,BIOCON,VCP Volatility Contraction Breakout,0.3563218390804598,0.3494,TEST
2026-06-02,BIOCON,EMA Pullback / Bounce,0.3563218390804598,0.3494,TEST
2026-06-03,BIOCON,VCP Volatility Contraction Breakout,0.2266666666666666,-0.3749,TEST
2026-06-03,BIOCON,EMA Pullback / Bounce,0.2266666666666666,-0.3749,TEST
2026-06-04,BIOCON,VCP Volatility Contraction Breakout,0.2944444444444444,-0.5885,TEST
2026-06-04,BIOCON,EMA Pullback / Bounce,0.2944444444444444,-0.5885,TEST
2026-06-05,BIOCON,VCP Volatility Contraction Breakout,0.2061403508771929,1.3167,TEST
2026-06-05,BIOCON,EMA Pullback / Bounce,0.2061403508771929,1.3167,TEST
2026-06-08,BIOCON,EMA Pullback / Bounce,0.3177083333333333,2.3081,TEST
2026-06-09,BIOCON,VCP Volatility Contraction Breakout,0.3791666666666667,1.5965,TEST
2026-06-09,BIOCON,EMA Pullback / Bounce,0.3791666666666667,1.5965,TEST
2026-06-10,BIOCON,VCP Volatility Contraction Breakout,0.3388888888888888,1.447,TEST
2026-06-10,BIOCON,EMA Pullback / Bounce,0.3388888888888888,1.447,TEST
2026-06-11,BIOCON,VCP Volatility Contraction Breakout,0.328125,-0.7986,TEST
2026-06-11,BIOCON,EMA Pullback / Bounce,0.328125,-0.7986,TEST
2026-06-12,BIOCON,VCP Volatility Contraction Breakout,0.3048780487804878,-1.3863,TEST
2026-06-12,BIOCON,EMA Pullback / Bounce,0.3048780487804878,-1.3863,TEST
2026-06-15,BIOCON,VCP Volatility Contraction Breakout,0.2984496124031008,-0.6579,TEST
2026-06-15,BIOCON,EMA Pullback / Bounce,0.2984496124031008,-0.6579,TEST
2026-06-16,BIOCON,VCP Volatility Contraction Breakout,0.3490566037735849,0.4442,TEST
2026-06-16,BIOCON,EMA Pullback / Bounce,0.3490566037735849,0.4442,TEST
2026-06-17,BIOCON,EMA Pullback / Bounce,0.1781609195402299,1.5418,TEST
2026-06-18,BIOCON,VCP Volatility Contraction Breakout,0.2407407407407407,1.3559,TEST
2026-06-18,BIOCON,EMA Pullback / Bounce,0.2407407407407407,1.3559,TEST
2026-06-19,BIOCON,VCP Volatility Contraction Breakout,0.2937853107344633,2.7188,TEST
2026-06-19,BIOCON,EMA Pullback / Bounce,0.2937853107344633,2.7188,TEST
2026-06-22,BIOCON,VCP Volatility Contraction Breakout,0.4140625,0.3206,TEST
2026-06-22,BIOCON,EMA Pullback / Bounce,0.4140625,0.3206,TEST
2026-06-23,BIOCON,VCP Volatility Contraction Breakout,0.5544871794871795,-4.4703,TEST
2026-06-23,BIOCON,RS Momentum Breakout,0.5544871794871795,-4.4703,TEST
2026-06-24,BIOCON,VCP Volatility Contraction Breakout,0.5175438596491229,-6.0225,TEST
2026-06-24,BIOCON,EMA Pullback / Bounce,0.5175438596491229,-6.0225,TEST
2026-06-25,BIOCON,VCP Volatility Contraction Breakout,0.2673611111111111,-2.9118,TEST
2026-06-25,BIOCON,EMA Pullback / Bounce,0.2673611111111111,-2.9118,TEST
2026-06-26,BIOCON,VCP Volatility Contraction Breakout,0.3310185185185185,0.5279,TEST
2026-06-26,BIOCON,EMA Pullback / Bounce,0.3310185185185185,0.5279,TEST
2026-06-29,BIOCON,VCP Volatility Contraction Breakout,0.1950354609929078,-1.1314,TEST
2026-06-29,BIOCON,EMA Pullback / Bounce,0.1950354609929078,-1.1314,TEST
2026-06-30,BIOCON,VCP Volatility Contraction Breakout,0.49,3.8849,TEST
2026-06-30,BIOCON,EMA Pullback / Bounce,0.49,3.8849,TEST
2026-07-01,BIOCON,VCP Volatility Contraction Breakout,0.5,3.4768,TEST
2026-07-01,BIOCON,EMA Pullback / Bounce,0.5,3.4768,TEST
2026-07-02,BIOCON,VCP Volatility Contraction Breakout,0.306547619047619,5.2795,TEST
2026-07-02,BIOCON,EMA Pullback / Bounce,0.306547619047619,5.2795,TEST
2026-07-03,BIOCON,VCP Volatility Contraction Breakout,0.5887096774193549,1.4385,TEST
2026-07-03,BIOCON,RS Momentum Breakout,0.5887096774193549,1.4385,TEST
2026-07-06,BIOCON,VCP Volatility Contraction Breakout,0.4475308641975308,2.7059,TEST
2026-07-06,BIOCON,EMA Pullback / Bounce,0.4475308641975308,2.7059,TEST
2026-07-10,BIOCON,EMA Pullback / Bounce,0.5319148936170213,4.873,TEST
2026-07-13,BIOCON,EMA Pullback / Bounce,0.5440251572327044,2.0826,TEST
2026-07-14,BIOCON,Donchian Channel Breakout,0.7766666666666667,-1.2671,TEST
2026-07-14,BIOCON,RS Momentum Breakout,0.7766666666666667,-1.2671,TEST
2026-07-15,BIOCON,RS Momentum Breakout,0.6836734693877551,-1.6651,TEST
2026-07-16,BIOCON,RS Momentum Breakout,0.7570621468926554,-4.2867,TEST
2026-07-17,BIOCON,RS Momentum Breakout,0.7395833333333334,-3.3379,TEST
2026-07-21,BIOCON,RS Momentum Breakout,0.5740740740740741,-2.9885,TEST
2026-07-24,BIOCON,EMA Pullback / Bounce,0.6714285714285714,-2.4371,TEST
2026-02-18,BLUESTARCO,Donchian Channel Breakout,0.7009803921568628,-3.471,TEST
2026-02-18,BLUESTARCO,RS Momentum Breakout,0.7009803921568628,-3.471,TEST
2026-02-19,BLUESTARCO,RS Momentum Breakout,0.5144927536231884,-0.5867,TEST
2026-02-20,BLUESTARCO,VCP Volatility Contraction Breakout,0.4722222222222222,-5.2406,TEST
2026-02-20,BLUESTARCO,RS Momentum Breakout,0.4722222222222222,-5.2406,TEST
2026-02-23,BLUESTARCO,VCP Volatility Contraction Breakout,0.3999999999999999,-3.6837,TEST
2026-02-23,BLUESTARCO,RS Momentum Breakout,0.3999999999999999,-3.6837,TEST
2026-02-24,BLUESTARCO,VCP Volatility Contraction Breakout,0.3675213675213675,-1.2213,TEST
2026-02-24,BLUESTARCO,RS Momentum Breakout,0.3675213675213675,-1.2213,TEST
2026-02-25,BLUESTARCO,VCP Volatility Contraction Breakout,0.3603603603603604,0.437,TEST
2026-02-25,BLUESTARCO,EMA Pullback / Bounce,0.3603603603603604,0.437,TEST
2026-02-26,BLUESTARCO,VCP Volatility Contraction Breakout,0.3571428571428571,-6.8496,TEST
2026-02-26,BLUESTARCO,RS Momentum Breakout,0.3571428571428571,-6.8496,TEST
2026-02-27,BLUESTARCO,VCP Volatility Contraction Breakout,0.4099099099099099,-3.1512,TEST
2026-02-27,BLUESTARCO,EMA Pullback / Bounce,0.4099099099099099,-3.1512,TEST
2026-03-02,BLUESTARCO,EMA Pullback / Bounce,0.2530864197530864,-3.3232,TEST
2026-03-05,BLUESTARCO,EMA Pullback / Bounce,0.7777777777777778,-10.5982,TEST
2026-03-06,BLUESTARCO,EMA Pullback / Bounce,0.5641025641025641,-10.4976,TEST
2026-03-10,BLUESTARCO,EMA Pullback / Bounce,0.3777777777777777,-12.5512,TEST
2026-03-11,BLUESTARCO,EMA Pullback / Bounce,0.5614035087719298,-10.1185,TEST
2026-06-19,BORORENEW,Donchian Channel Breakout,0.7288135593220338,3.8764,TEST
2026-06-19,BORORENEW,VCP Volatility Contraction Breakout,0.7288135593220338,3.8764,TEST
2026-06-19,BORORENEW,RS Momentum Breakout,0.7288135593220338,3.8764,TEST
2026-06-22,BORORENEW,VCP Volatility Contraction Breakout,0.5703125,3.0503,TEST
2026-06-22,BORORENEW,RS Momentum Breakout,0.5703125,3.0503,TEST
2026-06-23,BORORENEW,VCP Volatility Contraction Breakout,0.5352564102564102,1.6614,TEST
2026-06-23,BORORENEW,RS Momentum Breakout,0.5352564102564102,1.6614,TEST
2026-06-24,BORORENEW,VCP Volatility Contraction Breakout,0.5935672514619884,-2.204,TEST
2026-06-24,BORORENEW,RS Momentum Breakout,0.5935672514619884,-2.204,TEST
2026-06-25,BORORENEW,VCP Volatility Contraction Breakout,0.7673611111111112,5.8389,TEST
2026-06-25,BORORENEW,RS Momentum Breakout,0.7673611111111112,5.8389,TEST
2026-06-26,BORORENEW,VCP Volatility Contraction Breakout,0.7615740740740741,4.0361,TEST
2026-06-26,BORORENEW,RS Momentum Breakout,0.7615740740740741,4.0361,TEST
2026-06-29,BORORENEW,VCP Volatility Contraction Breakout,0.5212765957446808,6.289,TEST
2026-06-29,BORORENEW,RS Momentum Breakout,0.5212765957446808,6.289,TEST
2026-06-30,BORORENEW,VCP Volatility Contraction Breakout,0.5033333333333333,5.5907,TEST
2026-06-30,BORORENEW,RS Momentum Breakout,0.5033333333333333,5.5907,TEST
2026-07-01,BORORENEW,VCP Volatility Contraction Breakout,0.6830065359477123,0.8943,TEST
2026-07-01,BORORENEW,RS Momentum Breakout,0.6830065359477123,0.8943,TEST
2026-07-02,BORORENEW,VCP Volatility Contraction Breakout,0.6815476190476191,-2.0643,TEST
2026-07-02,BORORENEW,RS Momentum Breakout,0.6815476190476191,-2.0643,TEST
2026-07-03,BORORENEW,VCP Volatility Contraction Breakout,0.7016129032258064,-2.5077,TEST
2026-07-03,BORORENEW,RS Momentum Breakout,0.7016129032258064,-2.5077,TEST
2026-07-06,BORORENEW,VCP Volatility Contraction Breakout,0.6265432098765432,-5.0,TEST
2026-07-06,BORORENEW,RS Momentum Breakout,0.6265432098765432,-5.0,TEST
2026-07-07,BORORENEW,VCP Volatility Contraction Breakout,0.6233333333333334,-0.9794,TEST
2026-07-07,BORORENEW,RS Momentum Breakout,0.6233333333333334,-0.9794,TEST
2026-07-08,BORORENEW,VCP Volatility Contraction Breakout,0.5,-1.6528,TEST
2026-07-08,BORORENEW,EMA Pullback / Bounce,0.5,-1.6528,TEST
2026-07-09,BORORENEW,Donchian Channel Breakout,0.8925925925925927,-11.771,TEST
2026-07-09,BORORENEW,RS Momentum Breakout,0.8925925925925927,-11.771,TEST
2026-07-10,BORORENEW,RS Momentum Breakout,0.7446808510638299,-8.3425,TEST
2026-07-13,BORORENEW,RS Momentum Breakout,0.6855345911949685,-8.5781,TEST
2026-07-14,BORORENEW,RS Momentum Breakout,0.5866666666666667,-9.8014,TEST
2026-07-16,BORORENEW,EMA Pullback / Bounce,0.6694915254237288,-9.9599,TEST
2026-07-17,BORORENEW,EMA Pullback / Bounce,0.6744791666666666,-8.0119,TEST
2026-02-27,BOSCHLTD,EMA Pullback / Bounce,0.4549549549549549,-15.3396,TEST
2026-05-12,BOSCHLTD,EMA Pullback / Bounce,0.2037037037037037,-1.8488,TEST
2026-05-13,BOSCHLTD,EMA Pullback / Bounce,0.1964285714285714,-1.3955,TEST
2026-05-14,BOSCHLTD,EMA Pullback / Bounce,0.3428571428571428,-3.624,TEST
2026-05-18,BOSCHLTD,EMA Pullback / Bounce,0.4252873563218391,-1.3439,TEST
2026-05-19,BOSCHLTD,EMA Pullback / Bounce,0.3333333333333333,0.6082,TEST
2026-05-20,BOSCHLTD,EMA Pullback / Bounce,0.3950617283950617,1.5327,TEST
2026-05-22,BOSCHLTD,EMA Pullback / Bounce,0.3873873873873874,2.3077,TEST
2026-05-25,BOSCHLTD,EMA Pullback / Bounce,0.2093023255813953,0.4941,TEST
2026-05-27,BOSCHLTD,EMA Pullback / Bounce,0.1666666666666666,4.8703,TEST
2026-05-28,BOSCHLTD,EMA Pullback / Bounce,0.2388059701492537,3.2999,TEST
2026-05-29,BOSCHLTD,EMA Pullback / Bounce,0.4774774774774775,5.1272,TEST
2026-06-01,BOSCHLTD,EMA Pullback / Bounce,0.3627450980392157,6.8947,TEST
2026-06-04,BOSCHLTD,EMA Pullback / Bounce,0.2833333333333334,7.2749,TEST
2026-06-05,BOSCHLTD,EMA Pullback / Bounce,0.3245614035087719,8.9443,TEST
2026-06-08,BOSCHLTD,EMA Pullback / Bounce,0.3385416666666667,9.3474,TEST
2026-06-12,BOSCHLTD,Donchian Channel Breakout,0.6869918699186992,2.6396,TEST
2026-06-12,BOSCHLTD,RS Momentum Breakout,0.6869918699186992,2.6396,TEST
2026-06-15,BOSCHLTD,RS Momentum Breakout,0.6046511627906976,1.4885,TEST
2026-06-16,BOSCHLTD,RS Momentum Breakout,0.5911949685534591,1.6561,TEST
2026-06-17,BOSCHLTD,RS Momentum Breakout,0.6293103448275862,3.4365,TEST
2026-06-18,BOSCHLTD,Donchian Channel Breakout,0.8549382716049383,3.7875,TEST
2026-06-18,BOSCHLTD,RS Momentum Breakout,0.8549382716049383,3.7875,TEST
2026-06-19,BOSCHLTD,VCP Volatility Contraction Breakout,0.7627118644067797,3.5723,TEST
2026-06-19,BOSCHLTD,RS Momentum Breakout,0.7627118644067797,3.5723,TEST
2026-06-22,BOSCHLTD,Donchian Channel Breakout,0.609375,4.7234,TEST
2026-06-22,BOSCHLTD,VCP Volatility Contraction Breakout,0.609375,4.7234,TEST
2026-06-22,BOSCHLTD,RS Momentum Breakout,0.609375,4.7234,TEST
2026-06-23,BOSCHLTD,VCP Volatility Contraction Breakout,0.6185897435897436,4.0571,TEST
2026-06-23,BOSCHLTD,RS Momentum Breakout,0.6185897435897436,4.0571,TEST
2026-06-24,BOSCHLTD,VCP Volatility Contraction Breakout,0.672514619883041,2.8296,TEST
2026-06-24,BOSCHLTD,RS Momentum Breakout,0.672514619883041,2.8296,TEST
2026-06-25,BOSCHLTD,VCP Volatility Contraction Breakout,0.78125,4.414,TEST
2026-06-25,BOSCHLTD,RS Momentum Breakout,0.78125,4.414,TEST
2026-06-26,BOSCHLTD,VCP Volatility Contraction Breakout,0.6828703703703703,2.9166,TEST
2026-06-26,BOSCHLTD,RS Momentum Breakout,0.6828703703703703,2.9166,TEST
2026-06-29,BOSCHLTD,VCP Volatility Contraction Breakout,0.7127659574468085,3.7189,TEST
2026-06-29,BOSCHLTD,RS Momentum Breakout,0.7127659574468085,3.7189,TEST
2026-06-30,BOSCHLTD,VCP Volatility Contraction Breakout,0.5366666666666666,3.7797,TEST
2026-06-30,BOSCHLTD,RS Momentum Breakout,0.5366666666666666,3.7797,TEST
2026-07-01,BOSCHLTD,VCP Volatility Contraction Breakout,0.7941176470588235,1.7055,TEST
2026-07-01,BOSCHLTD,RS Momentum Breakout,0.7941176470588235,1.7055,TEST
2026-07-02,BOSCHLTD,Donchian Channel Breakout,0.7678571428571428,-0.7005,TEST
2026-07-02,BOSCHLTD,VCP Volatility Contraction Breakout,0.7678571428571428,-0.7005,TEST
2026-07-02,BOSCHLTD,RS Momentum Breakout,0.7678571428571428,-0.7005,TEST
2026-07-03,BOSCHLTD,Donchian Channel Breakout,0.7419354838709676,-2.4824,TEST
2026-07-03,BOSCHLTD,VCP Volatility Contraction Breakout,0.7419354838709676,-2.4824,TEST
2026-07-03,BOSCHLTD,RS Momentum Breakout,0.7419354838709676,-2.4824,TEST
2026-07-06,BOSCHLTD,VCP Volatility Contraction Breakout,0.8179012345679012,-2.8924,TEST
2026-07-06,BOSCHLTD,RS Momentum Breakout,0.8179012345679012,-2.8924,TEST
2026-07-07,BOSCHLTD,VCP Volatility Contraction Breakout,0.6699999999999999,-2.6905,TEST
2026-07-07,BOSCHLTD,RS Momentum Breakout,0.6699999999999999,-2.6905,TEST
2026-07-08,BOSCHLTD,VCP Volatility Contraction Breakout,0.7857142857142857,-0.1202,TEST
2026-07-08,BOSCHLTD,RS Momentum Breakout,0.7857142857142857,-0.1202,TEST
2026-07-09,BOSCHLTD,VCP Volatility Contraction Breakout,0.5703703703703703,-0.2008,TEST
2026-07-09,BOSCHLTD,RS Momentum Breakout,0.5703703703703703,-0.2008,TEST
2026-07-10,BOSCHLTD,VCP Volatility Contraction Breakout,0.4219858156028369,0.1319,TEST
2026-07-10,BOSCHLTD,RS Momentum Breakout,0.4219858156028369,0.1319,TEST
2026-07-13,BOSCHLTD,VCP Volatility Contraction Breakout,0.3679245283018868,-0.8414,TEST
2026-07-13,BOSCHLTD,RS Momentum Breakout,0.3679245283018868,-0.8414,TEST
2026-07-14,BOSCHLTD,VCP Volatility Contraction Breakout,0.3533333333333333,-0.3858,TEST
2026-07-14,BOSCHLTD,RS Momentum Breakout,0.3533333333333333,-0.3858,TEST
2026-07-15,BOSCHLTD,VCP Volatility Contraction Breakout,0.3945578231292517,-1.0482,TEST
2026-07-15,BOSCHLTD,EMA Pullback / Bounce,0.3945578231292517,-1.0482,TEST
2026-07-15,BOSCHLTD,RS Momentum Breakout,0.3945578231292517,-1.0482,TEST
2026-07-16,BOSCHLTD,VCP Volatility Contraction Breakout,0.384180790960452,1.0703,TEST
2026-07-16,BOSCHLTD,EMA Pullback / Bounce,0.384180790960452,1.0703,TEST
2026-07-17,BOSCHLTD,VCP Volatility Contraction Breakout,0.2708333333333333,0.6985,TEST
2026-07-17,BOSCHLTD,EMA Pullback / Bounce,0.2708333333333333,0.6985,TEST
2026-07-20,BOSCHLTD,VCP Volatility Contraction Breakout,0.374074074074074,0.7317,TEST
2026-07-20,BOSCHLTD,EMA Pullback / Bounce,0.374074074074074,0.7317,TEST
2026-07-21,BOSCHLTD,VCP Volatility Contraction Breakout,0.1944444444444444,1.5702,TEST
2026-07-21,BOSCHLTD,EMA Pullback / Bounce,0.1944444444444444,1.5702,TEST
2026-07-22,BOSCHLTD,VCP Volatility Contraction Breakout,0.3804347826086957,4.002,TEST
2026-07-22,BOSCHLTD,RS Momentum Breakout,0.3804347826086957,4.002,TEST
2026-07-23,BOSCHLTD,VCP Volatility Contraction Breakout,0.7675438596491229,0.181,TEST
2026-07-23,BOSCHLTD,RS Momentum Breakout,0.7675438596491229,0.181,TEST
2026-07-24,BOSCHLTD,VCP Volatility Contraction Breakout,0.6714285714285714,3.1682,TEST
2026-07-24,BOSCHLTD,RS Momentum Breakout,0.6714285714285714,3.1682,TEST
2026-02-26,BSE,EMA Pullback / Bounce,0.2476190476190476,0.9019,TEST
2026-03-13,BSE,EMA Pullback / Bounce,0.5416666666666667,-4.0579,TEST
2026-03-17,BSE,Donchian Channel Breakout,0.8166666666666668,-4.3892,TEST
2026-03-17,BSE,RS Momentum Breakout,0.8166666666666668,-4.3892,TEST
2026-03-18,BSE,Donchian Channel Breakout,0.5740740740740741,1.0949,TEST
2026-03-18,BSE,RS Momentum Breakout,0.5740740740740741,1.0949,TEST
2026-03-20,BSE,EMA Pullback / Bounce,0.3444444444444444,14.2094,TEST
2026-03-24,BSE,EMA Pullback / Bounce,0.3333333333333333,15.5352,TEST
2026-04-02,BSE,EMA Pullback / Bounce,0.5,21.7192,TEST
2026-04-08,BSE,Donchian Channel Breakout,0.8939393939393939,9.9365,TEST
2026-04-08,BSE,RS Momentum Breakout,0.8939393939393939,9.9365,TEST
2026-04-09,BSE,Donchian Channel Breakout,0.8111111111111112,4.1088,TEST
2026-04-09,BSE,RS Momentum Breakout,0.8111111111111112,4.1088,TEST
2026-04-10,BSE,Donchian Channel Breakout,0.7608695652173912,10.4217,TEST
2026-04-10,BSE,RS Momentum Breakout,0.7608695652173912,10.4217,TEST
2026-04-13,BSE,RS Momentum Breakout,0.7916666666666666,7.5994,TEST
2026-04-15,BSE,Donchian Channel Breakout,0.6746031746031745,5.9878,TEST
2026-04-15,BSE,RS Momentum Breakout,0.6746031746031745,5.9878,TEST
2026-04-16,BSE,Donchian Channel Breakout,0.8024691358024691,5.369,TEST
2026-04-16,BSE,RS Momentum Breakout,0.8024691358024691,5.369,TEST
2026-04-17,BSE,Donchian Channel Breakout,0.7298850574712644,2.839,TEST
2026-04-17,BSE,RS Momentum Breakout,0.7298850574712644,2.839,TEST
2026-04-20,BSE,RS Momentum Breakout,0.611111111111111,6.9323,TEST
2026-04-21,BSE,RS Momentum Breakout,0.5,6.0689,TEST
2026-04-22,BSE,RS Momentum Breakout,0.4871794871794871,9.809,TEST
2026-04-23,BSE,RS Momentum Breakout,0.5428571428571428,14.0309,TEST
2026-04-24,BSE,RS Momentum Breakout,0.6136363636363636,12.7677,TEST
2026-04-27,BSE,VCP Volatility Contraction Breakout,0.5572916666666666,10.3041,TEST
2026-04-27,BSE,RS Momentum Breakout,0.5572916666666666,10.3041,TEST
2026-04-28,BSE,Donchian Channel Breakout,0.7333333333333334,5.5604,TEST
2026-04-28,BSE,VCP Volatility Contraction Breakout,0.7333333333333334,5.5604,TEST
2026-04-28,BSE,RS Momentum Breakout,0.7333333333333334,5.5604,TEST
2026-04-29,BSE,Donchian Channel Breakout,0.5882352941176471,7.9413,TEST
2026-04-29,BSE,VCP Volatility Contraction Breakout,0.5882352941176471,7.9413,TEST
2026-04-29,BSE,RS Momentum Breakout,0.5882352941176471,7.9413,TEST
2026-04-30,BSE,VCP Volatility Contraction Breakout,0.6845238095238094,10.9079,TEST
2026-04-30,BSE,RS Momentum Breakout,0.6845238095238094,10.9079,TEST
2026-05-01,BSE,VCP Volatility Contraction Breakout,0.5806451612903226,8.6824,TEST
2026-05-01,BSE,RS Momentum Breakout,0.5806451612903226,8.6824,TEST
2026-05-04,BSE,Donchian Channel Breakout,0.6296296296296297,11.0102,TEST
2026-05-04,BSE,VCP Volatility Contraction Breakout,0.6296296296296297,11.0102,TEST
2026-05-04,BSE,RS Momentum Breakout,0.6296296296296297,11.0102,TEST
2026-05-05,BSE,VCP Volatility Contraction Breakout,0.6717171717171717,10.8677,TEST
2026-05-05,BSE,RS Momentum Breakout,0.6717171717171717,10.8677,TEST
2026-05-06,BSE,Donchian Channel Breakout,0.7352941176470589,8.531,TEST
2026-05-06,BSE,VCP Volatility Contraction Breakout,0.7352941176470589,8.531,TEST
2026-05-06,BSE,RS Momentum Breakout,0.7352941176470589,8.531,TEST
2026-05-07,BSE,Donchian Channel Breakout,0.7586206896551725,5.6338,TEST
2026-05-07,BSE,VCP Volatility Contraction Breakout,0.7586206896551725,5.6338,TEST
2026-05-07,BSE,RS Momentum Breakout,0.7586206896551725,5.6338,TEST
2026-05-08,BSE,VCP Volatility Contraction Breakout,0.8676470588235294,7.7821,TEST
2026-05-08,BSE,RS Momentum Breakout,0.8676470588235294,7.7821,TEST
2026-05-11,BSE,VCP Volatility Contraction Breakout,0.8722222222222222,9.5253,TEST
2026-05-11,BSE,RS Momentum Breakout,0.8722222222222222,9.5253,TEST
2026-05-12,BSE,VCP Volatility Contraction Breakout,0.8456790123456791,14.2972,TEST
2026-05-12,BSE,RS Momentum Breakout,0.8456790123456791,14.2972,TEST
2026-05-13,BSE,VCP Volatility Contraction Breakout,0.75,8.314,TEST
2026-05-13,BSE,RS Momentum Breakout,0.75,8.314,TEST
2026-05-14,BSE,Donchian Channel Breakout,0.861904761904762,4.5091,TEST
2026-05-14,BSE,RS Momentum Breakout,0.861904761904762,4.5091,TEST
2026-05-15,BSE,RS Momentum Breakout,0.8395061728395062,5.231,TEST
2026-05-18,BSE,Donchian Channel Breakout,0.8908045977011495,-2.137,TEST
2026-05-18,BSE,RS Momentum Breakout,0.8908045977011495,-2.137,TEST
2026-05-19,BSE,Donchian Channel Breakout,0.925287356321839,-5.7098,TEST
2026-05-19,BSE,RS Momentum Breakout,0.925287356321839,-5.7098,TEST
2026-05-20,BSE,RS Momentum Breakout,0.8518518518518517,-7.1171,TEST
2026-05-21,BSE,RS Momentum Breakout,0.8172043010752689,-3.9667,TEST
2026-05-22,BSE,RS Momentum Breakout,0.7702702702702703,-8.7059,TEST
2026-05-25,BSE,Donchian Channel Breakout,0.7635658914728682,-8.9116,TEST
2026-05-25,BSE,RS Momentum Breakout,0.7635658914728682,-8.9116,TEST
2026-05-26,BSE,Donchian Channel Breakout,0.8214285714285715,-9.9324,TEST
2026-05-26,BSE,RS Momentum Breakout,0.8214285714285715,-9.9324,TEST
2026-05-27,BSE,RS Momentum Breakout,0.7777777777777777,-7.5064,TEST
2026-05-28,BSE,RS Momentum Breakout,0.7412935323383084,-8.5106,TEST
2026-05-29,BSE,RS Momentum Breakout,0.6486486486486487,-3.323,TEST
2026-06-01,BSE,EMA Pullback / Bounce,0.7009803921568628,2.6368,TEST
2026-06-04,BSE,EMA Pullback / Bounce,0.6444444444444445,-0.9499,TEST
2026-06-09,BSE,EMA Pullback / Bounce,0.4833333333333333,-1.7497,TEST
2026-06-12,BSE,EMA Pullback / Bounce,0.4634146341463414,-6.6941,TEST
2026-06-17,BSE,EMA Pullback / Bounce,0.6091954022988505,-1.3975,TEST
2026-06-18,BSE,EMA Pullback / Bounce,0.5925925925925926,-3.9163,TEST
2026-06-19,BSE,EMA Pullback / Bounce,0.3333333333333333,-5.4126,TEST
2026-06-22,BSE,EMA Pullback / Bounce,0.4192708333333333,-6.134,TEST
2026-07-01,BSE,EMA Pullback / Bounce,0.4379084967320261,-5.0309,TEST
2026-05-26,CAMS,EMA Pullback / Bounce,0.2142857142857142,-3.0142,TEST
2026-05-28,CAMS,VCP Volatility Contraction Breakout,0.4477611940298507,-8.2873,TEST
2026-05-29,CAMS,VCP Volatility Contraction Breakout,0.3963963963963964,-4.2893,TEST
2026-06-01,CAMS,EMA Pullback / Bounce,0.2107843137254902,2.5257,TEST
2026-06-02,CAMS,VCP Volatility Contraction Breakout,0.3620689655172414,2.9968,TEST
2026-06-02,CAMS,EMA Pullback / Bounce,0.3620689655172414,2.9968,TEST
2026-06-05,CAMS,EMA Pullback / Bounce,0.3157894736842105,9.746,TEST
2026-06-12,CAMS,EMA Pullback / Bounce,0.3577235772357723,3.9453,TEST
2026-06-15,CAMS,VCP Volatility Contraction Breakout,0.4496124031007751,1.0636,TEST
2026-06-16,CAMS,VCP Volatility Contraction Breakout,0.5283018867924528,0.2327,TEST
2026-06-17,CAMS,Donchian Channel Breakout,0.7011494252873564,-2.8095,TEST
2026-06-17,CAMS,VCP Volatility Contraction Breakout,0.7011494252873564,-2.8095,TEST
2026-06-17,CAMS,RS Momentum Breakout,0.7011494252873564,-2.8095,TEST
2026-06-18,CAMS,Donchian Channel Breakout,0.8209876543209876,-4.1722,TEST
2026-06-18,CAMS,VCP Volatility Contraction Breakout,0.8209876543209876,-4.1722,TEST
2026-06-18,CAMS,RS Momentum Breakout,0.8209876543209876,-4.1722,TEST
2026-06-19,CAMS,VCP Volatility Contraction Breakout,0.6525423728813559,-3.2303,TEST
2026-06-19,CAMS,RS Momentum Breakout,0.6525423728813559,-3.2303,TEST
2026-06-22,CAMS,VCP Volatility Contraction Breakout,0.4296875,-3.9279,TEST
2026-06-22,CAMS,RS Momentum Breakout,0.4296875,-3.9279,TEST
2026-06-23,CAMS,VCP Volatility Contraction Breakout,0.5961538461538461,-3.414,TEST
2026-06-24,CAMS,VCP Volatility Contraction Breakout,0.5438596491228069,-6.2516,TEST
2026-06-24,CAMS,EMA Pullback / Bounce,0.5438596491228069,-6.2516,TEST
2026-06-25,CAMS,VCP Volatility Contraction Breakout,0.6006944444444444,-2.831,TEST
2026-06-25,CAMS,EMA Pullback / Bounce,0.6006944444444444,-2.831,TEST
2026-06-26,CAMS,VCP Volatility Contraction Breakout,0.4699074074074074,1.2226,TEST
2026-06-26,CAMS,EMA Pullback / Bounce,0.4699074074074074,1.2226,TEST
2026-06-29,CAMS,VCP Volatility Contraction Breakout,0.3865248226950354,0.7299,TEST
2026-06-29,CAMS,EMA Pullback / Bounce,0.3865248226950354,0.7299,TEST
2026-06-30,CAMS,VCP Volatility Contraction Breakout,0.5233333333333333,-2.7367,TEST
2026-06-30,CAMS,EMA Pullback / Bounce,0.5233333333333333,-2.7367,TEST
2026-07-01,CAMS,VCP Volatility Contraction Breakout,0.5522875816993463,-2.9338,TEST
2026-07-01,CAMS,EMA Pullback / Bounce,0.5522875816993463,-2.9338,TEST
2026-07-02,CAMS,VCP Volatility Contraction Breakout,0.5148809523809524,-5.62,TEST
2026-07-02,CAMS,EMA Pullback / Bounce,0.5148809523809524,-5.62,TEST
2026-07-03,CAMS,VCP Volatility Contraction Breakout,0.4758064516129032,-5.3893,TEST
2026-07-03,CAMS,EMA Pullback / Bounce,0.4758064516129032,-5.3893,TEST
2026-07-06,CAMS,VCP Volatility Contraction Breakout,0.3518518518518518,-1.807,TEST
2026-07-06,CAMS,EMA Pullback / Bounce,0.3518518518518518,-1.807,TEST
2026-07-09,CAMS,EMA Pullback / Bounce,0.2444444444444444,-2.5389,TEST
2026-07-10,CAMS,VCP Volatility Contraction Breakout,0.4432624113475178,-2.3782,TEST
2026-07-10,CAMS,EMA Pullback / Bounce,0.4432624113475178,-2.3782,TEST
2026-07-13,CAMS,VCP Volatility Contraction Breakout,0.2421383647798742,1.036,TEST
2026-07-13,CAMS,EMA Pullback / Bounce,0.2421383647798742,1.036,TEST
2026-07-20,CAMS,EMA Pullback / Bounce,0.3037037037037037,2.3286,TEST
2026-07-22,CAMS,EMA Pullback / Bounce,0.3333333333333333,4.7684,TEST
2026-02-19,CANBK,EMA Pullback / Bounce,0.3115942028985507,-2.1649,TEST
2026-02-23,CANBK,RS Momentum Breakout,0.4624999999999999,-8.772,TEST
2026-02-24,CANBK,RS Momentum Breakout,0.5128205128205129,-11.4801,TEST
2026-02-25,CANBK,RS Momentum Breakout,0.5495495495495496,-11.9408,TEST
2026-02-26,CANBK,RS Momentum Breakout,0.580952380952381,-15.2316,TEST
2026-02-27,CANBK,RS Momentum Breakout,0.4279279279279279,-10.5057,TEST
2026-03-02,CANBK,EMA Pullback / Bounce,0.4506172839506173,-8.9467,TEST
2026-04-21,CANBK,Donchian Channel Breakout,0.09375,-6.6449,TEST
2026-04-22,CANBK,Donchian Channel Breakout,0.188034188034188,-4.4706,TEST
2026-06-05,CANBK,VCP Volatility Contraction Breakout,0.4473684210526316,2.4637,TEST
2026-06-09,CANBK,Donchian Channel Breakout,0.5125000000000001,-2.0649,TEST
2026-06-09,CANBK,VCP Volatility Contraction Breakout,0.5125000000000001,-2.0649,TEST
2026-06-12,CANBK,VCP Volatility Contraction Breakout,0.2113821138211382,-3.7687,TEST
2026-06-15,CANBK,VCP Volatility Contraction Breakout,0.1472868217054263,-4.9108,TEST
2026-06-16,CANBK,VCP Volatility Contraction Breakout,0.2547169811320754,-5.7375,TEST
2026-06-17,CANBK,Donchian Channel Breakout,0.4454022988505747,-6.8113,TEST
2026-06-17,CANBK,VCP Volatility Contraction Breakout,0.4454022988505747,-6.8113,TEST
2026-06-18,CANBK,VCP Volatility Contraction Breakout,0.2685185185185185,-6.1578,TEST
2026-06-19,CANBK,VCP Volatility Contraction Breakout,0.1638418079096045,-4.9757,TEST
2026-06-22,CANBK,VCP Volatility Contraction Breakout,0.2109375,-6.5958,TEST
2026-07-13,CANBK,VCP Volatility Contraction Breakout,0.2169811320754716,-0.5781,TEST
2026-07-13,CANBK,EMA Pullback / Bounce,0.2169811320754716,-0.5781,TEST
2026-02-23,CANFINHOME,EMA Pullback / Bounce,0.2416666666666667,-5.0278,TEST
2026-04-21,CANFINHOME,Donchian Channel Breakout,0.5,-1.7472,TEST
2026-04-27,CANFINHOME,Donchian Channel Breakout,0.5729166666666666,-6.7234,TEST
2026-04-29,CANFINHOME,EMA Pullback / Bounce,0.2401960784313725,-5.3318,TEST
2026-04-30,CANFINHOME,EMA Pullback / Bounce,0.244047619047619,-2.5484,TEST
2026-05-01,CANFINHOME,EMA Pullback / Bounce,0.2150537634408602,-3.0194,TEST
2026-05-05,CANFINHOME,EMA Pullback / Bounce,0.1464646464646464,-5.1471,TEST
2026-05-07,CANFINHOME,EMA Pullback / Bounce,0.132183908045977,-5.0112,TEST
2026-05-08,CANFINHOME,VCP Volatility Contraction Breakout,0.2450980392156863,-2.5543,TEST
2026-05-08,CANFINHOME,EMA Pullback / Bounce,0.2450980392156863,-2.5543,TEST
2026-06-12,CANFINHOME,Donchian Channel Breakout,0.516260162601626,1.6284,TEST
2026-06-12,CANFINHOME,VCP Volatility Contraction Breakout,0.516260162601626,1.6284,TEST
2026-06-15,CANFINHOME,Donchian Channel Breakout,0.2751937984496124,-4.1991,TEST
2026-06-15,CANFINHOME,VCP Volatility Contraction Breakout,0.2751937984496124,-4.1991,TEST
2026-06-16,CANFINHOME,VCP Volatility Contraction Breakout,0.2861635220125786,-0.0058,TEST
2026-06-17,CANFINHOME,VCP Volatility Contraction Breakout,0.4425287356321839,0.2955,TEST
2026-06-18,CANFINHOME,Donchian Channel Breakout,0.4537037037037037,0.3639,TEST
2026-06-18,CANFINHOME,VCP Volatility Contraction Breakout,0.4537037037037037,0.3639,TEST
2026-06-19,CANFINHOME,Donchian Channel Breakout,0.4096045197740113,2.2899,TEST
2026-06-19,CANFINHOME,VCP Volatility Contraction Breakout,0.4096045197740113,2.2899,TEST
2026-06-22,CANFINHOME,Donchian Channel Breakout,0.5625,3.5984,TEST
2026-06-22,CANFINHOME,VCP Volatility Contraction Breakout,0.5625,3.5984,TEST
2026-06-22,CANFINHOME,RS Momentum Breakout,0.5625,3.5984,TEST
2026-06-23,CANFINHOME,VCP Volatility Contraction Breakout,0.3301282051282051,3.5438,TEST
2026-06-23,CANFINHOME,RS Momentum Breakout,0.3301282051282051,3.5438,TEST
2026-06-24,CANFINHOME,VCP Volatility Contraction Breakout,0.2690058479532164,1.1642,TEST
2026-06-25,CANFINHOME,VCP Volatility Contraction Breakout,0.3194444444444445,4.3196,TEST
2026-06-26,CANFINHOME,VCP Volatility Contraction Breakout,0.4282407407407407,5.3148,TEST
2026-06-26,CANFINHOME,RS Momentum Breakout,0.4282407407407407,5.3148,TEST
2026-06-30,CANFINHOME,VCP Volatility Contraction Breakout,0.4166666666666667,4.1744,TEST
2026-06-30,CANFINHOME,EMA Pullback / Bounce,0.4166666666666667,4.1744,TEST
2026-07-01,CANFINHOME,VCP Volatility Contraction Breakout,0.2352941176470588,3.0326,TEST
2026-07-02,CANFINHOME,VCP Volatility Contraction Breakout,0.3214285714285714,2.4236,TEST
2026-07-03,CANFINHOME,Donchian Channel Breakout,0.543010752688172,-1.8267,TEST
2026-07-03,CANFINHOME,VCP Volatility Contraction Breakout,0.543010752688172,-1.8267,TEST
2026-07-03,CANFINHOME,RS Momentum Breakout,0.543010752688172,-1.8267,TEST
2026-07-06,CANFINHOME,Donchian Channel Breakout,0.4753086419753087,-7.3151,TEST
2026-07-06,CANFINHOME,VCP Volatility Contraction Breakout,0.4753086419753087,-7.3151,TEST
2026-07-06,CANFINHOME,RS Momentum Breakout,0.4753086419753087,-7.3151,TEST
2026-07-07,CANFINHOME,VCP Volatility Contraction Breakout,0.48,-8.7971,TEST
2026-07-08,CANFINHOME,VCP Volatility Contraction Breakout,0.4563492063492063,-8.1868,TEST
2026-07-09,CANFINHOME,VCP Volatility Contraction Breakout,0.3814814814814815,-10.9982,TEST
2026-07-09,CANFINHOME,RS Momentum Breakout,0.3814814814814815,-10.9982,TEST
2026-07-10,CANFINHOME,VCP Volatility Contraction Breakout,0.4219858156028369,-11.5566,TEST
2026-07-10,CANFINHOME,RS Momentum Breakout,0.4219858156028369,-11.5566,TEST
2026-07-13,CANFINHOME,Donchian Channel Breakout,0.5534591194968553,-12.7148,TEST
2026-07-13,CANFINHOME,VCP Volatility Contraction Breakout,0.5534591194968553,-12.7148,TEST
2026-07-13,CANFINHOME,RS Momentum Breakout,0.5534591194968553,-12.7148,TEST
2026-07-14,CANFINHOME,VCP Volatility Contraction Breakout,0.2466666666666666,-9.6184,TEST
2026-07-14,CANFINHOME,EMA Pullback / Bounce,0.2466666666666666,-9.6184,TEST
2026-07-15,CANFINHOME,VCP Volatility Contraction Breakout,0.2176870748299319,-9.753,TEST
2026-07-16,CANFINHOME,VCP Volatility Contraction Breakout,0.2288135593220339,-10.3804,TEST
2026-07-16,CANFINHOME,EMA Pullback / Bounce,0.2288135593220339,-10.3804,TEST
2026-07-17,CANFINHOME,VCP Volatility Contraction Breakout,0.3229166666666667,-8.3129,TEST
2026-07-17,CANFINHOME,EMA Pullback / Bounce,0.3229166666666667,-8.3129,TEST
2026-05-15,CARBORUNIV,Donchian Channel Breakout,0.9197530864197532,-6.535,TEST
2026-05-15,CARBORUNIV,RS Momentum Breakout,0.9197530864197532,-6.535,TEST
2026-05-18,CARBORUNIV,RS Momentum Breakout,0.9195402298850576,-6.0272,TEST
2026-05-19,CARBORUNIV,RS Momentum Breakout,0.574712643678161,-4.3742,TEST
2026-05-20,CARBORUNIV,RS Momentum Breakout,0.5308641975308642,-4.4259,TEST
2026-05-21,CARBORUNIV,RS Momentum Breakout,0.4354838709677419,-3.5989,TEST
2026-05-22,CARBORUNIV,RS Momentum Breakout,0.4684684684684685,-1.6133,TEST
2026-05-25,CARBORUNIV,RS Momentum Breakout,0.4573643410852713,-0.142,TEST
2026-05-27,CARBORUNIV,EMA Pullback / Bounce,0.3611111111111111,-1.7971,TEST
2026-05-28,CARBORUNIV,EMA Pullback / Bounce,0.5472636815920398,-3.6128,TEST
2026-05-29,CARBORUNIV,EMA Pullback / Bounce,0.4774774774774775,3.3464,TEST
2026-06-01,CARBORUNIV,EMA Pullback / Bounce,0.7450980392156863,3.4252,TEST
2026-06-02,CARBORUNIV,EMA Pullback / Bounce,0.3850574712643678,3.4566,TEST
2026-06-03,CARBORUNIV,EMA Pullback / Bounce,0.3133333333333333,11.7229,TEST
2026-06-04,CARBORUNIV,EMA Pullback / Bounce,0.3888888888888889,14.6236,TEST
2026-06-05,CARBORUNIV,EMA Pullback / Bounce,0.6140350877192983,21.1415,TEST
2026-06-08,CARBORUNIV,RS Momentum Breakout,0.5208333333333334,13.7465,TEST
2026-06-09,CARBORUNIV,EMA Pullback / Bounce,0.425,17.6762,TEST
2026-06-10,CARBORUNIV,EMA Pullback / Bounce,0.2888888888888889,13.781,TEST
2026-06-17,CARBORUNIV,Donchian Channel Breakout,0.9051724137931036,2.2759,TEST
2026-06-17,CARBORUNIV,RS Momentum Breakout,0.9051724137931036,2.2759,TEST
2026-06-18,CARBORUNIV,Donchian Channel Breakout,0.941358024691358,-2.9414,TEST
2026-06-18,CARBORUNIV,RS Momentum Breakout,0.941358024691358,-2.9414,TEST
2026-06-19,CARBORUNIV,RS Momentum Breakout,0.9548022598870056,-8.0968,TEST
2026-06-22,CARBORUNIV,RS Momentum Breakout,0.84375,-5.5225,TEST
2026-06-23,CARBORUNIV,RS Momentum Breakout,0.9166666666666666,-8.1389,TEST
2026-06-24,CARBORUNIV,RS Momentum Breakout,0.543859649122807,-7.6496,TEST
2026-06-29,CARBORUNIV,RS Momentum Breakout,0.524822695035461,-10.6578,TEST
2026-06-30,CARBORUNIV,RS Momentum Breakout,0.4933333333333333,-9.9797,TEST
2026-07-02,CARBORUNIV,EMA Pullback / Bounce,0.3541666666666667,-5.0232,TEST
2026-07-03,CARBORUNIV,EMA Pullback / Bounce,0.346774193548387,-7.8355,TEST
2026-07-06,CARBORUNIV,EMA Pullback / Bounce,0.345679012345679,-5.1309,TEST
2026-07-20,CARBORUNIV,EMA Pullback / Bounce,0.4518518518518519,1.0037,TEST
2026-07-21,CARBORUNIV,EMA Pullback / Bounce,0.3950617283950617,-0.0858,TEST
2026-02-18,CCL,EMA Pullback / Bounce,0.3186274509803921,2.8123,TEST
2026-02-19,CCL,EMA Pullback / Bounce,0.2681159420289855,1.8857,TEST
2026-02-20,CCL,EMA Pullback / Bounce,0.3388888888888888,2.6269,TEST
2026-02-23,CCL,RS Momentum Breakout,0.6083333333333333,2.0195,TEST
2026-02-24,CCL,RS Momentum Breakout,0.6923076923076924,-1.896,TEST
2026-02-27,CCL,EMA Pullback / Bounce,0.2477477477477477,7.6233,TEST
2026-03-02,CCL,EMA Pullback / Bounce,0.1851851851851852,5.2163,TEST
2026-03-04,CCL,EMA Pullback / Bounce,0.1568627450980392,3.1965,TEST
2026-03-06,CCL,EMA Pullback / Bounce,0.1794871794871795,10.4162,TEST
2026-03-12,CCL,RS Momentum Breakout,0.4375,-0.6382,TEST
2026-03-13,CCL,EMA Pullback / Bounce,0.4166666666666667,1.284,TEST
2026-03-17,CCL,EMA Pullback / Bounce,0.3666666666666666,4.6935,TEST
2026-03-19,CCL,EMA Pullback / Bounce,0.4166666666666667,9.2252,TEST
2026-03-20,CCL,Donchian Channel Breakout,0.7000000000000001,3.7886,TEST
2026-03-20,CCL,RS Momentum Breakout,0.7000000000000001,3.7886,TEST
2026-03-24,CCL,RS Momentum Breakout,0.4666666666666666,0.2324,TEST
2026-03-27,CCL,EMA Pullback / Bounce,0.375,3.1095,TEST
2026-03-30,CCL,EMA Pullback / Bounce,0.5,1.5653,TEST
2026-04-02,CCL,RS Momentum Breakout,0.5555555555555556,-0.3121,TEST
2026-04-06,CCL,Donchian Channel Breakout,0.7666666666666666,0.1439,TEST
2026-04-06,CCL,RS Momentum Breakout,0.7666666666666666,0.1439,TEST
2026-04-07,CCL,Donchian Channel Breakout,0.8541666666666666,-4.1368,TEST
2026-04-07,CCL,RS Momentum Breakout,0.8541666666666666,-4.1368,TEST
2026-04-08,CCL,RS Momentum Breakout,0.6515151515151515,-1.177,TEST
2026-04-09,CCL,EMA Pullback / Bounce,0.5888888888888889,1.2719,TEST
2026-04-10,CCL,EMA Pullback / Bounce,0.3333333333333333,4.785,TEST
2026-04-15,CCL,EMA Pullback / Bounce,0.4682539682539683,3.315,TEST
2026-04-16,CCL,EMA Pullback / Bounce,0.3395061728395062,5.3555,TEST
2026-04-17,CCL,EMA Pullback / Bounce,0.2011494252873563,4.3482,TEST
2026-04-20,CCL,EMA Pullback / Bounce,0.3055555555555556,7.4261,TEST
2026-04-23,CCL,EMA Pullback / Bounce,0.2904761904761905,11.937,TEST
2026-04-24,CCL,EMA Pullback / Bounce,0.4545454545454545,2.2767,TEST
2026-04-28,CCL,EMA Pullback / Bounce,0.2222222222222222,-0.9412,TEST
2026-05-04,CCL,RS Momentum Breakout,0.5462962962962963,-7.5932,TEST
2026-05-05,CCL,RS Momentum Breakout,0.6464646464646465,-7.6936,TEST
2026-05-06,CCL,RS Momentum Breakout,0.5294117647058824,-7.2758,TEST
2026-05-07,CCL,Donchian Channel Breakout,0.6724137931034483,-7.7,TEST
2026-05-07,CCL,RS Momentum Breakout,0.6724137931034483,-7.7,TEST
2026-05-08,CCL,EMA Pullback / Bounce,0.4950980392156863,-4.3302,TEST
2026-05-13,CCL,EMA Pullback / Bounce,0.4404761904761904,-5.6388,TEST
2026-05-14,CCL,EMA Pullback / Bounce,0.1714285714285714,-3.6437,TEST
2026-05-15,CCL,EMA Pullback / Bounce,0.2222222222222222,-5.5989,TEST
2026-05-21,CCL,EMA Pullback / Bounce,0.2473118279569892,-3.9838,TEST
2026-06-08,CCL,Donchian Channel Breakout,0.765625,-2.0716,TEST
2026-06-08,CCL,RS Momentum Breakout,0.765625,-2.0716,TEST
2026-06-09,CCL,RS Momentum Breakout,0.625,0.6511,TEST
2026-06-10,CCL,RS Momentum Breakout,0.7333333333333334,-1.5189,TEST
2026-06-16,CCL,EMA Pullback / Bounce,0.1477987421383647,5.3608,TEST
2026-06-17,CCL,EMA Pullback / Bounce,0.1149425287356322,6.5766,TEST
2026-06-18,CCL,EMA Pullback / Bounce,0.1604938271604938,4.7686,TEST
2026-06-24,CCL,RS Momentum Breakout,0.2309941520467836,1.0436,TEST
2026-06-25,CCL,VCP Volatility Contraction Breakout,0.2291666666666666,3.9546,TEST
2026-06-26,CCL,VCP Volatility Contraction Breakout,0.3958333333333333,4.556,TEST
2026-06-29,CCL,VCP Volatility Contraction Breakout,0.2198581560283687,6.0452,TEST
2026-06-30,CCL,VCP Volatility Contraction Breakout,0.27,3.4062,TEST
2026-06-30,CCL,RS Momentum Breakout,0.27,3.4062,TEST
2026-07-01,CCL,VCP Volatility Contraction Breakout,0.2908496732026144,2.5577,TEST
2026-07-01,CCL,RS Momentum Breakout,0.2908496732026144,2.5577,TEST
2026-07-02,CCL,VCP Volatility Contraction Breakout,0.2708333333333333,0.8007,TEST
2026-07-02,CCL,RS Momentum Breakout,0.2708333333333333,0.8007,TEST
2026-07-03,CCL,VCP Volatility Contraction Breakout,0.1317204301075268,1.2235,TEST
2026-07-06,CCL,VCP Volatility Contraction Breakout,0.2160493827160493,-1.0545,TEST
2026-07-07,CCL,VCP Volatility Contraction Breakout,0.4666666666666666,2.5702,TEST
2026-07-08,CCL,VCP Volatility Contraction Breakout,0.2261904761904762,1.7936,TEST
2026-07-09,CCL,VCP Volatility Contraction Breakout,0.4518518518518519,-3.0033,TEST
2026-07-10,CCL,VCP Volatility Contraction Breakout,0.4432624113475178,-1.7678,TEST
2026-07-10,CCL,RS Momentum Breakout,0.4432624113475178,-1.7678,TEST
2026-07-13,CCL,Donchian Channel Breakout,0.6100628930817611,-4.497,TEST
2026-07-13,CCL,VCP Volatility Contraction Breakout,0.6100628930817611,-4.497,TEST
2026-07-13,CCL,RS Momentum Breakout,0.6100628930817611,-4.497,TEST
2026-07-14,CCL,VCP Volatility Contraction Breakout,0.6566666666666666,-3.3591,TEST
2026-07-14,CCL,RS Momentum Breakout,0.6566666666666666,-3.3591,TEST
2026-07-15,CCL,VCP Volatility Contraction Breakout,0.5,-2.0912,TEST
2026-07-15,CCL,RS Momentum Breakout,0.5,-2.0912,TEST
2026-07-16,CCL,VCP Volatility Contraction Breakout,0.4576271186440677,-1.8395,TEST
2026-07-16,CCL,EMA Pullback / Bounce,0.4576271186440677,-1.8395,TEST
2026-07-17,CCL,VCP Volatility Contraction Breakout,0.4114583333333333,-2.4487,TEST
2026-07-17,CCL,EMA Pullback / Bounce,0.4114583333333333,-2.4487,TEST
2026-07-20,CCL,VCP Volatility Contraction Breakout,0.3962962962962963,-4.0386,TEST
2026-07-20,CCL,EMA Pullback / Bounce,0.3962962962962963,-4.0386,TEST
2026-07-21,CCL,VCP Volatility Contraction Breakout,0.2530864197530864,-6.8338,TEST
2026-07-21,CCL,EMA Pullback / Bounce,0.2530864197530864,-6.8338,TEST
2026-07-22,CCL,VCP Volatility Contraction Breakout,0.3478260869565217,-5.4855,TEST
2026-07-22,CCL,EMA Pullback / Bounce,0.3478260869565217,-5.4855,TEST
2026-07-23,CCL,VCP Volatility Contraction Breakout,0.2982456140350877,-4.1356,TEST
2026-07-23,CCL,EMA Pullback / Bounce,0.2982456140350877,-4.1356,TEST
2026-07-24,CCL,VCP Volatility Contraction Breakout,0.1904761904761904,-4.5608,TEST
2026-07-24,CCL,EMA Pullback / Bounce,0.1904761904761904,-4.5608,TEST
2026-02-18,CEATLTD,VCP Volatility Contraction Breakout,0.176470588235294,-12.0266,TEST
2026-02-18,CEATLTD,EMA Pullback / Bounce,0.176470588235294,-12.0266,TEST
2026-04-17,CEATLTD,Donchian Channel Breakout,0.264367816091954,-7.3597,TEST
2026-04-20,CEATLTD,Donchian Channel Breakout,0.4833333333333334,-13.8714,TEST
2026-04-20,CEATLTD,RS Momentum Breakout,0.4833333333333334,-13.8714,TEST
2026-04-22,CEATLTD,VCP Volatility Contraction Breakout,0.3119658119658119,-11.1802,TEST
2026-04-23,CEATLTD,VCP Volatility Contraction Breakout,0.0999999999999999,-9.4007,TEST
2026-04-29,CEATLTD,EMA Pullback / Bounce,0.4019607843137254,-9.3179,TEST
2026-07-13,CEATLTD,VCP Volatility Contraction Breakout,0.4622641509433962,-11.4891,TEST
2026-07-13,CEATLTD,RS Momentum Breakout,0.4622641509433962,-11.4891,TEST
2026-07-14,CEATLTD,VCP Volatility Contraction Breakout,0.2933333333333333,-8.9805,TEST
2026-07-14,CEATLTD,EMA Pullback / Bounce,0.2933333333333333,-8.9805,TEST
2026-07-15,CEATLTD,VCP Volatility Contraction Breakout,0.3265306122448979,-9.5154,TEST
2026-07-16,CEATLTD,VCP Volatility Contraction Breakout,0.4717514124293785,-4.4888,TEST
2026-07-16,CEATLTD,RS Momentum Breakout,0.4717514124293785,-4.4888,TEST
2026-07-15,CENTURYPLY,VCP Volatility Contraction Breakout,0.6020408163265306,-2.1622,TEST
2026-07-15,CENTURYPLY,RS Momentum Breakout,0.6020408163265306,-2.1622,TEST
2026-07-16,CENTURYPLY,VCP Volatility Contraction Breakout,0.4519774011299435,0.6084,TEST
2026-07-17,CENTURYPLY,VCP Volatility Contraction Breakout,0.5234375,1.8731,TEST
2026-07-17,CENTURYPLY,RS Momentum Breakout,0.5234375,1.8731,TEST
2026-07-20,CENTURYPLY,VCP Volatility Contraction Breakout,0.562962962962963,-2.7925,TEST
2026-07-21,CENTURYPLY,VCP Volatility Contraction Breakout,0.287037037037037,-2.9451,TEST
2026-07-21,CENTURYPLY,RS Momentum Breakout,0.287037037037037,-2.9451,TEST
2026-07-22,CENTURYPLY,VCP Volatility Contraction Breakout,0.1920289855072463,-1.8328,TEST
2026-07-22,CENTURYPLY,EMA Pullback / Bounce,0.1920289855072463,-1.8328,TEST
2026-07-23,CENTURYPLY,EMA Pullback / Bounce,0.3289473684210526,0.8103,TEST
2026-07-24,CENTURYPLY,VCP Volatility Contraction Breakout,0.5428571428571428,-3.224,TEST
2026-02-23,3MINDIA,True Connors RSI Mean Reversion,0.1875,-5.7036,TEST
2026-02-24,3MINDIA,True Connors RSI Mean Reversion,0.1324786324786324,-6.3333,TEST
2026-03-02,3MINDIA,True Connors RSI Mean Reversion,0.2901234567901234,-6.798,TEST
2026-04-28,3MINDIA,True Connors RSI Mean Reversion,0.3277777777777778,-7.4885,TEST
2026-04-29,3MINDIA,True Connors RSI Mean Reversion,0.3970588235294117,-5.8264,TEST
2026-05-04,3MINDIA,True Connors RSI Mean Reversion,0.0972222222222222,-3.6029,TEST
2026-07-08,3MINDIA,True Connors RSI Mean Reversion,0.4484126984126984,5.6629,TEST
2026-07-16,3MINDIA,True Connors RSI Mean Reversion,0.5988700564971751,0.1146,TEST
2026-07-17,3MINDIA,True Connors RSI Mean Reversion,0.5364583333333334,-0.9302,TEST
2026-03-02,AARTIIND,True Connors RSI Mean Reversion,0.3518518518518518,0.4729,TEST
2026-05-29,AARTIIND,True Connors RSI Mean Reversion,0.2297297297297297,-7.2226,TEST
2026-06-24,AARTIIND,True Connors RSI Mean Reversion,0.2076023391812865,-0.2144,TEST
2026-06-25,AARTIIND,True Connors RSI Mean Reversion,0.15625,0.4077,TEST
2026-07-07,AARTIIND,True Connors RSI Mean Reversion,0.1666666666666666,4.4979,TEST
2026-07-09,AARTIIND,True Connors RSI Mean Reversion,0.0962962962962963,1.7447,TEST
2026-07-14,AARTIIND,True Connors RSI Mean Reversion,0.3833333333333333,-2.0142,TEST
2026-07-17,AARTIIND,True Connors RSI Mean Reversion,0.5494791666666666,-0.7307,TEST
2026-07-22,AARTIIND,True Connors RSI Mean Reversion,0.5760869565217391,-1.45,TEST
2026-07-23,AARTIIND,True Connors RSI Mean Reversion,0.2149122807017544,5.5158,TEST
2026-07-24,AARTIIND,True Connors RSI Mean Reversion,0.1476190476190476,4.6042,TEST
2026-02-23,ABCAPITAL,True Connors RSI Mean Reversion,0.4708333333333334,-3.6232,TEST
2026-04-28,ABCAPITAL,True Connors RSI Mean Reversion,0.3277777777777778,0.3677,TEST
2026-05-07,ABCAPITAL,True Connors RSI Mean Reversion,0.4310344827586207,-5.3117,TEST
2026-05-08,ABCAPITAL,True Connors RSI Mean Reversion,0.2892156862745098,-0.1955,TEST
2026-05-11,ABCAPITAL,True Connors RSI Mean Reversion,0.2277777777777777,3.1778,TEST
2026-05-13,ABCAPITAL,True Connors RSI Mean Reversion,0.125,5.3559,TEST
2026-05-18,ABCAPITAL,True Connors RSI Mean Reversion,0.3505747126436782,-0.3695,TEST
2026-05-19,ABCAPITAL,True Connors RSI Mean Reversion,0.2988505747126437,-0.4816,TEST
2026-05-21,ABCAPITAL,True Connors RSI Mean Reversion,0.3172043010752688,0.755,TEST
2026-05-29,ABCAPITAL,True Connors RSI Mean Reversion,0.3918918918918919,-2.2919,TEST
2026-06-01,ABCAPITAL,True Connors RSI Mean Reversion,0.1617647058823529,5.6225,TEST
2026-06-02,ABCAPITAL,True Connors RSI Mean Reversion,0.0862068965517241,6.7085,TEST
2026-06-09,ABCAPITAL,True Connors RSI Mean Reversion,0.1999999999999999,9.2216,TEST
2026-07-08,ABCAPITAL,True Connors RSI Mean Reversion,0.4841269841269841,3.5677,TEST
2026-07-23,ABCAPITAL,True Connors RSI Mean Reversion,0.5964912280701754,8.0769,TEST
2026-02-20,ADANIENSOL,True Connors RSI Mean Reversion,0.4055555555555556,-2.1633,TEST
2026-02-27,ADANIENSOL,True Connors RSI Mean Reversion,0.2657657657657657,3.6941,TEST
2026-03-05,ADANIENSOL,True Connors RSI Mean Reversion,0.25,2.5816,TEST
2026-03-11,ADANIENSOL,True Connors RSI Mean Reversion,0.1666666666666666,0.3445,TEST
2026-03-12,ADANIENSOL,True Connors RSI Mean Reversion,0.3229166666666667,-5.1681,TEST
2026-03-13,ADANIENSOL,True Connors RSI Mean Reversion,0.5138888888888888,-5.3266,TEST
2026-03-16,ADANIENSOL,True Connors RSI Mean Reversion,0.4629629629629629,-5.1557,TEST
2026-03-19,ADANIENSOL,True Connors RSI Mean Reversion,0.3333333333333333,-3.583,TEST
2026-03-20,ADANIENSOL,True Connors RSI Mean Reversion,0.4111111111111111,7.33,TEST
2026-03-25,ADANIENSOL,True Connors RSI Mean Reversion,0.25,19.3198,TEST
2026-04-07,ADANIENSOL,True Connors RSI Mean Reversion,0.3333333333333333,34.1406,TEST
2026-04-30,ADANIENSOL,True Connors RSI Mean Reversion,0.8392857142857143,-1.7247,TEST
2026-05-08,ADANIENSOL,True Connors RSI Mean Reversion,0.553921568627451,1.2659,TEST
2026-07-23,ADANIENSOL,True Connors RSI Mean Reversion,0.9166666666666666,-3.3413,TEST
2026-07-08,ADANIENT,True Connors RSI Mean Reversion,0.6071428571428571,2.866,TEST
2026-07-22,ADANIENT,True Connors RSI Mean Reversion,0.5797101449275363,-3.0854,TEST
2026-06-30,ADANIGREEN,True Connors RSI Mean Reversion,0.5666666666666667,7.5258,TEST
2026-07-07,ADANIGREEN,True Connors RSI Mean Reversion,0.5966666666666667,1.5143,TEST
2026-07-08,ADANIGREEN,True Connors RSI Mean Reversion,0.503968253968254,-2.7736,TEST
2026-07-09,ADANIGREEN,True Connors RSI Mean Reversion,0.4629629629629629,-8.3123,TEST
2026-07-17,ADANIGREEN,True Connors RSI Mean Reversion,0.6432291666666666,-9.2341,TEST
2026-02-24,AETHER,True Connors RSI Mean Reversion,0.1153846153846153,3.7283,TEST
2026-02-26,AETHER,True Connors RSI Mean Reversion,0.2619047619047619,3.6843,TEST
2026-02-27,AETHER,True Connors RSI Mean Reversion,0.2207207207207207,10.102,TEST
2026-04-21,AETHER,True Connors RSI Mean Reversion,0.2760416666666667,3.0628,TEST
2026-04-22,AETHER,True Connors RSI Mean Reversion,0.3205128205128205,4.0692,TEST
2026-04-23,AETHER,True Connors RSI Mean Reversion,0.4047619047619047,3.2116,TEST
2026-06-05,AETHER,True Connors RSI Mean Reversion,0.5745614035087719,2.1264,TEST
2026-06-08,AETHER,True Connors RSI Mean Reversion,0.5364583333333334,7.6424,TEST
2026-06-09,AETHER,True Connors RSI Mean Reversion,0.3166666666666666,9.6211,TEST
2026-06-10,AETHER,True Connors RSI Mean Reversion,0.2722222222222222,20.6936,TEST
2026-06-11,AETHER,True Connors RSI Mean Reversion,0.2239583333333333,16.2368,TEST
2026-06-18,AETHER,True Connors RSI Mean Reversion,0.3765432098765431,19.3391,TEST
2026-06-19,AETHER,True Connors RSI Mean Reversion,0.3305084745762712,16.2151,TEST
2026-07-01,AETHER,True Connors RSI Mean Reversion,0.4738562091503267,11.3607,TEST
2026-04-24,AIAENG,True Connors RSI Mean Reversion,0.2272727272727272,-2.7732,TEST
2026-04-27,AIAENG,True Connors RSI Mean Reversion,0.3229166666666667,-7.3689,TEST
2026-04-28,AIAENG,True Connors RSI Mean Reversion,0.3222222222222222,-5.6255,TEST
2026-04-29,AIAENG,True Connors RSI Mean Reversion,0.2647058823529412,-1.7084,TEST
2026-04-30,AIAENG,True Connors RSI Mean Reversion,0.2261904761904762,-2.6187,TEST
2026-05-04,AIAENG,True Connors RSI Mean Reversion,0.1851851851851852,-1.9369,TEST
2026-05-05,AIAENG,True Connors RSI Mean Reversion,0.1111111111111111,1.3316,TEST
2026-05-06,AIAENG,True Connors RSI Mean Reversion,0.1078431372549019,0.6912,TEST
2026-05-08,AIAENG,True Connors RSI Mean Reversion,0.2058823529411765,0.5159,TEST
2026-05-11,AIAENG,True Connors RSI Mean Reversion,0.0666666666666666,1.7362,TEST
2026-05-20,AIAENG,True Connors RSI Mean Reversion,0.3148148148148148,14.1108,TEST
2026-05-22,AIAENG,True Connors RSI Mean Reversion,0.4909909909909909,14.732,TEST
2026-05-25,AIAENG,True Connors RSI Mean Reversion,0.4418604651162791,13.9823,TEST
2026-06-08,AIAENG,True Connors RSI Mean Reversion,0.59375,6.5846,TEST
2026-06-09,AIAENG,True Connors RSI Mean Reversion,0.5416666666666666,9.1695,TEST
2026-06-10,AIAENG,True Connors RSI Mean Reversion,0.6888888888888888,10.3977,TEST
2026-06-11,AIAENG,True Connors RSI Mean Reversion,0.28125,10.8538,TEST
2026-07-03,AIAENG,True Connors RSI Mean Reversion,0.4650537634408602,-1.327,TEST
2026-07-08,AIAENG,True Connors RSI Mean Reversion,0.5277777777777778,-0.8678,TEST
2026-03-16,AJANTPHARM,True Connors RSI Mean Reversion,0.5740740740740741,-5.4987,TEST
2026-05-21,AJANTPHARM,True Connors RSI Mean Reversion,0.2526881720430107,-6.4519,TEST
2026-05-22,AJANTPHARM,True Connors RSI Mean Reversion,0.2207207207207207,-4.5932,TEST
2026-05-25,AJANTPHARM,True Connors RSI Mean Reversion,0.1744186046511628,-3.6573,TEST
2026-05-27,AJANTPHARM,True Connors RSI Mean Reversion,0.3055555555555555,1.7909,TEST
2026-05-28,AJANTPHARM,True Connors RSI Mean Reversion,0.2388059701492537,3.4387,TEST
2026-06-08,AJANTPHARM,True Connors RSI Mean Reversion,0.2552083333333333,5.3645,TEST
2026-06-15,AJANTPHARM,True Connors RSI Mean Reversion,0.313953488372093,10.7975,TEST
2026-06-18,AJANTPHARM,True Connors RSI Mean Reversion,0.2561728395061728,8.2201,TEST
2026-06-19,AJANTPHARM,True Connors RSI Mean Reversion,0.1271186440677966,7.456,TEST
2026-07-03,AJANTPHARM,True Connors RSI Mean Reversion,0.3387096774193548,2.0564,TEST
2026-07-08,AJANTPHARM,True Connors RSI Mean Reversion,0.4166666666666667,6.0037,TEST
2026-07-17,AJANTPHARM,True Connors RSI Mean Reversion,0.6848958333333334,0.7326,TEST
2026-07-24,AJANTPHARM,True Connors RSI Mean Reversion,0.5285714285714286,4.4546,TEST
2026-05-12,AKUMS,True Connors RSI Mean Reversion,0.5493827160493827,0.7191,TEST
2026-05-29,AKUMS,True Connors RSI Mean Reversion,0.1936936936936937,18.7607,TEST
2026-07-17,AKUMS,True Connors RSI Mean Reversion,0.7161458333333334,-1.3338,TEST
2026-02-27,ALKEM,True Connors RSI Mean Reversion,0.2747747747747748,-1.699,TEST
2026-04-23,ALKEM,True Connors RSI Mean Reversion,0.3,0.323,TEST
2026-05-12,ALKEM,True Connors RSI Mean Reversion,0.1049382716049382,-1.2844,TEST
2026-05-15,ALKEM,True Connors RSI Mean Reversion,0.2654320987654321,0.6038,TEST
2026-07-08,ALKEM,True Connors RSI Mean Reversion,0.3214285714285714,-0.8697,TEST
2026-07-22,ALKEM,True Connors RSI Mean Reversion,0.2898550724637681,1.7051,TEST
2026-06-24,ALKYLAMINE,True Connors RSI Mean Reversion,0.3187134502923976,4.1348,TEST
2026-07-23,ALKYLAMINE,True Connors RSI Mean Reversion,0.4342105263157894,6.8375,TEST
2026-04-29,ANGELONE,True Connors RSI Mean Reversion,0.3970588235294117,-4.2427,TEST
2026-04-30,ANGELONE,True Connors RSI Mean Reversion,0.4107142857142857,-1.6229,TEST
2026-06-08,ANGELONE,True Connors RSI Mean Reversion,0.515625,8.2037,TEST
2026-06-23,ANGELONE,True Connors RSI Mean Reversion,0.592948717948718,-1.8129,TEST
2026-06-24,ANGELONE,True Connors RSI Mean Reversion,0.4883040935672515,-3.0161,TEST
2026-06-25,ANGELONE,True Connors RSI Mean Reversion,0.34375,1.745,TEST
2026-07-07,ANGELONE,True Connors RSI Mean Reversion,0.5633333333333334,-3.6133,TEST
2026-04-16,ANURAS,True Connors RSI Mean Reversion,0.0987654320987654,7.0245,TEST
2026-04-23,ANURAS,True Connors RSI Mean Reversion,0.5428571428571428,2.3955,TEST
2026-04-24,ANURAS,True Connors RSI Mean Reversion,0.2803030303030303,0.4576,TEST
2026-04-27,ANURAS,True Connors RSI Mean Reversion,0.5104166666666666,2.5573,TEST
2026-04-28,ANURAS,True Connors RSI Mean Reversion,0.4111111111111111,4.3406,TEST
2026-04-29,ANURAS,True Connors RSI Mean Reversion,0.3137254901960784,5.7191,TEST
2026-05-11,ANURAS,True Connors RSI Mean Reversion,0.5833333333333334,0.4469,TEST
2026-05-12,ANURAS,True Connors RSI Mean Reversion,0.5061728395061729,-0.1385,TEST
2026-05-18,ANURAS,True Connors RSI Mean Reversion,0.3448275862068966,-3.6279,TEST
2026-05-19,ANURAS,True Connors RSI Mean Reversion,0.264367816091954,-2.1203,TEST
2026-05-20,ANURAS,True Connors RSI Mean Reversion,0.2962962962962963,-3.2653,TEST
2026-05-22,ANURAS,True Connors RSI Mean Reversion,0.5495495495495496,-4.446,TEST
2026-05-25,ANURAS,True Connors RSI Mean Reversion,0.631782945736434,-5.3022,TEST
2026-05-26,ANURAS,True Connors RSI Mean Reversion,0.4404761904761904,-8.3532,TEST
2026-05-27,ANURAS,True Connors RSI Mean Reversion,0.3888888888888889,-6.9956,TEST
2026-05-28,ANURAS,True Connors RSI Mean Reversion,0.4527363184079602,-7.5136,TEST
2026-06-03,ANURAS,True Connors RSI Mean Reversion,0.2733333333333334,-2.9101,TEST
2026-06-05,ANURAS,True Connors RSI Mean Reversion,0.2324561403508772,-3.1032,TEST
2026-03-04,APARINDS,True Connors RSI Mean Reversion,0.7156862745098039,-5.5534,TEST
2026-03-10,APARINDS,True Connors RSI Mean Reversion,0.3888888888888889,-1.3705,TEST
2026-04-01,APARINDS,True Connors RSI Mean Reversion,0.5,18.0001,TEST
2026-06-30,APARINDS,True Connors RSI Mean Reversion,0.5166666666666666,-14.2217,TEST
2026-03-04,APOLLOHOSP,True Connors RSI Mean Reversion,0.6274509803921569,-2.974,TEST
2026-03-11,APOLLOHOSP,True Connors RSI Mean Reversion,0.3771929824561403,-0.1252,TEST
2026-03-12,APOLLOHOSP,True Connors RSI Mean Reversion,0.40625,-0.0926,TEST
2026-03-13,APOLLOHOSP,True Connors RSI Mean Reversion,0.4583333333333333,-1.9299,TEST
2026-03-17,APOLLOHOSP,True Connors RSI Mean Reversion,0.3833333333333333,-2.5827,TEST
2026-03-18,APOLLOHOSP,True Connors RSI Mean Reversion,0.3518518518518518,-0.459,TEST
2026-06-01,APOLLOHOSP,True Connors RSI Mean Reversion,0.2450980392156862,8.3483,TEST
2026-06-02,APOLLOHOSP,True Connors RSI Mean Reversion,0.4770114942528735,3.4651,TEST
2026-07-08,APOLLOHOSP,True Connors RSI Mean Reversion,0.5634920634920635,2.0727,TEST
2026-07-13,APOLLOHOSP,True Connors RSI Mean Reversion,0.6320754716981133,1.0686,TEST
2026-07-17,APOLLOHOSP,True Connors RSI Mean Reversion,0.4817708333333333,1.4958,TEST
2026-07-23,APOLLOHOSP,True Connors RSI Mean Reversion,0.5789473684210527,1.9714,TEST
2026-07-24,APOLLOHOSP,True Connors RSI Mean Reversion,0.638095238095238,1.4632,TEST
2026-07-22,APTUS,True Connors RSI Mean Reversion,0.4818840579710144,-9.7952,TEST
2026-07-23,APTUS,True Connors RSI Mean Reversion,0.4824561403508771,-8.3304,TEST
2026-07-16,ASAHIINDIA,True Connors RSI Mean Reversion,0.2514124293785311,-2.4574,TEST
2026-07-17,ASAHIINDIA,True Connors RSI Mean Reversion,0.2109375,-0.6292,TEST
2026-02-19,ASHOKLEY,True Connors RSI Mean Reversion,0.6014492753623188,-3.8951,TEST
2026-03-02,ASHOKLEY,True Connors RSI Mean Reversion,0.7839506172839507,-14.8404,TEST
2026-06-18,ASHOKLEY,True Connors RSI Mean Reversion,0.1388888888888889,4.3321,TEST
2026-06-26,ASHOKLEY,True Connors RSI Mean Reversion,0.3032407407407407,-1.5687,TEST
2026-06-29,ASHOKLEY,True Connors RSI Mean Reversion,0.3226950354609929,0.1006,TEST
2026-06-30,ASHOKLEY,True Connors RSI Mean Reversion,0.15,-1.71,TEST
2026-07-03,ASHOKLEY,True Connors RSI Mean Reversion,0.2231182795698924,-5.6926,TEST
2026-07-07,ASHOKLEY,True Connors RSI Mean Reversion,0.21,-4.8814,TEST
2026-06-01,ASIANPAINT,True Connors RSI Mean Reversion,0.6127450980392157,4.3106,TEST
2026-06-08,ASIANPAINT,True Connors RSI Mean Reversion,0.5989583333333334,0.2926,TEST
2026-06-22,ASIANPAINT,True Connors RSI Mean Reversion,0.3385416666666667,3.2184,TEST
2026-07-14,ASIANPAINT,True Connors RSI Mean Reversion,0.3566666666666667,3.4519,TEST
2026-07-23,ASIANPAINT,True Connors RSI Mean Reversion,0.2675438596491228,5.1487,TEST
2026-03-09,ASTRAL,True Connors RSI Mean Reversion,0.3472222222222221,-4.2513,TEST
2026-03-20,ASTRAL,True Connors RSI Mean Reversion,0.4111111111111111,-3.851,TEST
2026-05-29,ASTRAL,True Connors RSI Mean Reversion,0.4639639639639639,-5.4169,TEST
2026-05-29,ATUL,True Connors RSI Mean Reversion,0.1306306306306306,-5.3721,TEST
2026-04-27,AUBANK,True Connors RSI Mean Reversion,0.390625,-3.9044,TEST
2026-05-05,AUBANK,True Connors RSI Mean Reversion,0.2575757575757575,-4.2463,TEST
2026-05-11,AUBANK,True Connors RSI Mean Reversion,0.2277777777777777,-2.087,TEST
2026-05-12,AUBANK,True Connors RSI Mean Reversion,0.1296296296296296,1.5761,TEST
2026-05-13,AUBANK,True Connors RSI Mean Reversion,0.1130952380952381,0.4096,TEST
2026-05-14,AUBANK,True Connors RSI Mean Reversion,0.1857142857142857,-0.4852,TEST
2026-05-27,AUBANK,True Connors RSI Mean Reversion,0.2142857142857142,-4.5572,TEST
2026-05-28,AUBANK,True Connors RSI Mean Reversion,0.2985074626865672,-4.1493,TEST
2026-06-16,AUBANK,True Connors RSI Mean Reversion,0.4056603773584906,0.7334,TEST
2026-06-17,AUBANK,True Connors RSI Mean Reversion,0.2844827586206896,2.8767,TEST
2026-06-23,AUBANK,True Connors RSI Mean Reversion,0.2211538461538461,4.4956,TEST
2026-06-29,AUBANK,True Connors RSI Mean Reversion,0.5673758865248227,2.4638,TEST
2026-07-08,AUBANK,True Connors RSI Mean Reversion,0.246031746031746,-5.6411,TEST
2026-07-09,AUBANK,True Connors RSI Mean Reversion,0.2518518518518518,-6.9677,TEST
2026-07-13,AUBANK,True Connors RSI Mean Reversion,0.210691823899371,0.2095,TEST
2026-07-14,AUBANK,True Connors RSI Mean Reversion,0.1533333333333333,0.4602,TEST
2026-07-15,AUBANK,True Connors RSI Mean Reversion,0.0748299319727891,1.668,TEST
2026-07-16,AUBANK,True Connors RSI Mean Reversion,0.0706214689265536,-0.4251,TEST
2026-07-17,AUBANK,True Connors RSI Mean Reversion,0.1119791666666666,1.1889,TEST
2026-03-04,AUROPHARMA,True Connors RSI Mean Reversion,0.2352941176470588,5.9265,TEST
2026-03-19,AUROPHARMA,True Connors RSI Mean Reversion,0.4583333333333333,5.3883,TEST
2026-04-13,AUROPHARMA,True Connors RSI Mean Reversion,0.46875,5.3778,TEST
2026-04-20,AUROPHARMA,True Connors RSI Mean Reversion,0.411111111111111,0.5187,TEST
2026-04-29,AUROPHARMA,True Connors RSI Mean Reversion,0.5735294117647058,7.579,TEST
2026-04-30,AUROPHARMA,True Connors RSI Mean Reversion,0.4047619047619047,8.737,TEST
2026-05-04,AUROPHARMA,True Connors RSI Mean Reversion,0.2407407407407407,9.2146,TEST
2026-05-22,AUROPHARMA,True Connors RSI Mean Reversion,0.5990990990990991,0.4879,TEST
2026-05-25,AUROPHARMA,True Connors RSI Mean Reversion,0.5775193798449613,0.1241,TEST
2026-07-17,AUROPHARMA,True Connors RSI Mean Reversion,0.2083333333333333,3.052,TEST
2026-07-23,AUROPHARMA,True Connors RSI Mean Reversion,0.1535087719298245,5.086,TEST
2026-02-27,AVANTIFEED,True Connors RSI Mean Reversion,0.5270270270270271,2.3399,TEST
2026-04-22,AVANTIFEED,True Connors RSI Mean Reversion,0.4743589743589744,-6.6205,TEST
2026-04-29,AVANTIFEED,True Connors RSI Mean Reversion,0.4754901960784314,-3.134,TEST
2026-04-30,AVANTIFEED,True Connors RSI Mean Reversion,0.5178571428571428,-3.6721,TEST
2026-05-26,AVANTIFEED,True Connors RSI Mean Reversion,0.1944444444444444,-23.0769,TEST
2026-03-02,AXISBANK,True Connors RSI Mean Reversion,0.4753086419753087,-8.6575,TEST
2026-03-04,AXISBANK,True Connors RSI Mean Reversion,0.4215686274509804,-7.5061,TEST
2026-03-05,AXISBANK,True Connors RSI Mean Reversion,0.4722222222222222,-10.3935,TEST
2026-04-16,AXISBANK,True Connors RSI Mean Reversion,0.3024691358024691,-6.2602,TEST
2026-04-20,AXISBANK,True Connors RSI Mean Reversion,0.3277777777777778,-6.3115,TEST
2026-04-23,AXISBANK,True Connors RSI Mean Reversion,0.4047619047619048,-5.5734,TEST
2026-04-24,AXISBANK,True Connors RSI Mean Reversion,0.3409090909090909,-4.2792,TEST
2026-04-27,AXISBANK,True Connors RSI Mean Reversion,0.2864583333333333,-3.0259,TEST
2026-05-26,AXISBANK,True Connors RSI Mean Reversion,0.3214285714285714,-0.3009,TEST
2026-05-29,AXISBANK,True Connors RSI Mean Reversion,0.3513513513513513,5.2211,TEST
2026-06-17,AXISBANK,True Connors RSI Mean Reversion,0.4971264367816091,1.5657,TEST
2026-06-25,AXISBANK,True Connors RSI Mean Reversion,0.5833333333333334,-5.7798,TEST
2026-06-29,AXISBANK,True Connors RSI Mean Reversion,0.4184397163120567,-2.746,TEST
2026-06-30,AXISBANK,True Connors RSI Mean Reversion,0.3866666666666667,-2.0126,TEST
2026-07-02,AXISBANK,True Connors RSI Mean Reversion,0.2738095238095238,-4.6898,TEST
2026-07-03,AXISBANK,True Connors RSI Mean Reversion,0.1559139784946236,-1.9308,TEST
2026-07-06,AXISBANK,True Connors RSI Mean Reversion,0.2160493827160493,-6.67,TEST
2026-07-07,AXISBANK,True Connors RSI Mean Reversion,0.3133333333333333,-6.3117,TEST
2026-02-19,BAJAJFINSV,True Connors RSI Mean Reversion,0.4492753623188406,-8.0809,TEST
2026-02-23,BAJAJFINSV,True Connors RSI Mean Reversion,0.3666666666666667,-8.4412,TEST
2026-02-24,BAJAJFINSV,True Connors RSI Mean Reversion,0.358974358974359,-12.4244,TEST
2026-02-26,BAJAJFINSV,True Connors RSI Mean Reversion,0.238095238095238,-14.0752,TEST
2026-02-24,BAJFINANCE,True Connors RSI Mean Reversion,0.3461538461538462,-13.0691,TEST
2026-02-25,BAJFINANCE,True Connors RSI Mean Reversion,0.2432432432432432,-15.4445,TEST
2026-02-26,BAJFINANCE,True Connors RSI Mean Reversion,0.2857142857142857,-15.2535,TEST
2026-02-27,BAJFINANCE,True Connors RSI Mean Reversion,0.2432432432432432,-9.5623,TEST
2026-07-09,BAJFINANCE,True Connors RSI Mean Reversion,0.4777777777777778,2.9403,TEST
2026-07-23,BAJFINANCE,True Connors RSI Mean Reversion,0.6973684210526315,11.4377,TEST
2026-07-24,BAJFINANCE,True Connors RSI Mean Reversion,0.5428571428571428,4.9966,TEST
2026-02-19,BALKRISIND,True Connors RSI Mean Reversion,0.4565217391304347,-11.079,TEST
2026-07-07,BANDHANBNK,True Connors RSI Mean Reversion,0.5166666666666666,1.8981,TEST
2026-07-14,BANDHANBNK,True Connors RSI Mean Reversion,0.41,-19.1186,TEST
2026-07-21,BANDHANBNK,True Connors RSI Mean Reversion,0.5154320987654321,-7.635,TEST
2026-03-02,BANKBARODA,True Connors RSI Mean Reversion,0.6481481481481483,-8.6732,TEST
2026-03-05,BANKBARODA,True Connors RSI Mean Reversion,0.3240740740740741,-8.8294,TEST
2026-06-16,BANKBARODA,True Connors RSI Mean Reversion,0.4213836477987421,-1.6607,TEST
2026-06-23,BANKBARODA,True Connors RSI Mean Reversion,0.2211538461538461,-9.5438,TEST
2026-06-25,BANKBARODA,True Connors RSI Mean Reversion,0.2743055555555555,-12.3769,TEST
2026-06-29,BANKBARODA,True Connors RSI Mean Reversion,0.1489361702127659,-8.4551,TEST
2026-06-30,BANKBARODA,True Connors RSI Mean Reversion,0.1666666666666666,-9.9014,TEST
2026-07-01,BANKBARODA,True Connors RSI Mean Reversion,0.1928104575163398,-9.2687,TEST
2026-06-10,BANKINDIA,True Connors RSI Mean Reversion,0.4277777777777777,-0.1731,TEST
2026-06-11,BANKINDIA,True Connors RSI Mean Reversion,0.2916666666666667,0.5,TEST
2026-06-16,BANKINDIA,True Connors RSI Mean Reversion,0.2295597484276729,-3.829,TEST
2026-06-19,BANKINDIA,True Connors RSI Mean Reversion,0.3587570621468927,-1.7394,TEST
2026-06-22,BANKINDIA,True Connors RSI Mean Reversion,0.2786458333333333,-4.3056,TEST
2026-06-23,BANKINDIA,True Connors RSI Mean Reversion,0.2692307692307692,-1.2413,TEST
2026-06-24,BANKINDIA,True Connors RSI Mean Reversion,0.239766081871345,-7.0446,TEST
2026-06-25,BANKINDIA,True Connors RSI Mean Reversion,0.2291666666666666,-4.2772,TEST
2026-06-26,BANKINDIA,True Connors RSI Mean Reversion,0.2662037037037036,-0.069,TEST
2026-07-03,BANKINDIA,True Connors RSI Mean Reversion,0.2043010752688172,-0.3272,TEST
2026-07-15,BANKINDIA,True Connors RSI Mean Reversion,0.3027210884353741,-5.265,TEST
2026-07-16,BANKINDIA,True Connors RSI Mean Reversion,0.1412429378531073,-4.3763,TEST
2026-07-17,BANKINDIA,True Connors RSI Mean Reversion,0.2005208333333333,-3.5315,TEST
2026-07-22,BANKINDIA,True Connors RSI Mean Reversion,0.3840579710144927,-1.6325,TEST
2026-03-04,BHARATFORG,True Connors RSI Mean Reversion,0.8333333333333334,-5.0316,TEST
2026-03-11,BHARATFORG,True Connors RSI Mean Reversion,0.4649122807017543,-2.9834,TEST
2026-03-12,BHARATFORG,True Connors RSI Mean Reversion,0.5520833333333334,-2.2052,TEST
2026-04-09,BHARATFORG,True Connors RSI Mean Reversion,0.5,5.9966,TEST
2026-04-23,BHARATFORG,True Connors RSI Mean Reversion,0.5857142857142857,5.7803,TEST
2026-05-04,BHARATFORG,True Connors RSI Mean Reversion,0.3287037037037036,2.4488,TEST
2026-05-12,BHARATFORG,True Connors RSI Mean Reversion,0.4753086419753086,0.9148,TEST
2026-05-15,BHARATFORG,True Connors RSI Mean Reversion,0.4259259259259259,2.4712,TEST
2026-05-18,BHARATFORG,True Connors RSI Mean Reversion,0.2701149425287356,2.0,TEST
2026-05-22,BHARATFORG,True Connors RSI Mean Reversion,0.3063063063063063,0.7834,TEST
2026-06-01,BHARATFORG,True Connors RSI Mean Reversion,0.2156862745098039,5.5698,TEST
2026-06-02,BHARATFORG,True Connors RSI Mean Reversion,0.3448275862068965,5.4609,TEST
2026-06-05,BHARATFORG,True Connors RSI Mean Reversion,0.1842105263157895,6.8852,TEST
2026-06-08,BHARATFORG,True Connors RSI Mean Reversion,0.1510416666666666,10.2621,TEST
2026-07-01,BHARATFORG,True Connors RSI Mean Reversion,0.5588235294117648,-1.3221,TEST
2026-07-08,BHARATFORG,True Connors RSI Mean Reversion,0.4166666666666667,3.9724,TEST
2026-07-10,BHARATFORG,True Connors RSI Mean Reversion,0.3226950354609929,2.0683,TEST
2026-07-14,BHARATFORG,True Connors RSI Mean Reversion,0.3833333333333333,1.822,TEST
2026-07-15,BHARATFORG,True Connors RSI Mean Reversion,0.3809523809523809,3.2916,TEST
2026-07-16,BHARATFORG,True Connors RSI Mean Reversion,0.4378531073446328,3.0319,TEST
2026-07-21,BHARATFORG,True Connors RSI Mean Reversion,0.6111111111111112,0.3199,TEST
2026-07-22,BHARATFORG,True Connors RSI Mean Reversion,0.6811594202898551,0.692,TEST
2026-07-23,BHARATFORG,True Connors RSI Mean Reversion,0.6754385964912281,2.2202,TEST
2026-07-24,BHARATFORG,True Connors RSI Mean Reversion,0.6666666666666666,4.4834,TEST
2026-06-01,BHEL,True Connors RSI Mean Reversion,0.6519607843137255,-4.2875,TEST
2026-07-02,BHEL,True Connors RSI Mean Reversion,0.5327380952380952,8.3085,TEST
2026-03-02,BIOCON,True Connors RSI Mean Reversion,0.3209876543209877,-1.1908,TEST
2026-03-13,BIOCON,True Connors RSI Mean Reversion,0.4027777777777777,-5.7702,TEST
2026-06-01,BIOCON,True Connors RSI Mean Reversion,0.607843137254902,-2.1059,TEST
2026-06-02,BIOCON,True Connors RSI Mean Reversion,0.3563218390804598,0.3494,TEST
2026-06-03,BIOCON,True Connors RSI Mean Reversion,0.2266666666666666,-0.3749,TEST
2026-06-08,BIOCON,True Connors RSI Mean Reversion,0.3177083333333333,2.3081,TEST
2026-07-13,BIOCON,True Connors RSI Mean Reversion,0.5440251572327044,2.0826,TEST
2026-07-24,BIOCON,True Connors RSI Mean Reversion,0.6714285714285714,-2.4371,TEST
2026-02-19,BLUESTARCO,True Connors RSI Mean Reversion,0.5144927536231884,-0.5867,TEST
2026-02-20,BLUESTARCO,True Connors RSI Mean Reversion,0.4722222222222222,-5.2406,TEST
2026-02-23,BLUESTARCO,True Connors RSI Mean Reversion,0.3999999999999999,-3.6837,TEST
2026-02-24,BLUESTARCO,True Connors RSI Mean Reversion,0.3675213675213675,-1.2213,TEST
2026-02-25,BLUESTARCO,True Connors RSI Mean Reversion,0.3603603603603604,0.437,TEST
2026-03-02,BLUESTARCO,True Connors RSI Mean Reversion,0.2530864197530864,-3.3232,TEST
2026-07-08,BORORENEW,True Connors RSI Mean Reversion,0.5,-1.6528,TEST
2026-07-17,BORORENEW,True Connors RSI Mean Reversion,0.6744791666666666,-8.0119,TEST
2026-02-27,BOSCHLTD,True Connors RSI Mean Reversion,0.4549549549549549,-15.3396,TEST
2026-05-12,BOSCHLTD,True Connors RSI Mean Reversion,0.2037037037037037,-1.8488,TEST
2026-05-13,BOSCHLTD,True Connors RSI Mean Reversion,0.1964285714285714,-1.3955,TEST
2026-06-04,BOSCHLTD,True Connors RSI Mean Reversion,0.2833333333333334,7.2749,TEST
2026-06-08,BOSCHLTD,True Connors RSI Mean Reversion,0.3385416666666667,9.3474,TEST
2026-07-16,BOSCHLTD,True Connors RSI Mean Reversion,0.384180790960452,1.0703,TEST
2026-07-17,BOSCHLTD,True Connors RSI Mean Reversion,0.2708333333333333,0.6985,TEST
2026-03-13,BSE,True Connors RSI Mean Reversion,0.5416666666666667,-4.0579,TEST
2026-03-20,BSE,True Connors RSI Mean Reversion,0.3444444444444444,14.2094,TEST
2026-04-24,BSE,True Connors RSI Mean Reversion,0.6136363636363636,12.7677,TEST
2026-06-01,BSE,True Connors RSI Mean Reversion,0.7009803921568628,2.6368,TEST
2026-06-01,CAMS,True Connors RSI Mean Reversion,0.2107843137254902,2.5257,TEST
2026-06-24,CAMS,True Connors RSI Mean Reversion,0.5438596491228069,-6.2516,TEST
2026-07-06,CAMS,True Connors RSI Mean Reversion,0.3518518518518518,-1.807,TEST
2026-02-19,CANBK,True Connors RSI Mean Reversion,0.3115942028985507,-2.1649,TEST
2026-02-27,CANBK,True Connors RSI Mean Reversion,0.4279279279279279,-10.5057,TEST
2026-03-02,CANBK,True Connors RSI Mean Reversion,0.4506172839506173,-8.9467,TEST
2026-06-18,CANBK,True Connors RSI Mean Reversion,0.2685185185185185,-6.1578,TEST
2026-06-19,CANBK,True Connors RSI Mean Reversion,0.1638418079096045,-4.9757,TEST
2026-04-29,CANFINHOME,True Connors RSI Mean Reversion,0.2401960784313725,-5.3318,TEST
2026-04-30,CANFINHOME,True Connors RSI Mean Reversion,0.244047619047619,-2.5484,TEST
2026-05-01,CANFINHOME,True Connors RSI Mean Reversion,0.2150537634408602,-3.0194,TEST
2026-05-05,CANFINHOME,True Connors RSI Mean Reversion,0.1464646464646464,-5.1471,TEST
2026-05-07,CANFINHOME,True Connors RSI Mean Reversion,0.132183908045977,-5.0112,TEST
2026-05-08,CANFINHOME,True Connors RSI Mean Reversion,0.2450980392156863,-2.5543,TEST
2026-06-24,CANFINHOME,True Connors RSI Mean Reversion,0.2690058479532164,1.1642,TEST
2026-07-08,CANFINHOME,True Connors RSI Mean Reversion,0.4563492063492063,-8.1868,TEST
2026-07-14,CANFINHOME,True Connors RSI Mean Reversion,0.2466666666666666,-9.6184,TEST
2026-07-17,CANFINHOME,True Connors RSI Mean Reversion,0.3229166666666667,-8.3129,TEST
2026-05-27,CARBORUNIV,True Connors RSI Mean Reversion,0.3611111111111111,-1.7971,TEST
2026-06-02,CARBORUNIV,True Connors RSI Mean Reversion,0.3850574712643678,3.4566,TEST
2026-06-03,CARBORUNIV,True Connors RSI Mean Reversion,0.3133333333333333,11.7229,TEST
2026-07-02,CARBORUNIV,True Connors RSI Mean Reversion,0.3541666666666667,-5.0232,TEST
2026-07-03,CARBORUNIV,True Connors RSI Mean Reversion,0.346774193548387,-7.8355,TEST
2026-02-18,CCL,True Connors RSI Mean Reversion,0.3186274509803921,2.8123,TEST
2026-02-19,CCL,True Connors RSI Mean Reversion,0.2681159420289855,1.8857,TEST
2026-02-27,CCL,True Connors RSI Mean Reversion,0.2477477477477477,7.6233,TEST
2026-03-30,CCL,True Connors RSI Mean Reversion,0.5,1.5653,TEST
2026-04-08,CCL,True Connors RSI Mean Reversion,0.6515151515151515,-1.177,TEST
2026-04-09,CCL,True Connors RSI Mean Reversion,0.5888888888888889,1.2719,TEST
2026-04-10,CCL,True Connors RSI Mean Reversion,0.3333333333333333,4.785,TEST
2026-04-15,CCL,True Connors RSI Mean Reversion,0.4682539682539683,3.315,TEST
2026-04-16,CCL,True Connors RSI Mean Reversion,0.3395061728395062,5.3555,TEST
2026-04-20,CCL,True Connors RSI Mean Reversion,0.3055555555555556,7.4261,TEST
2026-04-23,CCL,True Connors RSI Mean Reversion,0.2904761904761905,11.937,TEST
2026-04-28,CCL,True Connors RSI Mean Reversion,0.2222222222222222,-0.9412,TEST
2026-05-08,CCL,True Connors RSI Mean Reversion,0.4950980392156863,-4.3302,TEST
2026-06-16,CCL,True Connors RSI Mean Reversion,0.1477987421383647,5.3608,TEST
2026-06-17,CCL,True Connors RSI Mean Reversion,0.1149425287356322,6.5766,TEST
2026-07-03,CCL,True Connors RSI Mean Reversion,0.1317204301075268,1.2235,TEST
2026-07-08,CCL,True Connors RSI Mean Reversion,0.2261904761904762,1.7936,TEST
2026-07-16,CCL,True Connors RSI Mean Reversion,0.4576271186440677,-1.8395,TEST
2026-07-17,CCL,True Connors RSI Mean Reversion,0.4114583333333333,-2.4487,TEST
2026-07-22,CCL,True Connors RSI Mean Reversion,0.3478260869565217,-5.4855,TEST
2026-07-23,CCL,True Connors RSI Mean Reversion,0.2982456140350877,-4.1356,TEST
2026-07-24,CCL,True Connors RSI Mean Reversion,0.1904761904761904,-4.5608,TEST
2026-02-18,CEATLTD,True Connors RSI Mean Reversion,0.176470588235294,-12.0266,TEST
2026-04-22,CEATLTD,True Connors RSI Mean Reversion,0.3119658119658119,-11.1802,TEST
2026-04-23,CEATLTD,True Connors RSI Mean Reversion,0.0999999999999999,-9.4007,TEST
2026-07-14,CEATLTD,True Connors RSI Mean Reversion,0.2933333333333333,-8.9805,TEST
2026-07-23,CENTURYPLY,True Connors RSI Mean Reversion,0.3289473684210526,0.8103,TEST
2026-04-30,3MINDIA,True NR7 Volatility Expansion Breakout,0.1964285714285714,-6.703489204150323,TEST
2026-07-17,3MINDIA,True NR7 Volatility Expansion Breakout,0.5364583333333334,-1.7735527809307605,TEST
2026-02-26,AARTIIND,True NR7 Volatility Expansion Breakout,0.4904761904761904,-8.113123911699097,TEST
2026-03-11,AARTIIND,True NR7 Volatility Expansion Breakout,0.5526315789473685,-0.03476910027967373,TEST
2026-04-17,AARTIIND,True NR7 Volatility Expansion Breakout,0.4195402298850574,14.611565941885654,TEST
2026-05-01,AARTIIND,True NR7 Volatility Expansion Breakout,0.6989247311827956,-9.113060428849902,TEST
2026-05-28,AARTIIND,True NR7 Volatility Expansion Breakout,0.572139303482587,-14.558161536991388,TEST
2026-05-28,AARTIIND,True NR7 Volatility Expansion Breakout,0.572139303482587,-14.558161536991388,TEST
2026-06-26,AARTIIND,True NR7 Volatility Expansion Breakout,0.2662037037037036,3.872979033005608,TEST
2026-07-09,AARTIIND,True NR7 Volatility Expansion Breakout,0.0962962962962963,0.48329866359426027,TEST
2026-07-16,AARTIIND,True NR7 Volatility Expansion Breakout,0.7570621468926554,-5.201850996136429,TEST
2026-07-16,AARTIIND,True NR7 Volatility Expansion Breakout,0.7570621468926554,-5.201850996136429,TEST
2026-07-21,AARTIIND,True NR7 Volatility Expansion Breakout,0.4351851851851852,-4.196083493568064,TEST
2026-02-18,ABCAPITAL,True NR7 Volatility Expansion Breakout,0.3676470588235294,-6.586827858414454,TEST
2026-05-25,ABCAPITAL,True NR7 Volatility Expansion Breakout,0.3449612403100775,-5.740515551797431,TEST
2026-05-26,ABCAPITAL,True NR7 Volatility Expansion Breakout,0.4404761904761904,-4.081349218581681,TEST
2026-05-28,ABCAPITAL,True NR7 Volatility Expansion Breakout,0.4427860696517413,-8.245876924277393,TEST
2026-05-28,ABCAPITAL,True NR7 Volatility Expansion Breakout,0.4427860696517413,-8.245876924277393,TEST
2026-06-09,ABCAPITAL,True NR7 Volatility Expansion Breakout,0.1999999999999999,8.880688525720053,TEST
2026-06-26,ABCAPITAL,True NR7 Volatility Expansion Breakout,0.5671296296296297,4.477993998625928,TEST
2026-06-26,ABCAPITAL,True NR7 Volatility Expansion Breakout,0.5671296296296297,4.477993998625928,TEST
2026-02-23,ADANIENSOL,True NR7 Volatility Expansion Breakout,0.2708333333333333,0.35643322633044555,TEST
2026-03-19,ADANIENSOL,True NR7 Volatility Expansion Breakout,0.3333333333333333,-3.8649014007684044,TEST
2026-04-07,ADANIENSOL,True NR7 Volatility Expansion Breakout,0.3333333333333333,34.14059641501799,TEST
2026-04-21,ADANIENSOL,True NR7 Volatility Expansion Breakout,0.6510416666666666,10.721860232318093,TEST
2026-05-01,ADANIENSOL,True NR7 Volatility Expansion Breakout,0.6451612903225806,-3.9351528676538323,TEST
2026-05-22,ADANIENSOL,True NR7 Volatility Expansion Breakout,0.7072072072072072,13.450204383129213,TEST
2026-05-28,ADANIENSOL,True NR7 Volatility Expansion Breakout,0.7810945273631841,-5.8056660350305975,TEST
2026-06-12,ADANIENSOL,True NR7 Volatility Expansion Breakout,0.4430894308943089,-0.07951962702948973,TEST
2026-06-17,ADANIENSOL,True NR7 Volatility Expansion Breakout,0.3879310344827587,1.677469408999575,TEST
2026-07-13,ADANIENSOL,True NR7 Volatility Expansion Breakout,0.60062893081761,2.165313022644659,TEST
2026-05-20,ADANIENT,True NR7 Volatility Expansion Breakout,0.5123456790123456,7.247334781067578,TEST
2026-05-28,ADANIENT,True NR7 Volatility Expansion Breakout,0.7711442786069652,-2.644088791265747,TEST
2026-06-15,ADANIENT,True NR7 Volatility Expansion Breakout,0.5155038759689923,-0.6872276231981227,TEST
2026-06-17,ADANIENT,True NR7 Volatility Expansion Breakout,0.617816091954023,5.684992356908724,TEST
2026-07-17,ADANIENT,True NR7 Volatility Expansion Breakout,0.6223958333333334,-5.504271732620332,TEST
2026-05-01,ADANIGREEN,True NR7 Volatility Expansion Breakout,0.7419354838709676,11.895486261097538,TEST
2026-05-20,ADANIGREEN,True NR7 Volatility Expansion Breakout,0.5987654320987654,3.329714078899747,TEST
2026-05-28,ADANIGREEN,True NR7 Volatility Expansion Breakout,0.7810945273631842,-3.033333333333333,TEST
2026-07-20,ADANIGREEN,True NR7 Volatility Expansion Breakout,0.6037037037037037,-9.403821550617954,TEST
2026-06-18,AEGISLOG,True NR7 Volatility Expansion Breakout,0.6512345679012346,30.62898584763832,TEST
2026-06-19,AEGISLOG,True NR7 Volatility Expansion Breakout,0.652542372881356,30.613453761828087,TEST
2026-06-26,AEGISLOG,True NR7 Volatility Expansion Breakout,0.8310185185185185,9.826826725269372,TEST
2026-07-10,AEGISLOG,True NR7 Volatility Expansion Breakout,0.5780141843971631,4.06353228312142,TEST
2026-07-17,AEGISLOG,True NR7 Volatility Expansion Breakout,0.8203125,-5.6848270376932994,TEST
2026-07-22,AEGISLOG,True NR7 Volatility Expansion Breakout,0.7427536231884058,2.0321673119974415,TEST
2026-03-19,AETHER,True NR7 Volatility Expansion Breakout,0.9583333333333334,0.4444489655671296,TEST
2026-04-07,AETHER,True NR7 Volatility Expansion Breakout,0.5625,5.651790073939733,TEST
2026-04-16,AETHER,True NR7 Volatility Expansion Breakout,0.4012345679012346,-2.2685530585383655,TEST
2026-06-09,AETHER,True NR7 Volatility Expansion Breakout,0.3166666666666666,8.939670586505057,TEST
2026-06-12,AETHER,True NR7 Volatility Expansion Breakout,0.3536585365853659,14.124537373901763,TEST
2026-06-15,AETHER,True NR7 Volatility Expansion Breakout,0.2906976744186046,15.40842228476999,TEST
2026-06-26,AETHER,True NR7 Volatility Expansion Breakout,0.6504629629629629,13.25938242240898,TEST
2026-07-21,AETHER,True NR7 Volatility Expansion Breakout,0.4907407407407407,8.10274307041952,TEST
2026-05-14,AIAENG,True NR7 Volatility Expansion Breakout,0.1476190476190476,14.214601435549392,TEST
2026-05-28,AIAENG,True NR7 Volatility Expansion Breakout,0.681592039800995,-3.194351042367182,TEST
2026-05-28,AIAENG,True NR7 Volatility Expansion Breakout,0.681592039800995,-3.194351042367182,TEST
2026-06-16,AIAENG,True NR7 Volatility Expansion Breakout,0.490566037735849,12.14742666836791,TEST
2026-06-16,AIAENG,True NR7 Volatility Expansion Breakout,0.490566037735849,12.14742666836791,TEST
2026-06-26,AIAENG,True NR7 Volatility Expansion Breakout,0.7199074074074074,-3.987289872898729,TEST
2026-06-26,AIAENG,True NR7 Volatility Expansion Breakout,0.7199074074074074,-3.987289872898729,TEST
2026-07-09,AIAENG,True NR7 Volatility Expansion Breakout,0.4407407407407408,-3.0264550264550265,TEST
2026-07-20,AIAENG,True NR7 Volatility Expansion Breakout,0.2333333333333333,-0.5392760582537155,TEST
2026-02-18,AJANTPHARM,True NR7 Volatility Expansion Breakout,0.7647058823529411,-0.1711494352228031,TEST
2026-02-18,AJANTPHARM,True NR7 Volatility Expansion Breakout,0.7647058823529411,-0.1711494352228031,TEST
2026-05-28,AJANTPHARM,True NR7 Volatility Expansion Breakout,0.2388059701492537,3.4387410377210563,TEST
2026-06-16,AJANTPHARM,True NR7 Volatility Expansion Breakout,0.3679245283018867,10.06881147020167,TEST
2026-06-19,AJANTPHARM,True NR7 Volatility Expansion Breakout,0.1271186440677966,7.455987124344539,TEST
2026-06-19,AJANTPHARM,True NR7 Volatility Expansion Breakout,0.1271186440677966,7.455987124344539,TEST
2026-06-26,AJANTPHARM,True NR7 Volatility Expansion Breakout,0.4375,5.288649955460143,TEST
2026-07-15,AJANTPHARM,True NR7 Volatility Expansion Breakout,0.5748299319727891,-2.1266212604915506,TEST
2026-07-20,AJANTPHARM,True NR7 Volatility Expansion Breakout,0.5740740740740741,0.9451313681722063,TEST
2026-05-22,AKUMS,True NR7 Volatility Expansion Breakout,0.3198198198198198,4.490565176054038,TEST
2026-05-28,AKUMS,True NR7 Volatility Expansion Breakout,0.4228855721393034,13.23665496087371,TEST
2026-06-18,AKUMS,True NR7 Volatility Expansion Breakout,0.5216049382716049,5.346236294137731,TEST
2026-06-19,AKUMS,True NR7 Volatility Expansion Breakout,0.4943502824858757,2.400626029318621,TEST
2026-06-26,AKUMS,True NR7 Volatility Expansion Breakout,0.5902777777777778,15.74123153733091,TEST
2026-07-20,AKUMS,True NR7 Volatility Expansion Breakout,0.6185185185185186,0.04405753887685635,TEST
2026-04-21,ALKEM,True NR7 Volatility Expansion Breakout,0.4114583333333333,-5.517188260391317,TEST
2026-07-07,ALKYLAMINE,True NR7 Volatility Expansion Breakout,0.38,1.9367383137659546,TEST
2026-07-07,ALKYLAMINE,True NR7 Volatility Expansion Breakout,0.38,1.9367383137659546,TEST
2026-07-20,ALKYLAMINE,True NR7 Volatility Expansion Breakout,0.3444444444444444,-1.378452871153233,TEST
2026-04-21,ANGELONE,True NR7 Volatility Expansion Breakout,0.8177083333333334,-3.750190618648526,TEST
2026-04-28,ANGELONE,True NR7 Volatility Expansion Breakout,0.45,-6.656673371507097,TEST
2026-05-01,ANGELONE,True NR7 Volatility Expansion Breakout,0.4193548387096774,-0.6025015714522142,TEST
2026-05-28,ANGELONE,True NR7 Volatility Expansion Breakout,0.6417910447761194,-4.343332779944178,TEST
2026-06-17,ANGELONE,True NR7 Volatility Expansion Breakout,0.6752873563218391,-3.157901029658624,TEST
2026-06-26,ANGELONE,True NR7 Volatility Expansion Breakout,0.4513888888888889,3.2214644741961522,TEST
2026-04-24,ANURAS,True NR7 Volatility Expansion Breakout,0.2803030303030303,0.4575947346783921,TEST
2026-04-24,ANURAS,True NR7 Volatility Expansion Breakout,0.2803030303030303,0.4575947346783921,TEST
2026-05-06,ANURAS,True NR7 Volatility Expansion Breakout,0.4313725490196078,-0.7094800898935187,TEST
2026-05-06,ANURAS,True NR7 Volatility Expansion Breakout,0.4313725490196078,-0.7094800898935187,TEST
2026-05-11,ANURAS,True NR7 Volatility Expansion Breakout,0.5833333333333334,0.29992506115124357,TEST
2026-05-11,ANURAS,True NR7 Volatility Expansion Breakout,0.5833333333333334,0.29992506115124357,TEST
2026-05-26,ANURAS,True NR7 Volatility Expansion Breakout,0.4404761904761904,-8.465766481894683,TEST
2026-05-26,ANURAS,True NR7 Volatility Expansion Breakout,0.4404761904761904,-8.465766481894683,TEST
2026-05-26,ANURAS,True NR7 Volatility Expansion Breakout,0.4404761904761904,-8.465766481894683,TEST
2026-05-28,ANURAS,True NR7 Volatility Expansion Breakout,0.4527363184079602,-8.04093567251462,TEST
2026-05-28,ANURAS,True NR7 Volatility Expansion Breakout,0.4527363184079602,-8.04093567251462,TEST
2026-03-09,APARINDS,True NR7 Volatility Expansion Breakout,0.4583333333333333,-5.100658149438638,TEST
2026-03-19,APARINDS,True NR7 Volatility Expansion Breakout,0.4861111111111111,4.33710174717369,TEST
2026-03-20,APARINDS,True NR7 Volatility Expansion Breakout,0.3666666666666667,6.584696677166954,TEST
2026-04-22,APARINDS,True NR7 Volatility Expansion Breakout,0.7136752136752137,2.7760487987053404,TEST
2026-05-01,APARINDS,True NR7 Volatility Expansion Breakout,0.6881720430107526,0.8369868473495418,TEST
2026-05-21,APARINDS,True NR7 Volatility Expansion Breakout,0.5752688172043011,6.189000774593339,TEST
2026-05-28,APARINDS,True NR7 Volatility Expansion Breakout,0.6716417910447762,7.785185185185186,TEST
2026-06-22,APARINDS,True NR7 Volatility Expansion Breakout,0.6744791666666666,-12.557997557997558,TEST
2026-06-26,APARINDS,True NR7 Volatility Expansion Breakout,0.6921296296296298,-12.258145050555486,TEST
2026-04-09,APOLLOHOSP,True NR7 Volatility Expansion Breakout,0.2333333333333333,2.9353035143769968,TEST
2026-04-10,APOLLOHOSP,True NR7 Volatility Expansion Breakout,0.3260869565217391,3.464233769668121,TEST
2026-04-21,APOLLOHOSP,True NR7 Volatility Expansion Breakout,0.2291666666666666,0.09014810045074051,TEST
2026-04-21,APOLLOHOSP,True NR7 Volatility Expansion Breakout,0.2291666666666666,0.09014810045074051,TEST
2026-05-01,APOLLOHOSP,True NR7 Volatility Expansion Breakout,0.2795698924731182,4.97434898370024,TEST
2026-05-01,APOLLOHOSP,True NR7 Volatility Expansion Breakout,0.2795698924731182,4.97434898370024,TEST
2026-05-28,APOLLOHOSP,True NR7 Volatility Expansion Breakout,0.537313432835821,2.665457842248413,TEST
2026-05-28,APOLLOHOSP,True NR7 Volatility Expansion Breakout,0.537313432835821,2.665457842248413,TEST
2026-06-17,APOLLOHOSP,True NR7 Volatility Expansion Breakout,0.3333333333333333,1.8193632228719947,TEST
2026-06-17,APOLLOHOSP,True NR7 Volatility Expansion Breakout,0.3333333333333333,1.8193632228719947,TEST
2026-06-17,APOLLOHOSP,True NR7 Volatility Expansion Breakout,0.3333333333333333,1.8193632228719947,TEST
2026-06-18,APOLLOHOSP,True NR7 Volatility Expansion Breakout,0.4876543209876542,2.7349518577588756,TEST
2026-06-18,APOLLOHOSP,True NR7 Volatility Expansion Breakout,0.4876543209876542,2.7349518577588756,TEST
2026-06-26,APOLLOHOSP,True NR7 Volatility Expansion Breakout,0.5625,1.6206896551724137,TEST
2026-06-26,APOLLOHOSP,True NR7 Volatility Expansion Breakout,0.5625,1.6206896551724137,TEST
2026-07-21,APOLLOHOSP,True NR7 Volatility Expansion Breakout,0.5833333333333334,1.168185121010564,TEST
2026-07-21,APOLLOHOSP,True NR7 Volatility Expansion Breakout,0.5833333333333334,1.168185121010564,TEST
2026-02-24,ASHOKLEY,True NR7 Volatility Expansion Breakout,0.6623931623931624,-12.491708435893885,TEST
2026-06-19,ASIANPAINT,True NR7 Volatility Expansion Breakout,0.4632768361581921,0.3143301374267401,TEST
2026-06-19,ASIANPAINT,True NR7 Volatility Expansion Breakout,0.4632768361581921,0.3143301374267401,TEST
2026-06-26,ASIANPAINT,True NR7 Volatility Expansion Breakout,0.3726851851851851,1.2324247035392362,TEST
2026-07-16,ASIANPAINT,True NR7 Volatility Expansion Breakout,0.2146892655367231,1.971699958788636,TEST
2026-07-16,ASIANPAINT,True NR7 Volatility Expansion Breakout,0.2146892655367231,1.971699958788636,TEST
2026-02-18,ASTRAL,True NR7 Volatility Expansion Breakout,0.5833333333333334,1.2850167835528319,TEST
2026-03-17,ASTRAL,True NR7 Volatility Expansion Breakout,0.6166666666666666,-6.4156626506024095,TEST
2026-05-28,ASTRAL,True NR7 Volatility Expansion Breakout,0.3432835820895523,-6.78093494742676,TEST
2026-05-28,ASTRAL,True NR7 Volatility Expansion Breakout,0.3432835820895523,-6.78093494742676,TEST
2026-06-22,ASTRAL,True NR7 Volatility Expansion Breakout,0.0677083333333333,-11.23466534652662,TEST
2026-06-22,ASTRAL,True NR7 Volatility Expansion Breakout,0.0677083333333333,-11.23466534652662,TEST
2026-05-01,ATUL,True NR7 Volatility Expansion Breakout,0.4193548387096774,3.0478982410054134,TEST
2026-05-01,ATUL,True NR7 Volatility Expansion Breakout,0.4193548387096774,3.0478982410054134,TEST
2026-05-25,ATUL,True NR7 Volatility Expansion Breakout,0.3217054263565891,-7.134813989319771,TEST
2026-05-28,ATUL,True NR7 Volatility Expansion Breakout,0.3830845771144278,-7.2259948884779615,TEST
2026-05-28,ATUL,True NR7 Volatility Expansion Breakout,0.3830845771144278,-7.2259948884779615,TEST
2026-06-26,ATUL,True NR7 Volatility Expansion Breakout,0.2847222222222222,-6.925375059317964,TEST
2026-06-26,ATUL,True NR7 Volatility Expansion Breakout,0.2847222222222222,-6.925375059317964,TEST
2026-05-14,AUBANK,True NR7 Volatility Expansion Breakout,0.1857142857142857,-0.4851959824154781,TEST
2026-05-14,AUBANK,True NR7 Volatility Expansion Breakout,0.1857142857142857,-0.4851959824154781,TEST
2026-05-28,AUBANK,True NR7 Volatility Expansion Breakout,0.2985074626865672,-4.149255903964829,TEST
2026-05-28,AUBANK,True NR7 Volatility Expansion Breakout,0.2985074626865672,-4.149255903964829,TEST
2026-06-18,AUBANK,True NR7 Volatility Expansion Breakout,0.3981481481481481,2.776021578012028,TEST
2026-06-26,AUBANK,True NR7 Volatility Expansion Breakout,0.4375,3.694743630171187,TEST
2026-03-04,AUROPHARMA,True NR7 Volatility Expansion Breakout,0.2352941176470588,5.4950514792894,TEST
2026-03-30,AUROPHARMA,True NR7 Volatility Expansion Breakout,0.7000000000000001,4.075968384502623,TEST
2026-04-28,AUROPHARMA,True NR7 Volatility Expansion Breakout,0.5166666666666667,4.069926655375874,TEST
2026-05-01,AUROPHARMA,True NR7 Volatility Expansion Breakout,0.4193548387096774,8.140203778835838,TEST
2026-05-01,AUROPHARMA,True NR7 Volatility Expansion Breakout,0.4193548387096774,8.140203778835838,TEST
2026-05-12,AUROPHARMA,True NR7 Volatility Expansion Breakout,0.7530864197530865,-2.845747927401928,TEST
2026-05-12,AUROPHARMA,True NR7 Volatility Expansion Breakout,0.7530864197530865,-2.845747927401928,TEST
2026-05-26,AUROPHARMA,True NR7 Volatility Expansion Breakout,0.3571428571428571,-1.2808317347539773,TEST
2026-05-26,AUROPHARMA,True NR7 Volatility Expansion Breakout,0.3571428571428571,-1.2808317347539773,TEST
2026-06-11,AUROPHARMA,True NR7 Volatility Expansion Breakout,0.4479166666666667,5.152126516015889,TEST
2026-06-11,AUROPHARMA,True NR7 Volatility Expansion Breakout,0.4479166666666667,5.152126516015889,TEST
2026-06-26,AUROPHARMA,True NR7 Volatility Expansion Breakout,0.5902777777777778,0.6108539286438092,TEST
2026-06-26,AUROPHARMA,True NR7 Volatility Expansion Breakout,0.5902777777777778,0.6108539286438092,TEST
2026-02-20,AVANTIFEED,True NR7 Volatility Expansion Breakout,0.638888888888889,-16.921431991932284,TEST
2026-03-10,AVANTIFEED,True NR7 Volatility Expansion Breakout,0.5,-2.8279402812167085,TEST
2026-03-16,AVANTIFEED,True NR7 Volatility Expansion Breakout,0.6481481481481481,-0.8025939059094708,TEST
2026-05-01,AVANTIFEED,True NR7 Volatility Expansion Breakout,0.5806451612903226,-4.805755260878638,TEST
2026-04-17,AXISBANK,True NR7 Volatility Expansion Breakout,0.293103448275862,-7.036577251914106,TEST
2026-05-28,AXISBANK,True NR7 Volatility Expansion Breakout,0.2835820895522388,1.0122010830210602,TEST
2026-06-17,AXISBANK,True NR7 Volatility Expansion Breakout,0.4971264367816091,0.21966192318839586,TEST
2026-06-17,AXISBANK,True NR7 Volatility Expansion Breakout,0.4971264367816091,0.21966192318839586,TEST
2026-06-19,AXISBANK,True NR7 Volatility Expansion Breakout,0.4463276836158192,-1.533390675864317,TEST
2026-06-19,AXISBANK,True NR7 Volatility Expansion Breakout,0.4463276836158192,-1.533390675864317,TEST
2026-06-22,AXISBANK,True NR7 Volatility Expansion Breakout,0.2864583333333333,-1.939828289980056,TEST
2026-06-22,AXISBANK,True NR7 Volatility Expansion Breakout,0.2864583333333333,-1.939828289980056,TEST
2026-06-26,AXISBANK,True NR7 Volatility Expansion Breakout,0.5208333333333334,-4.874279279890879,TEST
2026-06-26,AXISBANK,True NR7 Volatility Expansion Breakout,0.5208333333333334,-4.874279279890879,TEST
2026-05-22,BALAMINES,True NR7 Volatility Expansion Breakout,0.7612612612612613,9.034155159980415,TEST
2026-05-28,BALAMINES,True NR7 Volatility Expansion Breakout,0.7512437810945274,11.934606555341587,TEST
2026-06-12,BALAMINES,True NR7 Volatility Expansion Breakout,0.573170731707317,-8.761467207735873,TEST
2026-06-16,BALAMINES,True NR7 Volatility Expansion Breakout,0.5188679245283019,-3.167654293036388,TEST
2026-07-14,BALAMINES,True NR7 Volatility Expansion Breakout,0.5633333333333334,-4.070020272259729,TEST
2026-07-15,BALAMINES,True NR7 Volatility Expansion Breakout,0.5748299319727891,-4.394315360666437,TEST
2026-04-29,BALRAMCHIN,True NR7 Volatility Expansion Breakout,0.5441176470588235,5.873278327722698,TEST
2026-05-26,BALRAMCHIN,True NR7 Volatility Expansion Breakout,0.242063492063492,0.6278179862012042,TEST
2026-05-28,BALRAMCHIN,True NR7 Volatility Expansion Breakout,0.4328358208955223,3.4609534446355776,TEST
2026-05-28,BALRAMCHIN,True NR7 Volatility Expansion Breakout,0.4328358208955223,3.4609534446355776,TEST
2026-06-10,BALRAMCHIN,True NR7 Volatility Expansion Breakout,0.25,-1.0324550827856787,TEST
2026-06-16,BALRAMCHIN,True NR7 Volatility Expansion Breakout,0.3616352201257862,-0.9017835344587053,TEST
2026-06-24,BALRAMCHIN,True NR7 Volatility Expansion Breakout,0.1286549707602339,4.169753000347121,TEST
2026-06-24,BALRAMCHIN,True NR7 Volatility Expansion Breakout,0.1286549707602339,4.169753000347121,TEST
2026-06-26,BALRAMCHIN,True NR7 Volatility Expansion Breakout,0.2199074074074074,6.121305028042237,TEST
2026-07-10,BALRAMCHIN,True NR7 Volatility Expansion Breakout,0.3156028368794326,7.072045372413544,TEST
2026-04-17,BANDHANBNK,True NR7 Volatility Expansion Breakout,0.3505747126436782,13.29702893335801,TEST
2026-05-01,BANDHANBNK,True NR7 Volatility Expansion Breakout,0.6344086021505376,-4.065116111708188,TEST
2026-05-19,BANDHANBNK,True NR7 Volatility Expansion Breakout,0.2356321839080459,7.178851861495435,TEST
2026-05-28,BANDHANBNK,True NR7 Volatility Expansion Breakout,0.6417910447761194,-5.841790514816876,TEST
2026-06-16,BANKBARODA,True NR7 Volatility Expansion Breakout,0.4213836477987421,-2.049626782427889,TEST
2026-06-19,BANKBARODA,True NR7 Volatility Expansion Breakout,0.2966101694915254,-10.72566479708241,TEST
2026-06-26,BANKBARODA,True NR7 Volatility Expansion Breakout,0.349537037037037,-10.214670143741616,TEST
2026-02-18,BANKINDIA,True NR7 Volatility Expansion Breakout,0.6666666666666666,-5.257081357235658,TEST
2026-02-18,BANKINDIA,True NR7 Volatility Expansion Breakout,0.6666666666666666,-5.257081357235658,TEST
2026-02-25,BANKINDIA,True NR7 Volatility Expansion Breakout,0.5900900900900901,-12.231362039954064,TEST
2026-05-28,BANKINDIA,True NR7 Volatility Expansion Breakout,0.2835820895522388,-0.7720317782926155,TEST
2026-05-28,BANKINDIA,True NR7 Volatility Expansion Breakout,0.2835820895522388,-0.7720317782926155,TEST
2026-06-17,BANKINDIA,True NR7 Volatility Expansion Breakout,0.3936781609195403,-4.193720983374484,TEST
2026-06-26,BANKINDIA,True NR7 Volatility Expansion Breakout,0.2662037037037036,-0.0689697265625,TEST
2026-06-26,BANKINDIA,True NR7 Volatility Expansion Breakout,0.2662037037037036,-0.0689697265625,TEST
2026-07-17,BANKINDIA,True NR7 Volatility Expansion Breakout,0.2005208333333333,-4.334258066762177,TEST
2026-07-17,BANKINDIA,True NR7 Volatility Expansion Breakout,0.2005208333333333,-4.334258066762177,TEST
2026-02-18,BHARATFORG,True NR7 Volatility Expansion Breakout,0.926470588235294,6.663668950995835,TEST
2026-02-27,BHARATFORG,True NR7 Volatility Expansion Breakout,0.7477477477477478,-11.903649827315125,TEST
2026-02-27,BHARATFORG,True NR7 Volatility Expansion Breakout,0.7477477477477478,-11.903649827315125,TEST
2026-04-15,BHARATFORG,True NR7 Volatility Expansion Breakout,0.6904761904761906,3.1633603113765307,TEST
2026-04-16,BHARATFORG,True NR7 Volatility Expansion Breakout,0.6296296296296297,1.1612843901695413,TEST
2026-04-16,BHARATFORG,True NR7 Volatility Expansion Breakout,0.6296296296296297,1.1612843901695413,TEST
2026-04-28,BHARATFORG,True NR7 Volatility Expansion Breakout,0.5055555555555556,-0.10443874594027196,TEST
2026-05-22,BHARATFORG,True NR7 Volatility Expansion Breakout,0.3063063063063063,0.6729655221472071,TEST
2026-05-28,BHARATFORG,True NR7 Volatility Expansion Breakout,0.427860696517413,-0.6900450668395868,TEST
2026-06-26,BHARATFORG,True NR7 Volatility Expansion Breakout,0.6597222222222222,-1.0197645275922138,TEST
2026-06-26,BHARATFORG,True NR7 Volatility Expansion Breakout,0.6597222222222222,-1.0197645275922138,TEST
2026-07-16,BHARATFORG,True NR7 Volatility Expansion Breakout,0.4378531073446328,1.7868058904623978,TEST
2026-07-16,BHARATFORG,True NR7 Volatility Expansion Breakout,0.4378531073446328,1.7868058904623978,TEST
2026-04-15,BHEL,True NR7 Volatility Expansion Breakout,0.4682539682539682,15.841144957804257,TEST
2026-05-01,BHEL,True NR7 Volatility Expansion Breakout,0.7204301075268816,12.19717929007517,TEST
2026-05-22,BHEL,True NR7 Volatility Expansion Breakout,0.6081081081081081,-6.432105267445705,TEST
2026-05-26,BHEL,True NR7 Volatility Expansion Breakout,0.6150793650793651,-5.673167962023918,TEST
2026-05-28,BHEL,True NR7 Volatility Expansion Breakout,0.7761194029850746,-12.592855211478279,TEST
2026-06-16,BHEL,True NR7 Volatility Expansion Breakout,0.3993710691823899,6.823171599457279,TEST
2026-06-26,BHEL,True NR7 Volatility Expansion Breakout,0.5740740740740741,-1.8500170497582908,TEST
2026-03-10,BIOCON,True NR7 Volatility Expansion Breakout,0.6222222222222222,-7.378598108366323,TEST
2026-03-10,BIOCON,True NR7 Volatility Expansion Breakout,0.6222222222222222,-7.378598108366323,TEST
2026-05-25,BIOCON,True NR7 Volatility Expansion Breakout,0.5271317829457364,-5.375723277722718,TEST
2026-05-25,BIOCON,True NR7 Volatility Expansion Breakout,0.5271317829457364,-5.375723277722718,TEST
2026-05-28,BIOCON,True NR7 Volatility Expansion Breakout,0.6169154228855721,-3.759833984504534,TEST
2026-05-28,BIOCON,True NR7 Volatility Expansion Breakout,0.6169154228855721,-3.759833984504534,TEST
2026-06-18,BIOCON,True NR7 Volatility Expansion Breakout,0.2407407407407407,0.7703441563933998,TEST
2026-06-18,BIOCON,True NR7 Volatility Expansion Breakout,0.2407407407407407,0.7703441563933998,TEST
2026-06-19,BIOCON,True NR7 Volatility Expansion Breakout,0.2937853107344633,2.300787645248924,TEST
2026-06-19,BIOCON,True NR7 Volatility Expansion Breakout,0.2937853107344633,2.300787645248924,TEST
2026-06-26,BIOCON,True NR7 Volatility Expansion Breakout,0.3310185185185185,0.5279496865945398,TEST
2026-06-26,BIOCON,True NR7 Volatility Expansion Breakout,0.3310185185185185,0.5279496865945398,TEST
2026-07-15,BIOCON,True NR7 Volatility Expansion Breakout,0.6836734693877551,-2.300281902885977,TEST
2026-02-20,BLUESTARCO,True NR7 Volatility Expansion Breakout,0.4722222222222222,-5.297981687414719,TEST
2026-02-20,BLUESTARCO,True NR7 Volatility Expansion Breakout,0.4722222222222222,-5.297981687414719,TEST
2026-06-26,BORORENEW,True NR7 Volatility Expansion Breakout,0.7615740740740741,4.036052475760162,TEST
2026-06-26,BORORENEW,True NR7 Volatility Expansion Breakout,0.7615740740740741,4.036052475760162,TEST
2026-05-28,BOSCHLTD,True NR7 Volatility Expansion Breakout,0.2388059701492537,3.2998783551383526,TEST
2026-06-17,BOSCHLTD,True NR7 Volatility Expansion Breakout,0.6293103448275862,3.331649015076195,TEST
2026-06-19,BOSCHLTD,True NR7 Volatility Expansion Breakout,0.7627118644067797,3.5723156600656925,TEST
2026-06-19,BOSCHLTD,True NR7 Volatility Expansion Breakout,0.7627118644067797,3.5723156600656925,TEST
2026-06-23,BOSCHLTD,True NR7 Volatility Expansion Breakout,0.6185897435897436,3.6712036392013947,TEST
2026-06-23,BOSCHLTD,True NR7 Volatility Expansion Breakout,0.6185897435897436,3.6712036392013947,TEST
2026-06-24,BOSCHLTD,True NR7 Volatility Expansion Breakout,0.672514619883041,2.7914984425245803,TEST
2026-06-24,BOSCHLTD,True NR7 Volatility Expansion Breakout,0.672514619883041,2.7914984425245803,TEST
2026-06-26,BOSCHLTD,True NR7 Volatility Expansion Breakout,0.6828703703703703,2.9165647969881543,TEST
2026-06-26,BOSCHLTD,True NR7 Volatility Expansion Breakout,0.6828703703703703,2.9165647969881543,TEST
2026-07-08,BOSCHLTD,True NR7 Volatility Expansion Breakout,0.7857142857142857,-1.1770270934623137,TEST
2026-07-08,BOSCHLTD,True NR7 Volatility Expansion Breakout,0.7857142857142857,-1.1770270934623137,TEST
2026-07-09,BOSCHLTD,True NR7 Volatility Expansion Breakout,0.5703703703703703,-0.20082429398139892,TEST
2026-07-09,BOSCHLTD,True NR7 Volatility Expansion Breakout,0.5703703703703703,-0.20082429398139892,TEST
2026-07-14,BOSCHLTD,True NR7 Volatility Expansion Breakout,0.3533333333333333,-1.3139038820280433,TEST
2026-07-14,BOSCHLTD,True NR7 Volatility Expansion Breakout,0.3533333333333333,-1.3139038820280433,TEST
2026-04-16,BSE,True NR7 Volatility Expansion Breakout,0.8024691358024691,5.219805759360246,TEST
2026-04-16,BSE,True NR7 Volatility Expansion Breakout,0.8024691358024691,5.219805759360246,TEST
2026-05-01,BSE,True NR7 Volatility Expansion Breakout,0.5806451612903226,8.682430430225006,TEST
2026-05-01,BSE,True NR7 Volatility Expansion Breakout,0.5806451612903226,8.682430430225006,TEST
2026-05-13,BSE,True NR7 Volatility Expansion Breakout,0.75,8.313994041194055,TEST
2026-05-13,BSE,True NR7 Volatility Expansion Breakout,0.75,8.313994041194055,TEST
2026-05-22,BSE,True NR7 Volatility Expansion Breakout,0.7702702702702703,-8.705885452005933,TEST
2026-05-28,BSE,True NR7 Volatility Expansion Breakout,0.7412935323383084,-8.510585199365496,TEST
2026-06-22,BSE,True NR7 Volatility Expansion Breakout,0.4192708333333333,-6.221946010639266,TEST
2026-05-28,CAMS,True NR7 Volatility Expansion Breakout,0.4477611940298507,-8.287325325151214,TEST
2026-02-23,CANBK,True NR7 Volatility Expansion Breakout,0.4624999999999999,-9.43984440869698,TEST
2026-06-16,CANBK,True NR7 Volatility Expansion Breakout,0.2547169811320754,-5.97049106459569,TEST
2026-06-19,CANBK,True NR7 Volatility Expansion Breakout,0.1638418079096045,-5.75027394021517,TEST
2026-06-22,CANBK,True NR7 Volatility Expansion Breakout,0.2109375,-6.595760651032653,TEST
2026-05-01,CANFINHOME,True NR7 Volatility Expansion Breakout,0.2150537634408602,-3.019408935777069,TEST
2026-06-16,CANFINHOME,True NR7 Volatility Expansion Breakout,0.2861635220125786,-1.2627262852614103,TEST
2026-06-24,CANFINHOME,True NR7 Volatility Expansion Breakout,0.2690058479532164,1.1642303746198464,TEST
2026-06-26,CANFINHOME,True NR7 Volatility Expansion Breakout,0.4282407407407407,4.934542128513721,TEST
2026-06-26,CANFINHOME,True NR7 Volatility Expansion Breakout,0.4282407407407407,4.934542128513721,TEST
2026-05-21,CARBORUNIV,True NR7 Volatility Expansion Breakout,0.4354838709677419,-4.316288512675097,TEST
2026-05-28,CARBORUNIV,True NR7 Volatility Expansion Breakout,0.5472636815920398,-3.6128302322528607,TEST
2026-02-20,CCL,True NR7 Volatility Expansion Breakout,0.3388888888888888,2.626868100901741,TEST
2026-04-10,CCL,True NR7 Volatility Expansion Breakout,0.3333333333333333,3.146269657026219,TEST
2026-04-17,CCL,True NR7 Volatility Expansion Breakout,0.2011494252873563,3.4353882206266793,TEST
2026-04-28,CCL,True NR7 Volatility Expansion Breakout,0.2222222222222222,-3.0641141588812424,TEST
2026-06-17,CCL,True NR7 Volatility Expansion Breakout,0.1149425287356322,4.847996880677925,TEST
2026-06-24,CCL,True NR7 Volatility Expansion Breakout,0.2309941520467836,0.5362096031068135,TEST
2026-06-26,CCL,True NR7 Volatility Expansion Breakout,0.3958333333333333,4.367267104589033,TEST
2026-07-14,CCL,True NR7 Volatility Expansion Breakout,0.6566666666666666,-4.177423292590725,TEST
2026-07-14,CCL,True NR7 Volatility Expansion Breakout,0.6566666666666666,-4.177423292590725,TEST
2026-07-21,CCL,True NR7 Volatility Expansion Breakout,0.2530864197530864,-7.265065099625173,TEST
2026-07-21,CCL,True NR7 Volatility Expansion Breakout,0.2530864197530864,-7.265065099625173,TEST
2026-07-17,3MINDIA,True NR7 Volatility Expansion Breakout,0.5364583333333334,-1.7735527809307605,TEST
2026-07-09,AARTIIND,True NR7 Volatility Expansion Breakout,0.0962962962962963,0.48329866359426027,TEST
2026-06-09,ABCAPITAL,True NR7 Volatility Expansion Breakout,0.1999999999999999,8.880688525720053,TEST
2026-03-19,ADANIENSOL,True NR7 Volatility Expansion Breakout,0.3333333333333333,-3.8649014007684044,TEST
2026-04-07,ADANIENSOL,True NR7 Volatility Expansion Breakout,0.3333333333333333,34.14059641501799,TEST
2026-06-09,AETHER,True NR7 Volatility Expansion Breakout,0.3166666666666666,8.939670586505057,TEST
2026-05-28,AJANTPHARM,True NR7 Volatility Expansion Breakout,0.2388059701492537,3.4387410377210563,TEST
2026-06-19,AJANTPHARM,True NR7 Volatility Expansion Breakout,0.1271186440677966,7.455987124344539,TEST
2026-04-24,ANURAS,True NR7 Volatility Expansion Breakout,0.2803030303030303,0.4575947346783921,TEST
2026-05-11,ANURAS,True NR7 Volatility Expansion Breakout,0.5833333333333334,0.29992506115124357,TEST
2026-05-26,ANURAS,True NR7 Volatility Expansion Breakout,0.4404761904761904,-8.465766481894683,TEST
2026-05-28,ANURAS,True NR7 Volatility Expansion Breakout,0.4527363184079602,-8.04093567251462,TEST
2026-05-14,AUBANK,True NR7 Volatility Expansion Breakout,0.1857142857142857,-0.4851959824154781,TEST
2026-05-28,AUBANK,True NR7 Volatility Expansion Breakout,0.2985074626865672,-4.149255903964829,TEST
2026-03-04,AUROPHARMA,True NR7 Volatility Expansion Breakout,0.2352941176470588,5.4950514792894,TEST
2026-06-17,AXISBANK,True NR7 Volatility Expansion Breakout,0.4971264367816091,0.21966192318839586,TEST
2026-06-16,BANKBARODA,True NR7 Volatility Expansion Breakout,0.4213836477987421,-2.049626782427889,TEST
2026-06-26,BANKINDIA,True NR7 Volatility Expansion Breakout,0.2662037037037036,-0.0689697265625,TEST
2026-07-17,BANKINDIA,True NR7 Volatility Expansion Breakout,0.2005208333333333,-4.334258066762177,TEST
2026-05-22,BHARATFORG,True NR7 Volatility Expansion Breakout,0.3063063063063063,0.6729655221472071,TEST
2026-07-16,BHARATFORG,True NR7 Volatility Expansion Breakout,0.4378531073446328,1.7868058904623978,TEST
2026-02-20,BLUESTARCO,True NR7 Volatility Expansion Breakout,0.4722222222222222,-5.297981687414719,TEST
2026-06-19,CANBK,True NR7 Volatility Expansion Breakout,0.1638418079096045,-5.75027394021517,TEST
2026-05-01,CANFINHOME,True NR7 Volatility Expansion Breakout,0.2150537634408602,-3.019408935777069,TEST
2026-06-24,CANFINHOME,True NR7 Volatility Expansion Breakout,0.2690058479532164,1.1642303746198464,TEST
2026-04-10,CCL,True NR7 Volatility Expansion Breakout,0.3333333333333333,3.146269657026219,TEST
2026-04-28,CCL,True NR7 Volatility Expansion Breakout,0.2222222222222222,-3.0641141588812424,TEST
2026-06-17,CCL,True NR7 Volatility Expansion Breakout,0.1149425287356322,4.847996880677925,TEST
2026-04-30,3MINDIA,True NR7 Volatility Expansion Breakout,0.1964285714285714,-6.703489204150323,TEST
2026-07-17,3MINDIA,True NR7 Volatility Expansion Breakout,0.5364583333333334,-1.7735527809307605,TEST
2026-02-26,AARTIIND,True NR7 Volatility Expansion Breakout,0.4904761904761904,-8.113123911699097,TEST
2026-03-11,AARTIIND,True NR7 Volatility Expansion Breakout,0.5526315789473685,-0.03476910027967373,TEST
2026-04-17,AARTIIND,True NR7 Volatility Expansion Breakout,0.4195402298850574,14.611565941885654,TEST
2026-05-01,AARTIIND,True NR7 Volatility Expansion Breakout,0.6989247311827956,-9.113060428849902,TEST
2026-05-28,AARTIIND,True NR7 Volatility Expansion Breakout,0.572139303482587,-14.558161536991388,TEST
2026-06-26,AARTIIND,True NR7 Volatility Expansion Breakout,0.2662037037037036,3.872979033005608,TEST
2026-07-09,AARTIIND,True NR7 Volatility Expansion Breakout,0.0962962962962963,0.48329866359426027,TEST
2026-07-16,AARTIIND,True NR7 Volatility Expansion Breakout,0.7570621468926554,-5.201850996136429,TEST
2026-07-21,AARTIIND,True NR7 Volatility Expansion Breakout,0.4351851851851852,-4.196083493568064,TEST
2026-02-18,ABCAPITAL,True NR7 Volatility Expansion Breakout,0.3676470588235294,-6.586827858414454,TEST
2026-05-25,ABCAPITAL,True NR7 Volatility Expansion Breakout,0.3449612403100775,-5.740515551797431,TEST
2026-05-26,ABCAPITAL,True NR7 Volatility Expansion Breakout,0.4404761904761904,-4.081349218581681,TEST
2026-05-28,ABCAPITAL,True NR7 Volatility Expansion Breakout,0.4427860696517413,-8.245876924277393,TEST
2026-06-09,ABCAPITAL,True NR7 Volatility Expansion Breakout,0.1999999999999999,8.880688525720053,TEST
2026-06-26,ABCAPITAL,True NR7 Volatility Expansion Breakout,0.5671296296296297,4.477993998625928,TEST
2026-02-23,ADANIENSOL,True NR7 Volatility Expansion Breakout,0.2708333333333333,0.35643322633044555,TEST
2026-03-19,ADANIENSOL,True NR7 Volatility Expansion Breakout,0.3333333333333333,-3.8649014007684044,TEST
2026-04-07,ADANIENSOL,True NR7 Volatility Expansion Breakout,0.3333333333333333,34.14059641501799,TEST
2026-04-21,ADANIENSOL,True NR7 Volatility Expansion Breakout,0.6510416666666666,10.721860232318093,TEST
2026-05-01,ADANIENSOL,True NR7 Volatility Expansion Breakout,0.6451612903225806,-3.9351528676538323,TEST
2026-05-22,ADANIENSOL,True NR7 Volatility Expansion Breakout,0.7072072072072072,13.450204383129213,TEST
2026-05-28,ADANIENSOL,True NR7 Volatility Expansion Breakout,0.7810945273631841,-5.8056660350305975,TEST
2026-06-12,ADANIENSOL,True NR7 Volatility Expansion Breakout,0.4430894308943089,-0.07951962702948973,TEST
2026-06-17,ADANIENSOL,True NR7 Volatility Expansion Breakout,0.3879310344827587,1.677469408999575,TEST
2026-07-13,ADANIENSOL,True NR7 Volatility Expansion Breakout,0.60062893081761,2.165313022644659,TEST
2026-05-20,ADANIENT,True NR7 Volatility Expansion Breakout,0.5123456790123456,7.247334781067578,TEST
2026-05-28,ADANIENT,True NR7 Volatility Expansion Breakout,0.7711442786069652,-2.644088791265747,TEST
2026-06-15,ADANIENT,True NR7 Volatility Expansion Breakout,0.5155038759689923,-0.6872276231981227,TEST
2026-06-17,ADANIENT,True NR7 Volatility Expansion Breakout,0.617816091954023,5.684992356908724,TEST
2026-07-17,ADANIENT,True NR7 Volatility Expansion Breakout,0.6223958333333334,-5.504271732620332,TEST
2026-05-01,ADANIGREEN,True NR7 Volatility Expansion Breakout,0.7419354838709676,11.895486261097538,TEST
2026-05-20,ADANIGREEN,True NR7 Volatility Expansion Breakout,0.5987654320987654,3.329714078899747,TEST
2026-05-28,ADANIGREEN,True NR7 Volatility Expansion Breakout,0.7810945273631842,-3.033333333333333,TEST
2026-07-20,ADANIGREEN,True NR7 Volatility Expansion Breakout,0.6037037037037037,-9.403821550617954,TEST
2026-06-18,AEGISLOG,True NR7 Volatility Expansion Breakout,0.6512345679012346,30.62898584763832,TEST
2026-06-19,AEGISLOG,True NR7 Volatility Expansion Breakout,0.652542372881356,30.613453761828087,TEST
2026-06-26,AEGISLOG,True NR7 Volatility Expansion Breakout,0.8310185185185185,9.826826725269372,TEST
2026-07-10,AEGISLOG,True NR7 Volatility Expansion Breakout,0.5780141843971631,4.06353228312142,TEST
2026-07-17,AEGISLOG,True NR7 Volatility Expansion Breakout,0.8203125,-5.6848270376932994,TEST
2026-07-22,AEGISLOG,True NR7 Volatility Expansion Breakout,0.7427536231884058,2.0321673119974415,TEST
2026-03-19,AETHER,True NR7 Volatility Expansion Breakout,0.9583333333333334,0.4444489655671296,TEST
2026-04-07,AETHER,True NR7 Volatility Expansion Breakout,0.5625,5.651790073939733,TEST
2026-04-16,AETHER,True NR7 Volatility Expansion Breakout,0.4012345679012346,-2.2685530585383655,TEST
2026-06-09,AETHER,True NR7 Volatility Expansion Breakout,0.3166666666666666,8.939670586505057,TEST
2026-06-12,AETHER,True NR7 Volatility Expansion Breakout,0.3536585365853659,14.124537373901763,TEST
2026-06-15,AETHER,True NR7 Volatility Expansion Breakout,0.2906976744186046,15.40842228476999,TEST
2026-06-26,AETHER,True NR7 Volatility Expansion Breakout,0.6504629629629629,13.25938242240898,TEST
2026-07-21,AETHER,True NR7 Volatility Expansion Breakout,0.4907407407407407,8.10274307041952,TEST
2026-05-14,AIAENG,True NR7 Volatility Expansion Breakout,0.1476190476190476,14.214601435549392,TEST
2026-05-28,AIAENG,True NR7 Volatility Expansion Breakout,0.681592039800995,-3.194351042367182,TEST
2026-06-16,AIAENG,True NR7 Volatility Expansion Breakout,0.490566037735849,12.14742666836791,TEST
2026-06-26,AIAENG,True NR7 Volatility Expansion Breakout,0.7199074074074074,-3.987289872898729,TEST
2026-07-09,AIAENG,True NR7 Volatility Expansion Breakout,0.4407407407407408,-3.0264550264550265,TEST
2026-07-20,AIAENG,True NR7 Volatility Expansion Breakout,0.2333333333333333,-0.5392760582537155,TEST
2026-02-18,AJANTPHARM,True NR7 Volatility Expansion Breakout,0.7647058823529411,-0.1711494352228031,TEST
2026-05-28,AJANTPHARM,True NR7 Volatility Expansion Breakout,0.2388059701492537,3.4387410377210563,TEST
2026-06-16,AJANTPHARM,True NR7 Volatility Expansion Breakout,0.3679245283018867,10.06881147020167,TEST
2026-06-19,AJANTPHARM,True NR7 Volatility Expansion Breakout,0.1271186440677966,7.455987124344539,TEST
2026-06-26,AJANTPHARM,True NR7 Volatility Expansion Breakout,0.4375,5.288649955460143,TEST
2026-07-15,AJANTPHARM,True NR7 Volatility Expansion Breakout,0.5748299319727891,-2.1266212604915506,TEST
2026-07-20,AJANTPHARM,True NR7 Volatility Expansion Breakout,0.5740740740740741,0.9451313681722063,TEST
2026-05-22,AKUMS,True NR7 Volatility Expansion Breakout,0.3198198198198198,4.490565176054038,TEST
2026-05-28,AKUMS,True NR7 Volatility Expansion Breakout,0.4228855721393034,13.23665496087371,TEST
2026-06-18,AKUMS,True NR7 Volatility Expansion Breakout,0.5216049382716049,5.346236294137731,TEST
2026-06-19,AKUMS,True NR7 Volatility Expansion Breakout,0.4943502824858757,2.400626029318621,TEST
2026-06-26,AKUMS,True NR7 Volatility Expansion Breakout,0.5902777777777778,15.74123153733091,TEST
2026-07-20,AKUMS,True NR7 Volatility Expansion Breakout,0.6185185185185186,0.04405753887685635,TEST
2026-04-21,ALKEM,True NR7 Volatility Expansion Breakout,0.4114583333333333,-5.517188260391317,TEST
2026-07-07,ALKYLAMINE,True NR7 Volatility Expansion Breakout,0.38,1.9367383137659546,TEST
2026-07-20,ALKYLAMINE,True NR7 Volatility Expansion Breakout,0.3444444444444444,-1.378452871153233,TEST
2026-04-21,ANGELONE,True NR7 Volatility Expansion Breakout,0.8177083333333334,-3.750190618648526,TEST
2026-04-28,ANGELONE,True NR7 Volatility Expansion Breakout,0.45,-6.656673371507097,TEST
2026-05-01,ANGELONE,True NR7 Volatility Expansion Breakout,0.4193548387096774,-0.6025015714522142,TEST
2026-05-28,ANGELONE,True NR7 Volatility Expansion Breakout,0.6417910447761194,-4.343332779944178,TEST
2026-06-17,ANGELONE,True NR7 Volatility Expansion Breakout,0.6752873563218391,-3.157901029658624,TEST
2026-06-26,ANGELONE,True NR7 Volatility Expansion Breakout,0.4513888888888889,3.2214644741961522,TEST
2026-04-24,ANURAS,True NR7 Volatility Expansion Breakout,0.2803030303030303,0.4575947346783921,TEST
2026-05-06,ANURAS,True NR7 Volatility Expansion Breakout,0.4313725490196078,-0.7094800898935187,TEST
2026-05-11,ANURAS,True NR7 Volatility Expansion Breakout,0.5833333333333334,0.29992506115124357,TEST
2026-03-09,APARINDS,True NR7 Volatility Expansion Breakout,0.4583333333333333,-5.100658149438638,TEST
2026-03-19,APARINDS,True NR7 Volatility Expansion Breakout,0.4861111111111111,4.33710174717369,TEST
2026-03-20,APARINDS,True NR7 Volatility Expansion Breakout,0.3666666666666667,6.584696677166954,TEST
2026-04-22,APARINDS,True NR7 Volatility Expansion Breakout,0.7136752136752137,2.7760487987053404,TEST
2026-05-01,APARINDS,True NR7 Volatility Expansion Breakout,0.6881720430107526,0.8369868473495418,TEST
2026-05-21,APARINDS,True NR7 Volatility Expansion Breakout,0.5752688172043011,6.189000774593339,TEST
2026-05-28,APARINDS,True NR7 Volatility Expansion Breakout,0.6716417910447762,7.785185185185186,TEST
2026-06-22,APARINDS,True NR7 Volatility Expansion Breakout,0.6744791666666666,-12.557997557997558,TEST
2026-06-26,APARINDS,True NR7 Volatility Expansion Breakout,0.6921296296296298,-12.258145050555486,TEST
2026-04-09,APOLLOHOSP,True NR7 Volatility Expansion Breakout,0.2333333333333333,2.9353035143769968,TEST
2026-04-10,APOLLOHOSP,True NR7 Volatility Expansion Breakout,0.3260869565217391,3.464233769668121,TEST
2026-04-21,APOLLOHOSP,True NR7 Volatility Expansion Breakout,0.2291666666666666,0.09014810045074051,TEST
2026-05-01,APOLLOHOSP,True NR7 Volatility Expansion Breakout,0.2795698924731182,4.97434898370024,TEST
2026-05-28,APOLLOHOSP,True NR7 Volatility Expansion Breakout,0.537313432835821,2.665457842248413,TEST
2026-06-18,APOLLOHOSP,True NR7 Volatility Expansion Breakout,0.4876543209876542,2.7349518577588756,TEST
2026-06-26,APOLLOHOSP,True NR7 Volatility Expansion Breakout,0.5625,1.6206896551724137,TEST
2026-02-24,ASHOKLEY,True NR7 Volatility Expansion Breakout,0.6623931623931624,-12.491708435893885,TEST
2026-06-19,ASIANPAINT,True NR7 Volatility Expansion Breakout,0.4632768361581921,0.3143301374267401,TEST
2026-06-26,ASIANPAINT,True NR7 Volatility Expansion Breakout,0.3726851851851851,1.2324247035392362,TEST
2026-07-16,ASIANPAINT,True NR7 Volatility Expansion Breakout,0.2146892655367231,1.971699958788636,TEST
2026-02-18,ASTRAL,True NR7 Volatility Expansion Breakout,0.5833333333333334,1.2850167835528319,TEST
2026-03-17,ASTRAL,True NR7 Volatility Expansion Breakout,0.6166666666666666,-6.4156626506024095,TEST
2026-05-28,ASTRAL,True NR7 Volatility Expansion Breakout,0.3432835820895523,-6.78093494742676,TEST
2026-06-22,ASTRAL,True NR7 Volatility Expansion Breakout,0.0677083333333333,-11.23466534652662,TEST
2026-05-01,ATUL,True NR7 Volatility Expansion Breakout,0.4193548387096774,3.0478982410054134,TEST
2026-05-25,ATUL,True NR7 Volatility Expansion Breakout,0.3217054263565891,-7.134813989319771,TEST
2026-05-28,ATUL,True NR7 Volatility Expansion Breakout,0.3830845771144278,-7.2259948884779615,TEST
2026-06-26,ATUL,True NR7 Volatility Expansion Breakout,0.2847222222222222,-6.925375059317964,TEST
2026-05-14,AUBANK,True NR7 Volatility Expansion Breakout,0.1857142857142857,-0.4851959824154781,TEST
2026-05-28,AUBANK,True NR7 Volatility Expansion Breakout,0.2985074626865672,-4.149255903964829,TEST
2026-06-18,AUBANK,True NR7 Volatility Expansion Breakout,0.3981481481481481,2.776021578012028,TEST
2026-06-26,AUBANK,True NR7 Volatility Expansion Breakout,0.4375,3.694743630171187,TEST
2026-03-04,AUROPHARMA,True NR7 Volatility Expansion Breakout,0.2352941176470588,5.4950514792894,TEST
2026-03-30,AUROPHARMA,True NR7 Volatility Expansion Breakout,0.7000000000000001,4.075968384502623,TEST
2026-04-28,AUROPHARMA,True NR7 Volatility Expansion Breakout,0.5166666666666667,4.069926655375874,TEST
2026-05-01,AUROPHARMA,True NR7 Volatility Expansion Breakout,0.4193548387096774,8.140203778835838,TEST
2026-05-12,AUROPHARMA,True NR7 Volatility Expansion Breakout,0.7530864197530865,-2.845747927401928,TEST
2026-05-26,AUROPHARMA,True NR7 Volatility Expansion Breakout,0.3571428571428571,-1.2808317347539773,TEST
2026-06-11,AUROPHARMA,True NR7 Volatility Expansion Breakout,0.4479166666666667,5.152126516015889,TEST
2026-06-26,AUROPHARMA,True NR7 Volatility Expansion Breakout,0.5902777777777778,0.6108539286438092,TEST
2026-02-20,AVANTIFEED,True NR7 Volatility Expansion Breakout,0.638888888888889,-16.921431991932284,TEST
2026-03-10,AVANTIFEED,True NR7 Volatility Expansion Breakout,0.5,-2.8279402812167085,TEST
2026-03-16,AVANTIFEED,True NR7 Volatility Expansion Breakout,0.6481481481481481,-0.8025939059094708,TEST
2026-05-01,AVANTIFEED,True NR7 Volatility Expansion Breakout,0.5806451612903226,-4.805755260878638,TEST
2026-04-17,AXISBANK,True NR7 Volatility Expansion Breakout,0.293103448275862,-7.036577251914106,TEST
2026-05-28,AXISBANK,True NR7 Volatility Expansion Breakout,0.2835820895522388,1.0122010830210602,TEST
2026-06-17,AXISBANK,True NR7 Volatility Expansion Breakout,0.4971264367816091,0.21966192318839586,TEST
2026-06-19,AXISBANK,True NR7 Volatility Expansion Breakout,0.4463276836158192,-1.533390675864317,TEST
2026-06-22,AXISBANK,True NR7 Volatility Expansion Breakout,0.2864583333333333,-1.939828289980056,TEST
2026-06-26,AXISBANK,True NR7 Volatility Expansion Breakout,0.5208333333333334,-4.874279279890879,TEST
2026-05-22,BALAMINES,True NR7 Volatility Expansion Breakout,0.7612612612612613,9.034155159980415,TEST
2026-05-28,BALAMINES,True NR7 Volatility Expansion Breakout,0.7512437810945274,11.934606555341587,TEST
2026-06-12,BALAMINES,True NR7 Volatility Expansion Breakout,0.573170731707317,-8.761467207735873,TEST
2026-06-16,BALAMINES,True NR7 Volatility Expansion Breakout,0.5188679245283019,-3.167654293036388,TEST
2026-07-14,BALAMINES,True NR7 Volatility Expansion Breakout,0.5633333333333334,-4.070020272259729,TEST
2026-07-15,BALAMINES,True NR7 Volatility Expansion Breakout,0.5748299319727891,-4.394315360666437,TEST
2026-04-29,BALRAMCHIN,True NR7 Volatility Expansion Breakout,0.5441176470588235,5.873278327722698,TEST
2026-05-26,BALRAMCHIN,True NR7 Volatility Expansion Breakout,0.242063492063492,0.6278179862012042,TEST
2026-05-28,BALRAMCHIN,True NR7 Volatility Expansion Breakout,0.4328358208955223,3.4609534446355776,TEST
2026-06-10,BALRAMCHIN,True NR7 Volatility Expansion Breakout,0.25,-1.0324550827856787,TEST
2026-06-16,BALRAMCHIN,True NR7 Volatility Expansion Breakout,0.3616352201257862,-0.9017835344587053,TEST
2026-06-24,BALRAMCHIN,True NR7 Volatility Expansion Breakout,0.1286549707602339,4.169753000347121,TEST
2026-06-26,BALRAMCHIN,True NR7 Volatility Expansion Breakout,0.2199074074074074,6.121305028042237,TEST
2026-07-10,BALRAMCHIN,True NR7 Volatility Expansion Breakout,0.3156028368794326,7.072045372413544,TEST
2026-04-17,BANDHANBNK,True NR7 Volatility Expansion Breakout,0.3505747126436782,13.29702893335801,TEST
2026-05-01,BANDHANBNK,True NR7 Volatility Expansion Breakout,0.6344086021505376,-4.065116111708188,TEST
2026-05-19,BANDHANBNK,True NR7 Volatility Expansion Breakout,0.2356321839080459,7.178851861495435,TEST
2026-05-28,BANDHANBNK,True NR7 Volatility Expansion Breakout,0.6417910447761194,-5.841790514816876,TEST
2026-06-16,BANKBARODA,True NR7 Volatility Expansion Breakout,0.4213836477987421,-2.049626782427889,TEST
2026-06-19,BANKBARODA,True NR7 Volatility Expansion Breakout,0.2966101694915254,-10.72566479708241,TEST
2026-06-26,BANKBARODA,True NR7 Volatility Expansion Breakout,0.349537037037037,-10.214670143741616,TEST
2026-02-18,BANKINDIA,True NR7 Volatility Expansion Breakout,0.6666666666666666,-5.257081357235658,TEST
2026-02-25,BANKINDIA,True NR7 Volatility Expansion Breakout,0.5900900900900901,-12.231362039954064,TEST
2026-05-28,BANKINDIA,True NR7 Volatility Expansion Breakout,0.2835820895522388,-0.7720317782926155,TEST
2026-06-17,BANKINDIA,True NR7 Volatility Expansion Breakout,0.3936781609195403,-4.193720983374484,TEST
2026-06-26,BANKINDIA,True NR7 Volatility Expansion Breakout,0.2662037037037036,-0.0689697265625,TEST
2026-07-17,BANKINDIA,True NR7 Volatility Expansion Breakout,0.2005208333333333,-4.334258066762177,TEST
2026-02-18,BHARATFORG,True NR7 Volatility Expansion Breakout,0.926470588235294,6.663668950995835,TEST
2026-02-27,BHARATFORG,True NR7 Volatility Expansion Breakout,0.7477477477477478,-11.903649827315125,TEST
2026-04-15,BHARATFORG,True NR7 Volatility Expansion Breakout,0.6904761904761906,3.1633603113765307,TEST
2026-04-16,BHARATFORG,True NR7 Volatility Expansion Breakout,0.6296296296296297,1.1612843901695413,TEST
2026-04-28,BHARATFORG,True NR7 Volatility Expansion Breakout,0.5055555555555556,-0.10443874594027196,TEST
2026-05-22,BHARATFORG,True NR7 Volatility Expansion Breakout,0.3063063063063063,0.6729655221472071,TEST
2026-05-28,BHARATFORG,True NR7 Volatility Expansion Breakout,0.427860696517413,-0.6900450668395868,TEST
2026-06-26,BHARATFORG,True NR7 Volatility Expansion Breakout,0.6597222222222222,-1.0197645275922138,TEST
2026-07-16,BHARATFORG,True NR7 Volatility Expansion Breakout,0.4378531073446328,1.7868058904623978,TEST
2026-04-15,BHEL,True NR7 Volatility Expansion Breakout,0.4682539682539682,15.841144957804257,TEST
2026-05-01,BHEL,True NR7 Volatility Expansion Breakout,0.7204301075268816,12.19717929007517,TEST
2026-05-22,BHEL,True NR7 Volatility Expansion Breakout,0.6081081081081081,-6.432105267445705,TEST
2026-05-26,BHEL,True NR7 Volatility Expansion Breakout,0.6150793650793651,-5.673167962023918,TEST
2026-05-28,BHEL,True NR7 Volatility Expansion Breakout,0.7761194029850746,-12.592855211478279,TEST
2026-06-16,BHEL,True NR7 Volatility Expansion Breakout,0.3993710691823899,6.823171599457279,TEST
2026-06-26,BHEL,True NR7 Volatility Expansion Breakout,0.5740740740740741,-1.8500170497582908,TEST
2026-03-10,BIOCON,True NR7 Volatility Expansion Breakout,0.6222222222222222,-7.378598108366323,TEST
2026-05-25,BIOCON,True NR7 Volatility Expansion Breakout,0.5271317829457364,-5.375723277722718,TEST
2026-05-28,BIOCON,True NR7 Volatility Expansion Breakout,0.6169154228855721,-3.759833984504534,TEST
2026-06-18,BIOCON,True NR7 Volatility Expansion Breakout,0.2407407407407407,0.7703441563933998,TEST
2026-06-19,BIOCON,True NR7 Volatility Expansion Breakout,0.2937853107344633,2.300787645248924,TEST
2026-06-26,BIOCON,True NR7 Volatility Expansion Breakout,0.3310185185185185,0.5279496865945398,TEST
2026-07-15,BIOCON,True NR7 Volatility Expansion Breakout,0.6836734693877551,-2.300281902885977,TEST
2026-02-20,BLUESTARCO,True NR7 Volatility Expansion Breakout,0.4722222222222222,-5.297981687414719,TEST
2026-06-26,BORORENEW,True NR7 Volatility Expansion Breakout,0.7615740740740741,4.036052475760162,TEST
2026-05-28,BOSCHLTD,True NR7 Volatility Expansion Breakout,0.2388059701492537,3.2998783551383526,TEST
2026-06-17,BOSCHLTD,True NR7 Volatility Expansion Breakout,0.6293103448275862,3.331649015076195,TEST
2026-06-19,BOSCHLTD,True NR7 Volatility Expansion Breakout,0.7627118644067797,3.5723156600656925,TEST
2026-06-23,BOSCHLTD,True NR7 Volatility Expansion Breakout,0.6185897435897436,3.6712036392013947,TEST
2026-06-24,BOSCHLTD,True NR7 Volatility Expansion Breakout,0.672514619883041,2.7914984425245803,TEST
2026-06-26,BOSCHLTD,True NR7 Volatility Expansion Breakout,0.6828703703703703,2.9165647969881543,TEST
2026-07-08,BOSCHLTD,True NR7 Volatility Expansion Breakout,0.7857142857142857,-1.1770270934623137,TEST
2026-07-09,BOSCHLTD,True NR7 Volatility Expansion Breakout,0.5703703703703703,-0.20082429398139892,TEST
2026-07-14,BOSCHLTD,True NR7 Volatility Expansion Breakout,0.3533333333333333,-1.3139038820280433,TEST
2026-04-16,BSE,True NR7 Volatility Expansion Breakout,0.8024691358024691,5.219805759360246,TEST
2026-05-01,BSE,True NR7 Volatility Expansion Breakout,0.5806451612903226,8.682430430225006,TEST
2026-05-13,BSE,True NR7 Volatility Expansion Breakout,0.75,8.313994041194055,TEST
2026-05-22,BSE,True NR7 Volatility Expansion Breakout,0.7702702702702703,-8.705885452005933,TEST
2026-05-28,BSE,True NR7 Volatility Expansion Breakout,0.7412935323383084,-8.510585199365496,TEST
2026-06-22,BSE,True NR7 Volatility Expansion Breakout,0.4192708333333333,-6.221946010639266,TEST
2026-05-28,CAMS,True NR7 Volatility Expansion Breakout,0.4477611940298507,-8.287325325151214,TEST
2026-02-23,CANBK,True NR7 Volatility Expansion Breakout,0.4624999999999999,-9.43984440869698,TEST
2026-06-16,CANBK,True NR7 Volatility Expansion Breakout,0.2547169811320754,-5.97049106459569,TEST
2026-06-19,CANBK,True NR7 Volatility Expansion Breakout,0.1638418079096045,-5.75027394021517,TEST
2026-06-22,CANBK,True NR7 Volatility Expansion Breakout,0.2109375,-6.595760651032653,TEST
2026-05-01,CANFINHOME,True NR7 Volatility Expansion Breakout,0.2150537634408602,-3.019408935777069,TEST
2026-06-16,CANFINHOME,True NR7 Volatility Expansion Breakout,0.2861635220125786,-1.2627262852614103,TEST
2026-06-24,CANFINHOME,True NR7 Volatility Expansion Breakout,0.2690058479532164,1.1642303746198464,TEST
2026-06-26,CANFINHOME,True NR7 Volatility Expansion Breakout,0.4282407407407407,4.934542128513721,TEST
2026-05-21,CARBORUNIV,True NR7 Volatility Expansion Breakout,0.4354838709677419,-4.316288512675097,TEST
2026-05-28,CARBORUNIV,True NR7 Volatility Expansion Breakout,0.5472636815920398,-3.6128302322528607,TEST
2026-02-20,CCL,True NR7 Volatility Expansion Breakout,0.3388888888888888,2.626868100901741,TEST
2026-04-10,CCL,True NR7 Volatility Expansion Breakout,0.3333333333333333,3.146269657026219,TEST
2026-04-17,CCL,True NR7 Volatility Expansion Breakout,0.2011494252873563,3.4353882206266793,TEST
2026-04-28,CCL,True NR7 Volatility Expansion Breakout,0.2222222222222222,-3.0641141588812424,TEST
2026-06-17,CCL,True NR7 Volatility Expansion Breakout,0.1149425287356322,4.847996880677925,TEST
2026-06-24,CCL,True NR7 Volatility Expansion Breakout,0.2309941520467836,0.5362096031068135,TEST
2026-06-26,CCL,True NR7 Volatility Expansion Breakout,0.3958333333333333,4.367267104589033,TEST
2026-07-21,CCL,True NR7 Volatility Expansion Breakout,0.2530864197530864,-7.265065099625173,TEST
