symbol,event_id,event_date,event_type,previous_event,next_event,current_membership,first_event,last_event,anomaly_reason
360ONE,PEVT_00383,"December 31, 2024",ADDITION,NONE,NONE,True,ADDITION,ADDITION,Normal transition
AADHARHFC,PEVT_01054,"September 30, 2024",ADDITION,NONE,NONE,True,ADDITION,ADDITION,Normal transition
AARTIDRUGS,PEVT_01000,"August 30, 2022",DELETION,NONE,DELETION,False,DELETION,DELETION,Normal transition
AARTIDRUGS,PEVT_01234,"March 28, 2024",DELETION,DELETION,NONE,False,DELETION,DELETION,Consecutive DELETION
AARTIIND,PEVT_00049,"May 04, 2022",DELETION,NONE,ADDITION,True,DELETION,ADDITION,Normal transition
AARTIIND,PEVT_00581,"March 31, 2023",ADDITION,DELETION,NONE,True,DELETION,ADDITION,Normal transition
ABB,PEVT_00127,"June 28, 2024",ADDITION,NONE,DELETION,True,ADDITION,ADDITION,Normal transition
ABB,PEVT_00776,"June 28, 2024",DELETION,ADDITION,DELETION,True,ADDITION,ADDITION,Normal transition
ABB,PEVT_00344,"December 31, 2024",DELETION,DELETION,ADDITION,True,ADDITION,ADDITION,Consecutive DELETION
ABB,PEVT_00078,"June 30,
2025",ADDITION,DELETION,NONE,True,ADDITION,ADDITION,Normal transition
ABBOTINDIA,PEVT_00781,"May 31, 2024",DELETION,NONE,NONE,True,DELETION,DELETION,Normal transition
ABCAPITAL,PEVT_00172,,DELETION,NONE,NONE,True,DELETION,DELETION,Normal transition
ABDL,PEVT_00969,"March 30, 2026",ADDITION,NONE,NONE,True,ADDITION,ADDITION,Normal transition
ABFRL,PEVT_00807,"May 31, 2024",ADDITION,NONE,DELETION,True,ADDITION,ADDITION,Normal transition
ABFRL,PEVT_00282,"October 31, 2024",DELETION,ADDITION,ADDITION,True,ADDITION,ADDITION,Normal transition
ABFRL,PEVT_00658,"October 31, 2025",ADDITION,DELETION,NONE,True,ADDITION,ADDITION,Normal transition
ABIRLANUVO,PEVT_01228,"May 26, 2017",DELETION,NONE,NONE,False,DELETION,DELETION,Normal transition
ABLBL,PEVT_00853,"September 30, 2025",ADDITION,NONE,ADDITION,True,ADDITION,ADDITION,Normal transition
ABLBL,PEVT_00659,"October 31, 2025",ADDITION,ADDITION,NONE,True,ADDITION,ADDITION,Consecutive ADDITION
ABREL,PEVT_00871,"August 29, 2025",DELETION,NONE,NONE,True,DELETION,DELETION,Normal transition
ABSLAMC,PEVT_01155,"March
31, 2022",ADDITION,NONE,DELETION,True,ADDITION,DELETION,Normal transition
ABSLAMC,PEVT_00561,"March 31, 2023",DELETION,ADDITION,ADDITION,True,ADDITION,DELETION,Normal transition
ABSLAMC,PEVT_01055,"September 30, 2024",ADDITION,DELETION,ADDITION,True,ADDITION,DELETION,Normal transition
ABSLAMC,PEVT_00384,"December 31, 2024",ADDITION,ADDITION,DELETION,True,ADDITION,DELETION,Consecutive ADDITION
ABSLAMC,PEVT_00072,"June 30,
2025",DELETION,ADDITION,NONE,True,ADDITION,DELETION,Normal transition
ACC,PEVT_01206,"July 31, 2025",DELETION,NONE,ADDITION,True,DELETION,ADDITION,Normal transition
ACC,PEVT_00606,"July 31, 2026",ADDITION,DELETION,NONE,True,DELETION,ADDITION,Normal transition
ACE,PEVT_01268,"March 28, 2024",ADDITION,NONE,NONE,True,ADDITION,ADDITION,Normal transition
ACI,PEVT_00584,"March 31, 2023",ADDITION,NONE,ADDITION,False,ADDITION,DELETION,Normal transition
ACI,PEVT_01023,"August 31, 2023",ADDITION,ADDITION,DELETION,False,ADDITION,DELETION,Consecutive ADDITION
ACI,PEVT_00451,"March 28, 2025",DELETION,ADDITION,DELETION,False,ADDITION,DELETION,Normal transition
ACI,PEVT_00713,"March 28, 2025",DELETION,DELETION,NONE,False,ADDITION,DELETION,Consecutive DELETION
ACMESOLAR,PEVT_00743,"March 28, 2025",ADDITION,NONE,NONE,True,ADDITION,ADDITION,Normal transition
ACUTAAS,PEVT_00967,"March 30, 2026",ADDITION,NONE,NONE,True,ADDITION,ADDITION,Normal transition
ADANIENT,PEVT_00782,"May 31, 2024",DELETION,NONE,NONE,True,DELETION,DELETION,Normal transition
ADANIGAS,PEVT_00334,"January 1, 2021",ADDITION,NONE,NONE,False,ADDITION,ADDITION,Normal transition
ADANIGREEN,PEVT_00234,"December 31, 2021",DELETION,NONE,NONE,True,DELETION,DELETION,Normal transition
ADANIPORTS,PEVT_00128,"June 28, 2024",ADDITION,NONE,DELETION,True,ADDITION,DELETION,Normal transition
ADANIPORTS,PEVT_00345,"December 31, 2024",DELETION,ADDITION,NONE,True,ADDITION,DELETION,Normal transition
ADANIPOWER,PEVT_00582,"March 31, 2023",ADDITION,NONE,ADDITION,True,ADDITION,DELETION,Normal transition
ADANIPOWER,PEVT_00129,"June 28, 2024",ADDITION,ADDITION,DELETION,True,ADDITION,DELETION,Consecutive ADDITION
ADANIPOWER,PEVT_00346,"December 31, 2024",DELETION,ADDITION,NONE,True,ADDITION,DELETION,Normal transition
ADVENZYMES,PEVT_00003,"September 30, 2022",DELETION,NONE,NONE,False,DELETION,DELETION,Normal transition
AEGISCHEM,PEVT_01022,"August 31, 2023",ADDITION,NONE,NONE,False,ADDITION,ADDITION,Normal transition
AEGISLOG,PEVT_00872,"August 29, 2025",DELETION,NONE,NONE,True,DELETION,DELETION,Normal transition
AEGISVOPAK,PEVT_00854,"September 30, 2025",ADDITION,NONE,NONE,True,ADDITION,ADDITION,Normal transition
AETHER,PEVT_00022,"September 30, 2022",ADDITION,NONE,DELETION,False,ADDITION,DELETION,Normal transition
AETHER,PEVT_01027,"September 30, 2024",DELETION,ADDITION,DELETION,False,ADDITION,DELETION,Normal transition
AETHER,PEVT_01081,"September 30, 2024",DELETION,DELETION,NONE,False,ADDITION,DELETION,Consecutive DELETION
AFCONS,PEVT_00469,"March 28, 2025",ADDITION,NONE,ADDITION,True,ADDITION,ADDITION,Normal transition
AFCONS,PEVT_00744,"March 28, 2025",ADDITION,ADDITION,NONE,True,ADDITION,ADDITION,Consecutive ADDITION
AFFLE,PEVT_00676,"December 26, 2019",ADDITION,NONE,ADDITION,True,ADDITION,DELETION,Normal transition
AFFLE,PEVT_00808,"May 31, 2024",ADDITION,ADDITION,DELETION,True,ADDITION,DELETION,Consecutive ADDITION
AFFLE,PEVT_00283,"October 31, 2024",DELETION,ADDITION,DELETION,True,ADDITION,DELETION,Normal transition
AFFLE,PEVT_00693,,DELETION,DELETION,NONE,True,ADDITION,DELETION,Consecutive DELETION
AGARWALEYE,PEVT_00859,"September 30, 2025",ADDITION,NONE,DELETION,False,ADDITION,DELETION,Normal transition
AGARWALEYE,PEVT_00945,"March 30, 2026",DELETION,ADDITION,NONE,False,ADDITION,DELETION,Normal transition
AIAENG,PEVT_00783,"May 31, 2024",DELETION,NONE,NONE,True,DELETION,DELETION,Normal transition
AIIL,PEVT_00746,"March 28, 2025",ADDITION,NONE,NONE,True,ADDITION,ADDITION,Normal transition
AKUMS,PEVT_00281,"October
16, 2024",DELETION,NONE,ADDITION,False,DELETION,DELETION,Normal transition
AKUMS,PEVT_00297,"October 31, 2024",ADDITION,DELETION,DELETION,False,DELETION,DELETION,Normal transition
AKUMS,PEVT_00426,"March 30, 2026",DELETION,ADDITION,DELETION,False,DELETION,DELETION,Normal transition
AKUMS,PEVT_00936,"March 30, 2026",DELETION,DELETION,NONE,False,DELETION,DELETION,Consecutive DELETION
AKZOINDIA,PEVT_00539,"September 30, 2025",ADDITION,NONE,ADDITION,False,ADDITION,ADDITION,Normal transition
AKZOINDIA,PEVT_00855,"September 30, 2025",ADDITION,ADDITION,NONE,False,ADDITION,ADDITION,Consecutive ADDITION
ALEMBICLTD,PEVT_01123,"March
31, 2022",DELETION,NONE,NONE,False,DELETION,DELETION,Normal transition
ALIVUS,PEVT_00470,"March 28, 2025",ADDITION,NONE,ADDITION,False,ADDITION,DELETION,Normal transition
ALIVUS,PEVT_00745,"March 28, 2025",ADDITION,ADDITION,DELETION,False,ADDITION,DELETION,Consecutive ADDITION
ALIVUS,PEVT_00523,"September 30, 2025",DELETION,ADDITION,DELETION,False,ADDITION,DELETION,Normal transition
ALIVUS,PEVT_00835,"September 30, 2025",DELETION,DELETION,NONE,False,ADDITION,DELETION,Consecutive DELETION
ALKYLAMINE,PEVT_00428,"March 30, 2026",DELETION,NONE,DELETION,False,DELETION,DELETION,Normal transition
ALKYLAMINE,PEVT_00938,"March 30, 2026",DELETION,DELETION,NONE,False,DELETION,DELETION,Consecutive DELETION
ALLCARGO,PEVT_01226,"November 02, 2020",DELETION,NONE,ADDITION,False,DELETION,ADDITION,Normal transition
ALLCARGO,PEVT_01156,"March
31, 2022",ADDITION,DELETION,ADDITION,False,DELETION,ADDITION,Normal transition
ALLCARGO,PEVT_00629,"September 29, 2023",ADDITION,ADDITION,DELETION,False,DELETION,ADDITION,Consecutive ADDITION
ALLCARGO,PEVT_01028,"September 30, 2024",DELETION,ADDITION,DELETION,False,DELETION,ADDITION,Normal transition
ALLCARGO,PEVT_01082,"September 30, 2024",DELETION,DELETION,DELETION,False,DELETION,ADDITION,Consecutive DELETION
ALLCARGO,PEVT_00084,,DELETION,DELETION,ADDITION,False,DELETION,ADDITION,Consecutive DELETION
ALLCARGO,PEVT_00510,,ADDITION,DELETION,NONE,False,DELETION,ADDITION,Normal transition
ALOKINDS,PEVT_00562,"March 31, 2023",DELETION,NONE,ADDITION,False,DELETION,DELETION,Normal transition
ALOKINDS,PEVT_00630,"September 29, 2023",ADDITION,DELETION,DELETION,False,DELETION,DELETION,Normal transition
ALOKINDS,PEVT_00939,"March 30, 2026",DELETION,ADDITION,NONE,False,DELETION,DELETION,Normal transition
AMBER,PEVT_00335,"January 1, 2021",ADDITION,NONE,ADDITION,True,ADDITION,ADDITION,Normal transition
AMBER,PEVT_00385,"December 31, 2024",ADDITION,ADDITION,NONE,True,ADDITION,ADDITION,Consecutive ADDITION
AMBUJACEM,PEVT_01198,"July 31, 2024",DELETION,NONE,ADDITION,True,DELETION,ADDITION,Normal transition
AMBUJACEM,PEVT_00607,"July 31, 2026",ADDITION,DELETION,NONE,True,DELETION,ADDITION,Normal transition
ANANDRATHI,PEVT_01269,"March 28, 2024",ADDITION,NONE,ADDITION,True,ADDITION,ADDITION,Normal transition
ANANDRATHI,PEVT_00130,"June 28, 2024",ADDITION,ADDITION,DELETION,True,ADDITION,ADDITION,Consecutive ADDITION
ANANDRATHI,PEVT_00347,"December 31, 2024",DELETION,ADDITION,ADDITION,True,ADDITION,ADDITION,Normal transition
ANANDRATHI,PEVT_00079,"June 30,
2025",ADDITION,DELETION,NONE,True,ADDITION,ADDITION,Normal transition
ANANTRAJ,PEVT_01056,"September 30, 2024",ADDITION,NONE,ADDITION,True,ADDITION,ADDITION,Normal transition
ANANTRAJ,PEVT_01108,"September 30, 2024",ADDITION,ADDITION,ADDITION,True,ADDITION,ADDITION,Consecutive ADDITION
ANANTRAJ,PEVT_00386,"December 31, 2024",ADDITION,ADDITION,NONE,True,ADDITION,ADDITION,Consecutive ADDITION
ANGELBRKG,PEVT_00912,,ADDITION,NONE,NONE,False,ADDITION,ADDITION,Normal transition
ANGELONE,PEVT_00241,"December 31, 2021",ADDITION,NONE,DELETION,True,ADDITION,ADDITION,Normal transition
ANGELONE,PEVT_00096,"June 28, 2024",DELETION,ADDITION,ADDITION,True,ADDITION,ADDITION,Normal transition
ANGELONE,PEVT_00185,,ADDITION,DELETION,NONE,True,ADDITION,ADDITION,Normal transition
ANTHEM,PEVT_00970,"March 30, 2026",ADDITION,NONE,NONE,True,ADDITION,ADDITION,Normal transition
ANURAS,PEVT_01029,"September 30, 2024",DELETION,NONE,DELETION,True,DELETION,ADDITION,Normal transition
ANURAS,PEVT_01083,"September 30, 2024",DELETION,DELETION,ADDITION,True,DELETION,ADDITION,Consecutive DELETION
ANURAS,PEVT_00971,"March 30, 2026",ADDITION,DELETION,NONE,True,DELETION,ADDITION,Normal transition
APARINDS,PEVT_00583,"March 31, 2023",ADDITION,NONE,DELETION,True,ADDITION,ADDITION,Normal transition
APARINDS,PEVT_00348,"December 31, 2024",DELETION,ADDITION,ADDITION,True,ADDITION,ADDITION,Normal transition
APARINDS,PEVT_00062,,ADDITION,DELETION,ADDITION,True,ADDITION,ADDITION,Normal transition
APARINDS,PEVT_00186,,ADDITION,ADDITION,NONE,True,ADDITION,ADDITION,Consecutive ADDITION
APLLTD,PEVT_00427,"March 30, 2026",DELETION,NONE,DELETION,False,DELETION,DELETION,Normal transition
APLLTD,PEVT_00937,"March 30, 2026",DELETION,DELETION,NONE,False,DELETION,DELETION,Consecutive DELETION
APOLLOHOSP,PEVT_00524,"September 30, 2025",DELETION,NONE,NONE,True,DELETION,DELETION,Normal transition
APTUS,PEVT_01157,"March
31, 2022",ADDITION,NONE,NONE,True,ADDITION,ADDITION,Normal transition
ASAHIINDIA,PEVT_00158,"September 14, 2020",DELETION,NONE,ADDITION,True,DELETION,ADDITION,Normal transition
ASAHIINDIA,PEVT_00913,,ADDITION,DELETION,NONE,True,DELETION,ADDITION,Normal transition
ASHOKA,PEVT_01124,"March
31, 2022",DELETION,NONE,NONE,False,DELETION,DELETION,Normal transition
ASHOKLEY,PEVT_00308,"January 1, 2021",DELETION,NONE,NONE,True,DELETION,DELETION,Normal transition
ASTERDM,PEVT_00809,"May 31, 2024",ADDITION,NONE,NONE,True,ADDITION,ADDITION,Normal transition
ASTRAZEN,PEVT_00563,"March 31, 2023",DELETION,NONE,ADDITION,False,DELETION,DELETION,Normal transition
ASTRAZEN,PEVT_01270,"March 28, 2024",ADDITION,DELETION,DELETION,False,DELETION,DELETION,Normal transition
ASTRAZEN,PEVT_00429,"March 30, 2026",DELETION,ADDITION,DELETION,False,DELETION,DELETION,Normal transition
ASTRAZEN,PEVT_00940,"March 30, 2026",DELETION,DELETION,DELETION,False,DELETION,DELETION,Consecutive DELETION
ASTRAZEN,PEVT_00055,,DELETION,DELETION,NONE,False,DELETION,DELETION,Consecutive DELETION
ATGL,PEVT_01191,"July 31, 2023",DELETION,NONE,ADDITION,True,DELETION,DELETION,Normal transition
ATGL,PEVT_00806,"May 31, 2024",ADDITION,DELETION,DELETION,True,DELETION,DELETION,Normal transition
ATGL,PEVT_00603,"July 31, 2026",DELETION,ADDITION,NONE,True,DELETION,DELETION,Normal transition
ATHERENERG,PEVT_00856,"September 30, 2025",ADDITION,NONE,NONE,True,ADDITION,ADDITION,Normal transition
AUROPHARMA,PEVT_00491,"June 30, 2022",ADDITION,NONE,DELETION,True,ADDITION,ADDITION,Normal transition
AUROPHARMA,PEVT_00097,"June 28, 2024",DELETION,ADDITION,DELETION,True,ADDITION,ADDITION,Normal transition
AUROPHARMA,PEVT_00160,,DELETION,DELETION,ADDITION,True,ADDITION,ADDITION,Consecutive DELETION
AUROPHARMA,PEVT_00187,,ADDITION,DELETION,NONE,True,ADDITION,ADDITION,Normal transition
AVANTIFEED,PEVT_00452,"March 28, 2025",DELETION,NONE,DELETION,False,DELETION,DELETION,Normal transition
AVANTIFEED,PEVT_00714,"March 28, 2025",DELETION,DELETION,NONE,False,DELETION,DELETION,Consecutive DELETION
AWL,PEVT_00021,"September 30, 2022",ADDITION,NONE,DELETION,True,ADDITION,DELETION,Normal transition
AWL,PEVT_01192,"July 31, 2023",DELETION,ADDITION,DELETION,True,ADDITION,DELETION,Normal transition
AWL,PEVT_00198,,DELETION,DELETION,NONE,True,ADDITION,DELETION,Consecutive DELETION
AXISBANK,PEVT_00204,,DELETION,NONE,NONE,True,DELETION,DELETION,Normal transition
BAJAJ-AUTO,PEVT_00131,"June 28, 2024",ADDITION,NONE,DELETION,True,ADDITION,DELETION,Normal transition
BAJAJ-AUTO,PEVT_00349,"December 31, 2024",DELETION,ADDITION,NONE,True,ADDITION,DELETION,Normal transition
BAJAJCON,PEVT_01125,"March
31, 2022",DELETION,NONE,NONE,False,DELETION,DELETION,Normal transition
BAJAJELEC,PEVT_00683,,DELETION,NONE,NONE,False,DELETION,DELETION,Normal transition
BAJAJHFL,PEVT_00747,"March 28, 2025",ADDITION,NONE,NONE,True,ADDITION,ADDITION,Normal transition
BALAMINES,PEVT_01215,"August 08, 2022",ADDITION,NONE,DELETION,False,ADDITION,ADDITION,Normal transition
BALAMINES,PEVT_00453,"March 28, 2025",DELETION,ADDITION,DELETION,False,ADDITION,ADDITION,Normal transition
BALAMINES,PEVT_00715,"March 28, 2025",DELETION,DELETION,ADDITION,False,ADDITION,ADDITION,Consecutive DELETION
BALAMINES,PEVT_00914,,ADDITION,DELETION,NONE,False,ADDITION,ADDITION,Normal transition
BALKRISIND,PEVT_01193,"July 31, 2023",DELETION,NONE,NONE,True,DELETION,DELETION,Normal transition
BALRAMCHIN,PEVT_00235,"December 31, 2021",DELETION,NONE,NONE,True,DELETION,DELETION,Normal transition
BANKBARODA,PEVT_00319,"January 1, 2021",ADDITION,NONE,DELETION,True,ADDITION,DELETION,Normal transition
BANKBARODA,PEVT_00173,,DELETION,ADDITION,NONE,True,ADDITION,DELETION,Normal transition
BANKINDIA,PEVT_00320,"January 1, 2021",ADDITION,NONE,DELETION,True,ADDITION,DELETION,Normal transition
BANKINDIA,PEVT_00174,,DELETION,ADDITION,NONE,True,ADDITION,DELETION,Normal transition
BASF,PEVT_00611,"September 29, 2023",DELETION,NONE,ADDITION,False,DELETION,DELETION,Normal transition
BASF,PEVT_01057,"September 30, 2024",ADDITION,DELETION,ADDITION,False,DELETION,DELETION,Normal transition
BASF,PEVT_01109,"September 30, 2024",ADDITION,ADDITION,DELETION,False,DELETION,DELETION,Consecutive ADDITION
BASF,PEVT_00430,"March 30, 2026",DELETION,ADDITION,DELETION,False,DELETION,DELETION,Normal transition
BASF,PEVT_00941,"March 30, 2026",DELETION,DELETION,DELETION,False,DELETION,DELETION,Consecutive DELETION
BASF,PEVT_00497,,DELETION,DELETION,NONE,False,DELETION,DELETION,Consecutive DELETION
BATAINDIA,PEVT_00810,"May 31, 2024",ADDITION,NONE,DELETION,True,ADDITION,DELETION,Normal transition
BATAINDIA,PEVT_00202,,DELETION,ADDITION,NONE,True,ADDITION,DELETION,Normal transition
BBTC,PEVT_01111,"September 30, 2024",ADDITION,NONE,NONE,True,ADDITION,ADDITION,Normal transition
BCG,PEVT_01159,"March
31, 2022",ADDITION,NONE,DELETION,False,ADDITION,ADDITION,Normal transition
BCG,PEVT_01235,"March 28, 2024",DELETION,ADDITION,DELETION,False,ADDITION,ADDITION,Normal transition
BCG,PEVT_01187,"April 26, 2024",DELETION,DELETION,ADDITION,False,ADDITION,ADDITION,Consecutive DELETION
BCG,PEVT_00268,,ADDITION,DELETION,NONE,False,ADDITION,ADDITION,Normal transition
BDL,PEVT_00132,"June 28, 2024",ADDITION,NONE,DELETION,True,ADDITION,DELETION,Normal transition
BDL,PEVT_00350,"December 31, 2024",DELETION,ADDITION,DELETION,True,ADDITION,DELETION,Normal transition
BDL,PEVT_00002,,DELETION,DELETION,NONE,True,ADDITION,DELETION,Consecutive DELETION
BEL,PEVT_00133,"June 28, 2024",ADDITION,NONE,DELETION,True,ADDITION,DELETION,Normal transition
BEL,PEVT_01084,"September 30, 2024",DELETION,ADDITION,DELETION,True,ADDITION,DELETION,Normal transition
BEL,PEVT_00351,"December 31, 2024",DELETION,DELETION,NONE,True,ADDITION,DELETION,Consecutive DELETION
BELRISE,PEVT_00972,"March 30, 2026",ADDITION,NONE,NONE,True,ADDITION,ADDITION,Normal transition
BEML,PEVT_00051,"April 12, 2022",DELETION,NONE,DELETION,True,DELETION,ADDITION,Normal transition
BEML,PEVT_00284,"October 31, 2024",DELETION,DELETION,ADDITION,True,DELETION,ADDITION,Consecutive DELETION
BEML,PEVT_00087,,ADDITION,DELETION,NONE,True,DELETION,ADDITION,Normal transition
BHARATRAS,PEVT_01126,"March
31, 2022",DELETION,NONE,ADDITION,False,DELETION,DELETION,Normal transition
BHARATRAS,PEVT_00023,"September 30, 2022",ADDITION,DELETION,DELETION,False,DELETION,DELETION,Normal transition
BHARATRAS,PEVT_00564,"March 31, 2023",DELETION,ADDITION,DELETION,False,DELETION,DELETION,Normal transition
BHARATRAS,PEVT_00056,,DELETION,DELETION,NONE,False,DELETION,DELETION,Consecutive DELETION
BHARTIARTL,PEVT_00330,"January 1, 2021",DELETION,NONE,NONE,True,DELETION,DELETION,Normal transition
BHARTIHEXA,PEVT_01058,"September 30, 2024",ADDITION,NONE,NONE,True,ADDITION,ADDITION,Normal transition
BHEL,PEVT_00206,"December 31, 2021",DELETION,NONE,DELETION,True,DELETION,DELETION,Normal transition
BHEL,PEVT_00352,"December 31, 2024",DELETION,DELETION,NONE,True,DELETION,DELETION,Consecutive DELETION
BIKAJI,PEVT_00585,"March 31, 2023",ADDITION,NONE,ADDITION,True,ADDITION,ADDITION,Normal transition
BIKAJI,PEVT_00063,,ADDITION,ADDITION,NONE,True,ADDITION,ADDITION,Consecutive ADDITION
BIOCON,PEVT_01024,"August 31, 2023",ADDITION,NONE,DELETION,True,ADDITION,DELETION,Normal transition
BIOCON,PEVT_00784,"May 31, 2024",DELETION,ADDITION,NONE,True,ADDITION,DELETION,Normal transition
BIRLACORPN,PEVT_00785,"May 31, 2024",DELETION,NONE,DELETION,False,DELETION,DELETION,Normal transition
BIRLACORPN,PEVT_00716,"March 28, 2025",DELETION,DELETION,NONE,False,DELETION,DELETION,Consecutive DELETION
BLS,PEVT_00586,"March 31, 2023",ADDITION,NONE,NONE,True,ADDITION,ADDITION,Normal transition
BLUEJET,PEVT_00540,"September 30, 2025",ADDITION,NONE,ADDITION,True,ADDITION,ADDITION,Normal transition
BLUEJET,PEVT_00857,"September 30, 2025",ADDITION,ADDITION,NONE,True,ADDITION,ADDITION,Consecutive ADDITION
BOMDYEING,PEVT_00888,,DELETION,NONE,NONE,False,DELETION,DELETION,Normal transition
BORORENEW,PEVT_01158,"March
31, 2022",ADDITION,NONE,ADDITION,False,ADDITION,DELETION,Normal transition
BORORENEW,PEVT_01006,"August 30, 2022",ADDITION,ADDITION,DELETION,False,ADDITION,DELETION,Consecutive ADDITION
BORORENEW,PEVT_01030,"September 30, 2024",DELETION,ADDITION,DELETION,False,ADDITION,DELETION,Normal transition
BORORENEW,PEVT_00499,,DELETION,DELETION,NONE,False,ADDITION,DELETION,Consecutive DELETION
BOSCHLTD,PEVT_00203,,DELETION,NONE,NONE,True,DELETION,DELETION,Normal transition
BPCL,PEVT_00249,"December 31, 2021",DELETION,NONE,ADDITION,True,DELETION,DELETION,Normal transition
BPCL,PEVT_01110,"September 30, 2024",ADDITION,DELETION,DELETION,True,DELETION,DELETION,Normal transition
BPCL,PEVT_00498,,DELETION,ADDITION,NONE,True,DELETION,DELETION,Normal transition
BRITANNIA,PEVT_01212,"August 08, 2022",DELETION,NONE,ADDITION,True,DELETION,DELETION,Normal transition
BRITANNIA,PEVT_00080,"June 30,
2025",ADDITION,DELETION,DELETION,True,DELETION,DELETION,Normal transition
BRITANNIA,PEVT_00175,,DELETION,ADDITION,NONE,True,DELETION,DELETION,Normal transition
BSE,PEVT_00207,"December 31, 2021",DELETION,NONE,ADDITION,True,DELETION,ADDITION,Normal transition
BSE,PEVT_00242,"December 31, 2021",ADDITION,DELETION,ADDITION,True,DELETION,ADDITION,Normal transition
BSE,PEVT_00189,,ADDITION,ADDITION,NONE,True,DELETION,ADDITION,Consecutive ADDITION
BSE LTD.*,PEVT_00682,"March 28, 2024",ADDITION,NONE,NONE,False,ADDITION,ADDITION,Normal transition
BSOFT,PEVT_00336,"January 1, 2021",ADDITION,NONE,DELETION,True,ADDITION,ADDITION,Normal transition
BSOFT,PEVT_00098,"June 28, 2024",DELETION,ADDITION,ADDITION,True,ADDITION,ADDITION,Normal transition
BSOFT,PEVT_00188,,ADDITION,DELETION,NONE,True,ADDITION,ADDITION,Normal transition
BURGERKING,PEVT_00779,"April 29, 2021",DELETION,NONE,NONE,False,DELETION,DELETION,Normal transition
CAMPUS,PEVT_00305,"August 08, 2022",ADDITION,NONE,DELETION,False,ADDITION,DELETION,Normal transition
CAMPUS,PEVT_00431,"March 30, 2026",DELETION,ADDITION,DELETION,False,ADDITION,DELETION,Normal transition
CAMPUS,PEVT_00942,"March 30, 2026",DELETION,DELETION,NONE,False,ADDITION,DELETION,Consecutive DELETION
CAMS,PEVT_00243,"December 31, 2021",ADDITION,NONE,DELETION,True,ADDITION,ADDITION,Normal transition
CAMS,PEVT_00786,"May 31, 2024",DELETION,ADDITION,ADDITION,True,ADDITION,ADDITION,Normal transition
CAMS,PEVT_00915,,ADDITION,DELETION,NONE,True,ADDITION,ADDITION,Normal transition
CANHLIFE,PEVT_00974,"March 30, 2026",ADDITION,NONE,NONE,True,ADDITION,ADDITION,Normal transition
CAPLIPOINT,PEVT_00565,"March 31, 2023",DELETION,NONE,ADDITION,True,DELETION,DELETION,Normal transition
CAPLIPOINT,PEVT_01271,"March 28, 2024",ADDITION,DELETION,ADDITION,True,DELETION,DELETION,Normal transition
CAPLIPOINT,PEVT_00811,"May 31, 2024",ADDITION,ADDITION,DELETION,True,DELETION,DELETION,Consecutive ADDITION
CAPLIPOINT,PEVT_00285,"October 31, 2024",DELETION,ADDITION,ADDITION,True,DELETION,DELETION,Normal transition
CAPLIPOINT,PEVT_00387,"December 31, 2024",ADDITION,DELETION,DELETION,True,DELETION,DELETION,Normal transition
CAPLIPOINT,PEVT_00694,,DELETION,ADDITION,NONE,True,DELETION,DELETION,Normal transition
CARERATING,PEVT_00309,"January 1, 2021",DELETION,NONE,DELETION,False,DELETION,DELETION,Normal transition
CARERATING,PEVT_00889,,DELETION,DELETION,NONE,False,DELETION,DELETION,Consecutive DELETION
CARTRADE,PEVT_00975,"March 30, 2026",ADDITION,NONE,NONE,True,ADDITION,ADDITION,Normal transition
CDSL,PEVT_00100,"June 28, 2024",DELETION,NONE,NONE,True,DELETION,DELETION,Normal transition
CELLO,PEVT_01272,"March 28, 2024",ADDITION,NONE,DELETION,False,ADDITION,DELETION,Normal transition
CELLO,PEVT_00454,"March 28, 2025",DELETION,ADDITION,DELETION,False,ADDITION,DELETION,Normal transition
CELLO,PEVT_00717,"March 28, 2025",DELETION,DELETION,NONE,False,ADDITION,DELETION,Consecutive DELETION
CEMPRO,PEVT_00444,"March 30, 2026",ADDITION,NONE,ADDITION,True,ADDITION,ADDITION,Normal transition
CEMPRO,PEVT_00976,"March 30, 2026",ADDITION,ADDITION,NONE,True,ADDITION,ADDITION,Consecutive ADDITION
CENTURYPLY,PEVT_00651,"October 31, 2025",DELETION,NONE,DELETION,False,DELETION,DELETION,Normal transition
CENTURYPLY,PEVT_00943,"March 30, 2026",DELETION,DELETION,NONE,False,DELETION,DELETION,Consecutive DELETION
CERA,PEVT_01199,"July 31, 2024",DELETION,NONE,DELETION,False,DELETION,DELETION,Normal transition
CERA,PEVT_00944,"March 30, 2026",DELETION,DELETION,NONE,False,DELETION,DELETION,Consecutive DELETION
CGCL,PEVT_01127,"March
31, 2022",DELETION,NONE,DELETION,True,DELETION,DELETION,Normal transition
CGCL,PEVT_00052,"April 12, 2022",DELETION,DELETION,NONE,True,DELETION,DELETION,Consecutive DELETION
CGPOWER,PEVT_00673,"December 26, 2019",DELETION,NONE,DELETION,True,DELETION,DELETION,Normal transition
CGPOWER,PEVT_00555,"September 30, 2025",DELETION,DELETION,NONE,True,DELETION,DELETION,Consecutive DELETION
CHAMBLFERT,PEVT_00511,,ADDITION,NONE,NONE,True,ADDITION,ADDITION,Normal transition
CHEMPLASTS,PEVT_01161,"March
31, 2022",ADDITION,NONE,ADDITION,False,ADDITION,DELETION,Normal transition
CHEMPLASTS,PEVT_01216,"August 08, 2022",ADDITION,ADDITION,DELETION,False,ADDITION,DELETION,Consecutive ADDITION
CHEMPLASTS,PEVT_00718,"March 28, 2025",DELETION,ADDITION,NONE,False,ADDITION,DELETION,Normal transition
CHENNPETRO,PEVT_01273,"March 28, 2024",ADDITION,NONE,DELETION,True,ADDITION,DELETION,Normal transition
CHENNPETRO,PEVT_00890,,DELETION,ADDITION,NONE,True,ADDITION,DELETION,Normal transition
CHOICEIN,PEVT_00858,"September 30, 2025",ADDITION,NONE,NONE,True,ADDITION,ADDITION,Normal transition
CHOLAHLDNG,PEVT_00388,"December 31, 2024",ADDITION,NONE,NONE,True,ADDITION,ADDITION,Normal transition
CIEINDIA,PEVT_00455,"March 28, 2025",DELETION,NONE,DELETION,True,DELETION,ADDITION,Normal transition
CIEINDIA,PEVT_00719,"March 28, 2025",DELETION,DELETION,DELETION,True,DELETION,ADDITION,Consecutive DELETION
CIEINDIA,PEVT_00044,"May 12, 2026",DELETION,DELETION,ADDITION,True,DELETION,ADDITION,Consecutive DELETION
CIEINDIA,PEVT_00692,"May 29, 2026",ADDITION,DELETION,NONE,True,DELETION,ADDITION,Normal transition
CLEAN,PEVT_01162,"March
31, 2022",ADDITION,NONE,ADDITION,True,ADDITION,DELETION,Normal transition
CLEAN,PEVT_01007,"August 30, 2022",ADDITION,ADDITION,DELETION,True,ADDITION,DELETION,Consecutive ADDITION
CLEAN,PEVT_01085,"September 30, 2024",DELETION,ADDITION,NONE,True,ADDITION,DELETION,Normal transition
COALINDIA,PEVT_00525,"September 30, 2025",DELETION,NONE,NONE,True,DELETION,DELETION,Normal transition
COCHINSHIP,PEVT_00353,"December 31, 2024",DELETION,NONE,NONE,True,DELETION,DELETION,Normal transition
COFFEEDAY,PEVT_00674,"December 26, 2019",DELETION,NONE,NONE,False,DELETION,DELETION,Normal transition
COFORGE,PEVT_00831,"May 31, 2024",ADDITION,NONE,ADDITION,True,ADDITION,ADDITION,Normal transition
COFORGE,PEVT_00389,"December 31, 2024",ADDITION,ADDITION,NONE,True,ADDITION,ADDITION,Consecutive ADDITION
COHANCE,PEVT_00660,"October 31, 2025",ADDITION,NONE,NONE,True,ADDITION,ADDITION,Normal transition
CONCOR,PEVT_00787,"May 31, 2024",DELETION,NONE,NONE,True,DELETION,DELETION,Normal transition
CONCORDBIO,PEVT_00650,"October 26, 2023",DELETION,NONE,NONE,True,DELETION,DELETION,Normal transition
COROMANDEL,PEVT_00390,"December 31, 2024",ADDITION,NONE,NONE,True,ADDITION,ADDITION,Normal transition
COX&KINGS,PEVT_00675,"December 26, 2019",DELETION,NONE,NONE,False,DELETION,DELETION,Normal transition
CPPLUS,PEVT_00443,"March 30, 2026",ADDITION,NONE,ADDITION,True,ADDITION,ADDITION,Normal transition
CPPLUS,PEVT_00968,"March 30, 2026",ADDITION,ADDITION,NONE,True,ADDITION,ADDITION,Consecutive ADDITION
CRAFTSMAN,PEVT_00587,"March 31, 2023",ADDITION,NONE,NONE,True,ADDITION,ADDITION,Normal transition
CRISIL,PEVT_00081,"June 30,
2025",ADDITION,NONE,NONE,True,ADDITION,ADDITION,Normal transition
CROMPTON,PEVT_01001,"August 30, 2022",DELETION,NONE,ADDITION,True,DELETION,ADDITION,Normal transition
CROMPTON,PEVT_01196,"July 31, 2023",ADDITION,DELETION,NONE,True,DELETION,ADDITION,Normal transition
CSBBANK,PEVT_01031,"September 30, 2024",DELETION,NONE,NONE,False,DELETION,DELETION,Normal transition
CUMMINSIND,PEVT_00134,"June 28, 2024",ADDITION,NONE,DELETION,True,ADDITION,DELETION,Normal transition
CUMMINSIND,PEVT_01122,"September 30, 2024",DELETION,ADDITION,DELETION,True,ADDITION,DELETION,Normal transition
CUMMINSIND,PEVT_00354,"December 31, 2024",DELETION,DELETION,NONE,True,ADDITION,DELETION,Consecutive DELETION
CYIENT,PEVT_00101,"June 28, 2024",DELETION,NONE,NONE,True,DELETION,DELETION,Normal transition
DALBHARAT,PEVT_01203,"July 31, 2024",ADDITION,NONE,NONE,True,ADDITION,ADDITION,Normal transition
DATAPATTNS,PEVT_00588,"March 31, 2023",ADDITION,NONE,NONE,True,ADDITION,ADDITION,Normal transition
DBCORP,PEVT_00891,,DELETION,NONE,NONE,False,DELETION,DELETION,Normal transition
DBL,PEVT_00567,"March 31, 2023",DELETION,NONE,NONE,False,DELETION,DELETION,Normal transition
DBREALTY,PEVT_01079,"September 30, 2024",ADDITION,NONE,DELETION,False,ADDITION,DELETION,Normal transition
DBREALTY,PEVT_00963,"March 30, 2026",DELETION,ADDITION,NONE,False,ADDITION,DELETION,Normal transition
DCBBANK,PEVT_00208,"December 31, 2021",DELETION,NONE,DELETION,False,DELETION,DELETION,Normal transition
DCBBANK,PEVT_01128,"March
31, 2022",DELETION,DELETION,NONE,False,DELETION,DELETION,Consecutive DELETION
DCMSHRIRAM,PEVT_00310,"January 1, 2021",DELETION,NONE,DELETION,True,DELETION,ADDITION,Normal transition
DCMSHRIRAM,PEVT_01032,"September 30, 2024",DELETION,DELETION,ADDITION,True,DELETION,ADDITION,Consecutive DELETION
DCMSHRIRAM,PEVT_00749,"March 28, 2025",ADDITION,DELETION,NONE,True,DELETION,ADDITION,Normal transition
DEEPAKFERT,PEVT_00024,"September 30, 2022",ADDITION,NONE,ADDITION,True,ADDITION,ADDITION,Normal transition
DEEPAKFERT,PEVT_00391,"December 31, 2024",ADDITION,ADDITION,ADDITION,True,ADDITION,ADDITION,Consecutive ADDITION
DEEPAKFERT,PEVT_00166,,ADDITION,ADDITION,NONE,True,ADDITION,ADDITION,Consecutive ADDITION
DELHIVERY,PEVT_00306,"August 08, 2022",ADDITION,NONE,NONE,True,ADDITION,ADDITION,Normal transition
DELTACORP,PEVT_01236,"March 28, 2024",DELETION,NONE,NONE,False,DELETION,DELETION,Normal transition
DEN,PEVT_00687,"December 27, 2019",DELETION,NONE,NONE,False,DELETION,DELETION,Normal transition
DEVYANI,PEVT_01163,"March
31, 2022",ADDITION,NONE,NONE,True,ADDITION,ADDITION,Normal transition
DHANI,PEVT_00566,"March 31, 2023",DELETION,NONE,NONE,False,DELETION,DELETION,Normal transition
DHANUKA,PEVT_01129,"March
31, 2022",DELETION,NONE,NONE,False,DELETION,DELETION,Normal transition
DIVISLAB,PEVT_00236,"December 31, 2021",DELETION,NONE,DELETION,True,DELETION,ADDITION,Normal transition
DIVISLAB,PEVT_00788,"May 31, 2024",DELETION,DELETION,ADDITION,True,DELETION,ADDITION,Consecutive DELETION
DIVISLAB,PEVT_00392,"December 31, 2024",ADDITION,DELETION,NONE,True,DELETION,ADDITION,Normal transition
DIXON,PEVT_00135,"June 28, 2024",ADDITION,NONE,DELETION,True,ADDITION,DELETION,Normal transition
DIXON,PEVT_00670,"February 28, 2025",DELETION,ADDITION,NONE,True,ADDITION,DELETION,Normal transition
DOMS,PEVT_01274,"March 28, 2024",ADDITION,NONE,NONE,True,ADDITION,ADDITION,Normal transition
EASEMYTRIP,PEVT_01164,"March
31, 2022",ADDITION,NONE,DELETION,False,ADDITION,DELETION,Normal transition
EASEMYTRIP,PEVT_00720,"March 28, 2025",DELETION,ADDITION,NONE,False,ADDITION,DELETION,Normal transition
ECLERX,PEVT_00102,"June 28, 2024",DELETION,NONE,ADDITION,True,DELETION,ADDITION,Normal transition
ECLERX,PEVT_00696,,ADDITION,DELETION,NONE,True,DELETION,ADDITION,Normal transition
EDELWEISS,PEVT_00311,"January 1, 2021",DELETION,NONE,ADDITION,False,DELETION,DELETION,Normal transition
EDELWEISS,PEVT_00220,"December 31, 2021",ADDITION,DELETION,DELETION,False,DELETION,DELETION,Normal transition
EDELWEISS,PEVT_00684,,DELETION,ADDITION,NONE,False,DELETION,DELETION,Normal transition
EIDPARRY,PEVT_00167,,ADDITION,NONE,DELETION,True,ADDITION,DELETION,Normal transition
EIDPARRY,PEVT_00262,,DELETION,ADDITION,NONE,True,ADDITION,DELETION,Normal transition
ELECON,PEVT_01275,"March 28, 2024",ADDITION,NONE,DELETION,True,ADDITION,DELETION,Normal transition
ELECON,PEVT_00604,"July 31, 2026",DELETION,ADDITION,NONE,True,ADDITION,DELETION,Normal transition
EMCURE,PEVT_00048,"October 10, 2024",DELETION,NONE,ADDITION,True,DELETION,ADDITION,Normal transition
EMCURE,PEVT_00541,"September 30, 2025",ADDITION,DELETION,NONE,True,DELETION,ADDITION,Normal transition
EMMVEE,PEVT_00977,"March 30, 2026",ADDITION,NONE,NONE,True,ADDITION,ADDITION,Normal transition
ENGINERSIN,PEVT_00209,"December 31, 2021",DELETION,NONE,DELETION,True,DELETION,ADDITION,Normal transition
ENGINERSIN,PEVT_01086,"September 30, 2024",DELETION,DELETION,ADDITION,True,DELETION,ADDITION,Consecutive DELETION
ENGINERSIN,PEVT_00697,,ADDITION,DELETION,NONE,True,DELETION,ADDITION,Normal transition
ENRIN,PEVT_00869,"September 30, 2025",ADDITION,NONE,ADDITION,True,ADDITION,ADDITION,Normal transition
ENRIN,PEVT_00691,"February 27, 2026",ADDITION,ADDITION,NONE,True,ADDITION,ADDITION,Consecutive ADDITION
EPIGRAL,PEVT_01237,"March 28, 2024",DELETION,NONE,NONE,False,DELETION,DELETION,Normal transition
EPL,PEVT_01033,"September 30, 2024",DELETION,NONE,DELETION,False,DELETION,DELETION,Normal transition
EPL,PEVT_01087,"September 30, 2024",DELETION,DELETION,NONE,False,DELETION,DELETION,Consecutive DELETION
EQUITAS,PEVT_00338,"January 1, 2021",DELETION,NONE,ADDITION,False,DELETION,DELETION,Normal transition
EQUITAS,PEVT_00221,"December 31, 2021",ADDITION,DELETION,DELETION,False,DELETION,DELETION,Normal transition
EQUITAS,PEVT_00485,"June 30, 2022",DELETION,ADDITION,DELETION,False,DELETION,DELETION,Normal transition
EQUITAS,PEVT_00559,,DELETION,DELETION,NONE,False,DELETION,DELETION,Consecutive DELETION
EQUITASBNK,PEVT_00721,"March 28, 2025",DELETION,NONE,DELETION,False,DELETION,DELETION,Normal transition
EQUITASBNK,PEVT_00176,,DELETION,DELETION,NONE,False,DELETION,DELETION,Consecutive DELETION
ERIS,PEVT_00054,"April 02, 2018",DELETION,NONE,DELETION,True,DELETION,DELETION,Normal transition
ERIS,PEVT_00004,"September 30, 2022",DELETION,DELETION,DELETION,True,DELETION,DELETION,Consecutive DELETION
ERIS,PEVT_00286,"October 31, 2024",DELETION,DELETION,DELETION,True,DELETION,DELETION,Consecutive DELETION
ERIS,PEVT_00685,,DELETION,DELETION,NONE,True,DELETION,DELETION,Consecutive DELETION
ESABINDIA,PEVT_00892,,DELETION,NONE,NONE,False,DELETION,DELETION,Normal transition
ESCORTS,PEVT_00250,"December 31, 2021",DELETION,NONE,NONE,True,DELETION,DELETION,Normal transition
EXIDEIND,PEVT_00136,"June 28, 2024",ADDITION,NONE,DELETION,True,ADDITION,DELETION,Normal transition
EXIDEIND,PEVT_00355,"December 31, 2024",DELETION,ADDITION,DELETION,True,ADDITION,DELETION,Normal transition
EXIDEIND,PEVT_00161,,DELETION,DELETION,NONE,True,ADDITION,DELETION,Consecutive DELETION
FACT,PEVT_00103,"June 28, 2024",DELETION,NONE,NONE,True,DELETION,DELETION,Normal transition
FDC,PEVT_00812,"May 31, 2024",ADDITION,NONE,DELETION,False,ADDITION,DELETION,Normal transition
FDC,PEVT_01034,"September 30, 2024",DELETION,ADDITION,DELETION,False,ADDITION,DELETION,Normal transition
FDC,PEVT_01088,"September 30, 2024",DELETION,DELETION,NONE,False,ADDITION,DELETION,Consecutive DELETION
FEDERALBNK,PEVT_00321,"January 1, 2021",ADDITION,NONE,DELETION,True,ADDITION,DELETION,Normal transition
FEDERALBNK,PEVT_00177,,DELETION,ADDITION,NONE,True,ADDITION,DELETION,Normal transition
FINCABLES,PEVT_00813,"May 31, 2024",ADDITION,NONE,DELETION,True,ADDITION,ADDITION,Normal transition
FINCABLES,PEVT_00178,,DELETION,ADDITION,ADDITION,True,ADDITION,ADDITION,Normal transition
FINCABLES,PEVT_00698,,ADDITION,DELETION,NONE,True,ADDITION,ADDITION,Normal transition
FINEORG,PEVT_00456,"March 28, 2025",DELETION,NONE,DELETION,False,DELETION,DELETION,Normal transition
FINEORG,PEVT_00722,"March 28, 2025",DELETION,DELETION,NONE,False,DELETION,DELETION,Consecutive DELETION
FINPIPE,PEVT_00814,"May 31, 2024",ADDITION,NONE,DELETION,False,ADDITION,DELETION,Normal transition
FINPIPE,PEVT_00526,"September 30, 2025",DELETION,ADDITION,DELETION,False,ADDITION,DELETION,Normal transition
FINPIPE,PEVT_00946,"March 30, 2026",DELETION,DELETION,DELETION,False,ADDITION,DELETION,Consecutive DELETION
FINPIPE,PEVT_00500,,DELETION,DELETION,NONE,False,ADDITION,DELETION,Consecutive DELETION
FIRSTCRY,PEVT_00471,"March 28, 2025",ADDITION,NONE,ADDITION,True,ADDITION,ADDITION,Normal transition
FIRSTCRY,PEVT_00748,"March 28, 2025",ADDITION,ADDITION,NONE,True,ADDITION,ADDITION,Consecutive ADDITION
FIVESTAR,PEVT_00589,"March 31, 2023",ADDITION,NONE,NONE,True,ADDITION,ADDITION,Normal transition
FLUOROCHEM,PEVT_00999,"March 27, 2020",DELETION,NONE,ADDITION,True,DELETION,ADDITION,Normal transition
FLUOROCHEM,PEVT_00699,,ADDITION,DELETION,NONE,True,DELETION,ADDITION,Normal transition
FORCEMOT,PEVT_00542,"September 30, 2025",ADDITION,NONE,ADDITION,True,ADDITION,ADDITION,Normal transition
FORCEMOT,PEVT_00860,"September 30, 2025",ADDITION,ADDITION,NONE,True,ADDITION,ADDITION,Consecutive ADDITION
FORTIS,PEVT_00815,"May 31, 2024",ADDITION,NONE,ADDITION,True,ADDITION,ADDITION,Normal transition
FORTIS,PEVT_00394,"December 31, 2024",ADDITION,ADDITION,NONE,True,ADDITION,ADDITION,Consecutive ADDITION
FRETAIL,PEVT_00093,"March 31, 2017",ADDITION,NONE,ADDITION,False,ADDITION,DELETION,Normal transition
FRETAIL,PEVT_00322,"January 1, 2021",ADDITION,ADDITION,DELETION,False,ADDITION,DELETION,Consecutive ADDITION
FRETAIL,PEVT_00211,"December 31, 2021",DELETION,ADDITION,DELETION,False,ADDITION,DELETION,Normal transition
FRETAIL,PEVT_01130,"March
31, 2022",DELETION,DELETION,NONE,False,ADDITION,DELETION,Consecutive DELETION
FSL,PEVT_00210,"December 31, 2021",DELETION,NONE,ADDITION,True,DELETION,ADDITION,Normal transition
FSL,PEVT_00393,"December 31, 2024",ADDITION,DELETION,NONE,True,DELETION,ADDITION,Normal transition
GABRIEL,PEVT_00445,"March 30, 2026",ADDITION,NONE,ADDITION,True,ADDITION,ADDITION,Normal transition
GABRIEL,PEVT_00978,"March 30, 2026",ADDITION,ADDITION,NONE,True,ADDITION,ADDITION,Consecutive ADDITION
GAEL,PEVT_00458,"March 28, 2025",DELETION,NONE,DELETION,False,DELETION,DELETION,Normal transition
GAEL,PEVT_00725,"March 28, 2025",DELETION,DELETION,NONE,False,DELETION,DELETION,Consecutive DELETION
GAIL,PEVT_00323,"January 1, 2021",ADDITION,NONE,NONE,True,ADDITION,ADDITION,Normal transition
GALAXYSURF,PEVT_01239,"March 28, 2024",DELETION,NONE,NONE,False,DELETION,DELETION,Normal transition
GALLANTT,PEVT_00446,"March 30, 2026",ADDITION,NONE,ADDITION,True,ADDITION,ADDITION,Normal transition
GALLANTT,PEVT_00979,"March 30, 2026",ADDITION,ADDITION,NONE,True,ADDITION,ADDITION,Consecutive ADDITION
GARFIBRES,PEVT_00612,"September 29, 2023",DELETION,NONE,NONE,False,DELETION,DELETION,Normal transition
GAYAPROJ,PEVT_00424,"March 27, 2020",DELETION,NONE,DELETION,False,DELETION,DELETION,Normal transition
GAYAPROJ,PEVT_00998,"March 27, 2020",DELETION,DELETION,NONE,False,DELETION,DELETION,Consecutive DELETION
GESHIP,PEVT_00324,"January 1, 2021",ADDITION,NONE,DELETION,True,ADDITION,DELETION,Normal transition
GESHIP,PEVT_00486,"June 30, 2022",DELETION,ADDITION,NONE,True,ADDITION,DELETION,Normal transition
GET&D,PEVT_01060,"September 30, 2024",ADDITION,NONE,ADDITION,False,ADDITION,ADDITION,Normal transition
GET&D,PEVT_01112,"September 30, 2024",ADDITION,ADDITION,NONE,False,ADDITION,ADDITION,Consecutive ADDITION
GHCL,PEVT_00312,"January 1, 2021",DELETION,NONE,DELETION,False,DELETION,DELETION,Normal transition
GHCL,PEVT_00777,"April 29, 2021",DELETION,DELETION,NONE,False,DELETION,DELETION,Consecutive DELETION
GICRE,PEVT_00104,"June 28, 2024",DELETION,NONE,NONE,True,DELETION,DELETION,Normal transition
GILLETTE,PEVT_01131,"March
31, 2022",DELETION,NONE,ADDITION,True,DELETION,ADDITION,Normal transition
GILLETTE,PEVT_00631,"September 29, 2023",ADDITION,DELETION,ADDITION,True,DELETION,ADDITION,Normal transition
GILLETTE,PEVT_00512,,ADDITION,ADDITION,NONE,True,DELETION,ADDITION,Consecutive ADDITION
GLAND,PEVT_00484,"June 30, 2021",DELETION,NONE,NONE,True,DELETION,DELETION,Normal transition
GLAXO,PEVT_01194,"July 31, 2023",DELETION,NONE,NONE,True,DELETION,DELETION,Normal transition
GLENMARK,PEVT_00395,"December 31, 2024",ADDITION,NONE,NONE,True,ADDITION,ADDITION,Normal transition
GLS,PEVT_01167,"March
31, 2022",ADDITION,NONE,DELETION,False,ADDITION,ADDITION,Normal transition
GLS,PEVT_00005,"September 30, 2022",DELETION,ADDITION,ADDITION,False,ADDITION,ADDITION,Normal transition
GLS,PEVT_00632,"September 29, 2023",ADDITION,DELETION,DELETION,False,ADDITION,ADDITION,Normal transition
GLS,PEVT_01035,"September 30, 2024",DELETION,ADDITION,DELETION,False,ADDITION,ADDITION,Normal transition
GLS,PEVT_01089,"September 30, 2024",DELETION,DELETION,ADDITION,False,ADDITION,ADDITION,Consecutive DELETION
GLS,PEVT_00513,,ADDITION,DELETION,NONE,False,ADDITION,ADDITION,Normal transition
GMDCLTD,PEVT_01277,"March 28, 2024",ADDITION,NONE,DELETION,True,ADDITION,DELETION,Normal transition
GMDCLTD,PEVT_00893,,DELETION,ADDITION,NONE,True,ADDITION,DELETION,Normal transition
GMMPFAUDLR,PEVT_00337,"January 1, 2021",ADDITION,NONE,DELETION,False,ADDITION,DELETION,Normal transition
GMMPFAUDLR,PEVT_01036,"September 30, 2024",DELETION,ADDITION,DELETION,False,ADDITION,DELETION,Normal transition
GMMPFAUDLR,PEVT_01090,"September 30, 2024",DELETION,DELETION,NONE,False,ADDITION,DELETION,Consecutive DELETION
GMRINFRA,PEVT_00050,"May 04, 2022",DELETION,NONE,DELETION,False,DELETION,DELETION,Normal transition
GMRINFRA,PEVT_00882,,DELETION,DELETION,NONE,False,DELETION,DELETION,Consecutive DELETION
GNFC,PEVT_00487,"June 30, 2022",DELETION,NONE,DELETION,False,DELETION,DELETION,Normal transition
GNFC,PEVT_00287,"October 31, 2024",DELETION,DELETION,DELETION,False,DELETION,DELETION,Consecutive DELETION
GNFC,PEVT_00836,"September 30, 2025",DELETION,DELETION,DELETION,False,DELETION,DELETION,Consecutive DELETION
GNFC,PEVT_00199,,DELETION,DELETION,NONE,False,DELETION,DELETION,Consecutive DELETION
GOCOLORS,PEVT_01168,"March
31, 2022",ADDITION,NONE,DELETION,False,ADDITION,DELETION,Normal transition
GOCOLORS,PEVT_01240,"March 28, 2024",DELETION,ADDITION,NONE,False,ADDITION,DELETION,Normal transition
GODFRYPHLP,PEVT_00396,"December 31, 2024",ADDITION,NONE,NONE,True,ADDITION,ADDITION,Normal transition
GODIGIT,PEVT_01061,"September 30, 2024",ADDITION,NONE,NONE,True,ADDITION,ADDITION,Normal transition
GODREJAGRO,PEVT_01002,"August 30, 2022",DELETION,NONE,DELETION,False,DELETION,DELETION,Normal transition
GODREJAGRO,PEVT_00613,"September 29, 2023",DELETION,DELETION,ADDITION,False,DELETION,DELETION,Consecutive DELETION
GODREJAGRO,PEVT_01062,"September 30, 2024",ADDITION,DELETION,DELETION,False,DELETION,DELETION,Normal transition
GODREJAGRO,PEVT_00947,"March 30, 2026",DELETION,ADDITION,NONE,False,DELETION,DELETION,Normal transition
GODREJCP,PEVT_01204,"July 31, 2024",DELETION,NONE,NONE,True,DELETION,DELETION,Normal transition
GPIL,PEVT_00633,"September 29, 2023",ADDITION,NONE,DELETION,True,ADDITION,ADDITION,Normal transition
GPIL,PEVT_00356,"December 31, 2024",DELETION,ADDITION,ADDITION,True,ADDITION,ADDITION,Normal transition
GPIL,PEVT_00514,,ADDITION,DELETION,NONE,True,ADDITION,ADDITION,Normal transition
GPPL,PEVT_01008,"August 30, 2022",ADDITION,NONE,DELETION,False,ADDITION,DELETION,Normal transition
GPPL,PEVT_01016,"August 31, 2023",DELETION,ADDITION,DELETION,False,ADDITION,DELETION,Normal transition
GPPL,PEVT_00837,"September 30, 2025",DELETION,DELETION,NONE,False,ADDITION,DELETION,Consecutive DELETION
GRAPHITE,PEVT_00212,"December 31, 2021",DELETION,NONE,NONE,True,DELETION,DELETION,Normal transition
GRASIM,PEVT_01229,"May 26, 2017",DELETION,NONE,DELETION,True,DELETION,DELETION,Normal transition
GRASIM,PEVT_00340,"January 1, 2021",DELETION,DELETION,DELETION,True,DELETION,DELETION,Consecutive DELETION
GRASIM,PEVT_00789,"May 31, 2024",DELETION,DELETION,NONE,True,DELETION,DELETION,Consecutive DELETION
GRAVITA,PEVT_00750,"March 28, 2025",ADDITION,NONE,ADDITION,True,ADDITION,ADDITION,Normal transition
GRAVITA,PEVT_00543,"September 30, 2025",ADDITION,ADDITION,NONE,True,ADDITION,ADDITION,Consecutive ADDITION
GREAVESCOT,PEVT_01132,"March
31, 2022",DELETION,NONE,NONE,False,DELETION,DELETION,Normal transition
GREENPANEL,PEVT_00025,"September 30, 2022",ADDITION,NONE,DELETION,False,ADDITION,DELETION,Normal transition
GREENPANEL,PEVT_00614,"September 29, 2023",DELETION,ADDITION,DELETION,False,ADDITION,DELETION,Normal transition
GREENPANEL,PEVT_00501,,DELETION,DELETION,NONE,False,ADDITION,DELETION,Consecutive DELETION
GRINDWELL,PEVT_00457,"March 28, 2025",DELETION,NONE,DELETION,False,DELETION,DELETION,Normal transition
GRINDWELL,PEVT_00724,"March 28, 2025",DELETION,DELETION,NONE,False,DELETION,DELETION,Consecutive DELETION
GRINFRA,PEVT_01166,"March
31, 2022",ADDITION,NONE,DELETION,False,ADDITION,DELETION,Normal transition
GRINFRA,PEVT_01238,"March 28, 2024",DELETION,ADDITION,ADDITION,False,ADDITION,DELETION,Normal transition
GRINFRA,PEVT_01059,"September 30, 2024",ADDITION,DELETION,DELETION,False,ADDITION,DELETION,Normal transition
GRINFRA,PEVT_00723,"March 28, 2025",DELETION,ADDITION,NONE,False,ADDITION,DELETION,Normal transition
GROWW,PEVT_00973,"March 30, 2026",ADDITION,NONE,NONE,True,ADDITION,ADDITION,Normal transition
GRSE,PEVT_01276,"March 28, 2024",ADDITION,NONE,NONE,True,ADDITION,ADDITION,Normal transition
GSFC,PEVT_00459,"March 28, 2025",DELETION,NONE,DELETION,False,DELETION,DELETION,Normal transition
GSFC,PEVT_00726,"March 28, 2025",DELETION,DELETION,NONE,False,DELETION,DELETION,Consecutive DELETION
GSPL,PEVT_00043,"May 12, 2026",DELETION,NONE,ADDITION,False,DELETION,ADDITION,Normal transition
GSPL,PEVT_00269,,ADDITION,DELETION,NONE,False,DELETION,ADDITION,Normal transition
GUJALKALI,PEVT_01241,"March 28, 2024",DELETION,NONE,NONE,False,DELETION,DELETION,Normal transition
GUJGASLTD,PEVT_00432,"March 30, 2026",DELETION,NONE,DELETION,False,DELETION,DELETION,Normal transition
GUJGASLTD,PEVT_00948,"March 30, 2026",DELETION,DELETION,NONE,False,DELETION,DELETION,Consecutive DELETION
HAL,PEVT_00358,"December 31, 2024",DELETION,NONE,DELETION,True,DELETION,DELETION,Normal transition
HAL,PEVT_00503,,DELETION,DELETION,NONE,True,DELETION,DELETION,Consecutive DELETION
HAPPSTMNDS,PEVT_00244,"December 31, 2021",ADDITION,NONE,DELETION,False,ADDITION,ADDITION,Normal transition
HAPPSTMNDS,PEVT_00949,"March 30, 2026",DELETION,ADDITION,ADDITION,False,ADDITION,ADDITION,Normal transition
HAPPSTMNDS,PEVT_00916,,ADDITION,DELETION,NONE,False,ADDITION,ADDITION,Normal transition
HAPPYFORGE,PEVT_01278,"March 28, 2024",ADDITION,NONE,DELETION,False,ADDITION,DELETION,Normal transition
HAPPYFORGE,PEVT_01037,"September 30, 2024",DELETION,ADDITION,DELETION,False,ADDITION,DELETION,Normal transition
HAPPYFORGE,PEVT_01091,"September 30, 2024",DELETION,DELETION,NONE,False,ADDITION,DELETION,Consecutive DELETION
HATHWAY,PEVT_00688,"December 27, 2019",DELETION,NONE,DELETION,False,DELETION,DELETION,Normal transition
HATHWAY,PEVT_00006,"September 30, 2022",DELETION,DELETION,DELETION,False,DELETION,DELETION,Consecutive DELETION
HATHWAY,PEVT_00894,,DELETION,DELETION,NONE,False,DELETION,DELETION,Consecutive DELETION
HATSUN,PEVT_00568,"March 31, 2023",DELETION,NONE,NONE,False,DELETION,DELETION,Normal transition
HBLPOWER,PEVT_01279,"March 28, 2024",ADDITION,NONE,ADDITION,False,ADDITION,DELETION,Normal transition
HBLPOWER,PEVT_00137,"June 28, 2024",ADDITION,ADDITION,DELETION,False,ADDITION,DELETION,Consecutive ADDITION
HBLPOWER,PEVT_00288,"October 31, 2024",DELETION,ADDITION,DELETION,False,ADDITION,DELETION,Normal transition
HBLPOWER,PEVT_00357,"December 31, 2024",DELETION,DELETION,NONE,False,ADDITION,DELETION,Consecutive DELETION
HDBFS,PEVT_00980,"March 30, 2026",ADDITION,NONE,NONE,True,ADDITION,ADDITION,Normal transition
HDFC,PEVT_00045,"July 13, 2023",DELETION,NONE,NONE,False,DELETION,DELETION,Normal transition
HEG,PEVT_00213,"December 31, 2021",DELETION,NONE,ADDITION,True,DELETION,ADDITION,Normal transition
HEG,PEVT_00515,,ADDITION,DELETION,NONE,True,DELETION,ADDITION,Normal transition
HEIDELBERG,PEVT_01133,"March
31, 2022",DELETION,NONE,NONE,False,DELETION,DELETION,Normal transition
HEMIPROP,PEVT_00007,"September 30, 2022",DELETION,NONE,ADDITION,False,DELETION,ADDITION,Normal transition
HEMIPROP,PEVT_00917,,ADDITION,DELETION,NONE,False,DELETION,ADDITION,Normal transition
HERITGFOOD,PEVT_00895,,DELETION,NONE,NONE,False,DELETION,DELETION,Normal transition
HEXT,PEVT_00544,"September 30, 2025",ADDITION,NONE,ADDITION,True,ADDITION,ADDITION,Normal transition
HEXT,PEVT_00861,"September 30, 2025",ADDITION,ADDITION,NONE,True,ADDITION,ADDITION,Consecutive ADDITION
HGS,PEVT_00616,"September 29, 2023",DELETION,NONE,DELETION,False,DELETION,DELETION,Normal transition
HGS,PEVT_00502,,DELETION,DELETION,NONE,False,DELETION,DELETION,Consecutive DELETION
HIKAL,PEVT_00615,"September 29, 2023",DELETION,NONE,NONE,False,DELETION,DELETION,Normal transition
HINDALCO,PEVT_00545,"September 30, 2025",ADDITION,NONE,NONE,True,ADDITION,ADDITION,Normal transition
HINDCOPPER,PEVT_00252,"December 31, 2021",ADDITION,NONE,ADDITION,True,ADDITION,ADDITION,Normal transition
HINDCOPPER,PEVT_00138,"June 28, 2024",ADDITION,ADDITION,DELETION,True,ADDITION,ADDITION,Consecutive ADDITION
HINDCOPPER,PEVT_00359,"December 31, 2024",DELETION,ADDITION,ADDITION,True,ADDITION,ADDITION,Normal transition
HINDCOPPER,PEVT_00700,,ADDITION,DELETION,NONE,True,ADDITION,ADDITION,Normal transition
HINDPETRO,PEVT_00339,"January 1, 2021",DELETION,NONE,NONE,True,DELETION,DELETION,Normal transition
HINDZINC,PEVT_00313,"January 1, 2021",DELETION,NONE,ADDITION,True,DELETION,DELETION,Normal transition
HINDZINC,PEVT_00222,"December 31, 2021",ADDITION,DELETION,ADDITION,True,DELETION,DELETION,Normal transition
HINDZINC,PEVT_00608,"July 31, 2026",ADDITION,ADDITION,DELETION,True,DELETION,DELETION,Consecutive ADDITION
HINDZINC,PEVT_00162,,DELETION,ADDITION,NONE,True,DELETION,DELETION,Normal transition
HLEGLAS,PEVT_01169,"March
31, 2022",ADDITION,NONE,DELETION,False,ADDITION,DELETION,Normal transition
HLEGLAS,PEVT_01242,"March 28, 2024",DELETION,ADDITION,NONE,False,ADDITION,DELETION,Normal transition
HONASA,PEVT_01281,"March 28, 2024",ADDITION,NONE,DELETION,True,ADDITION,DELETION,Normal transition
HONASA,PEVT_00652,"October 31, 2025",DELETION,ADDITION,NONE,True,ADDITION,DELETION,Normal transition
HONAUT,PEVT_00790,"May 31, 2024",DELETION,NONE,NONE,True,DELETION,DELETION,Normal transition
HSCL,PEVT_01280,"March 28, 2024",ADDITION,NONE,ADDITION,True,ADDITION,ADDITION,Normal transition
HSCL,PEVT_00397,"December 31, 2024",ADDITION,ADDITION,NONE,True,ADDITION,ADDITION,Consecutive ADDITION
HUDCO,PEVT_00140,"June 28, 2024",ADDITION,NONE,DELETION,True,ADDITION,ADDITION,Normal transition
HUDCO,PEVT_00360,"December 31, 2024",DELETION,ADDITION,ADDITION,True,ADDITION,ADDITION,Normal transition
HUDCO,PEVT_00168,,ADDITION,DELETION,NONE,True,ADDITION,ADDITION,Normal transition
HYUNDAI,PEVT_00472,"March 28, 2025",ADDITION,NONE,ADDITION,True,ADDITION,ADDITION,Normal transition
HYUNDAI,PEVT_00751,"March 28, 2025",ADDITION,ADDITION,NONE,True,ADDITION,ADDITION,Consecutive ADDITION
IBREALEST,PEVT_00315,"January 1, 2021",DELETION,NONE,ADDITION,False,DELETION,DELETION,Normal transition
IBREALEST,PEVT_00253,"December 31, 2021",ADDITION,DELETION,DELETION,False,DELETION,DELETION,Normal transition
IBREALEST,PEVT_00618,"September 29, 2023",DELETION,ADDITION,NONE,False,DELETION,DELETION,Normal transition
IBULHSGFIN,PEVT_00200,,DELETION,NONE,NONE,False,DELETION,DELETION,Normal transition
ICICIAMC,PEVT_00981,"March 30, 2026",ADDITION,NONE,NONE,True,ADDITION,ADDITION,Normal transition
ICIL,PEVT_00008,"September 30, 2022",DELETION,NONE,ADDITION,False,DELETION,ADDITION,Normal transition
ICIL,PEVT_00918,,ADDITION,DELETION,NONE,False,DELETION,ADDITION,Normal transition
ICRA,PEVT_00896,,DELETION,NONE,NONE,False,DELETION,DELETION,Normal transition
IDEA,PEVT_01053,"September 30, 2024",DELETION,NONE,NONE,True,DELETION,DELETION,Normal transition
IDFC,PEVT_00214,"December 31, 2021",DELETION,NONE,DELETION,False,DELETION,ADDITION,Normal transition
IDFC,PEVT_00047,"October 10, 2024",DELETION,DELETION,ADDITION,False,DELETION,ADDITION,Consecutive DELETION
IDFC,PEVT_00169,,ADDITION,DELETION,NONE,False,DELETION,ADDITION,Normal transition
IFBIND,PEVT_00617,"September 29, 2023",DELETION,NONE,DELETION,False,DELETION,DELETION,Normal transition
IFBIND,PEVT_00504,,DELETION,DELETION,NONE,False,DELETION,DELETION,Consecutive DELETION
IFCI,PEVT_01063,"September 30, 2024",ADDITION,NONE,NONE,True,ADDITION,ADDITION,Normal transition
IGIL,PEVT_00473,"March 28, 2025",ADDITION,NONE,ADDITION,True,ADDITION,DELETION,Normal transition
IGIL,PEVT_00752,"March 28, 2025",ADDITION,ADDITION,DELETION,True,ADDITION,DELETION,Consecutive ADDITION
IGIL,PEVT_01207,"July 31, 2025",DELETION,ADDITION,NONE,True,ADDITION,DELETION,Normal transition
IGL,PEVT_00331,"January 1, 2021",DELETION,NONE,ADDITION,True,DELETION,ADDITION,Normal transition
IGL,PEVT_00701,,ADDITION,DELETION,NONE,True,DELETION,ADDITION,Normal transition
IIFL,PEVT_00648,"September 27, 2019",DELETION,NONE,DELETION,True,DELETION,DELETION,Normal transition
IIFL,PEVT_00314,"January 1, 2021",DELETION,DELETION,DELETION,True,DELETION,DELETION,Consecutive DELETION
IIFL,PEVT_01188,"April 26, 2024",DELETION,DELETION,NONE,True,DELETION,DELETION,Consecutive DELETION
IKS,PEVT_00753,"March 28, 2025",ADDITION,NONE,NONE,True,ADDITION,ADDITION,Normal transition
INDGN,PEVT_01064,"September 30, 2024",ADDITION,NONE,NONE,True,ADDITION,ADDITION,Normal transition
INDHOTEL,PEVT_00399,"December 31, 2024",ADDITION,NONE,NONE,True,ADDITION,ADDITION,Normal transition
INDIACEM,PEVT_00298,"October 31, 2024",ADDITION,NONE,ADDITION,True,ADDITION,DELETION,Normal transition
INDIACEM,PEVT_00398,"December 31, 2024",ADDITION,ADDITION,DELETION,True,ADDITION,DELETION,Consecutive ADDITION
INDIACEM,PEVT_00873,"August 29, 2025",DELETION,ADDITION,NONE,True,ADDITION,DELETION,Normal transition
INDIAMART,PEVT_00237,"December 31, 2021",DELETION,NONE,NONE,True,DELETION,DELETION,Normal transition
"INDIAN RENEWABLE ENERGY DEV.
AGENCY LTD.",PEVT_00681,"March 28, 2024",ADDITION,NONE,NONE,False,ADDITION,ADDITION,Normal transition
INDIANB,PEVT_00223,"December 31, 2021",ADDITION,NONE,NONE,True,ADDITION,ADDITION,Normal transition
INDIGOPNTS,PEVT_01038,"September 30, 2024",DELETION,NONE,DELETION,False,DELETION,DELETION,Normal transition
INDIGOPNTS,PEVT_01092,"September 30, 2024",DELETION,DELETION,NONE,False,DELETION,DELETION,Consecutive DELETION
INDOCO,PEVT_00569,"March 31, 2023",DELETION,NONE,DELETION,False,DELETION,DELETION,Normal transition
INDOCO,PEVT_00057,,DELETION,DELETION,NONE,False,DELETION,DELETION,Consecutive DELETION
INDUSTOWER,PEVT_00225,"December 31, 2021",ADDITION,NONE,ADDITION,True,ADDITION,ADDITION,Normal transition
INDUSTOWER,PEVT_00817,"May 31, 2024",ADDITION,ADDITION,DELETION,True,ADDITION,ADDITION,Consecutive ADDITION
INDUSTOWER,PEVT_01093,"September 30, 2024",DELETION,ADDITION,ADDITION,True,ADDITION,ADDITION,Normal transition
INDUSTOWER,PEVT_00546,"September 30, 2025",ADDITION,DELETION,NONE,True,ADDITION,ADDITION,Normal transition
INFIBEAM,PEVT_00671,"November 25, 2020",DELETION,NONE,DELETION,False,DELETION,DELETION,Normal transition
INFIBEAM,PEVT_00780,"April 29, 2021",DELETION,DELETION,ADDITION,False,DELETION,DELETION,Consecutive DELETION
INFIBEAM,PEVT_01218,"August 08, 2022",ADDITION,DELETION,DELETION,False,DELETION,DELETION,Normal transition
INFIBEAM,PEVT_01243,"March 28, 2024",DELETION,ADDITION,NONE,False,DELETION,DELETION,Normal transition
INFY,PEVT_01201,"July 31, 2024",DELETION,NONE,DELETION,True,DELETION,ADDITION,Normal transition
INFY,PEVT_01208,"July 31, 2025",DELETION,DELETION,ADDITION,True,DELETION,ADDITION,Consecutive DELETION
INFY,PEVT_00277,,ADDITION,DELETION,NONE,True,DELETION,ADDITION,Normal transition
INGERRAND,PEVT_01134,"March
31, 2022",DELETION,NONE,ADDITION,False,DELETION,ADDITION,Normal transition
INGERRAND,PEVT_00591,"March 31, 2023",ADDITION,DELETION,DELETION,False,DELETION,ADDITION,Normal transition
INGERRAND,PEVT_01244,"March 28, 2024",DELETION,ADDITION,ADDITION,False,DELETION,ADDITION,Normal transition
INGERRAND,PEVT_00065,,ADDITION,DELETION,NONE,False,DELETION,ADDITION,Normal transition
INOXINDIA,PEVT_01066,"September 30, 2024",ADDITION,NONE,ADDITION,False,ADDITION,DELETION,Normal transition
INOXINDIA,PEVT_01114,"September 30, 2024",ADDITION,ADDITION,DELETION,False,ADDITION,DELETION,Consecutive ADDITION
INOXINDIA,PEVT_00433,"March 30, 2026",DELETION,ADDITION,DELETION,False,ADDITION,DELETION,Normal transition
INOXINDIA,PEVT_00950,"March 30, 2026",DELETION,DELETION,NONE,False,ADDITION,DELETION,Consecutive DELETION
INOXLEISUR,PEVT_00260,"February 17, 2023",DELETION,NONE,NONE,False,DELETION,DELETION,Normal transition
INOXWIND,PEVT_01283,"March 28, 2024",ADDITION,NONE,ADDITION,True,ADDITION,ADDITION,Normal transition
INOXWIND,PEVT_00661,"October 31, 2025",ADDITION,ADDITION,NONE,True,ADDITION,ADDITION,Consecutive ADDITION
INTELLECT,PEVT_00238,"December 31, 2021",DELETION,NONE,ADDITION,True,DELETION,ADDITION,Normal transition
INTELLECT,PEVT_00919,,ADDITION,DELETION,NONE,True,DELETION,ADDITION,Normal transition
IOC,PEVT_01113,"September 30, 2024",ADDITION,NONE,DELETION,True,ADDITION,DELETION,Normal transition
IOC,PEVT_00528,"September 30, 2025",DELETION,ADDITION,NONE,True,ADDITION,DELETION,Normal transition
IOLCP,PEVT_01135,"March
31, 2022",DELETION,NONE,NONE,False,DELETION,DELETION,Normal transition
IRB,PEVT_00488,"June 30, 2022",DELETION,NONE,NONE,True,DELETION,DELETION,Normal transition
IRCON,PEVT_00009,"September 30, 2022",DELETION,NONE,ADDITION,True,DELETION,ADDITION,Normal transition
IRCON,PEVT_00634,"September 29, 2023",ADDITION,DELETION,DELETION,True,DELETION,ADDITION,Normal transition
IRCON,PEVT_00791,"May 31, 2024",DELETION,ADDITION,DELETION,True,DELETION,ADDITION,Normal transition
IRCON,PEVT_00106,"June 28, 2024",DELETION,DELETION,ADDITION,True,DELETION,ADDITION,Consecutive DELETION
IRCON,PEVT_00516,,ADDITION,DELETION,NONE,True,DELETION,ADDITION,Normal transition
IRCTC,PEVT_00245,"December 31, 2021",ADDITION,NONE,DELETION,True,ADDITION,DELETION,Normal transition
IRCTC,PEVT_00289,"October 31, 2024",DELETION,ADDITION,NONE,True,ADDITION,DELETION,Normal transition
IREDA,PEVT_01282,"March 28, 2024",ADDITION,NONE,ADDITION,True,ADDITION,ADDITION,Normal transition
IREDA,PEVT_01065,"September 30, 2024",ADDITION,ADDITION,NONE,True,ADDITION,ADDITION,Consecutive ADDITION
IRFC,PEVT_00224,"December 31, 2021",ADDITION,NONE,DELETION,True,ADDITION,DELETION,Normal transition
IRFC,PEVT_00361,"December 31, 2024",DELETION,ADDITION,NONE,True,ADDITION,DELETION,Normal transition
ISEC,PEVT_00601,"March 21, 2025",DELETION,NONE,NONE,False,DELETION,DELETION,Normal transition
ITC,PEVT_00226,"December 31, 2021",ADDITION,NONE,NONE,True,ADDITION,ADDITION,Normal transition
ITCHOTELS,PEVT_00862,"September 30, 2025",ADDITION,NONE,NONE,True,ADDITION,ADDITION,Normal transition
ITI,PEVT_00107,"June 28, 2024",DELETION,NONE,NONE,True,DELETION,DELETION,Normal transition
J&KBANK,PEVT_01285,"March 28, 2024",ADDITION,NONE,DELETION,True,ADDITION,DELETION,Normal transition
J&KBANK,PEVT_00899,,DELETION,ADDITION,NONE,True,ADDITION,DELETION,Normal transition
JAGRAN,PEVT_00897,,DELETION,NONE,NONE,False,DELETION,DELETION,Normal transition
JAIBALAJI,PEVT_01284,"March 28, 2024",ADDITION,NONE,DELETION,False,ADDITION,DELETION,Normal transition
JAIBALAJI,PEVT_01039,"September 30, 2024",DELETION,ADDITION,DELETION,False,ADDITION,DELETION,Normal transition
JAIBALAJI,PEVT_01094,"September 30, 2024",DELETION,DELETION,NONE,False,ADDITION,DELETION,Consecutive DELETION
JAICORPLTD,PEVT_00898,,DELETION,NONE,NONE,False,DELETION,DELETION,Normal transition
JAINREC,PEVT_00982,"March 30, 2026",ADDITION,NONE,NONE,True,ADDITION,ADDITION,Normal transition
JAMNAAUTO,PEVT_01245,"March 28, 2024",DELETION,NONE,NONE,False,DELETION,DELETION,Normal transition
JBCHEPHARM,PEVT_00481,"July
17, 2026",DELETION,NONE,NONE,False,DELETION,DELETION,Normal transition
JBMA,PEVT_00026,"September 30, 2022",ADDITION,NONE,NONE,True,ADDITION,ADDITION,Normal transition
JCHAC,PEVT_01138,"March
31, 2022",DELETION,NONE,NONE,False,DELETION,DELETION,Normal transition
JINDALSAW,PEVT_01136,"March
31, 2022",DELETION,NONE,ADDITION,True,DELETION,ADDITION,Normal transition
JINDALSAW,PEVT_00635,"September 29, 2023",ADDITION,DELETION,DELETION,True,DELETION,ADDITION,Normal transition
JINDALSAW,PEVT_00792,"May 31, 2024",DELETION,ADDITION,DELETION,True,DELETION,ADDITION,Normal transition
JINDALSAW,PEVT_00108,"June 28, 2024",DELETION,DELETION,DELETION,True,DELETION,ADDITION,Consecutive DELETION
JINDALSAW,PEVT_01209,"July 31, 2025",DELETION,DELETION,ADDITION,True,DELETION,ADDITION,Consecutive DELETION
JINDALSAW,PEVT_00517,,ADDITION,DELETION,NONE,True,DELETION,ADDITION,Normal transition
JINDALSTEL,PEVT_00179,,DELETION,NONE,ADDITION,True,DELETION,ADDITION,Normal transition
JINDALSTEL,PEVT_00703,,ADDITION,DELETION,NONE,True,DELETION,ADDITION,Normal transition
JINDWORLD,PEVT_00592,"March 31, 2023",ADDITION,NONE,DELETION,False,ADDITION,DELETION,Normal transition
JINDWORLD,PEVT_00619,"September 29, 2023",DELETION,ADDITION,NONE,False,ADDITION,DELETION,Normal transition
JIOFIN,PEVT_01286,"March 28, 2024",ADDITION,NONE,NONE,True,ADDITION,ADDITION,Normal transition
JKLAKSHMI,PEVT_00793,"May 31, 2024",DELETION,NONE,DELETION,False,DELETION,DELETION,Normal transition
JKLAKSHMI,PEVT_00727,"March 28, 2025",DELETION,DELETION,NONE,False,DELETION,DELETION,Consecutive DELETION
JKPAPER,PEVT_01040,"September 30, 2024",DELETION,NONE,NONE,False,DELETION,DELETION,Normal transition
JKTYRE,PEVT_01137,"March
31, 2022",DELETION,NONE,ADDITION,True,DELETION,ADDITION,Normal transition
JKTYRE,PEVT_01068,"September 30, 2024",ADDITION,DELETION,NONE,True,DELETION,ADDITION,Normal transition
JMFINANCIL,PEVT_00227,"December 31, 2021",ADDITION,NONE,DELETION,True,ADDITION,ADDITION,Normal transition
JMFINANCIL,PEVT_00489,"June 30, 2022",DELETION,ADDITION,DELETION,True,ADDITION,ADDITION,Normal transition
JMFINANCIL,PEVT_00163,,DELETION,DELETION,ADDITION,True,ADDITION,ADDITION,Consecutive DELETION
JMFINANCIL,PEVT_00270,,ADDITION,DELETION,NONE,True,ADDITION,ADDITION,Normal transition
JPPOWER,PEVT_01067,"September 30, 2024",ADDITION,NONE,NONE,True,ADDITION,ADDITION,Normal transition
JSL,PEVT_00141,"June 28, 2024",ADDITION,NONE,DELETION,True,ADDITION,ADDITION,Normal transition
JSL,PEVT_00362,"December 31, 2024",DELETION,ADDITION,ADDITION,True,ADDITION,ADDITION,Normal transition
JSL,PEVT_00702,,ADDITION,DELETION,NONE,True,ADDITION,ADDITION,Normal transition
JSLHISAR,PEVT_01189,"May 31, 2022",DELETION,NONE,NONE,False,DELETION,DELETION,Normal transition
JSLL,PEVT_01211,"July 31, 2025",DELETION,NONE,NONE,False,DELETION,DELETION,Normal transition
JSWCEMENT,PEVT_00423,"December 31, 2025",DELETION,NONE,NONE,True,DELETION,DELETION,Normal transition
JSWDULUX,PEVT_00278,,ADDITION,NONE,NONE,True,ADDITION,ADDITION,Normal transition
JSWHL,PEVT_00754,"March 28, 2025",ADDITION,NONE,DELETION,False,ADDITION,DELETION,Normal transition
JSWHL,PEVT_00838,"September 30, 2025",DELETION,ADDITION,NONE,False,ADDITION,DELETION,Normal transition
JSWINFRA,PEVT_01287,"March 28, 2024",ADDITION,NONE,NONE,True,ADDITION,ADDITION,Normal transition
JTEKTINDIA,PEVT_00159,"September 14, 2020",DELETION,NONE,NONE,False,DELETION,DELETION,Normal transition
JUBLFOOD,PEVT_00239,"December 31, 2021",DELETION,NONE,NONE,True,DELETION,DELETION,Normal transition
JUBLPHARMA,PEVT_00679,"January 31, 2024",ADDITION,NONE,DELETION,True,ADDITION,ADDITION,Normal transition
JUBLPHARMA,PEVT_00794,"May 31, 2024",DELETION,ADDITION,ADDITION,True,ADDITION,ADDITION,Normal transition
JUBLPHARMA,PEVT_00401,"December 31, 2024",ADDITION,DELETION,ADDITION,True,ADDITION,ADDITION,Normal transition
JUBLPHARMA,PEVT_00547,"September 30, 2025",ADDITION,ADDITION,NONE,True,ADDITION,ADDITION,Consecutive ADDITION
JUSTDIAL,PEVT_00839,"September 30, 2025",DELETION,NONE,NONE,False,DELETION,DELETION,Normal transition
JWL,PEVT_01288,"March 28, 2024",ADDITION,NONE,ADDITION,True,ADDITION,DELETION,Normal transition
JWL,PEVT_00142,"June 28, 2024",ADDITION,ADDITION,DELETION,True,ADDITION,DELETION,Consecutive ADDITION
JWL,PEVT_00363,"December 31, 2024",DELETION,ADDITION,NONE,True,ADDITION,DELETION,Normal transition
JYOTHYLAB,PEVT_00109,"June 28, 2024",DELETION,NONE,DELETION,False,DELETION,DELETION,Normal transition
JYOTHYLAB,PEVT_00434,"March 30, 2026",DELETION,DELETION,DELETION,False,DELETION,DELETION,Consecutive DELETION
JYOTHYLAB,PEVT_00951,"March 30, 2026",DELETION,DELETION,NONE,False,DELETION,DELETION,Consecutive DELETION
JYOTICNC,PEVT_01069,"September 30, 2024",ADDITION,NONE,ADDITION,True,ADDITION,ADDITION,Normal transition
JYOTICNC,PEVT_00299,"October 31, 2024",ADDITION,ADDITION,NONE,True,ADDITION,ADDITION,Consecutive ADDITION
KANSAINER,PEVT_00529,"September 30, 2025",DELETION,NONE,DELETION,False,DELETION,DELETION,Normal transition
KANSAINER,PEVT_00840,"September 30, 2025",DELETION,DELETION,NONE,False,DELETION,DELETION,Consecutive DELETION
KARURVYSYA,PEVT_00110,"June 28, 2024",DELETION,NONE,NONE,True,DELETION,DELETION,Normal transition
KAYNES,PEVT_00636,"September 29, 2023",ADDITION,NONE,DELETION,True,ADDITION,ADDITION,Normal transition
KAYNES,PEVT_00111,"June 28, 2024",DELETION,ADDITION,DELETION,True,ADDITION,ADDITION,Normal transition
KAYNES,PEVT_01095,"September 30, 2024",DELETION,DELETION,ADDITION,True,ADDITION,ADDITION,Consecutive DELETION
KAYNES,PEVT_00402,"December 31, 2024",ADDITION,DELETION,NONE,True,ADDITION,ADDITION,Normal transition
KEC,PEVT_00403,"December 31, 2024",ADDITION,NONE,NONE,True,ADDITION,ADDITION,Normal transition
KEI,PEVT_00246,"December 31, 2021",ADDITION,NONE,ADDITION,True,ADDITION,ADDITION,Normal transition
KEI,PEVT_00190,,ADDITION,ADDITION,NONE,True,ADDITION,ADDITION,Consecutive ADDITION
KENNAMET,PEVT_00689,"December 27, 2019",DELETION,NONE,ADDITION,False,DELETION,DELETION,Normal transition
KENNAMET,PEVT_00593,"March 31, 2023",ADDITION,DELETION,DELETION,False,DELETION,DELETION,Normal transition
KENNAMET,PEVT_00620,"September 29, 2023",DELETION,ADDITION,ADDITION,False,DELETION,DELETION,Normal transition
KENNAMET,PEVT_00066,,ADDITION,DELETION,DELETION,False,DELETION,DELETION,Normal transition
KENNAMET,PEVT_00506,,DELETION,ADDITION,NONE,False,DELETION,DELETION,Normal transition
KFINTECH,PEVT_00595,"March 31, 2023",ADDITION,NONE,DELETION,True,ADDITION,ADDITION,Normal transition
KFINTECH,PEVT_01096,"September 30, 2024",DELETION,ADDITION,ADDITION,True,ADDITION,ADDITION,Normal transition
KFINTECH,PEVT_00404,"December 31, 2024",ADDITION,DELETION,ADDITION,True,ADDITION,ADDITION,Normal transition
KFINTECH,PEVT_00067,,ADDITION,ADDITION,NONE,True,ADDITION,ADDITION,Consecutive ADDITION
KIMS,PEVT_01170,"March
31, 2022",ADDITION,NONE,DELETION,True,ADDITION,DELETION,Normal transition
KIMS,PEVT_01098,"September 30, 2024",DELETION,ADDITION,NONE,True,ADDITION,DELETION,Normal transition
KIRLFER,PEVT_00637,"September 29, 2023",ADDITION,NONE,DELETION,False,ADDITION,ADDITION,Normal transition
KIRLFER,PEVT_00649,"October 26, 2023",DELETION,ADDITION,ADDITION,False,ADDITION,ADDITION,Normal transition
KIRLFER,PEVT_00518,,ADDITION,DELETION,NONE,False,ADDITION,ADDITION,Normal transition
KIRLOSBROS,PEVT_01070,"September 30, 2024",ADDITION,NONE,ADDITION,False,ADDITION,DELETION,Normal transition
KIRLOSBROS,PEVT_01115,"September 30, 2024",ADDITION,ADDITION,DELETION,False,ADDITION,DELETION,Consecutive ADDITION
KIRLOSBROS,PEVT_00435,"March 30, 2026",DELETION,ADDITION,DELETION,False,ADDITION,DELETION,Normal transition
KIRLOSBROS,PEVT_00952,"March 30, 2026",DELETION,DELETION,NONE,False,ADDITION,DELETION,Consecutive DELETION
KIRLOSENG,PEVT_01071,"September 30, 2024",ADDITION,NONE,NONE,True,ADDITION,ADDITION,Normal transition
KNRCON,PEVT_00290,"October 31, 2024",DELETION,NONE,DELETION,False,DELETION,DELETION,Normal transition
KNRCON,PEVT_00841,"September 30, 2025",DELETION,DELETION,NONE,False,DELETION,DELETION,Consecutive DELETION
KOLTEPATIL,PEVT_00901,,DELETION,NONE,NONE,False,DELETION,DELETION,Normal transition
KOTAKBANK,PEVT_00342,"January 1, 2021",DELETION,NONE,NONE,True,DELETION,DELETION,Normal transition
KPIL,PEVT_00143,"June 28, 2024",ADDITION,NONE,DELETION,True,ADDITION,DELETION,Normal transition
KPIL,PEVT_00364,"December 31, 2024",DELETION,ADDITION,NONE,True,ADDITION,DELETION,Normal transition
KPIT,PEVT_01304,"September 28, 2018",DELETION,NONE,NONE,False,DELETION,DELETION,Normal transition
KPITTECH,PEVT_00112,"June 28, 2024",DELETION,NONE,ADDITION,True,DELETION,ADDITION,Normal transition
KPITTECH,PEVT_00921,,ADDITION,DELETION,NONE,True,DELETION,ADDITION,Normal transition
KPRMILL,PEVT_00920,,ADDITION,NONE,NONE,True,ADDITION,ADDITION,Normal transition
KRBL,PEVT_01041,"September 30, 2024",DELETION,NONE,DELETION,False,DELETION,DELETION,Normal transition
KRBL,PEVT_01097,"September 30, 2024",DELETION,DELETION,NONE,False,DELETION,DELETION,Consecutive DELETION
KSB,PEVT_01140,"March
31, 2022",DELETION,NONE,ADDITION,False,DELETION,ADDITION,Normal transition
KSB,PEVT_00596,"March 31, 2023",ADDITION,DELETION,DELETION,False,DELETION,ADDITION,Normal transition
KSB,PEVT_00460,"March 28, 2025",DELETION,ADDITION,DELETION,False,DELETION,ADDITION,Normal transition
KSB,PEVT_00728,"March 28, 2025",DELETION,DELETION,ADDITION,False,DELETION,ADDITION,Consecutive DELETION
KSB,PEVT_00548,"September 30, 2025",ADDITION,DELETION,ADDITION,False,DELETION,ADDITION,Normal transition
KSB,PEVT_00863,"September 30, 2025",ADDITION,ADDITION,DELETION,False,DELETION,ADDITION,Consecutive ADDITION
KSB,PEVT_00436,"March 30, 2026",DELETION,ADDITION,DELETION,False,DELETION,ADDITION,Normal transition
KSB,PEVT_00953,"March 30, 2026",DELETION,DELETION,ADDITION,False,DELETION,ADDITION,Consecutive DELETION
KSB,PEVT_00068,,ADDITION,DELETION,NONE,False,DELETION,ADDITION,Normal transition
KSCL,PEVT_01139,"March
31, 2022",DELETION,NONE,NONE,False,DELETION,DELETION,Normal transition
KTKBANK,PEVT_00900,,DELETION,NONE,NONE,False,DELETION,DELETION,Normal transition
LALPATHLAB,PEVT_01217,"August 08, 2022",ADDITION,NONE,DELETION,True,ADDITION,DELETION,Normal transition
LALPATHLAB,PEVT_01200,"July 31, 2024",DELETION,ADDITION,NONE,True,ADDITION,DELETION,Normal transition
LAOPALA,PEVT_01141,"March
31, 2022",DELETION,NONE,NONE,False,DELETION,DELETION,Normal transition
LATENTVIEW,PEVT_01171,"March
31, 2022",ADDITION,NONE,NONE,True,ADDITION,ADDITION,Normal transition
LAURUSLABS,PEVT_01231,"May 26, 2017",ADDITION,NONE,DELETION,True,ADDITION,ADDITION,Normal transition
LAURUSLABS,PEVT_00795,"May 31, 2024",DELETION,ADDITION,ADDITION,True,ADDITION,ADDITION,Normal transition
LAURUSLABS,PEVT_00609,"July 31, 2026",ADDITION,DELETION,NONE,True,ADDITION,ADDITION,Normal transition
LAXMIMACH,PEVT_01219,"August 08, 2022",ADDITION,NONE,DELETION,False,ADDITION,DELETION,Normal transition
LAXMIMACH,PEVT_01246,"March 28, 2024",DELETION,ADDITION,NONE,False,ADDITION,DELETION,Normal transition
LEMONTREE,PEVT_01142,"March
31, 2022",DELETION,NONE,ADDITION,True,DELETION,ADDITION,Normal transition
LEMONTREE,PEVT_00088,,ADDITION,DELETION,NONE,True,DELETION,ADDITION,Normal transition
LENSKART,PEVT_00983,"March 30, 2026",ADDITION,NONE,NONE,True,ADDITION,ADDITION,Normal transition
LGEINDIA,PEVT_00984,"March 30, 2026",ADDITION,NONE,NONE,True,ADDITION,ADDITION,Normal transition
LICHSGFIN,PEVT_00325,"January 1, 2021",ADDITION,NONE,NONE,True,ADDITION,ADDITION,Normal transition
LICI,PEVT_00307,"August 08, 2022",ADDITION,NONE,NONE,True,ADDITION,ADDITION,Normal transition
LINDEINDIA,PEVT_00247,"December 31, 2021",ADDITION,NONE,NONE,True,ADDITION,ADDITION,Normal transition
LLOYDSME,PEVT_01289,"March 28, 2024",ADDITION,NONE,ADDITION,True,ADDITION,ADDITION,Normal transition
LLOYDSME,PEVT_00405,"December 31, 2024",ADDITION,ADDITION,NONE,True,ADDITION,ADDITION,Consecutive ADDITION
LODHA,PEVT_00818,"May 31, 2024",ADDITION,NONE,NONE,True,ADDITION,ADDITION,Normal transition
LTFOODS,PEVT_00474,"March 28, 2025",ADDITION,NONE,ADDITION,True,ADDITION,ADDITION,Normal transition
LTFOODS,PEVT_00755,"March 28, 2025",ADDITION,ADDITION,NONE,True,ADDITION,ADDITION,Consecutive ADDITION
LUPIN,PEVT_00832,"May 31, 2024",ADDITION,NONE,DELETION,True,ADDITION,ADDITION,Normal transition
LUPIN,PEVT_00113,"June 28, 2024",DELETION,ADDITION,ADDITION,True,ADDITION,ADDITION,Normal transition
LUPIN,PEVT_00406,"December 31, 2024",ADDITION,DELETION,NONE,True,ADDITION,ADDITION,Normal transition
LUXIND,PEVT_01247,"March 28, 2024",DELETION,NONE,NONE,False,DELETION,DELETION,Normal transition
LXCHEM,PEVT_01042,"September 30, 2024",DELETION,NONE,DELETION,False,DELETION,DELETION,Normal transition
LXCHEM,PEVT_01099,"September 30, 2024",DELETION,DELETION,NONE,False,DELETION,DELETION,Consecutive DELETION
M&M,PEVT_00144,"June 28, 2024",ADDITION,NONE,NONE,True,ADDITION,ADDITION,Normal transition
MAHINDCIE,PEVT_00672,"November 25, 2020",DELETION,NONE,NONE,False,DELETION,DELETION,Normal transition
MAHLIFE,PEVT_00027,"September 30, 2022",ADDITION,NONE,DELETION,False,ADDITION,DELETION,Normal transition
MAHLIFE,PEVT_01017,"August 31, 2023",DELETION,ADDITION,DELETION,False,ADDITION,DELETION,Normal transition
MAHLIFE,PEVT_00729,"March 28, 2025",DELETION,DELETION,NONE,False,ADDITION,DELETION,Consecutive DELETION
MAHLOG,PEVT_01018,"August 31, 2023",DELETION,NONE,DELETION,False,DELETION,DELETION,Normal transition
MAHLOG,PEVT_00622,"September 29, 2023",DELETION,DELETION,NONE,False,DELETION,DELETION,Consecutive DELETION
MAHSCOOTER,PEVT_00864,"September 30, 2025",ADDITION,NONE,DELETION,False,ADDITION,DELETION,Normal transition
MAHSCOOTER,PEVT_00954,"March 30, 2026",DELETION,ADDITION,NONE,False,ADDITION,DELETION,Normal transition
MAHSEAMLES,PEVT_01290,"March 28, 2024",ADDITION,NONE,DELETION,False,ADDITION,DELETION,Normal transition
MAHSEAMLES,PEVT_00530,"September 30, 2025",DELETION,ADDITION,DELETION,False,ADDITION,DELETION,Normal transition
MAHSEAMLES,PEVT_00955,"March 30, 2026",DELETION,DELETION,NONE,False,ADDITION,DELETION,Consecutive DELETION
MANAPPURAM,PEVT_00332,"January 1, 2021",DELETION,NONE,ADDITION,True,DELETION,ADDITION,Normal transition
MANAPPURAM,PEVT_00493,"June 30, 2022",ADDITION,DELETION,NONE,True,DELETION,ADDITION,Normal transition
MANKIND,PEVT_00046,"July 13, 2023",DELETION,NONE,DELETION,True,DELETION,DELETION,Normal transition
MANKIND,PEVT_00669,"February 28, 2025",DELETION,DELETION,DELETION,True,DELETION,DELETION,Consecutive DELETION
MANKIND,PEVT_00531,"September 30, 2025",DELETION,DELETION,NONE,True,DELETION,DELETION,Consecutive DELETION
MANYAVAR,PEVT_00038,"September 30, 2022",ADDITION,NONE,DELETION,False,ADDITION,DELETION,Normal transition
MANYAVAR,PEVT_01106,"September 30, 2024",DELETION,ADDITION,DELETION,False,ADDITION,DELETION,Normal transition
MANYAVAR,PEVT_00964,"March 30, 2026",DELETION,DELETION,NONE,False,ADDITION,DELETION,Consecutive DELETION
MAPMYINDIA,PEVT_01160,"March
31, 2022",ADDITION,NONE,DELETION,True,ADDITION,DELETION,Normal transition
MAPMYINDIA,PEVT_00099,"June 28, 2024",DELETION,ADDITION,NONE,True,ADDITION,DELETION,Normal transition
MASTEK,PEVT_00532,"September 30, 2025",DELETION,NONE,DELETION,False,DELETION,DELETION,Normal transition
MASTEK,PEVT_00842,"September 30, 2025",DELETION,DELETION,NONE,False,DELETION,DELETION,Consecutive DELETION
MAXHEALTH,PEVT_00819,"May 31, 2024",ADDITION,NONE,DELETION,True,ADDITION,ADDITION,Normal transition
MAXHEALTH,PEVT_00291,"October 31, 2024",DELETION,ADDITION,ADDITION,True,ADDITION,ADDITION,Normal transition
MAXHEALTH,PEVT_00877,"August 29, 2025",ADDITION,DELETION,ADDITION,True,ADDITION,ADDITION,Normal transition
MAXHEALTH,PEVT_00922,,ADDITION,ADDITION,NONE,True,ADDITION,ADDITION,Consecutive ADDITION
MAXINDIA,PEVT_00094,"March 31, 2017",ADDITION,NONE,NONE,False,ADDITION,ADDITION,Normal transition
MAZDOCK,PEVT_00923,,ADDITION,NONE,NONE,True,ADDITION,ADDITION,Normal transition
MCX,PEVT_00114,"June 28, 2024",DELETION,NONE,ADDITION,True,DELETION,ADDITION,Normal transition
MCX,PEVT_00407,"December 31, 2024",ADDITION,DELETION,ADDITION,True,DELETION,ADDITION,Normal transition
MCX,PEVT_00191,,ADDITION,ADDITION,NONE,True,DELETION,ADDITION,Consecutive ADDITION
MEDANTA,PEVT_00590,"March 31, 2023",ADDITION,NONE,DELETION,True,ADDITION,ADDITION,Normal transition
MEDANTA,PEVT_00105,"June 28, 2024",DELETION,ADDITION,ADDITION,True,ADDITION,ADDITION,Normal transition
MEDANTA,PEVT_00064,,ADDITION,DELETION,NONE,True,ADDITION,ADDITION,Normal transition
MEDPLUS,PEVT_01172,"March
31, 2022",ADDITION,NONE,ADDITION,False,ADDITION,DELETION,Normal transition
MEDPLUS,PEVT_00820,"May 31, 2024",ADDITION,ADDITION,DELETION,False,ADDITION,DELETION,Consecutive ADDITION
MEDPLUS,PEVT_01044,"September 30, 2024",DELETION,ADDITION,DELETION,False,ADDITION,DELETION,Normal transition
MEDPLUS,PEVT_01100,"September 30, 2024",DELETION,DELETION,NONE,False,ADDITION,DELETION,Consecutive DELETION
MEESHO,PEVT_00985,"March 30, 2026",ADDITION,NONE,NONE,True,ADDITION,ADDITION,Normal transition
METROBRAND,PEVT_01173,"March
31, 2022",ADDITION,NONE,ADDITION,False,ADDITION,DELETION,Normal transition
METROBRAND,PEVT_00821,"May 31, 2024",ADDITION,ADDITION,DELETION,False,ADDITION,DELETION,Consecutive ADDITION
METROBRAND,PEVT_00461,"March 28, 2025",DELETION,ADDITION,DELETION,False,ADDITION,DELETION,Normal transition
METROBRAND,PEVT_00730,"March 28, 2025",DELETION,DELETION,NONE,False,ADDITION,DELETION,Consecutive DELETION
METROPOLIS,PEVT_01025,"August 31, 2023",ADDITION,NONE,DELETION,False,ADDITION,DELETION,Normal transition
METROPOLIS,PEVT_00437,"March 30, 2026",DELETION,ADDITION,DELETION,False,ADDITION,DELETION,Normal transition
METROPOLIS,PEVT_00956,"March 30, 2026",DELETION,DELETION,NONE,False,ADDITION,DELETION,Consecutive DELETION
MFL,PEVT_00597,"March 31, 2023",ADDITION,NONE,NONE,False,ADDITION,ADDITION,Normal transition
MFSL,PEVT_01303,"September 29, 2017",DELETION,NONE,NONE,True,DELETION,DELETION,Normal transition
MGL,PEVT_00095,"March 31, 2017",ADDITION,NONE,ADDITION,True,ADDITION,DELETION,Normal transition
MGL,PEVT_00492,"June 30, 2022",ADDITION,ADDITION,DELETION,True,ADDITION,DELETION,Consecutive ADDITION
MGL,PEVT_00263,,DELETION,ADDITION,NONE,True,ADDITION,DELETION,Normal transition
MHRIL,PEVT_01043,"September 30, 2024",DELETION,NONE,NONE,False,DELETION,DELETION,Normal transition
MIDHANI,PEVT_00677,"December 26, 2019",ADDITION,NONE,DELETION,False,ADDITION,DELETION,Normal transition
MIDHANI,PEVT_01144,"March
31, 2022",DELETION,ADDITION,NONE,False,ADDITION,DELETION,Normal transition
MINDACORP,PEVT_01143,"March
31, 2022",DELETION,NONE,ADDITION,True,DELETION,DELETION,Normal transition
MINDACORP,PEVT_00638,"September 29, 2023",ADDITION,DELETION,ADDITION,True,DELETION,DELETION,Normal transition
MINDACORP,PEVT_00822,"May 31, 2024",ADDITION,ADDITION,DELETION,True,DELETION,DELETION,Consecutive ADDITION
MINDACORP,PEVT_00533,"September 30, 2025",DELETION,ADDITION,NONE,True,DELETION,DELETION,Normal transition
MINDTREE,PEVT_00010,"September 30, 2022",DELETION,NONE,NONE,False,DELETION,DELETION,Normal transition
MMTC,PEVT_00823,"May 31, 2024",ADDITION,NONE,DELETION,True,ADDITION,DELETION,Normal transition
MMTC,PEVT_00292,"October 31, 2024",DELETION,ADDITION,NONE,True,ADDITION,DELETION,Normal transition
MOIL,PEVT_00570,"March 31, 2023",DELETION,NONE,NONE,False,DELETION,DELETION,Normal transition
MOTHERSON,PEVT_00033,"September 30, 2022",ADDITION,NONE,ADDITION,True,ADDITION,DELETION,Normal transition
MOTHERSON,PEVT_00151,"June 28, 2024",ADDITION,ADDITION,DELETION,True,ADDITION,DELETION,Consecutive ADDITION
MOTHERSON,PEVT_00373,"December 31, 2024",DELETION,ADDITION,NONE,True,ADDITION,DELETION,Normal transition
MOTHERSUMI,PEVT_00483,"June 30, 2021",DELETION,NONE,NONE,False,DELETION,DELETION,Normal transition
MRF,PEVT_00180,,DELETION,NONE,NONE,True,DELETION,DELETION,Normal transition
MRPL,PEVT_00365,"December 31, 2024",DELETION,NONE,NONE,True,DELETION,DELETION,Normal transition
MSUMI,PEVT_00028,"September 30, 2022",ADDITION,NONE,DELETION,True,ADDITION,DELETION,Normal transition
MSUMI,PEVT_00073,"June 30,
2025",DELETION,ADDITION,NONE,True,ADDITION,DELETION,Normal transition
MTARTECH,PEVT_00071,"April 07, 2022",DELETION,NONE,DELETION,False,DELETION,DELETION,Normal transition
MTARTECH,PEVT_01045,"September 30, 2024",DELETION,DELETION,NONE,False,DELETION,DELETION,Consecutive DELETION
MYSOREBANK,PEVT_00091,"March 31, 2017",DELETION,NONE,NONE,False,DELETION,DELETION,Normal transition
NATCOPHARM,PEVT_00408,"December 31, 2024",ADDITION,NONE,DELETION,True,ADDITION,ADDITION,Normal transition
NATCOPHARM,PEVT_00653,"October 31, 2025",DELETION,ADDITION,ADDITION,True,ADDITION,ADDITION,Normal transition
NATCOPHARM,PEVT_00704,,ADDITION,DELETION,NONE,True,ADDITION,ADDITION,Normal transition
NATIONALUM,PEVT_00254,"December 31, 2021",ADDITION,NONE,ADDITION,True,ADDITION,ADDITION,Normal transition
NATIONALUM,PEVT_00145,"June 28, 2024",ADDITION,ADDITION,NONE,True,ADDITION,ADDITION,Consecutive ADDITION
NAUKRI,PEVT_00400,"December 31, 2024",ADDITION,NONE,DELETION,True,ADDITION,DELETION,Normal transition
NAUKRI,PEVT_00505,,DELETION,ADDITION,NONE,True,ADDITION,DELETION,Normal transition
NAVA,PEVT_00475,"March 28, 2025",ADDITION,NONE,ADDITION,True,ADDITION,ADDITION,Normal transition
NAVA,PEVT_00756,"March 28, 2025",ADDITION,ADDITION,NONE,True,ADDITION,ADDITION,Consecutive ADDITION
NAVINFLUOR,PEVT_00240,"December 31, 2021",DELETION,NONE,NONE,True,DELETION,DELETION,Normal transition
NAVNETEDUL,PEVT_00902,,DELETION,NONE,NONE,False,DELETION,DELETION,Normal transition
NAZARA,PEVT_01248,"March 28, 2024",DELETION,NONE,NONE,False,DELETION,DELETION,Normal transition
NBCC,PEVT_00146,"June 28, 2024",ADDITION,NONE,DELETION,True,ADDITION,ADDITION,Normal transition
NBCC,PEVT_00366,"December 31, 2024",DELETION,ADDITION,ADDITION,True,ADDITION,ADDITION,Normal transition
NBCC,PEVT_00662,"October 31, 2025",ADDITION,DELETION,NONE,True,ADDITION,ADDITION,Normal transition
NCC,PEVT_00251,"December 31, 2021",DELETION,NONE,NONE,True,DELETION,DELETION,Normal transition
NESCO,PEVT_00011,"September 30, 2022",DELETION,NONE,NONE,False,DELETION,DELETION,Normal transition
NETWEB,PEVT_01072,"September 30, 2024",ADDITION,NONE,ADDITION,True,ADDITION,ADDITION,Normal transition
NETWEB,PEVT_01116,"September 30, 2024",ADDITION,ADDITION,ADDITION,True,ADDITION,ADDITION,Consecutive ADDITION
NETWEB,PEVT_00409,"December 31, 2024",ADDITION,ADDITION,NONE,True,ADDITION,ADDITION,Consecutive ADDITION
NETWORK18,PEVT_01227,"November 02, 2020",DELETION,NONE,DELETION,False,DELETION,DELETION,Normal transition
NETWORK18,PEVT_00843,"September 30, 2025",DELETION,DELETION,NONE,False,DELETION,DELETION,Consecutive DELETION
NEULANDLAB,PEVT_00476,"March 28, 2025",ADDITION,NONE,ADDITION,True,ADDITION,ADDITION,Normal transition
NEULANDLAB,PEVT_00757,"March 28, 2025",ADDITION,ADDITION,NONE,True,ADDITION,ADDITION,Consecutive ADDITION
NEWGEN,PEVT_01073,"September 30, 2024",ADDITION,NONE,NONE,True,ADDITION,ADDITION,Normal transition
NFL,PEVT_01145,"March
31, 2022",DELETION,NONE,NONE,False,DELETION,DELETION,Normal transition
NH,PEVT_00293,"October 31, 2024",DELETION,NONE,NONE,True,DELETION,DELETION,Normal transition
NHPC,PEVT_00147,"June 28, 2024",ADDITION,NONE,DELETION,True,ADDITION,DELETION,Normal transition
NHPC,PEVT_00367,"December 31, 2024",DELETION,ADDITION,NONE,True,ADDITION,DELETION,Normal transition
NIACL,PEVT_00124,"June 28, 2024",DELETION,NONE,NONE,True,DELETION,DELETION,Normal transition
NIITLTD,PEVT_00029,"September 30, 2022",ADDITION,NONE,DELETION,False,ADDITION,DELETION,Normal transition
NIITLTD,PEVT_00085,,DELETION,ADDITION,NONE,False,ADDITION,DELETION,Normal transition
NILKAMAL,PEVT_01146,"March
31, 2022",DELETION,NONE,NONE,False,DELETION,DELETION,Normal transition
NIVABUPA,PEVT_00758,"March 28, 2025",ADDITION,NONE,NONE,True,ADDITION,ADDITION,Normal transition
NLCINDIA,PEVT_00316,"January 1, 2021",DELETION,NONE,DELETION,True,DELETION,DELETION,Normal transition
NLCINDIA,PEVT_00115,"June 28, 2024",DELETION,DELETION,NONE,True,DELETION,DELETION,Consecutive DELETION
NMDC,PEVT_00302,"August 08, 2022",DELETION,NONE,DELETION,True,DELETION,ADDITION,Normal transition
NMDC,PEVT_01213,"August 08, 2022",DELETION,DELETION,ADDITION,True,DELETION,ADDITION,Consecutive DELETION
NMDC,PEVT_00598,"March 31, 2023",ADDITION,DELETION,DELETION,True,DELETION,ADDITION,Normal transition
NMDC,PEVT_00796,"May 31, 2024",DELETION,ADDITION,ADDITION,True,DELETION,ADDITION,Normal transition
NMDC,PEVT_00069,,ADDITION,DELETION,ADDITION,True,DELETION,ADDITION,Normal transition
NMDC,PEVT_00271,,ADDITION,ADDITION,NONE,True,DELETION,ADDITION,Consecutive ADDITION
NOCIL,PEVT_00623,"September 29, 2023",DELETION,NONE,DELETION,False,DELETION,DELETION,Normal transition
NOCIL,PEVT_00507,,DELETION,DELETION,NONE,False,DELETION,DELETION,Consecutive DELETION
NSLNISP,PEVT_00884,"November 29, 2024",ADDITION,NONE,DELETION,True,ADDITION,DELETION,Normal transition
NSLNISP,PEVT_00686,,DELETION,ADDITION,NONE,True,ADDITION,DELETION,Normal transition
NTPCGREEN,PEVT_00759,"March 28, 2025",ADDITION,NONE,NONE,True,ADDITION,ADDITION,Normal transition
NUVAMA,PEVT_01291,"March 28, 2024",ADDITION,NONE,NONE,True,ADDITION,ADDITION,Normal transition
NUVOCO,PEVT_01174,"March
31, 2022",ADDITION,NONE,ADDITION,True,ADDITION,ADDITION,Normal transition
NUVOCO,PEVT_01009,"August 30, 2022",ADDITION,ADDITION,DELETION,True,ADDITION,ADDITION,Consecutive ADDITION
NUVOCO,PEVT_00462,"March 28, 2025",DELETION,ADDITION,DELETION,True,ADDITION,ADDITION,Normal transition
NUVOCO,PEVT_00731,"March 28, 2025",DELETION,DELETION,ADDITION,True,ADDITION,ADDITION,Consecutive DELETION
NUVOCO,PEVT_00549,"September 30, 2025",ADDITION,DELETION,ADDITION,True,ADDITION,ADDITION,Normal transition
NUVOCO,PEVT_00865,"September 30, 2025",ADDITION,ADDITION,NONE,True,ADDITION,ADDITION,Consecutive ADDITION
NYKAA,PEVT_01165,"March
31, 2022",ADDITION,NONE,ADDITION,True,ADDITION,DELETION,Normal transition
NYKAA,PEVT_00816,"May 31, 2024",ADDITION,ADDITION,DELETION,True,ADDITION,DELETION,Consecutive ADDITION
NYKAA,PEVT_00527,"September 30, 2025",DELETION,ADDITION,NONE,True,ADDITION,DELETION,Normal transition
OFSS,PEVT_00410,"December 31, 2024",ADDITION,NONE,NONE,True,ADDITION,ADDITION,Normal transition
OIL,PEVT_00148,"June 28, 2024",ADDITION,NONE,DELETION,True,ADDITION,ADDITION,Normal transition
OIL,PEVT_00654,"October 31, 2025",DELETION,ADDITION,ADDITION,True,ADDITION,ADDITION,Normal transition
OIL,PEVT_00705,,ADDITION,DELETION,NONE,True,ADDITION,ADDITION,Normal transition
OLAELEC,PEVT_00760,"March 28, 2025",ADDITION,NONE,NONE,True,ADDITION,ADDITION,Normal transition
OLECTRA,PEVT_00030,"September 30, 2022",ADDITION,NONE,ADDITION,True,ADDITION,ADDITION,Normal transition
OLECTRA,PEVT_00706,,ADDITION,ADDITION,NONE,True,ADDITION,ADDITION,Consecutive ADDITION
OMAXE,PEVT_00903,,DELETION,NONE,NONE,False,DELETION,DELETION,Normal transition
ONESOURCE,PEVT_00866,"September 30, 2025",ADDITION,NONE,NONE,True,ADDITION,ADDITION,Normal transition
ORIENTCEM,PEVT_00904,,DELETION,NONE,NONE,False,DELETION,DELETION,Normal transition
ORIENTELEC,PEVT_01249,"March 28, 2024",DELETION,NONE,NONE,False,DELETION,DELETION,Normal transition
PAGEIND,PEVT_00343,"January 1, 2021",DELETION,NONE,NONE,True,DELETION,DELETION,Normal transition
PARADEEP,PEVT_00986,"March 30, 2026",ADDITION,NONE,NONE,True,ADDITION,ADDITION,Normal transition
PATANJALI,PEVT_00031,"September 30, 2022",ADDITION,NONE,NONE,True,ADDITION,ADDITION,Normal transition
PAYTM,PEVT_01175,"March
31, 2022",ADDITION,NONE,ADDITION,True,ADDITION,ADDITION,Normal transition
PAYTM,PEVT_00192,,ADDITION,ADDITION,NONE,True,ADDITION,ADDITION,Consecutive ADDITION
PCBL,PEVT_00116,"June 28, 2024",DELETION,NONE,DELETION,True,DELETION,ADDITION,Normal transition
PCBL,PEVT_01101,"September 30, 2024",DELETION,DELETION,ADDITION,True,DELETION,ADDITION,Consecutive DELETION
PCBL,PEVT_00412,"December 31, 2024",ADDITION,DELETION,NONE,True,DELETION,ADDITION,Normal transition
PEL,PEVT_00303,"August 08, 2022",DELETION,NONE,ADDITION,False,DELETION,ADDITION,Normal transition
PEL,PEVT_00599,"March 31, 2023",ADDITION,DELETION,DELETION,False,DELETION,ADDITION,Normal transition
PEL,PEVT_00557,"September 23, 2025",DELETION,ADDITION,ADDITION,False,DELETION,ADDITION,Normal transition
PEL,PEVT_00272,,ADDITION,DELETION,NONE,False,DELETION,ADDITION,Normal transition
PERSISTENT,PEVT_01220,"August 08, 2022",ADDITION,NONE,DELETION,True,ADDITION,ADDITION,Normal transition
PERSISTENT,PEVT_01205,"July 31, 2024",DELETION,ADDITION,ADDITION,True,ADDITION,ADDITION,Normal transition
PERSISTENT,PEVT_00413,"December 31, 2024",ADDITION,DELETION,NONE,True,ADDITION,ADDITION,Normal transition
PETRONET,PEVT_00228,"December 31, 2021",ADDITION,NONE,DELETION,True,ADDITION,DELETION,Normal transition
PETRONET,PEVT_00074,"June 30,
2025",DELETION,ADDITION,NONE,True,ADDITION,DELETION,Normal transition
PFC,PEVT_00368,"December 31, 2024",DELETION,NONE,DELETION,True,DELETION,DELETION,Normal transition
PFC,PEVT_00201,,DELETION,DELETION,NONE,True,DELETION,DELETION,Consecutive DELETION
PFIZER,PEVT_00256,"December 31, 2021",DELETION,NONE,ADDITION,True,DELETION,ADDITION,Normal transition
PFIZER,PEVT_00494,"June 30, 2022",ADDITION,DELETION,DELETION,True,DELETION,ADDITION,Normal transition
PFIZER,PEVT_01019,"August 31, 2023",DELETION,ADDITION,DELETION,True,DELETION,ADDITION,Normal transition
PFIZER,PEVT_01250,"March 28, 2024",DELETION,DELETION,ADDITION,True,DELETION,ADDITION,Consecutive DELETION
PFIZER,PEVT_01074,"September 30, 2024",ADDITION,DELETION,NONE,True,DELETION,ADDITION,Normal transition
PFOCUS,PEVT_00482,"July
17, 2026",DELETION,NONE,NONE,True,DELETION,DELETION,Normal transition
PGEL,PEVT_00477,"March 28, 2025",ADDITION,NONE,ADDITION,True,ADDITION,ADDITION,Normal transition
PGEL,PEVT_00761,"March 28, 2025",ADDITION,ADDITION,NONE,True,ADDITION,ADDITION,Consecutive ADDITION
PGHH,PEVT_00463,"March 28, 2025",DELETION,NONE,DELETION,False,DELETION,DELETION,Normal transition
PGHH,PEVT_00732,"March 28, 2025",DELETION,DELETION,ADDITION,False,DELETION,DELETION,Consecutive DELETION
PGHH,PEVT_00550,"September 30, 2025",ADDITION,DELETION,ADDITION,False,DELETION,DELETION,Normal transition
PGHH,PEVT_00867,"September 30, 2025",ADDITION,ADDITION,DELETION,False,DELETION,DELETION,Consecutive ADDITION
PGHH,PEVT_00438,"March 30, 2026",DELETION,ADDITION,DELETION,False,DELETION,DELETION,Normal transition
PGHH,PEVT_00958,"March 30, 2026",DELETION,DELETION,NONE,False,DELETION,DELETION,Consecutive DELETION
PGHL,PEVT_00572,"March 31, 2023",DELETION,NONE,ADDITION,False,DELETION,ADDITION,Normal transition
PGHL,PEVT_00639,"September 29, 2023",ADDITION,DELETION,DELETION,False,DELETION,ADDITION,Normal transition
PGHL,PEVT_01252,"March 28, 2024",DELETION,ADDITION,DELETION,False,DELETION,ADDITION,Normal transition
PGHL,PEVT_00058,,DELETION,DELETION,ADDITION,False,DELETION,ADDITION,Consecutive DELETION
PGHL,PEVT_00519,,ADDITION,DELETION,NONE,False,DELETION,ADDITION,Normal transition
PIIND,PEVT_00874,"August 29, 2025",DELETION,NONE,NONE,True,DELETION,DELETION,Normal transition
PINELABS,PEVT_00988,"March 30, 2026",ADDITION,NONE,NONE,True,ADDITION,ADDITION,Normal transition
PIRAMALFIN,PEVT_00989,"March 30, 2026",ADDITION,NONE,NONE,True,ADDITION,ADDITION,Normal transition
PNB,PEVT_00326,"January 1, 2021",ADDITION,NONE,ADDITION,True,ADDITION,DELETION,Normal transition
PNB,PEVT_00149,"June 28, 2024",ADDITION,ADDITION,DELETION,True,ADDITION,DELETION,Consecutive ADDITION
PNB,PEVT_00370,"December 31, 2024",DELETION,ADDITION,NONE,True,ADDITION,DELETION,Normal transition
PNBHOUSING,PEVT_01232,"May 26, 2017",ADDITION,NONE,DELETION,True,ADDITION,DELETION,Normal transition
PNBHOUSING,PEVT_00117,"June 28, 2024",DELETION,ADDITION,DELETION,True,ADDITION,DELETION,Normal transition
PNBHOUSING,PEVT_00181,,DELETION,DELETION,NONE,True,ADDITION,DELETION,Consecutive DELETION
PNCINFRA,PEVT_00798,"May 31, 2024",DELETION,NONE,DELETION,False,DELETION,DELETION,Normal transition
PNCINFRA,PEVT_00844,"September 30, 2025",DELETION,DELETION,NONE,False,DELETION,DELETION,Consecutive DELETION
POLICYBZR,PEVT_01176,"March
31, 2022",ADDITION,NONE,ADDITION,True,ADDITION,ADDITION,Normal transition
POLICYBZR,PEVT_00411,"December 31, 2024",ADDITION,ADDITION,ADDITION,True,ADDITION,ADDITION,Consecutive ADDITION
POLICYBZR,PEVT_00193,,ADDITION,ADDITION,NONE,True,ADDITION,ADDITION,Consecutive ADDITION
POLYCAB,PEVT_00118,"June 28, 2024",DELETION,NONE,NONE,True,DELETION,DELETION,Normal transition
POLYMED,PEVT_00415,"December 31, 2024",ADDITION,NONE,DELETION,True,ADDITION,ADDITION,Normal transition
POLYMED,PEVT_00655,"October 31, 2025",DELETION,ADDITION,ADDITION,True,ADDITION,ADDITION,Normal transition
POLYMED,PEVT_00707,,ADDITION,DELETION,NONE,True,ADDITION,ADDITION,Normal transition
POLYPLEX,PEVT_00229,"December 31, 2021",ADDITION,NONE,DELETION,False,ADDITION,DELETION,Normal transition
POLYPLEX,PEVT_01251,"March 28, 2024",DELETION,ADDITION,DELETION,False,ADDITION,DELETION,Normal transition
POLYPLEX,PEVT_00264,,DELETION,DELETION,NONE,False,ADDITION,DELETION,Consecutive DELETION
POWERGRID,PEVT_00230,"December 31, 2021",ADDITION,NONE,NONE,True,ADDITION,ADDITION,Normal transition
POWERINDIA,PEVT_00139,"June 28, 2024",ADDITION,NONE,NONE,True,ADDITION,ADDITION,Normal transition
PPLPHARMA,PEVT_00261,"February 17, 2023",DELETION,NONE,DELETION,True,DELETION,ADDITION,Normal transition
PPLPHARMA,PEVT_00797,"May 31, 2024",DELETION,DELETION,ADDITION,True,DELETION,ADDITION,Consecutive DELETION
PPLPHARMA,PEVT_00414,"December 31, 2024",ADDITION,DELETION,ADDITION,True,DELETION,ADDITION,Normal transition
PPLPHARMA,PEVT_00712,,ADDITION,ADDITION,NONE,True,DELETION,ADDITION,Consecutive ADDITION
PRAJIND,PEVT_00824,"May 31, 2024",ADDITION,NONE,DELETION,False,ADDITION,DELETION,Normal transition
PRAJIND,PEVT_00957,"March 30, 2026",DELETION,ADDITION,DELETION,False,ADDITION,DELETION,Normal transition
PRAJIND,PEVT_00905,,DELETION,DELETION,NONE,False,ADDITION,DELETION,Consecutive DELETION
PREMIERENE,PEVT_00762,"March 28, 2025",ADDITION,NONE,NONE,True,ADDITION,ADDITION,Normal transition
PRESTIGE,PEVT_00799,"May 31, 2024",DELETION,NONE,DELETION,True,DELETION,ADDITION,Normal transition
PRESTIGE,PEVT_00369,"December 31, 2024",DELETION,DELETION,ADDITION,True,DELETION,ADDITION,Consecutive DELETION
PRESTIGE,PEVT_00194,,ADDITION,DELETION,NONE,True,DELETION,ADDITION,Normal transition
PRINCEPIPE,PEVT_01046,"September 30, 2024",DELETION,NONE,DELETION,False,DELETION,ADDITION,Normal transition
PRINCEPIPE,PEVT_01102,"September 30, 2024",DELETION,DELETION,ADDITION,False,DELETION,ADDITION,Consecutive DELETION
PRINCEPIPE,PEVT_00924,,ADDITION,DELETION,NONE,False,DELETION,ADDITION,Normal transition
PRIVISCL,PEVT_01177,"March
31, 2022",ADDITION,NONE,DELETION,False,ADDITION,DELETION,Normal transition
PRIVISCL,PEVT_00571,"March 31, 2023",DELETION,ADDITION,NONE,False,ADDITION,DELETION,Normal transition
PRSMJOHNSN,PEVT_00825,"May 31, 2024",ADDITION,NONE,NONE,False,ADDITION,ADDITION,Normal transition
PSPPROJECT,PEVT_00906,,DELETION,NONE,NONE,False,DELETION,DELETION,Normal transition
PTC,PEVT_00907,,DELETION,NONE,NONE,False,DELETION,DELETION,Normal transition
PTCIL,PEVT_01075,"September 30, 2024",ADDITION,NONE,NONE,True,ADDITION,ADDITION,Normal transition
PWL,PEVT_00987,"March 30, 2026",ADDITION,NONE,NONE,True,ADDITION,ADDITION,Normal transition
QUESS,PEVT_00041,"April 11, 2025",DELETION,NONE,NONE,False,DELETION,DELETION,Normal transition
RADICO,PEVT_00248,"December 31, 2021",ADDITION,NONE,ADDITION,True,ADDITION,ADDITION,Normal transition
RADICO,PEVT_00416,"December 31, 2024",ADDITION,ADDITION,NONE,True,ADDITION,ADDITION,Consecutive ADDITION
RAILTEL,PEVT_00012,"September 30, 2022",DELETION,NONE,ADDITION,True,DELETION,ADDITION,Normal transition
RAILTEL,PEVT_01293,"March 28, 2024",ADDITION,DELETION,NONE,True,DELETION,ADDITION,Normal transition
RAIN,PEVT_01253,"March 28, 2024",DELETION,NONE,DELETION,False,DELETION,DELETION,Normal transition
RAIN,PEVT_00164,,DELETION,DELETION,NONE,False,DELETION,DELETION,Consecutive DELETION
RAINBOW,PEVT_00887,,DELETION,NONE,NONE,True,DELETION,DELETION,Normal transition
RAJESHEXPO,PEVT_00317,"January 1, 2021",DELETION,NONE,DELETION,False,DELETION,ADDITION,Normal transition
RAJESHEXPO,PEVT_00667,"February 28, 2025",DELETION,DELETION,DELETION,False,DELETION,ADDITION,Consecutive DELETION
RAJESHEXPO,PEVT_00733,"March 28, 2025",DELETION,DELETION,ADDITION,False,DELETION,ADDITION,Consecutive DELETION
RAJESHEXPO,PEVT_00708,,ADDITION,DELETION,NONE,False,DELETION,ADDITION,Normal transition
RALLIS,PEVT_01254,"March 28, 2024",DELETION,NONE,NONE,False,DELETION,DELETION,Normal transition
RATNAMANI,PEVT_00464,"March 28, 2025",DELETION,NONE,DELETION,False,DELETION,DELETION,Normal transition
RATNAMANI,PEVT_00734,"March 28, 2025",DELETION,DELETION,NONE,False,DELETION,DELETION,Consecutive DELETION
RAYMOND,PEVT_00032,"September 30, 2022",ADDITION,NONE,ADDITION,False,ADDITION,DELETION,Normal transition
RAYMOND,PEVT_00878,"August 29, 2025",ADDITION,ADDITION,DELETION,False,ADDITION,DELETION,Consecutive ADDITION
RAYMOND,PEVT_00534,"September 30, 2025",DELETION,ADDITION,DELETION,False,ADDITION,DELETION,Normal transition
RAYMOND,PEVT_00847,"September 30, 2025",DELETION,DELETION,DELETION,False,ADDITION,DELETION,Consecutive DELETION
RAYMOND,PEVT_00182,,DELETION,DELETION,NONE,False,ADDITION,DELETION,Consecutive DELETION
RAYMONDLSL,PEVT_00602,"March 21, 2025",DELETION,NONE,DELETION,False,DELETION,DELETION,Normal transition
RAYMONDLSL,PEVT_00846,"September 30, 2025",DELETION,DELETION,NONE,False,DELETION,DELETION,Consecutive DELETION
RBA,PEVT_01047,"September 30, 2024",DELETION,NONE,NONE,False,DELETION,DELETION,Normal transition
RBLBANK,PEVT_00495,"June 30, 2022",ADDITION,NONE,NONE,True,ADDITION,ADDITION,Normal transition
RCF,PEVT_00680,"January 31, 2024",ADDITION,NONE,DELETION,False,ADDITION,DELETION,Normal transition
RCF,PEVT_00294,"October 31, 2024",DELETION,ADDITION,DELETION,False,ADDITION,DELETION,Normal transition
RCF,PEVT_00666,"November 28, 2025",DELETION,DELETION,DELETION,False,ADDITION,DELETION,Consecutive DELETION
RCF,PEVT_00439,"March 30, 2026",DELETION,DELETION,DELETION,False,ADDITION,DELETION,Consecutive DELETION
RCF,PEVT_00959,"March 30, 2026",DELETION,DELETION,NONE,False,ADDITION,DELETION,Consecutive DELETION
RECLTD,PEVT_00372,"December 31, 2024",DELETION,NONE,NONE,True,DELETION,DELETION,Normal transition
REDINGTON,PEVT_00231,"December 31, 2021",ADDITION,NONE,NONE,True,ADDITION,ADDITION,Normal transition
RELAXO,PEVT_01255,"March 28, 2024",DELETION,NONE,NONE,False,DELETION,DELETION,Normal transition
RELCAPITAL,PEVT_01302,"September 29, 2017",DELETION,NONE,NONE,False,DELETION,DELETION,Normal transition
RELINFRA,PEVT_00558,"September 23, 2025",DELETION,NONE,ADDITION,False,DELETION,DELETION,Normal transition
RELINFRA,PEVT_00663,"October 31, 2025",ADDITION,DELETION,DELETION,False,DELETION,DELETION,Normal transition
RELINFRA,PEVT_00440,"March 30, 2026",DELETION,ADDITION,DELETION,False,DELETION,DELETION,Normal transition
RELINFRA,PEVT_00960,"March 30, 2026",DELETION,DELETION,NONE,False,DELETION,DELETION,Consecutive DELETION
RENUKA,PEVT_01181,"March
31, 2022",ADDITION,NONE,DELETION,False,ADDITION,DELETION,Normal transition
RENUKA,PEVT_00849,"September 30, 2025",DELETION,ADDITION,NONE,False,ADDITION,DELETION,Normal transition
RESPONIND,PEVT_00678,"December 26, 2019",ADDITION,NONE,ADDITION,False,ADDITION,ADDITION,Normal transition
RESPONIND,PEVT_00925,,ADDITION,ADDITION,NONE,False,ADDITION,ADDITION,Consecutive ADDITION
RITES,PEVT_01103,"September 30, 2024",DELETION,NONE,NONE,True,DELETION,DELETION,Normal transition
RKFORGE,PEVT_01294,"March 28, 2024",ADDITION,NONE,ADDITION,True,ADDITION,DELETION,Normal transition
RKFORGE,PEVT_01117,"September 30, 2024",ADDITION,ADDITION,DELETION,True,ADDITION,DELETION,Consecutive ADDITION
RKFORGE,PEVT_00656,"October 31, 2025",DELETION,ADDITION,NONE,True,ADDITION,DELETION,Normal transition
ROSSARI,PEVT_01256,"March 28, 2024",DELETION,NONE,ADDITION,False,DELETION,ADDITION,Normal transition
ROSSARI,PEVT_00926,,ADDITION,DELETION,NONE,False,DELETION,ADDITION,Normal transition
ROUTE,PEVT_01003,"August 30, 2022",DELETION,NONE,ADDITION,False,DELETION,ADDITION,Normal transition
ROUTE,PEVT_00826,"May 31, 2024",ADDITION,DELETION,DELETION,False,DELETION,ADDITION,Normal transition
ROUTE,PEVT_00535,"September 30, 2025",DELETION,ADDITION,DELETION,False,DELETION,ADDITION,Normal transition
ROUTE,PEVT_00848,"September 30, 2025",DELETION,DELETION,ADDITION,False,DELETION,ADDITION,Consecutive DELETION
ROUTE,PEVT_00927,,ADDITION,DELETION,NONE,False,DELETION,ADDITION,Normal transition
RPOWER,PEVT_00763,"March 28, 2025",ADDITION,NONE,NONE,True,ADDITION,ADDITION,Normal transition
RRKABEL,PEVT_01292,"March 28, 2024",ADDITION,NONE,NONE,True,ADDITION,ADDITION,Normal transition
RTNINDIA,PEVT_01178,"March
31, 2022",ADDITION,NONE,DELETION,False,ADDITION,DELETION,Normal transition
RTNINDIA,PEVT_00075,"June 30,
2025",DELETION,ADDITION,DELETION,False,ADDITION,DELETION,Normal transition
RTNINDIA,PEVT_00845,"September 30, 2025",DELETION,DELETION,NONE,False,ADDITION,DELETION,Consecutive DELETION
RUSTOMJEE,PEVT_00594,"March 31, 2023",ADDITION,NONE,DELETION,False,ADDITION,DELETION,Normal transition
RUSTOMJEE,PEVT_00621,"September 29, 2023",DELETION,ADDITION,NONE,False,ADDITION,DELETION,Normal transition
RVNL,PEVT_00150,"June 28, 2024",ADDITION,NONE,ADDITION,True,ADDITION,ADDITION,Normal transition
RVNL,PEVT_00300,"October 31, 2024",ADDITION,ADDITION,DELETION,True,ADDITION,ADDITION,Consecutive ADDITION
RVNL,PEVT_00371,"December 31, 2024",DELETION,ADDITION,ADDITION,True,ADDITION,ADDITION,Normal transition
RVNL,PEVT_00195,,ADDITION,DELETION,NONE,True,ADDITION,ADDITION,Normal transition
SAFARI,PEVT_00640,"September 29, 2023",ADDITION,NONE,DELETION,False,ADDITION,ADDITION,Normal transition
SAFARI,PEVT_00119,"June 28, 2024",DELETION,ADDITION,DELETION,False,ADDITION,ADDITION,Normal transition
SAFARI,PEVT_01048,"September 30, 2024",DELETION,DELETION,DELETION,False,ADDITION,ADDITION,Consecutive DELETION
SAFARI,PEVT_01104,"September 30, 2024",DELETION,DELETION,ADDITION,False,ADDITION,ADDITION,Consecutive DELETION
SAFARI,PEVT_00520,,ADDITION,DELETION,NONE,False,ADDITION,ADDITION,Normal transition
SAGILITY,PEVT_00764,"March 28, 2025",ADDITION,NONE,ADDITION,True,ADDITION,ADDITION,Normal transition
SAGILITY,PEVT_00773,"April 30, 2025",ADDITION,ADDITION,NONE,True,ADDITION,ADDITION,Consecutive ADDITION
SAIL,PEVT_00295,"October 31, 2024",DELETION,NONE,ADDITION,True,DELETION,ADDITION,Normal transition
SAIL,PEVT_00885,"November 29, 2024",ADDITION,DELETION,ADDITION,True,DELETION,ADDITION,Normal transition
SAIL,PEVT_00710,,ADDITION,ADDITION,NONE,True,DELETION,ADDITION,Consecutive ADDITION
SAILIFE,PEVT_00765,"March 28, 2025",ADDITION,NONE,ADDITION,True,ADDITION,ADDITION,Normal transition
SAILIFE,PEVT_00551,"September 30, 2025",ADDITION,ADDITION,NONE,True,ADDITION,ADDITION,Consecutive ADDITION
SANOFI,PEVT_00465,"March 28, 2025",DELETION,NONE,DELETION,False,DELETION,ADDITION,Normal transition
SANOFI,PEVT_00735,"March 28, 2025",DELETION,DELETION,DELETION,False,DELETION,ADDITION,Consecutive DELETION
SANOFI,PEVT_00165,,DELETION,DELETION,ADDITION,False,DELETION,ADDITION,Consecutive DELETION
SANOFI,PEVT_00273,,ADDITION,DELETION,NONE,False,DELETION,ADDITION,Normal transition
SAPPHIRE,PEVT_01179,"March
31, 2022",ADDITION,NONE,NONE,True,ADDITION,ADDITION,Normal transition
SARDAEN,PEVT_00766,"March 28, 2025",ADDITION,NONE,NONE,True,ADDITION,ADDITION,Normal transition
SAREGAMA,PEVT_01180,"March
31, 2022",ADDITION,NONE,ADDITION,True,ADDITION,DELETION,Normal transition
SAREGAMA,PEVT_00641,"September 29, 2023",ADDITION,ADDITION,DELETION,True,ADDITION,DELETION,Consecutive ADDITION
SAREGAMA,PEVT_00886,,DELETION,ADDITION,NONE,True,ADDITION,DELETION,Normal transition
SBBJ,PEVT_00090,"March 31, 2017",DELETION,NONE,NONE,False,DELETION,DELETION,Normal transition
SBFC,PEVT_01295,"March 28, 2024",ADDITION,NONE,NONE,True,ADDITION,ADDITION,Normal transition
SBICARD,PEVT_00040,"July 31, 2020",DELETION,NONE,DELETION,True,DELETION,DELETION,Normal transition
SBICARD,PEVT_00205,,DELETION,DELETION,NONE,True,DELETION,DELETION,Consecutive DELETION
SBIN,PEVT_00170,,ADDITION,NONE,NONE,True,ADDITION,ADDITION,Normal transition
SBT,PEVT_00092,"March 31, 2017",DELETION,NONE,NONE,False,DELETION,DELETION,Normal transition
SCHNEIDER,PEVT_01147,"March
31, 2022",DELETION,NONE,ADDITION,True,DELETION,ADDITION,Normal transition
SCHNEIDER,PEVT_01296,"March 28, 2024",ADDITION,DELETION,ADDITION,True,DELETION,ADDITION,Normal transition
SCHNEIDER,PEVT_00279,,ADDITION,ADDITION,NONE,True,DELETION,ADDITION,Consecutive ADDITION
SCI,PEVT_00215,"December 31, 2021",DELETION,NONE,ADDITION,True,DELETION,ADDITION,Normal transition
SCI,PEVT_01076,"September 30, 2024",ADDITION,DELETION,ADDITION,True,DELETION,ADDITION,Normal transition
SCI,PEVT_01118,"September 30, 2024",ADDITION,ADDITION,DELETION,True,DELETION,ADDITION,Consecutive ADDITION
SCI,PEVT_00086,,DELETION,ADDITION,ADDITION,True,DELETION,ADDITION,Normal transition
SCI,PEVT_00709,,ADDITION,DELETION,NONE,True,DELETION,ADDITION,Normal transition
SEQUENT,PEVT_00013,"September 30, 2022",DELETION,NONE,NONE,False,DELETION,DELETION,Normal transition
SFL,PEVT_00573,"March 31, 2023",DELETION,NONE,ADDITION,False,DELETION,DELETION,Normal transition
SFL,PEVT_00642,"September 29, 2023",ADDITION,DELETION,DELETION,False,DELETION,DELETION,Normal transition
SFL,PEVT_01258,"March 28, 2024",DELETION,ADDITION,DELETION,False,DELETION,DELETION,Normal transition
SFL,PEVT_00059,,DELETION,DELETION,NONE,False,DELETION,DELETION,Consecutive DELETION
SHARDACROP,PEVT_01148,"March
31, 2022",DELETION,NONE,ADDITION,False,DELETION,ADDITION,Normal transition
SHARDACROP,PEVT_00034,"September 30, 2022",ADDITION,DELETION,DELETION,False,DELETION,ADDITION,Normal transition
SHARDACROP,PEVT_01257,"March 28, 2024",DELETION,ADDITION,ADDITION,False,DELETION,ADDITION,Normal transition
SHARDACROP,PEVT_00928,,ADDITION,DELETION,NONE,False,DELETION,ADDITION,Normal transition
SHILPAMED,PEVT_01305,"September 28, 2018",DELETION,NONE,DELETION,False,DELETION,DELETION,Normal transition
SHILPAMED,PEVT_00425,"March 27, 2020",DELETION,DELETION,DELETION,False,DELETION,DELETION,Consecutive DELETION
SHILPAMED,PEVT_00574,"March 31, 2023",DELETION,DELETION,NONE,False,DELETION,DELETION,Consecutive DELETION
SHOPERSTOP,PEVT_01259,"March 28, 2024",DELETION,NONE,DELETION,False,DELETION,DELETION,Normal transition
SHOPERSTOP,PEVT_00560,,DELETION,DELETION,NONE,False,DELETION,DELETION,Consecutive DELETION
SHREECEM,PEVT_01010,"August 30, 2022",ADDITION,NONE,DELETION,True,ADDITION,DELETION,Normal transition
SHREECEM,PEVT_00875,"August 29, 2025",DELETION,ADDITION,NONE,True,ADDITION,DELETION,Normal transition
SHRIRAMCIT,PEVT_00304,"August 08, 2022",DELETION,NONE,NONE,False,DELETION,DELETION,Normal transition
SHRIRAMFIN,PEVT_00265,,DELETION,NONE,NONE,True,DELETION,DELETION,Normal transition
SHYAMMETL,PEVT_01182,"March
31, 2022",ADDITION,NONE,DELETION,True,ADDITION,DELETION,Normal transition
SHYAMMETL,PEVT_00120,"June 28, 2024",DELETION,ADDITION,NONE,True,ADDITION,DELETION,Normal transition
SIEMENS,PEVT_00152,"June 28, 2024",ADDITION,NONE,DELETION,True,ADDITION,DELETION,Normal transition
SIEMENS,PEVT_00668,"February 28, 2025",DELETION,ADDITION,NONE,True,ADDITION,DELETION,Normal transition
SIGNATURE,PEVT_01297,"March 28, 2024",ADDITION,NONE,NONE,True,ADDITION,ADDITION,Normal transition
SIS,PEVT_00575,"March 31, 2023",DELETION,NONE,NONE,False,DELETION,DELETION,Normal transition
SJVN,PEVT_00318,"January 1, 2021",DELETION,NONE,DELETION,True,DELETION,DELETION,Normal transition
SJVN,PEVT_00374,"December 31, 2024",DELETION,DELETION,NONE,True,DELETION,DELETION,Consecutive DELETION
SKFINDIA,PEVT_00422,"December 31, 2025",DELETION,NONE,NONE,False,DELETION,DELETION,Normal transition
SOBHA,PEVT_01011,"August 30, 2022",ADDITION,NONE,ADDITION,True,ADDITION,DELETION,Normal transition
SOBHA,PEVT_00153,"June 28, 2024",ADDITION,ADDITION,DELETION,True,ADDITION,DELETION,Consecutive ADDITION
SOBHA,PEVT_00375,"December 31, 2024",DELETION,ADDITION,NONE,True,ADDITION,DELETION,Normal transition
SOLARA,PEVT_00014,"September 30, 2022",DELETION,NONE,NONE,False,DELETION,DELETION,Normal transition
SOLARINDS,PEVT_00376,"December 31, 2024",DELETION,NONE,NONE,True,DELETION,DELETION,Normal transition
SONACOMS,PEVT_00876,"August 29, 2025",DELETION,NONE,DELETION,True,DELETION,DELETION,Normal transition
SONACOMS,PEVT_00883,,DELETION,DELETION,NONE,True,DELETION,DELETION,Consecutive DELETION
SONATSOFTW,PEVT_00121,"June 28, 2024",DELETION,NONE,DELETION,True,DELETION,DELETION,Normal transition
SONATSOFTW,PEVT_00183,,DELETION,DELETION,NONE,True,DELETION,DELETION,Consecutive DELETION
SOUTHBANK,PEVT_00908,,DELETION,NONE,NONE,False,DELETION,DELETION,Normal transition
SPANDANA,PEVT_01149,"March
31, 2022",DELETION,NONE,ADDITION,False,DELETION,ADDITION,Normal transition
SPANDANA,PEVT_00929,,ADDITION,DELETION,NONE,False,DELETION,ADDITION,Normal transition
SPARC,PEVT_00736,"March 28, 2025",DELETION,NONE,NONE,False,DELETION,DELETION,Normal transition
SPICEJET,PEVT_00015,"September 30, 2022",DELETION,NONE,NONE,False,DELETION,DELETION,Normal transition
SPLPETRO,PEVT_00447,"March 30, 2026",ADDITION,NONE,ADDITION,True,ADDITION,ADDITION,Normal transition
SPLPETRO,PEVT_00990,"March 30, 2026",ADDITION,ADDITION,NONE,True,ADDITION,ADDITION,Consecutive ADDITION
SRF,PEVT_00833,"May 31, 2024",ADDITION,NONE,DELETION,True,ADDITION,DELETION,Normal transition
SRF,PEVT_00556,"September 30, 2025",DELETION,ADDITION,NONE,True,ADDITION,DELETION,Normal transition
SRTRANSFIN,PEVT_00496,"June 30, 2022",ADDITION,NONE,NONE,False,ADDITION,ADDITION,Normal transition
STAR,PEVT_00016,"September 30, 2022",DELETION,NONE,NONE,False,DELETION,DELETION,Normal transition
STARCEMENT,PEVT_01150,"March
31, 2022",DELETION,NONE,NONE,False,DELETION,DELETION,Normal transition
STARHEALTH,PEVT_01183,"March
31, 2022",ADDITION,NONE,NONE,True,ADDITION,ADDITION,Normal transition
STLTECH,PEVT_01049,"September 30, 2024",DELETION,NONE,NONE,False,DELETION,DELETION,Normal transition
SUDARSCHEM,PEVT_01004,"August 30, 2022",DELETION,NONE,DELETION,False,DELETION,DELETION,Normal transition
SUDARSCHEM,PEVT_00576,"March 31, 2023",DELETION,DELETION,NONE,False,DELETION,DELETION,Consecutive DELETION
SUNCLAYLTD,PEVT_00930,,ADDITION,NONE,NONE,False,ADDITION,ADDITION,Normal transition
SUNDRMFAST,PEVT_00466,"March 28, 2025",DELETION,NONE,DELETION,False,DELETION,DELETION,Normal transition
SUNDRMFAST,PEVT_00737,"March 28, 2025",DELETION,DELETION,DELETION,False,DELETION,DELETION,Consecutive DELETION
SUNDRMFAST,PEVT_00042,"April 11, 2025",DELETION,DELETION,ADDITION,False,DELETION,DELETION,Consecutive DELETION
SUNDRMFAST,PEVT_00774,"April 30, 2025",ADDITION,DELETION,DELETION,False,DELETION,DELETION,Normal transition
SUNDRMFAST,PEVT_00441,"March 30, 2026",DELETION,ADDITION,DELETION,False,DELETION,DELETION,Normal transition
SUNDRMFAST,PEVT_00961,"March 30, 2026",DELETION,DELETION,NONE,False,DELETION,DELETION,Consecutive DELETION
SUNPHARMA,PEVT_00827,"May 31, 2024",ADDITION,NONE,NONE,True,ADDITION,ADDITION,Normal transition
SUNTECK,PEVT_01050,"September 30, 2024",DELETION,NONE,NONE,False,DELETION,DELETION,Normal transition
SUPPETRO,PEVT_00070,"April 07, 2022",DELETION,NONE,NONE,False,DELETION,DELETION,Normal transition
SUPRAJIT,PEVT_01260,"March 28, 2024",DELETION,NONE,NONE,False,DELETION,DELETION,Normal transition
SUPREMEIND,PEVT_00122,"June 28, 2024",DELETION,NONE,NONE,True,DELETION,DELETION,Normal transition
SUVEN,PEVT_00258,"January 16, 2020",DELETION,NONE,NONE,False,DELETION,DELETION,Normal transition
SUVENPHAR,PEVT_00417,"December 31, 2024",ADDITION,NONE,NONE,False,ADDITION,ADDITION,Normal transition
SUZLON,PEVT_00800,"May 31, 2024",DELETION,NONE,ADDITION,True,DELETION,ADDITION,Normal transition
SUZLON,PEVT_01120,"September 30, 2024",ADDITION,DELETION,DELETION,True,DELETION,ADDITION,Normal transition
SUZLON,PEVT_00377,"December 31, 2024",DELETION,ADDITION,ADDITION,True,DELETION,ADDITION,Normal transition
SUZLON,PEVT_00082,"June 30,
2025",ADDITION,DELETION,NONE,True,DELETION,ADDITION,Normal transition
SWANCORP,PEVT_00664,"October 31, 2025",ADDITION,NONE,NONE,True,ADDITION,ADDITION,Normal transition
SWANENERGY,PEVT_00035,"September 30, 2022",ADDITION,NONE,NONE,False,ADDITION,ADDITION,Normal transition
SWARAJENG,PEVT_00909,,DELETION,NONE,NONE,False,DELETION,DELETION,Normal transition
SWIGGY,PEVT_00767,"March 28, 2025",ADDITION,NONE,ADDITION,True,ADDITION,ADDITION,Normal transition
SWIGGY,PEVT_00552,"September 30, 2025",ADDITION,ADDITION,NONE,True,ADDITION,ADDITION,Consecutive ADDITION
SWSOLAR,PEVT_01195,"July 31, 2023",DELETION,NONE,ADDITION,False,DELETION,ADDITION,Normal transition
SWSOLAR,PEVT_01119,"September 30, 2024",ADDITION,DELETION,DELETION,False,DELETION,ADDITION,Normal transition
SWSOLAR,PEVT_00536,"September 30, 2025",DELETION,ADDITION,DELETION,False,DELETION,ADDITION,Normal transition
SWSOLAR,PEVT_00850,"September 30, 2025",DELETION,DELETION,ADDITION,False,DELETION,ADDITION,Consecutive DELETION
SWSOLAR,PEVT_00711,,ADDITION,DELETION,NONE,False,DELETION,ADDITION,Normal transition
SYMPHONY,PEVT_00577,"March 31, 2023",DELETION,NONE,ADDITION,False,DELETION,DELETION,Normal transition
SYMPHONY,PEVT_00643,"September 29, 2023",ADDITION,DELETION,DELETION,False,DELETION,DELETION,Normal transition
SYMPHONY,PEVT_01261,"March 28, 2024",DELETION,ADDITION,NONE,False,DELETION,DELETION,Normal transition
SYNGENE,PEVT_01221,"August 08, 2022",ADDITION,NONE,NONE,True,ADDITION,ADDITION,Normal transition
SYRMA,PEVT_00644,"September 29, 2023",ADDITION,NONE,ADDITION,True,ADDITION,ADDITION,Normal transition
SYRMA,PEVT_00521,,ADDITION,ADDITION,NONE,True,ADDITION,ADDITION,Consecutive ADDITION
TANLA,PEVT_00537,"September 30, 2025",DELETION,NONE,DELETION,False,DELETION,ADDITION,Normal transition
TANLA,PEVT_00851,"September 30, 2025",DELETION,DELETION,ADDITION,False,DELETION,ADDITION,Consecutive DELETION
TANLA,PEVT_00931,,ADDITION,DELETION,NONE,False,DELETION,ADDITION,Normal transition
TARIL,PEVT_00478,"March 28, 2025",ADDITION,NONE,ADDITION,True,ADDITION,ADDITION,Normal transition
TARIL,PEVT_00768,"March 28, 2025",ADDITION,ADDITION,NONE,True,ADDITION,ADDITION,Consecutive ADDITION
TASTYBITE,PEVT_00690,"December 27, 2019",DELETION,NONE,DELETION,False,DELETION,DELETION,Normal transition
TASTYBITE,PEVT_01151,"March
31, 2022",DELETION,DELETION,NONE,False,DELETION,DELETION,Consecutive DELETION
TATACAP,PEVT_00991,"March 30, 2026",ADDITION,NONE,NONE,True,ADDITION,ADDITION,Normal transition
TATACHEM,PEVT_00327,"January 1, 2021",ADDITION,NONE,DELETION,True,ADDITION,ADDITION,Normal transition
TATACHEM,PEVT_00216,"December 31, 2021",DELETION,ADDITION,ADDITION,True,ADDITION,ADDITION,Normal transition
TATACHEM,PEVT_00255,"December 31, 2021",ADDITION,DELETION,ADDITION,True,ADDITION,ADDITION,Normal transition
TATACHEM,PEVT_01197,"July 31, 2023",ADDITION,ADDITION,NONE,True,ADDITION,ADDITION,Consecutive ADDITION
TATACOFFEE,PEVT_00578,"March 31, 2023",DELETION,NONE,DELETION,False,DELETION,DELETION,Normal transition
TATACOFFEE,PEVT_00060,,DELETION,DELETION,NONE,False,DELETION,DELETION,Consecutive DELETION
TATACOMM,PEVT_00801,"May 31, 2024",DELETION,NONE,NONE,True,DELETION,DELETION,Normal transition
TATACONSUM,PEVT_00257,"December 31, 2021",DELETION,NONE,NONE,True,DELETION,DELETION,Normal transition
TATAELXSI,PEVT_00296,"October 31, 2024",DELETION,NONE,NONE,True,DELETION,DELETION,Normal transition
TATAINVEST,PEVT_01184,"March
31, 2022",ADDITION,NONE,DELETION,True,ADDITION,DELETION,Normal transition
TATAINVEST,PEVT_00123,"June 28, 2024",DELETION,ADDITION,NONE,True,ADDITION,DELETION,Normal transition
TATAMOTORS,PEVT_00328,"January 1, 2021",ADDITION,NONE,DELETION,False,ADDITION,DELETION,Normal transition
TATAMOTORS,PEVT_00217,"December 31, 2021",DELETION,ADDITION,DELETION,False,ADDITION,DELETION,Normal transition
TATAMOTORS,PEVT_00076,"June 30,
2025",DELETION,DELETION,DELETION,False,ADDITION,DELETION,Consecutive DELETION
TATAMOTORS,PEVT_01210,"July 31, 2025",DELETION,DELETION,NONE,False,ADDITION,DELETION,Consecutive DELETION
TATAPOWER,PEVT_00218,"December 31, 2021",DELETION,NONE,ADDITION,True,DELETION,DELETION,Normal transition
TATAPOWER,PEVT_00154,"June 28, 2024",ADDITION,DELETION,DELETION,True,DELETION,DELETION,Normal transition
TATAPOWER,PEVT_00378,"December 31, 2024",DELETION,ADDITION,NONE,True,DELETION,DELETION,Normal transition
TATASTEEL,PEVT_01222,"August 08, 2022",ADDITION,NONE,DELETION,True,ADDITION,DELETION,Normal transition
TATASTEEL,PEVT_00802,"May 31, 2024",DELETION,ADDITION,NONE,True,ADDITION,DELETION,Normal transition
TATASTLBSL,PEVT_00259,"January 16, 2020",DELETION,NONE,DELETION,False,DELETION,DELETION,Normal transition
TATASTLBSL,PEVT_00778,"April 29, 2021",DELETION,DELETION,NONE,False,DELETION,DELETION,Consecutive DELETION
TATASTLLP,PEVT_01214,"August 08, 2022",DELETION,NONE,DELETION,False,DELETION,DELETION,Normal transition
TATASTLLP,PEVT_00017,"September 30, 2022",DELETION,DELETION,NONE,False,DELETION,DELETION,Consecutive DELETION
TATATECH,PEVT_01299,"March 28, 2024",ADDITION,NONE,NONE,True,ADDITION,ADDITION,Normal transition
TBOTEK,PEVT_01077,"September 30, 2024",ADDITION,NONE,ADDITION,True,ADDITION,ADDITION,Normal transition
TBOTEK,PEVT_00301,"October 31, 2024",ADDITION,ADDITION,NONE,True,ADDITION,ADDITION,Consecutive ADDITION
TCI,PEVT_00037,"September 30, 2022",ADDITION,NONE,DELETION,False,ADDITION,DELETION,Normal transition
TCI,PEVT_00627,"September 29, 2023",DELETION,ADDITION,DELETION,False,ADDITION,DELETION,Normal transition
TCI,PEVT_00509,,DELETION,DELETION,NONE,False,ADDITION,DELETION,Consecutive DELETION
TCIEXP,PEVT_00625,"September 29, 2023",DELETION,NONE,DELETION,False,DELETION,DELETION,Normal transition
TCIEXP,PEVT_00508,,DELETION,DELETION,NONE,False,DELETION,DELETION,Consecutive DELETION
TCNSBRANDS,PEVT_00626,"September 29, 2023",DELETION,NONE,NONE,False,DELETION,DELETION,Normal transition
TEAMLEASE,PEVT_01262,"March 28, 2024",DELETION,NONE,NONE,False,DELETION,DELETION,Normal transition
TECHM,PEVT_00418,"December 31, 2024",ADDITION,NONE,NONE,True,ADDITION,ADDITION,Normal transition
TECHNO,PEVT_00001,,DELETION,NONE,NONE,False,DELETION,DELETION,Normal transition
TECHNOE,PEVT_01078,"September 30, 2024",ADDITION,NONE,NONE,True,ADDITION,ADDITION,Normal transition
TEGA,PEVT_00448,"March 30, 2026",ADDITION,NONE,ADDITION,True,ADDITION,ADDITION,Normal transition
TEGA,PEVT_00993,"March 30, 2026",ADDITION,ADDITION,NONE,True,ADDITION,ADDITION,Consecutive ADDITION
TEJASNET,PEVT_00036,"September 30, 2022",ADDITION,NONE,NONE,True,ADDITION,ADDITION,Normal transition
TENNIND,PEVT_00449,"March 30, 2026",ADDITION,NONE,ADDITION,True,ADDITION,ADDITION,Normal transition
TENNIND,PEVT_00994,"March 30, 2026",ADDITION,ADDITION,NONE,True,ADDITION,ADDITION,Consecutive ADDITION
THELEELA,PEVT_00868,"September 30, 2025",ADDITION,NONE,NONE,True,ADDITION,ADDITION,Normal transition
THERMAX,PEVT_01026,"August 31, 2023",ADDITION,NONE,ADDITION,True,ADDITION,DELETION,Normal transition
THERMAX,PEVT_00155,"June 28, 2024",ADDITION,ADDITION,DELETION,True,ADDITION,DELETION,Consecutive ADDITION
THERMAX,PEVT_00379,"December 31, 2024",DELETION,ADDITION,NONE,True,ADDITION,DELETION,Normal transition
THOMASCOOK,PEVT_00647,"September 27, 2019",DELETION,NONE,NONE,False,DELETION,DELETION,Normal transition
THYROCARE,PEVT_00579,"March 31, 2023",DELETION,NONE,DELETION,False,DELETION,DELETION,Normal transition
THYROCARE,PEVT_00061,,DELETION,DELETION,NONE,False,DELETION,DELETION,Consecutive DELETION
TIINDIA,PEVT_00834,"May 31, 2024",ADDITION,NONE,DELETION,True,ADDITION,DELETION,Normal transition
TIINDIA,PEVT_00184,,DELETION,ADDITION,NONE,True,ADDITION,DELETION,Normal transition
TITAGARH,PEVT_01300,"March 28, 2024",ADDITION,NONE,ADDITION,True,ADDITION,DELETION,Normal transition
TITAGARH,PEVT_00156,"June 28, 2024",ADDITION,ADDITION,DELETION,True,ADDITION,DELETION,Consecutive ADDITION
TITAGARH,PEVT_00380,"December 31, 2024",DELETION,ADDITION,NONE,True,ADDITION,DELETION,Normal transition
TMB,PEVT_00600,"March 31, 2023",ADDITION,NONE,DELETION,False,ADDITION,DELETION,Normal transition
TMB,PEVT_00624,"September 29, 2023",DELETION,ADDITION,ADDITION,False,ADDITION,DELETION,Normal transition
TMB,PEVT_01298,"March 28, 2024",ADDITION,DELETION,DELETION,False,ADDITION,DELETION,Normal transition
TMB,PEVT_01051,"September 30, 2024",DELETION,ADDITION,NONE,False,ADDITION,DELETION,Normal transition
TMCV,PEVT_00992,"March 30, 2026",ADDITION,NONE,ADDITION,True,ADDITION,ADDITION,Normal transition
TMCV,PEVT_00610,"July 31, 2026",ADDITION,ADDITION,NONE,True,ADDITION,ADDITION,Consecutive ADDITION
TORNTPHARM,PEVT_00879,"August 29, 2025",ADDITION,NONE,DELETION,True,ADDITION,DELETION,Normal transition
TORNTPHARM,PEVT_00605,"July 31, 2026",DELETION,ADDITION,NONE,True,ADDITION,DELETION,Normal transition
TORNTPOWER,PEVT_00381,"December 31, 2024",DELETION,NONE,ADDITION,True,DELETION,ADDITION,Normal transition
TORNTPOWER,PEVT_00880,"August 29, 2025",ADDITION,DELETION,NONE,True,DELETION,ADDITION,Normal transition
TRAVELFOOD,PEVT_00995,"March 30, 2026",ADDITION,NONE,NONE,True,ADDITION,ADDITION,Normal transition
TRENT,PEVT_00828,"May 31, 2024",ADDITION,NONE,ADDITION,True,ADDITION,ADDITION,Normal transition
TRENT,PEVT_00196,,ADDITION,ADDITION,NONE,True,ADDITION,ADDITION,Consecutive ADDITION
TRIDENT,PEVT_01223,"August 08, 2022",ADDITION,NONE,ADDITION,True,ADDITION,ADDITION,Normal transition
TRIDENT,PEVT_00553,"September 30, 2025",ADDITION,ADDITION,NONE,True,ADDITION,ADDITION,Consecutive ADDITION
TRITURBINE,PEVT_00932,,ADDITION,NONE,NONE,True,ADDITION,ADDITION,Normal transition
TRIVENI,PEVT_01190,"May 31, 2022",DELETION,NONE,DELETION,False,DELETION,DELETION,Normal transition
TRIVENI,PEVT_00962,"March 30, 2026",DELETION,DELETION,NONE,False,DELETION,DELETION,Consecutive DELETION
TTKPRESTIG,PEVT_01263,"March 28, 2024",DELETION,NONE,NONE,False,DELETION,DELETION,Normal transition
TUBEINVEST,PEVT_01230,"May 26, 2017",DELETION,NONE,NONE,False,DELETION,DELETION,Normal transition
TV18BRDCST,PEVT_00280,"October
16, 2024",DELETION,NONE,DELETION,False,DELETION,DELETION,Normal transition
TV18BRDCST,PEVT_00266,,DELETION,DELETION,NONE,False,DELETION,DELETION,Consecutive DELETION
TVSMOTOR,PEVT_00803,"May 31, 2024",DELETION,NONE,NONE,True,DELETION,DELETION,Normal transition
TVSSCS,PEVT_01301,"March 28, 2024",ADDITION,NONE,DELETION,False,ADDITION,DELETION,Normal transition
TVSSCS,PEVT_00467,"March 28, 2025",DELETION,ADDITION,DELETION,False,ADDITION,DELETION,Normal transition
TVSSCS,PEVT_00738,"March 28, 2025",DELETION,DELETION,NONE,False,ADDITION,DELETION,Consecutive DELETION
TVTODAY,PEVT_00910,,DELETION,NONE,NONE,False,DELETION,DELETION,Normal transition
UCOBANK,PEVT_00018,"September 30, 2022",DELETION,NONE,ADDITION,True,DELETION,ADDITION,Normal transition
UCOBANK,PEVT_00089,,ADDITION,DELETION,NONE,True,DELETION,ADDITION,Normal transition
UFLEX,PEVT_00628,"September 29, 2023",DELETION,NONE,NONE,False,DELETION,DELETION,Normal transition
UJJIVAN,PEVT_01152,"March
31, 2022",DELETION,NONE,DELETION,False,DELETION,DELETION,Normal transition
UJJIVAN,PEVT_00490,"June 30, 2022",DELETION,DELETION,NONE,False,DELETION,DELETION,Consecutive DELETION
UJJIVANSFB,PEVT_01153,"March
31, 2022",DELETION,NONE,ADDITION,False,DELETION,DELETION,Normal transition
UJJIVANSFB,PEVT_00645,"September 29, 2023",ADDITION,DELETION,DELETION,False,DELETION,DELETION,Normal transition
UJJIVANSFB,PEVT_00739,"March 28, 2025",DELETION,ADDITION,NONE,False,DELETION,DELETION,Normal transition
UNIONBANK,PEVT_00232,"December 31, 2021",ADDITION,NONE,NONE,True,ADDITION,ADDITION,Normal transition
UNITDSPR,PEVT_00419,"December 31, 2024",ADDITION,NONE,NONE,True,ADDITION,ADDITION,Normal transition
UPL,PEVT_00804,"May 31, 2024",DELETION,NONE,ADDITION,True,DELETION,ADDITION,Normal transition
UPL,PEVT_00171,,ADDITION,DELETION,NONE,True,DELETION,ADDITION,Normal transition
URBANCO,PEVT_00996,"March 30, 2026",ADDITION,NONE,NONE,True,ADDITION,ADDITION,Normal transition
USHAMART,PEVT_00646,"September 29, 2023",ADDITION,NONE,ADDITION,True,ADDITION,ADDITION,Normal transition
USHAMART,PEVT_00522,,ADDITION,ADDITION,NONE,True,ADDITION,ADDITION,Consecutive ADDITION
UTIAMC,PEVT_00933,,ADDITION,NONE,NONE,True,ADDITION,ADDITION,Normal transition
VAIBHAVGBL,PEVT_01052,"September 30, 2024",DELETION,NONE,DELETION,False,DELETION,DELETION,Normal transition
VAIBHAVGBL,PEVT_01105,"September 30, 2024",DELETION,DELETION,NONE,False,DELETION,DELETION,Consecutive DELETION
VAKRANGEE,PEVT_00019,"September 30, 2022",DELETION,NONE,NONE,False,DELETION,DELETION,Normal transition
VALIANTORG,PEVT_01154,"March
31, 2022",DELETION,NONE,ADDITION,False,DELETION,ADDITION,Normal transition
VALIANTORG,PEVT_00934,,ADDITION,DELETION,NONE,False,DELETION,ADDITION,Normal transition
VARROC,PEVT_00741,"March 28, 2025",DELETION,NONE,DELETION,False,DELETION,DELETION,Normal transition
VARROC,PEVT_00695,,DELETION,DELETION,NONE,False,DELETION,DELETION,Consecutive DELETION
VBL,PEVT_01233,"May 26, 2017",ADDITION,NONE,ADDITION,True,ADDITION,DELETION,Normal transition
VBL,PEVT_00775,"April 30, 2025",ADDITION,ADDITION,DELETION,True,ADDITION,DELETION,Consecutive ADDITION
VBL,PEVT_00077,"June 30,
2025",DELETION,ADDITION,DELETION,True,ADDITION,DELETION,Normal transition
VBL,PEVT_00665,"November 28, 2025",DELETION,DELETION,NONE,True,ADDITION,DELETION,Consecutive DELETION
VEDL,PEVT_00039,"July 31, 2020",DELETION,NONE,DELETION,True,DELETION,ADDITION,Normal transition
VEDL,PEVT_00341,"January 1, 2021",DELETION,DELETION,ADDITION,True,DELETION,ADDITION,Consecutive DELETION
VEDL,PEVT_00233,"December 31, 2021",ADDITION,DELETION,ADDITION,True,DELETION,ADDITION,Normal transition
VEDL,PEVT_00935,,ADDITION,ADDITION,NONE,True,DELETION,ADDITION,Consecutive ADDITION
VENKEYS,PEVT_00020,"September 30, 2022",DELETION,NONE,NONE,False,DELETION,DELETION,Normal transition
VENTIVE,PEVT_00870,"September 30, 2025",ADDITION,NONE,DELETION,False,ADDITION,DELETION,Normal transition
VENTIVE,PEVT_00965,"March 30, 2026",DELETION,ADDITION,NONE,False,ADDITION,DELETION,Normal transition
VGUARD,PEVT_01264,"March 28, 2024",DELETION,NONE,DELETION,False,DELETION,DELETION,Normal transition
VGUARD,PEVT_00442,"March 30, 2026",DELETION,DELETION,DELETION,False,DELETION,DELETION,Consecutive DELETION
VGUARD,PEVT_00966,"March 30, 2026",DELETION,DELETION,NONE,False,DELETION,DELETION,Consecutive DELETION
VIDEOIND,PEVT_00053,"April 02, 2018",DELETION,NONE,NONE,False,DELETION,DELETION,Normal transition
VIJAYA,PEVT_01185,"March
31, 2022",ADDITION,NONE,NONE,True,ADDITION,ADDITION,Normal transition
VINATIORGA,PEVT_01265,"March 28, 2024",DELETION,NONE,ADDITION,False,DELETION,DELETION,Normal transition
VINATIORGA,PEVT_01080,"September 30, 2024",ADDITION,DELETION,ADDITION,False,DELETION,DELETION,Normal transition
VINATIORGA,PEVT_01121,"September 30, 2024",ADDITION,ADDITION,DELETION,False,DELETION,DELETION,Consecutive ADDITION
VINATIORGA,PEVT_00468,"March 28, 2025",DELETION,ADDITION,DELETION,False,DELETION,DELETION,Normal transition
VINATIORGA,PEVT_00742,"March 28, 2025",DELETION,DELETION,NONE,False,DELETION,DELETION,Consecutive DELETION
VIPIND,PEVT_01012,"August 30, 2022",ADDITION,NONE,DELETION,False,ADDITION,DELETION,Normal transition
VIPIND,PEVT_00740,"March 28, 2025",DELETION,ADDITION,NONE,False,ADDITION,DELETION,Normal transition
VMART,PEVT_01266,"March 28, 2024",DELETION,NONE,NONE,False,DELETION,DELETION,Normal transition
VMM,PEVT_00479,"March 28, 2025",ADDITION,NONE,ADDITION,True,ADDITION,ADDITION,Normal transition
VMM,PEVT_00769,"March 28, 2025",ADDITION,ADDITION,NONE,True,ADDITION,ADDITION,Consecutive ADDITION
VOLTAS,PEVT_01225,"August 08, 2022",DELETION,NONE,ADDITION,True,DELETION,ADDITION,Normal transition
VOLTAS,PEVT_00420,"December 31, 2024",ADDITION,DELETION,NONE,True,DELETION,ADDITION,Normal transition
VRLLOG,PEVT_00911,,DELETION,NONE,NONE,False,DELETION,DELETION,Normal transition
VTL,PEVT_00267,,DELETION,NONE,NONE,True,DELETION,DELETION,Normal transition
WAAREEENER,PEVT_00480,"March 28, 2025",ADDITION,NONE,ADDITION,True,ADDITION,DELETION,Normal transition
WAAREEENER,PEVT_00770,"March 28, 2025",ADDITION,ADDITION,DELETION,True,ADDITION,DELETION,Consecutive ADDITION
WAAREEENER,PEVT_00657,"October 31, 2025",DELETION,ADDITION,NONE,True,ADDITION,DELETION,Normal transition
WELCORP,PEVT_00329,"January 1, 2021",ADDITION,NONE,DELETION,True,ADDITION,DELETION,Normal transition
WELCORP,PEVT_00219,"December 31, 2021",DELETION,ADDITION,DELETION,True,ADDITION,DELETION,Normal transition
WELCORP,PEVT_01005,"August 30, 2022",DELETION,DELETION,DELETION,True,ADDITION,DELETION,Consecutive DELETION
WELCORP,PEVT_00125,"June 28, 2024",DELETION,DELETION,NONE,True,ADDITION,DELETION,Consecutive DELETION
WELSPUNLIV,PEVT_00805,"May 31, 2024",DELETION,NONE,ADDITION,True,DELETION,ADDITION,Normal transition
WELSPUNLIV,PEVT_00554,"September 30, 2025",ADDITION,DELETION,NONE,True,DELETION,ADDITION,Normal transition
WESTLIFE,PEVT_00852,"September 30, 2025",DELETION,NONE,NONE,False,DELETION,DELETION,Normal transition
WHIRLPOOL,PEVT_00333,"January 1, 2021",DELETION,NONE,NONE,True,DELETION,DELETION,Normal transition
WIPRO,PEVT_01224,"August 08, 2022",ADDITION,NONE,DELETION,True,ADDITION,DELETION,Normal transition
WIPRO,PEVT_01202,"July 31, 2024",DELETION,ADDITION,NONE,True,ADDITION,DELETION,Normal transition
WOCKPHARMA,PEVT_00580,"March 31, 2023",DELETION,NONE,ADDITION,True,DELETION,ADDITION,Normal transition
WOCKPHARMA,PEVT_00771,"March 28, 2025",ADDITION,DELETION,ADDITION,True,DELETION,ADDITION,Normal transition
WOCKPHARMA,PEVT_00881,"August 29, 2025",ADDITION,ADDITION,NONE,True,DELETION,ADDITION,Consecutive ADDITION
ZENSARTECH,PEVT_01013,"August 30, 2022",ADDITION,NONE,DELETION,True,ADDITION,DELETION,Normal transition
ZENSARTECH,PEVT_01020,"August 31, 2023",DELETION,ADDITION,ADDITION,True,ADDITION,DELETION,Normal transition
ZENSARTECH,PEVT_00829,"May 31, 2024",ADDITION,DELETION,DELETION,True,ADDITION,DELETION,Normal transition
ZENSARTECH,PEVT_00126,"June 28, 2024",DELETION,ADDITION,DELETION,True,ADDITION,DELETION,Normal transition
ZENSARTECH,PEVT_01107,"September 30, 2024",DELETION,DELETION,NONE,True,ADDITION,DELETION,Consecutive DELETION
ZENTEC,PEVT_00772,"March 28, 2025",ADDITION,NONE,ADDITION,True,ADDITION,ADDITION,Normal transition
ZENTEC,PEVT_00083,"June 30,
2025",ADDITION,ADDITION,NONE,True,ADDITION,ADDITION,Consecutive ADDITION
ZFCVINDIA,PEVT_01014,"August 30, 2022",ADDITION,NONE,DELETION,True,ADDITION,DELETION,Normal transition
ZFCVINDIA,PEVT_00538,"September 30, 2025",DELETION,ADDITION,NONE,True,ADDITION,DELETION,Normal transition
ZOMATO,PEVT_01186,"March
31, 2022",ADDITION,NONE,ADDITION,False,ADDITION,ADDITION,Normal transition
ZOMATO,PEVT_00421,"December 31, 2024",ADDITION,ADDITION,ADDITION,False,ADDITION,ADDITION,Consecutive ADDITION
ZOMATO,PEVT_00197,,ADDITION,ADDITION,NONE,False,ADDITION,ADDITION,Consecutive ADDITION
ZYDUSLIFE,PEVT_01015,"August 30, 2022",ADDITION,NONE,DELETION,True,ADDITION,DELETION,Normal transition
ZYDUSLIFE,PEVT_01021,"August 31, 2023",DELETION,ADDITION,ADDITION,True,ADDITION,DELETION,Normal transition
ZYDUSLIFE,PEVT_00830,"May 31, 2024",ADDITION,DELETION,ADDITION,True,ADDITION,DELETION,Normal transition
ZYDUSLIFE,PEVT_00157,"June 28, 2024",ADDITION,ADDITION,DELETION,True,ADDITION,DELETION,Consecutive ADDITION
ZYDUSLIFE,PEVT_00382,"December 31, 2024",DELETION,ADDITION,NONE,True,ADDITION,DELETION,Normal transition
ZYDUSWELL,PEVT_01267,"March 28, 2024",DELETION,NONE,ADDITION,True,DELETION,ADDITION,Normal transition
ZYDUSWELL,PEVT_00450,"March 30, 2026",ADDITION,DELETION,ADDITION,True,DELETION,ADDITION,Normal transition
ZYDUSWELL,PEVT_00997,"March 30, 2026",ADDITION,ADDITION,NONE,True,DELETION,ADDITION,Consecutive ADDITION
