source_document,source_url,source_page,section_heading,section_start_page,section_end_page,announcement_date,effective_date,review_period,event_type,event_type_basis,company_name,symbol,old_symbol,new_symbol,isin,extraction_status,extraction_notes
ind_prs01082018.pdf,https://www.niftyindices.com/Press_Release/ind_prs01082018.pdf,Page 1,1) NIFTY 500 Index,1,1,"August 01, 2018",,2018-SEP,DELETION,The following companies are being excluded,Techno Electric & Engineering Company Ltd.,TECHNO,,,,PASS,Extracted from ind_prs01082018.pdf Page 1 table
ind_prs01082018.pdf,https://www.niftyindices.com/Press_Release/ind_prs01082018.pdf,Page 1,1) NIFTY 500 Index,1,1,"August 01, 2018",,2018-SEP,DELETION,The following companies are being excluded,Bharat Dynamics Ltd.,BDL,,,,PASS,Extracted from ind_prs01082018.pdf Page 1 table
ind_prs01092022.pdf,https://www.niftyindices.com/Press_Release/ind_prs01092022.pdf,Page 2,3) Nifty 500,2,3,"September 01, 2022","September 30, 2022",2022-SEP,DELETION,The following companies are being excluded,Advanced Enzyme Tech Ltd.,ADVENZYMES,,,,PASS,Extracted from ind_prs01092022.pdf Page 2 table
ind_prs01092022.pdf,https://www.niftyindices.com/Press_Release/ind_prs01092022.pdf,Page 2,3) Nifty 500,2,3,"September 01, 2022","September 30, 2022",2022-SEP,DELETION,The following companies are being excluded,Eris Lifesciences Ltd.,ERIS,,,,PASS,Extracted from ind_prs01092022.pdf Page 2 table
ind_prs01092022.pdf,https://www.niftyindices.com/Press_Release/ind_prs01092022.pdf,Page 2,3) Nifty 500,2,3,"September 01, 2022","September 30, 2022",2022-SEP,DELETION,The following companies are being excluded,Glenmark Life Sciences Ltd.,GLS,,,,PASS,Extracted from ind_prs01092022.pdf Page 2 table
ind_prs01092022.pdf,https://www.niftyindices.com/Press_Release/ind_prs01092022.pdf,Page 2,3) Nifty 500,2,3,"September 01, 2022","September 30, 2022",2022-SEP,DELETION,The following companies are being excluded,Hathway Cable & Datacom Ltd.,HATHWAY,,,,PASS,Extracted from ind_prs01092022.pdf Page 2 table
ind_prs01092022.pdf,https://www.niftyindices.com/Press_Release/ind_prs01092022.pdf,Page 2,3) Nifty 500,2,3,"September 01, 2022","September 30, 2022",2022-SEP,DELETION,The following companies are being excluded,Hemisphere Properties India Ltd.,HEMIPROP,,,,PASS,Extracted from ind_prs01092022.pdf Page 2 table
ind_prs01092022.pdf,https://www.niftyindices.com/Press_Release/ind_prs01092022.pdf,Page 2,3) Nifty 500,2,3,"September 01, 2022","September 30, 2022",2022-SEP,DELETION,The following companies are being excluded,Indo Count Industries Ltd.,ICIL,,,,PASS,Extracted from ind_prs01092022.pdf Page 2 table
ind_prs01092022.pdf,https://www.niftyindices.com/Press_Release/ind_prs01092022.pdf,Page 2,3) Nifty 500,2,3,"September 01, 2022","September 30, 2022",2022-SEP,DELETION,The following companies are being excluded,IRCON International Ltd.,IRCON,,,,PASS,Extracted from ind_prs01092022.pdf Page 2 table
ind_prs01092022.pdf,https://www.niftyindices.com/Press_Release/ind_prs01092022.pdf,Page 2,3) Nifty 500,2,3,"September 01, 2022","September 30, 2022",2022-SEP,DELETION,The following companies are being excluded,MindTree Ltd.*,MINDTREE,,,,PASS,Extracted from ind_prs01092022.pdf Page 2 table
ind_prs01092022.pdf,https://www.niftyindices.com/Press_Release/ind_prs01092022.pdf,Page 2,3) Nifty 500,2,3,"September 01, 2022","September 30, 2022",2022-SEP,DELETION,The following companies are being excluded,NESCO Ltd.,NESCO,,,,PASS,Extracted from ind_prs01092022.pdf Page 2 table
ind_prs01092022.pdf,https://www.niftyindices.com/Press_Release/ind_prs01092022.pdf,Page 2,3) Nifty 500,2,3,"September 01, 2022","September 30, 2022",2022-SEP,DELETION,The following companies are being excluded,Railtel Corporation Of India Ltd.,RAILTEL,,,,PASS,Extracted from ind_prs01092022.pdf Page 2 table
ind_prs01092022.pdf,https://www.niftyindices.com/Press_Release/ind_prs01092022.pdf,Page 2,3) Nifty 500,2,3,"September 01, 2022","September 30, 2022",2022-SEP,DELETION,The following companies are being excluded,Sequent Scientific Ltd.,SEQUENT,,,,PASS,Extracted from ind_prs01092022.pdf Page 2 table
ind_prs01092022.pdf,https://www.niftyindices.com/Press_Release/ind_prs01092022.pdf,Page 2,3) Nifty 500,2,3,"September 01, 2022","September 30, 2022",2022-SEP,DELETION,The following companies are being excluded,Solara Active Pharma Sciences Ltd.,SOLARA,,,,PASS,Extracted from ind_prs01092022.pdf Page 2 table
ind_prs01092022.pdf,https://www.niftyindices.com/Press_Release/ind_prs01092022.pdf,Page 2,3) Nifty 500,2,3,"September 01, 2022","September 30, 2022",2022-SEP,DELETION,The following companies are being excluded,Spicejet Ltd.,SPICEJET,,,,PASS,Extracted from ind_prs01092022.pdf Page 2 table
ind_prs01092022.pdf,https://www.niftyindices.com/Press_Release/ind_prs01092022.pdf,Page 2,3) Nifty 500,2,3,"September 01, 2022","September 30, 2022",2022-SEP,DELETION,The following companies are being excluded,Strides Pharma Science Ltd.,STAR,,,,PASS,Extracted from ind_prs01092022.pdf Page 2 table
ind_prs01092022.pdf,https://www.niftyindices.com/Press_Release/ind_prs01092022.pdf,Page 2,3) Nifty 500,2,3,"September 01, 2022","September 30, 2022",2022-SEP,DELETION,The following companies are being excluded,Tata Steel Long Products Ltd.,TATASTLLP,,,,PASS,Extracted from ind_prs01092022.pdf Page 2 table
ind_prs01092022.pdf,https://www.niftyindices.com/Press_Release/ind_prs01092022.pdf,Page 2,3) Nifty 500,2,3,"September 01, 2022","September 30, 2022",2022-SEP,DELETION,The following companies are being excluded,UCO Bank,UCOBANK,,,,PASS,Extracted from ind_prs01092022.pdf Page 2 table
ind_prs01092022.pdf,https://www.niftyindices.com/Press_Release/ind_prs01092022.pdf,Page 2,3) Nifty 500,2,3,"September 01, 2022","September 30, 2022",2022-SEP,DELETION,The following companies are being excluded,Vakrangee Ltd.,VAKRANGEE,,,,PASS,Extracted from ind_prs01092022.pdf Page 2 table
ind_prs01092022.pdf,https://www.niftyindices.com/Press_Release/ind_prs01092022.pdf,Page 2,3) Nifty 500,2,3,"September 01, 2022","September 30, 2022",2022-SEP,DELETION,The following companies are being excluded,Venky's (India) Ltd.,VENKEYS,,,,PASS,Extracted from ind_prs01092022.pdf Page 2 table
ind_prs01092022.pdf,https://www.niftyindices.com/Press_Release/ind_prs01092022.pdf,Page 3,3) Nifty 500,2,3,"September 01, 2022","September 30, 2022",2022-SEP,ADDITION,The following companies are being included,Adani Wilmar Ltd.,AWL,,,,PASS,Extracted from ind_prs01092022.pdf Page 3 table
ind_prs01092022.pdf,https://www.niftyindices.com/Press_Release/ind_prs01092022.pdf,Page 3,3) Nifty 500,2,3,"September 01, 2022","September 30, 2022",2022-SEP,ADDITION,The following companies are being included,Aether Industries Ltd.,AETHER,,,,PASS,Extracted from ind_prs01092022.pdf Page 3 table
ind_prs01092022.pdf,https://www.niftyindices.com/Press_Release/ind_prs01092022.pdf,Page 3,3) Nifty 500,2,3,"September 01, 2022","September 30, 2022",2022-SEP,ADDITION,The following companies are being included,Bharat Rasayan Ltd.,BHARATRAS,,,,PASS,Extracted from ind_prs01092022.pdf Page 3 table
ind_prs01092022.pdf,https://www.niftyindices.com/Press_Release/ind_prs01092022.pdf,Page 3,3) Nifty 500,2,3,"September 01, 2022","September 30, 2022",2022-SEP,ADDITION,The following companies are being included,Deepak Fertilisers & Petrochemicals Corp. Ltd.,DEEPAKFERT,,,,PASS,Extracted from ind_prs01092022.pdf Page 3 table
ind_prs01092022.pdf,https://www.niftyindices.com/Press_Release/ind_prs01092022.pdf,Page 3,3) Nifty 500,2,3,"September 01, 2022","September 30, 2022",2022-SEP,ADDITION,The following companies are being included,Greenpanel Industries Ltd.,GREENPANEL,,,,PASS,Extracted from ind_prs01092022.pdf Page 3 table
ind_prs01092022.pdf,https://www.niftyindices.com/Press_Release/ind_prs01092022.pdf,Page 3,3) Nifty 500,2,3,"September 01, 2022","September 30, 2022",2022-SEP,ADDITION,The following companies are being included,JBM Auto Ltd.,JBMA,,,,PASS,Extracted from ind_prs01092022.pdf Page 3 table
ind_prs01092022.pdf,https://www.niftyindices.com/Press_Release/ind_prs01092022.pdf,Page 3,3) Nifty 500,2,3,"September 01, 2022","September 30, 2022",2022-SEP,ADDITION,The following companies are being included,Mahindra Lifespace Developers Ltd.,MAHLIFE,,,,PASS,Extracted from ind_prs01092022.pdf Page 3 table
ind_prs01092022.pdf,https://www.niftyindices.com/Press_Release/ind_prs01092022.pdf,Page 3,3) Nifty 500,2,3,"September 01, 2022","September 30, 2022",2022-SEP,ADDITION,The following companies are being included,Motherson Sumi Wiring India Ltd.,MSUMI,,,,PASS,Extracted from ind_prs01092022.pdf Page 3 table
ind_prs01092022.pdf,https://www.niftyindices.com/Press_Release/ind_prs01092022.pdf,Page 3,3) Nifty 500,2,3,"September 01, 2022","September 30, 2022",2022-SEP,ADDITION,The following companies are being included,NIIT Ltd.,NIITLTD,,,,PASS,Extracted from ind_prs01092022.pdf Page 3 table
ind_prs01092022.pdf,https://www.niftyindices.com/Press_Release/ind_prs01092022.pdf,Page 3,3) Nifty 500,2,3,"September 01, 2022","September 30, 2022",2022-SEP,ADDITION,The following companies are being included,Olectra Greentech Ltd.,OLECTRA,,,,PASS,Extracted from ind_prs01092022.pdf Page 3 table
ind_prs01092022.pdf,https://www.niftyindices.com/Press_Release/ind_prs01092022.pdf,Page 3,3) Nifty 500,2,3,"September 01, 2022","September 30, 2022",2022-SEP,ADDITION,The following companies are being included,Patanjali Foods Ltd.,PATANJALI,,,,PASS,Extracted from ind_prs01092022.pdf Page 3 table
ind_prs01092022.pdf,https://www.niftyindices.com/Press_Release/ind_prs01092022.pdf,Page 3,3) Nifty 500,2,3,"September 01, 2022","September 30, 2022",2022-SEP,ADDITION,The following companies are being included,Raymond Ltd.,RAYMOND,,,,PASS,Extracted from ind_prs01092022.pdf Page 3 table
ind_prs01092022.pdf,https://www.niftyindices.com/Press_Release/ind_prs01092022.pdf,Page 3,3) Nifty 500,2,3,"September 01, 2022","September 30, 2022",2022-SEP,ADDITION,The following companies are being included,Samvardhana Motherson International Ltd.,MOTHERSON,,,,PASS,Extracted from ind_prs01092022.pdf Page 3 table
ind_prs01092022.pdf,https://www.niftyindices.com/Press_Release/ind_prs01092022.pdf,Page 3,3) Nifty 500,2,3,"September 01, 2022","September 30, 2022",2022-SEP,ADDITION,The following companies are being included,Sharda Cropchem Ltd.,SHARDACROP,,,,PASS,Extracted from ind_prs01092022.pdf Page 3 table
ind_prs01092022.pdf,https://www.niftyindices.com/Press_Release/ind_prs01092022.pdf,Page 3,3) Nifty 500,2,3,"September 01, 2022","September 30, 2022",2022-SEP,ADDITION,The following companies are being included,Swan Energy Ltd.,SWANENERGY,,,,PASS,Extracted from ind_prs01092022.pdf Page 3 table
ind_prs01092022.pdf,https://www.niftyindices.com/Press_Release/ind_prs01092022.pdf,Page 3,3) Nifty 500,2,3,"September 01, 2022","September 30, 2022",2022-SEP,ADDITION,The following companies are being included,Tejas Networks Ltd.,TEJASNET,,,,PASS,Extracted from ind_prs01092022.pdf Page 3 table
ind_prs01092022.pdf,https://www.niftyindices.com/Press_Release/ind_prs01092022.pdf,Page 3,3) Nifty 500,2,3,"September 01, 2022","September 30, 2022",2022-SEP,ADDITION,The following companies are being included,Transport Corporation of India Ltd.,TCI,,,,PASS,Extracted from ind_prs01092022.pdf Page 3 table
ind_prs01092022.pdf,https://www.niftyindices.com/Press_Release/ind_prs01092022.pdf,Page 3,3) Nifty 500,2,3,"September 01, 2022","September 30, 2022",2022-SEP,ADDITION,The following companies are being included,Vedant Fashions Ltd.,MANYAVAR,,,,PASS,Extracted from ind_prs01092022.pdf Page 3 table
ind_prs02072020_1.pdf,https://www.niftyindices.com/Press_Release/ind_prs02072020_1.pdf,Page 2,3) NIFTY 500,2,2,"July 02, 2020","July 31, 2020",2020-JUL,DELETION,The following companies are being excluded,Vedanta Ltd.,VEDL,,,,PASS,Extracted from ind_prs02072020_1.pdf Page 2 table
ind_prs02072020_1.pdf,https://www.niftyindices.com/Press_Release/ind_prs02072020_1.pdf,Page 2,3) NIFTY 500,2,2,"July 02, 2020","July 31, 2020",2020-JUL,DELETION,The following companies are being excluded,SBI Cards and Payment Services Ltd.,SBICARD,,,,PASS,Extracted from ind_prs02072020_1.pdf Page 2 table
ind_prs04042025_2.pdf,https://www.niftyindices.com/Press_Release/ind_prs04042025_2.pdf,Page 1,1) Nifty 500,1,1,"April 04, 2025","April 11, 2025",2025-MAR,DELETION,The following companies are being excluded,Quess Corp Ltd.,QUESS,,,,PASS,Extracted from ind_prs04042025_2.pdf Page 1 table
ind_prs04042025_2.pdf,https://www.niftyindices.com/Press_Release/ind_prs04042025_2.pdf,Page 1,1) Nifty 500,1,1,"April 04, 2025","April 11, 2025",2025-MAR,DELETION,The following companies are being excluded,Sundram Fasteners Ltd.,SUNDRMFAST,,,,PASS,Extracted from ind_prs04042025_2.pdf Page 1 table
ind_prs04052026.pdf,https://www.niftyindices.com/Press_Release/ind_prs04052026.pdf,Page 1,1) Nifty 500,1,1,"May 04, 2026","May 12, 2026",2026-MAY,DELETION,The following companies are being excluded,Gujarat State Petronet Ltd.,GSPL,,,,PASS,Extracted from ind_prs04052026.pdf Page 1 table
ind_prs04052026.pdf,https://www.niftyindices.com/Press_Release/ind_prs04052026.pdf,Page 1,1) Nifty 500,1,1,"May 04, 2026","May 12, 2026",2026-MAY,DELETION,The following companies are being excluded,CIE Automotive India Ltd.,CIEINDIA,,,,PASS,Extracted from ind_prs04052026.pdf Page 1 table
ind_prs04072023.pdf,https://www.niftyindices.com/Press_Release/ind_prs04072023.pdf,Page 2,4) Nifty 500,2,2,"July 04, 2023","July 13, 2023",2023-JUL,DELETION,The following companies are being excluded,Housing Development Finance Corporation Ltd.,HDFC,,,,PASS,Extracted from ind_prs04072023.pdf Page 2 table
ind_prs04072023.pdf,https://www.niftyindices.com/Press_Release/ind_prs04072023.pdf,Page 2,4) Nifty 500,2,2,"July 04, 2023","July 13, 2023",2023-JUL,DELETION,The following companies are being excluded,Mankind Pharma Ltd.,MANKIND,,,,PASS,Extracted from ind_prs04072023.pdf Page 2 table
ind_prs04102024.pdf,https://www.niftyindices.com/Press_Release/ind_prs04102024.pdf,Page 1,1) Nifty 500,1,1,"October 04, 2024","October 10, 2024",2024-SEP,DELETION,The following companies are being excluded,IDFC Ltd.,IDFC,,,,PASS,Extracted from ind_prs04102024.pdf Page 1 table
ind_prs04102024.pdf,https://www.niftyindices.com/Press_Release/ind_prs04102024.pdf,Page 1,1) Nifty 500,1,1,"October 04, 2024","October 10, 2024",2024-SEP,DELETION,The following companies are being excluded,Emcure Pharmaceuticals Ltd.,EMCURE,,,,PASS,Extracted from ind_prs04102024.pdf Page 1 table
ind_prs05042022.pdf,https://www.niftyindices.com/Press_Release/ind_prs05042022.pdf,Page 1,1) NIFTY 500,1,1,"April 05, 2022","May 04, 2022",2022-MAY,DELETION,The following companies are being excluded,Aarti Industries Ltd.,AARTIIND,,,,PASS,Extracted from ind_prs05042022.pdf Page 1 table
ind_prs05042022.pdf,https://www.niftyindices.com/Press_Release/ind_prs05042022.pdf,Page 1,1) NIFTY 500,1,1,"April 05, 2022","May 04, 2022",2022-MAY,DELETION,The following companies are being excluded,GMR Infrastructure Ltd.,GMRINFRA,,,,PASS,Extracted from ind_prs05042022.pdf Page 1 table
ind_prs05042022_1.pdf,https://www.niftyindices.com/Press_Release/ind_prs05042022_1.pdf,Page 1,1) NIFTY 500,1,1,"April 05, 2022","April 12, 2022",2022-MAR,DELETION,The following companies are being excluded,BEML Ltd.,BEML,,,,PASS,Extracted from ind_prs05042022_1.pdf Page 1 table
ind_prs05042022_1.pdf,https://www.niftyindices.com/Press_Release/ind_prs05042022_1.pdf,Page 1,1) NIFTY 500,1,1,"April 05, 2022","April 12, 2022",2022-MAR,DELETION,The following companies are being excluded,Capri Global Capital Ltd.,CGCL,,,,PASS,Extracted from ind_prs05042022_1.pdf Page 1 table
ind_prs06032018.pdf,https://www.niftyindices.com/Press_Release/ind_prs06032018.pdf,Page 1,1) NIFTY 500,1,1,"March 06, 2018","April 02, 2018",2018-MAR,DELETION,The following companies are being excluded,Videocon Industries Ltd.,VIDEOIND,,,,PASS,Extracted from ind_prs06032018.pdf Page 1 table
ind_prs06032018.pdf,https://www.niftyindices.com/Press_Release/ind_prs06032018.pdf,Page 1,1) NIFTY 500,1,1,"March 06, 2018","April 02, 2018",2018-MAR,DELETION,The following companies are being excluded,Eris Lifesciences Ltd.,ERIS,,,,PASS,Extracted from ind_prs06032018.pdf Page 1 table
ind_prs06032023.pdf,https://www.niftyindices.com/Press_Release/ind_prs06032023.pdf,Page 5,1) Nifty500 Shariah,5,5,"March 06, 2023",,2023-MAR,DELETION,The following companies are being excluded,AstraZenca Pharma India Ltd.,ASTRAZEN,,,,PASS,Extracted from ind_prs06032023.pdf Page 5 table
ind_prs06032023.pdf,https://www.niftyindices.com/Press_Release/ind_prs06032023.pdf,Page 5,1) Nifty500 Shariah,5,5,"March 06, 2023",,2023-MAR,DELETION,The following companies are being excluded,Bharat Rasayan Ltd.,BHARATRAS,,,,PASS,Extracted from ind_prs06032023.pdf Page 5 table
ind_prs06032023.pdf,https://www.niftyindices.com/Press_Release/ind_prs06032023.pdf,Page 5,1) Nifty500 Shariah,5,5,"March 06, 2023",,2023-MAR,DELETION,The following companies are being excluded,Indoco Remedies Ltd.,INDOCO,,,,PASS,Extracted from ind_prs06032023.pdf Page 5 table
ind_prs06032023.pdf,https://www.niftyindices.com/Press_Release/ind_prs06032023.pdf,Page 5,1) Nifty500 Shariah,5,5,"March 06, 2023",,2023-MAR,DELETION,The following companies are being excluded,Procter & Gamble Health Ltd.,PGHL,,,,PASS,Extracted from ind_prs06032023.pdf Page 5 table
ind_prs06032023.pdf,https://www.niftyindices.com/Press_Release/ind_prs06032023.pdf,Page 5,1) Nifty500 Shariah,5,5,"March 06, 2023",,2023-MAR,DELETION,The following companies are being excluded,Sheela Foam Ltd.,SFL,,,,PASS,Extracted from ind_prs06032023.pdf Page 5 table
ind_prs06032023.pdf,https://www.niftyindices.com/Press_Release/ind_prs06032023.pdf,Page 5,1) Nifty500 Shariah,5,5,"March 06, 2023",,2023-MAR,DELETION,The following companies are being excluded,Tata Coffee Ltd.,TATACOFFEE,,,,PASS,Extracted from ind_prs06032023.pdf Page 5 table
ind_prs06032023.pdf,https://www.niftyindices.com/Press_Release/ind_prs06032023.pdf,Page 5,1) Nifty500 Shariah,5,5,"March 06, 2023",,2023-MAR,DELETION,The following companies are being excluded,Thyrocare Technologies Ltd.,THYROCARE,,,,PASS,Extracted from ind_prs06032023.pdf Page 5 table
ind_prs06032023.pdf,https://www.niftyindices.com/Press_Release/ind_prs06032023.pdf,Page 5,1) Nifty500 Shariah,5,5,"March 06, 2023",,2023-MAR,ADDITION,The following companies are being included,Apar Industries Ltd.,APARINDS,,,,PASS,Extracted from ind_prs06032023.pdf Page 5 table | repeated_source_event
ind_prs06032023.pdf,https://www.niftyindices.com/Press_Release/ind_prs06032023.pdf,Page 5,1) Nifty500 Shariah,5,5,"March 06, 2023",,2023-MAR,ADDITION,The following companies are being included,Bikaji Foods International Ltd.,BIKAJI,,,,PASS,Extracted from ind_prs06032023.pdf Page 5 table
ind_prs06032023.pdf,https://www.niftyindices.com/Press_Release/ind_prs06032023.pdf,Page 5,1) Nifty500 Shariah,5,5,"March 06, 2023",,2023-MAR,ADDITION,The following companies are being included,Global Health Ltd.,MEDANTA,,,,PASS,Extracted from ind_prs06032023.pdf Page 5 table
ind_prs06032023.pdf,https://www.niftyindices.com/Press_Release/ind_prs06032023.pdf,Page 5,1) Nifty500 Shariah,5,5,"March 06, 2023",,2023-MAR,ADDITION,The following companies are being included,Ingersoll Rand (India) Ltd.,INGERRAND,,,,PASS,Extracted from ind_prs06032023.pdf Page 5 table
ind_prs06032023.pdf,https://www.niftyindices.com/Press_Release/ind_prs06032023.pdf,Page 5,1) Nifty500 Shariah,5,5,"March 06, 2023",,2023-MAR,ADDITION,The following companies are being included,Kennametal India Ltd.,KENNAMET,,,,PASS,Extracted from ind_prs06032023.pdf Page 5 table
ind_prs06032023.pdf,https://www.niftyindices.com/Press_Release/ind_prs06032023.pdf,Page 5,1) Nifty500 Shariah,5,5,"March 06, 2023",,2023-MAR,ADDITION,The following companies are being included,Kfin Technologies Ltd.,KFINTECH,,,,PASS,Extracted from ind_prs06032023.pdf Page 5 table
ind_prs06032023.pdf,https://www.niftyindices.com/Press_Release/ind_prs06032023.pdf,Page 5,1) Nifty500 Shariah,5,5,"March 06, 2023",,2023-MAR,ADDITION,The following companies are being included,KSB Ltd.,KSB,,,,PASS,Extracted from ind_prs06032023.pdf Page 5 table
ind_prs06032023.pdf,https://www.niftyindices.com/Press_Release/ind_prs06032023.pdf,Page 5,1) Nifty500 Shariah,5,5,"March 06, 2023",,2023-MAR,ADDITION,The following companies are being included,NMDC Ltd.,NMDC,,,,PASS,Extracted from ind_prs06032023.pdf Page 5 table | repeated_source_event
ind_prs06042022.pdf,https://www.niftyindices.com/Press_Release/ind_prs06042022.pdf,Page 1,1) NIFTY 500,1,1,"April 06, 2022","April 07, 2022",2022-MAR,DELETION,The following companies are being excluded,Supreme Petrochem Ltd.,SUPPETRO,,,,PASS,Extracted from ind_prs06042022.pdf Page 1 table
ind_prs06042022.pdf,https://www.niftyindices.com/Press_Release/ind_prs06042022.pdf,Page 1,1) NIFTY 500,1,1,"April 06, 2022","April 07, 2022",2022-MAR,DELETION,The following companies are being excluded,MTAR Technologies Ltd.,MTARTECH,,,,PASS,Extracted from ind_prs06042022.pdf Page 1 table
ind_prs06062025.pdf,https://www.niftyindices.com/Press_Release/ind_prs06062025.pdf,Page 5,9) Nifty500 Quality 50,5,6,"June 06, 2025","June 30,
2025",2025-JUN,DELETION,The following companies are being excluded,Aditya Birla Sun Life AMC Ltd.,ABSLAMC,,,,PASS,Extracted from ind_prs06062025.pdf Page 5 table
ind_prs06062025.pdf,https://www.niftyindices.com/Press_Release/ind_prs06062025.pdf,Page 5,9) Nifty500 Quality 50,5,6,"June 06, 2025","June 30,
2025",2025-JUN,DELETION,The following companies are being excluded,Motherson Sumi Wiring India Ltd.,MSUMI,,,,PASS,Extracted from ind_prs06062025.pdf Page 5 table
ind_prs06062025.pdf,https://www.niftyindices.com/Press_Release/ind_prs06062025.pdf,Page 5,9) Nifty500 Quality 50,5,6,"June 06, 2025","June 30,
2025",2025-JUN,DELETION,The following companies are being excluded,Petronet LNG Ltd.,PETRONET,,,,PASS,Extracted from ind_prs06062025.pdf Page 5 table
ind_prs06062025.pdf,https://www.niftyindices.com/Press_Release/ind_prs06062025.pdf,Page 5,9) Nifty500 Quality 50,5,6,"June 06, 2025","June 30,
2025",2025-JUN,DELETION,The following companies are being excluded,RattanIndia Enterprises Ltd.,RTNINDIA,,,,PASS,Extracted from ind_prs06062025.pdf Page 5 table
ind_prs06062025.pdf,https://www.niftyindices.com/Press_Release/ind_prs06062025.pdf,Page 5,9) Nifty500 Quality 50,5,6,"June 06, 2025","June 30,
2025",2025-JUN,DELETION,The following companies are being excluded,Tata Motors Ltd.,TATAMOTORS,,,,PASS,Extracted from ind_prs06062025.pdf Page 5 table
ind_prs06062025.pdf,https://www.niftyindices.com/Press_Release/ind_prs06062025.pdf,Page 5,9) Nifty500 Quality 50,5,6,"June 06, 2025","June 30,
2025",2025-JUN,DELETION,The following companies are being excluded,Varun Beverages Ltd.,VBL,,,,PASS,Extracted from ind_prs06062025.pdf Page 5 table
ind_prs06062025.pdf,https://www.niftyindices.com/Press_Release/ind_prs06062025.pdf,Page 5,9) Nifty500 Quality 50,5,6,"June 06, 2025","June 30,
2025",2025-JUN,ADDITION,The following companies are being included,ABB India Ltd.,ABB,,,,PASS,Extracted from ind_prs06062025.pdf Page 5 table
ind_prs06062025.pdf,https://www.niftyindices.com/Press_Release/ind_prs06062025.pdf,Page 5,9) Nifty500 Quality 50,5,6,"June 06, 2025","June 30,
2025",2025-JUN,ADDITION,The following companies are being included,Anand Rathi Wealth Ltd.,ANANDRATHI,,,,PASS,Extracted from ind_prs06062025.pdf Page 5 table
ind_prs06062025.pdf,https://www.niftyindices.com/Press_Release/ind_prs06062025.pdf,Page 5,9) Nifty500 Quality 50,5,6,"June 06, 2025","June 30,
2025",2025-JUN,ADDITION,The following companies are being included,Britannia Industries Ltd.,BRITANNIA,,,,PASS,Extracted from ind_prs06062025.pdf Page 5 table
ind_prs06062025.pdf,https://www.niftyindices.com/Press_Release/ind_prs06062025.pdf,Page 5,9) Nifty500 Quality 50,5,6,"June 06, 2025","June 30,
2025",2025-JUN,ADDITION,The following companies are being included,CRISIL Ltd.,CRISIL,,,,PASS,Extracted from ind_prs06062025.pdf Page 5 table
ind_prs06062025.pdf,https://www.niftyindices.com/Press_Release/ind_prs06062025.pdf,Page 5,9) Nifty500 Quality 50,5,6,"June 06, 2025","June 30,
2025",2025-JUN,ADDITION,The following companies are being included,Suzlon Energy Ltd.,SUZLON,,,,PASS,Extracted from ind_prs06062025.pdf Page 5 table
ind_prs06062025.pdf,https://www.niftyindices.com/Press_Release/ind_prs06062025.pdf,Page 5,9) Nifty500 Quality 50,5,6,"June 06, 2025","June 30,
2025",2025-JUN,ADDITION,The following companies are being included,Zen Technologies Ltd.,ZENTEC,,,,PASS,Extracted from ind_prs06062025.pdf Page 5 table
ind_prs06122022.pdf,https://www.niftyindices.com/Press_Release/ind_prs06122022.pdf,Page 1,1) Nifty 500,1,2,"December 06, 2022",,2022-DEC,DELETION,The following companies are being excluded,Allcargo Logistics Ltd.,ALLCARGO,,,,PASS,Extracted from ind_prs06122022.pdf Page 1 table
ind_prs06122022.pdf,https://www.niftyindices.com/Press_Release/ind_prs06122022.pdf,Page 1,1) Nifty 500,1,2,"December 06, 2022",,2022-DEC,DELETION,The following companies are being excluded,NIIT Ltd.,NIITLTD,,,,PASS,Extracted from ind_prs06122022.pdf Page 1 table
ind_prs06122022.pdf,https://www.niftyindices.com/Press_Release/ind_prs06122022.pdf,Page 1,1) Nifty 500,1,2,"December 06, 2022",,2022-DEC,DELETION,The following companies are being excluded,Shipping Corporation of India Ltd.,SCI,,,,PASS,Extracted from ind_prs06122022.pdf Page 1 table
ind_prs06122022.pdf,https://www.niftyindices.com/Press_Release/ind_prs06122022.pdf,Page 1,1) Nifty 500,1,2,"December 06, 2022",,2022-DEC,ADDITION,The following companies are being included,BEML Ltd.,BEML,,,,PASS,Extracted from ind_prs06122022.pdf Page 1 table
ind_prs06122022.pdf,https://www.niftyindices.com/Press_Release/ind_prs06122022.pdf,Page 1,1) Nifty 500,1,2,"December 06, 2022",,2022-DEC,ADDITION,The following companies are being included,Lemon Tree Hotels Ltd.,LEMONTREE,,,,PASS,Extracted from ind_prs06122022.pdf Page 1 table
ind_prs06122022.pdf,https://www.niftyindices.com/Press_Release/ind_prs06122022.pdf,Page 2,1) Nifty 500,1,2,"December 06, 2022",,2022-DEC,ADDITION,The following companies are being included,UCO Bank,UCOBANK,,,,PASS,Extracted from ind_prs06122022.pdf Page 2 table
ind_prs07032017.pdf,https://www.niftyindices.com/Press_Release/ind_prs07032017.pdf,Page 1,1) NIFTY 500 Index,1,1,"February 16, 2017","March 31, 2017",2017-MAR,DELETION,The following companies are being excluded,State Bank of Bikaner & Jaipur Ltd.,SBBJ,,,,PASS,Extracted from ind_prs07032017.pdf Page 1 table
ind_prs07032017.pdf,https://www.niftyindices.com/Press_Release/ind_prs07032017.pdf,Page 1,1) NIFTY 500 Index,1,1,"February 16, 2017","March 31, 2017",2017-MAR,DELETION,The following companies are being excluded,State Bank of Mysore,MYSOREBANK,,,,PASS,Extracted from ind_prs07032017.pdf Page 1 table
ind_prs07032017.pdf,https://www.niftyindices.com/Press_Release/ind_prs07032017.pdf,Page 1,1) NIFTY 500 Index,1,1,"February 16, 2017","March 31, 2017",2017-MAR,DELETION,The following companies are being excluded,State Bank of Travancore,SBT,,,,PASS,Extracted from ind_prs07032017.pdf Page 1 table
ind_prs07032017.pdf,https://www.niftyindices.com/Press_Release/ind_prs07032017.pdf,Page 1,1) NIFTY 500 Index,1,1,"February 16, 2017","March 31, 2017",2017-MAR,ADDITION,The following companies are being included,Future Retail Ltd.,FRETAIL,,,,PASS,Extracted from ind_prs07032017.pdf Page 1 table
ind_prs07032017.pdf,https://www.niftyindices.com/Press_Release/ind_prs07032017.pdf,Page 1,1) NIFTY 500 Index,1,1,"February 16, 2017","March 31, 2017",2017-MAR,ADDITION,The following companies are being included,Max India Ltd.,MAXINDIA,,,,PASS,Extracted from ind_prs07032017.pdf Page 1 table
ind_prs07032017.pdf,https://www.niftyindices.com/Press_Release/ind_prs07032017.pdf,Page 1,1) NIFTY 500 Index,1,1,"February 16, 2017","March 31, 2017",2017-MAR,ADDITION,The following companies are being included,Mahanagar Gas Ltd.,MGL,,,,PASS,Extracted from ind_prs07032017.pdf Page 1 table
ind_prs07062024.pdf,https://www.niftyindices.com/Press_Release/ind_prs07062024.pdf,Page 7,11) Nifty500 Momentum 50,7,9,"June 07, 2024","June 28, 2024",2024-JUN,DELETION,The following companies are being excluded,Angel One Ltd.,ANGELONE,,,,PASS,Extracted from ind_prs07062024.pdf Page 7 table
ind_prs07062024.pdf,https://www.niftyindices.com/Press_Release/ind_prs07062024.pdf,Page 7,11) Nifty500 Momentum 50,7,9,"June 07, 2024","June 28, 2024",2024-JUN,DELETION,The following companies are being excluded,Aurobindo Pharma Ltd.,AUROPHARMA,,,,PASS,Extracted from ind_prs07062024.pdf Page 7 table
ind_prs07062024.pdf,https://www.niftyindices.com/Press_Release/ind_prs07062024.pdf,Page 7,11) Nifty500 Momentum 50,7,9,"June 07, 2024","June 28, 2024",2024-JUN,DELETION,The following companies are being excluded,Birlasoft Ltd.,BSOFT,,,,PASS,Extracted from ind_prs07062024.pdf Page 7 table
ind_prs07062024.pdf,https://www.niftyindices.com/Press_Release/ind_prs07062024.pdf,Page 7,11) Nifty500 Momentum 50,7,9,"June 07, 2024","June 28, 2024",2024-JUN,DELETION,The following companies are being excluded,C.E. Info Systems Ltd.,MAPMYINDIA,,,,PASS,Extracted from ind_prs07062024.pdf Page 7 table
ind_prs07062024.pdf,https://www.niftyindices.com/Press_Release/ind_prs07062024.pdf,Page 7,11) Nifty500 Momentum 50,7,9,"June 07, 2024","June 28, 2024",2024-JUN,DELETION,The following companies are being excluded,Central Depository Services (India) Ltd.,CDSL,,,,PASS,Extracted from ind_prs07062024.pdf Page 7 table
ind_prs07062024.pdf,https://www.niftyindices.com/Press_Release/ind_prs07062024.pdf,Page 7,11) Nifty500 Momentum 50,7,9,"June 07, 2024","June 28, 2024",2024-JUN,DELETION,The following companies are being excluded,Cyient Ltd.,CYIENT,,,,PASS,Extracted from ind_prs07062024.pdf Page 7 table
ind_prs07062024.pdf,https://www.niftyindices.com/Press_Release/ind_prs07062024.pdf,Page 7,11) Nifty500 Momentum 50,7,9,"June 07, 2024","June 28, 2024",2024-JUN,DELETION,The following companies are being excluded,eClerx Services Ltd.,ECLERX,,,,PASS,Extracted from ind_prs07062024.pdf Page 7 table
ind_prs07062024.pdf,https://www.niftyindices.com/Press_Release/ind_prs07062024.pdf,Page 7,11) Nifty500 Momentum 50,7,9,"June 07, 2024","June 28, 2024",2024-JUN,DELETION,The following companies are being excluded,Fertilisers and Chemicals Travancore Ltd.,FACT,,,,PASS,Extracted from ind_prs07062024.pdf Page 7 table
ind_prs07062024.pdf,https://www.niftyindices.com/Press_Release/ind_prs07062024.pdf,Page 7,11) Nifty500 Momentum 50,7,9,"June 07, 2024","June 28, 2024",2024-JUN,DELETION,The following companies are being excluded,General Insurance Corporation of India,GICRE,,,,PASS,Extracted from ind_prs07062024.pdf Page 7 table
ind_prs07062024.pdf,https://www.niftyindices.com/Press_Release/ind_prs07062024.pdf,Page 7,11) Nifty500 Momentum 50,7,9,"June 07, 2024","June 28, 2024",2024-JUN,DELETION,The following companies are being excluded,Global Health Ltd.,MEDANTA,,,,PASS,Extracted from ind_prs07062024.pdf Page 7 table
ind_prs07062024.pdf,https://www.niftyindices.com/Press_Release/ind_prs07062024.pdf,Page 7,11) Nifty500 Momentum 50,7,9,"June 07, 2024","June 28, 2024",2024-JUN,DELETION,The following companies are being excluded,IRCON International Ltd.,IRCON,,,,PASS,Extracted from ind_prs07062024.pdf Page 7 table
ind_prs07062024.pdf,https://www.niftyindices.com/Press_Release/ind_prs07062024.pdf,Page 7,11) Nifty500 Momentum 50,7,9,"June 07, 2024","June 28, 2024",2024-JUN,DELETION,The following companies are being excluded,ITI Ltd.,ITI,,,,PASS,Extracted from ind_prs07062024.pdf Page 7 table
ind_prs07062024.pdf,https://www.niftyindices.com/Press_Release/ind_prs07062024.pdf,Page 7,11) Nifty500 Momentum 50,7,9,"June 07, 2024","June 28, 2024",2024-JUN,DELETION,The following companies are being excluded,Jindal Saw Ltd.,JINDALSAW,,,,PASS,Extracted from ind_prs07062024.pdf Page 7 table
ind_prs07062024.pdf,https://www.niftyindices.com/Press_Release/ind_prs07062024.pdf,Page 8,11) Nifty500 Momentum 50,7,9,"June 07, 2024","June 28, 2024",2024-JUN,DELETION,The following companies are being excluded,Jyothy Labs Ltd.,JYOTHYLAB,,,,PASS,Extracted from ind_prs07062024.pdf Page 8 table
ind_prs07062024.pdf,https://www.niftyindices.com/Press_Release/ind_prs07062024.pdf,Page 8,11) Nifty500 Momentum 50,7,9,"June 07, 2024","June 28, 2024",2024-JUN,DELETION,The following companies are being excluded,Karur Vysya Bank Ltd.,KARURVYSYA,,,,PASS,Extracted from ind_prs07062024.pdf Page 8 table
ind_prs07062024.pdf,https://www.niftyindices.com/Press_Release/ind_prs07062024.pdf,Page 8,11) Nifty500 Momentum 50,7,9,"June 07, 2024","June 28, 2024",2024-JUN,DELETION,The following companies are being excluded,Kaynes Technology India Ltd.,KAYNES,,,,PASS,Extracted from ind_prs07062024.pdf Page 8 table
ind_prs07062024.pdf,https://www.niftyindices.com/Press_Release/ind_prs07062024.pdf,Page 8,11) Nifty500 Momentum 50,7,9,"June 07, 2024","June 28, 2024",2024-JUN,DELETION,The following companies are being excluded,KPIT Technologies Ltd.,KPITTECH,,,,PASS,Extracted from ind_prs07062024.pdf Page 8 table
ind_prs07062024.pdf,https://www.niftyindices.com/Press_Release/ind_prs07062024.pdf,Page 8,11) Nifty500 Momentum 50,7,9,"June 07, 2024","June 28, 2024",2024-JUN,DELETION,The following companies are being excluded,Lupin Ltd.,LUPIN,,,,PASS,Extracted from ind_prs07062024.pdf Page 8 table
ind_prs07062024.pdf,https://www.niftyindices.com/Press_Release/ind_prs07062024.pdf,Page 8,11) Nifty500 Momentum 50,7,9,"June 07, 2024","June 28, 2024",2024-JUN,DELETION,The following companies are being excluded,Multi Commodity Exchange of India Ltd.,MCX,,,,PASS,Extracted from ind_prs07062024.pdf Page 8 table
ind_prs07062024.pdf,https://www.niftyindices.com/Press_Release/ind_prs07062024.pdf,Page 8,11) Nifty500 Momentum 50,7,9,"June 07, 2024","June 28, 2024",2024-JUN,DELETION,The following companies are being excluded,NLC India Ltd.,NLCINDIA,,,,PASS,Extracted from ind_prs07062024.pdf Page 8 table
ind_prs07062024.pdf,https://www.niftyindices.com/Press_Release/ind_prs07062024.pdf,Page 8,11) Nifty500 Momentum 50,7,9,"June 07, 2024","June 28, 2024",2024-JUN,DELETION,The following companies are being excluded,PCBL Ltd.,PCBL,,,,PASS,Extracted from ind_prs07062024.pdf Page 8 table
ind_prs07062024.pdf,https://www.niftyindices.com/Press_Release/ind_prs07062024.pdf,Page 8,11) Nifty500 Momentum 50,7,9,"June 07, 2024","June 28, 2024",2024-JUN,DELETION,The following companies are being excluded,PNB Housing Finance Ltd.,PNBHOUSING,,,,PASS,Extracted from ind_prs07062024.pdf Page 8 table
ind_prs07062024.pdf,https://www.niftyindices.com/Press_Release/ind_prs07062024.pdf,Page 8,11) Nifty500 Momentum 50,7,9,"June 07, 2024","June 28, 2024",2024-JUN,DELETION,The following companies are being excluded,Polycab India Ltd.,POLYCAB,,,,PASS,Extracted from ind_prs07062024.pdf Page 8 table
ind_prs07062024.pdf,https://www.niftyindices.com/Press_Release/ind_prs07062024.pdf,Page 8,11) Nifty500 Momentum 50,7,9,"June 07, 2024","June 28, 2024",2024-JUN,DELETION,The following companies are being excluded,Safari Industries (India) Ltd.,SAFARI,,,,PASS,Extracted from ind_prs07062024.pdf Page 8 table
ind_prs07062024.pdf,https://www.niftyindices.com/Press_Release/ind_prs07062024.pdf,Page 8,11) Nifty500 Momentum 50,7,9,"June 07, 2024","June 28, 2024",2024-JUN,DELETION,The following companies are being excluded,Shyam Metalics and Energy Ltd.,SHYAMMETL,,,,PASS,Extracted from ind_prs07062024.pdf Page 8 table
ind_prs07062024.pdf,https://www.niftyindices.com/Press_Release/ind_prs07062024.pdf,Page 8,11) Nifty500 Momentum 50,7,9,"June 07, 2024","June 28, 2024",2024-JUN,DELETION,The following companies are being excluded,Sonata Software Ltd.,SONATSOFTW,,,,PASS,Extracted from ind_prs07062024.pdf Page 8 table
ind_prs07062024.pdf,https://www.niftyindices.com/Press_Release/ind_prs07062024.pdf,Page 8,11) Nifty500 Momentum 50,7,9,"June 07, 2024","June 28, 2024",2024-JUN,DELETION,The following companies are being excluded,Supreme Industries Ltd.,SUPREMEIND,,,,PASS,Extracted from ind_prs07062024.pdf Page 8 table
ind_prs07062024.pdf,https://www.niftyindices.com/Press_Release/ind_prs07062024.pdf,Page 8,11) Nifty500 Momentum 50,7,9,"June 07, 2024","June 28, 2024",2024-JUN,DELETION,The following companies are being excluded,Tata Investment Corporation Ltd.,TATAINVEST,,,,PASS,Extracted from ind_prs07062024.pdf Page 8 table
ind_prs07062024.pdf,https://www.niftyindices.com/Press_Release/ind_prs07062024.pdf,Page 8,11) Nifty500 Momentum 50,7,9,"June 07, 2024","June 28, 2024",2024-JUN,DELETION,The following companies are being excluded,The New India Assurance Company Ltd.,NIACL,,,,PASS,Extracted from ind_prs07062024.pdf Page 8 table
ind_prs07062024.pdf,https://www.niftyindices.com/Press_Release/ind_prs07062024.pdf,Page 8,11) Nifty500 Momentum 50,7,9,"June 07, 2024","June 28, 2024",2024-JUN,DELETION,The following companies are being excluded,Welspun Corp Ltd.,WELCORP,,,,PASS,Extracted from ind_prs07062024.pdf Page 8 table
ind_prs07062024.pdf,https://www.niftyindices.com/Press_Release/ind_prs07062024.pdf,Page 8,11) Nifty500 Momentum 50,7,9,"June 07, 2024","June 28, 2024",2024-JUN,DELETION,The following companies are being excluded,Zensar Technolgies Ltd.,ZENSARTECH,,,,PASS,Extracted from ind_prs07062024.pdf Page 8 table
ind_prs07062024.pdf,https://www.niftyindices.com/Press_Release/ind_prs07062024.pdf,Page 8,11) Nifty500 Momentum 50,7,9,"June 07, 2024","June 28, 2024",2024-JUN,ADDITION,The following companies are being included,ABB India Ltd.,ABB,,,,PASS,Extracted from ind_prs07062024.pdf Page 8 table
ind_prs07062024.pdf,https://www.niftyindices.com/Press_Release/ind_prs07062024.pdf,Page 8,11) Nifty500 Momentum 50,7,9,"June 07, 2024","June 28, 2024",2024-JUN,ADDITION,The following companies are being included,Adani Ports and Special Economic Zone Ltd.,ADANIPORTS,,,,PASS,Extracted from ind_prs07062024.pdf Page 8 table
ind_prs07062024.pdf,https://www.niftyindices.com/Press_Release/ind_prs07062024.pdf,Page 8,11) Nifty500 Momentum 50,7,9,"June 07, 2024","June 28, 2024",2024-JUN,ADDITION,The following companies are being included,Adani Power Ltd.,ADANIPOWER,,,,PASS,Extracted from ind_prs07062024.pdf Page 8 table
ind_prs07062024.pdf,https://www.niftyindices.com/Press_Release/ind_prs07062024.pdf,Page 8,11) Nifty500 Momentum 50,7,9,"June 07, 2024","June 28, 2024",2024-JUN,ADDITION,The following companies are being included,Anand Rathi Wealth Ltd.,ANANDRATHI,,,,PASS,Extracted from ind_prs07062024.pdf Page 8 table
ind_prs07062024.pdf,https://www.niftyindices.com/Press_Release/ind_prs07062024.pdf,Page 8,11) Nifty500 Momentum 50,7,9,"June 07, 2024","June 28, 2024",2024-JUN,ADDITION,The following companies are being included,Bajaj Auto Ltd.,BAJAJ-AUTO,,,,PASS,Extracted from ind_prs07062024.pdf Page 8 table
ind_prs07062024.pdf,https://www.niftyindices.com/Press_Release/ind_prs07062024.pdf,Page 8,11) Nifty500 Momentum 50,7,9,"June 07, 2024","June 28, 2024",2024-JUN,ADDITION,The following companies are being included,Bharat Dynamics Ltd.,BDL,,,,PASS,Extracted from ind_prs07062024.pdf Page 8 table
ind_prs07062024.pdf,https://www.niftyindices.com/Press_Release/ind_prs07062024.pdf,Page 8,11) Nifty500 Momentum 50,7,9,"June 07, 2024","June 28, 2024",2024-JUN,ADDITION,The following companies are being included,Bharat Electronics Ltd.,BEL,,,,PASS,Extracted from ind_prs07062024.pdf Page 8 table
ind_prs07062024.pdf,https://www.niftyindices.com/Press_Release/ind_prs07062024.pdf,Page 8,11) Nifty500 Momentum 50,7,9,"June 07, 2024","June 28, 2024",2024-JUN,ADDITION,The following companies are being included,Cummins India Ltd.,CUMMINSIND,,,,PASS,Extracted from ind_prs07062024.pdf Page 8 table
ind_prs07062024.pdf,https://www.niftyindices.com/Press_Release/ind_prs07062024.pdf,Page 8,11) Nifty500 Momentum 50,7,9,"June 07, 2024","June 28, 2024",2024-JUN,ADDITION,The following companies are being included,Dixon Technologies (India) Ltd.,DIXON,,,,PASS,Extracted from ind_prs07062024.pdf Page 8 table
ind_prs07062024.pdf,https://www.niftyindices.com/Press_Release/ind_prs07062024.pdf,Page 8,11) Nifty500 Momentum 50,7,9,"June 07, 2024","June 28, 2024",2024-JUN,ADDITION,The following companies are being included,Exide Industries Ltd.,EXIDEIND,,,,PASS,Extracted from ind_prs07062024.pdf Page 8 table
ind_prs07062024.pdf,https://www.niftyindices.com/Press_Release/ind_prs07062024.pdf,Page 8,11) Nifty500 Momentum 50,7,9,"June 07, 2024","June 28, 2024",2024-JUN,ADDITION,The following companies are being included,HBL Power Systems Ltd.,HBLPOWER,,,,PASS,Extracted from ind_prs07062024.pdf Page 8 table
ind_prs07062024.pdf,https://www.niftyindices.com/Press_Release/ind_prs07062024.pdf,Page 8,11) Nifty500 Momentum 50,7,9,"June 07, 2024","June 28, 2024",2024-JUN,ADDITION,The following companies are being included,Hindustan Copper Ltd.,HINDCOPPER,,,,PASS,Extracted from ind_prs07062024.pdf Page 8 table
ind_prs07062024.pdf,https://www.niftyindices.com/Press_Release/ind_prs07062024.pdf,Page 8,11) Nifty500 Momentum 50,7,9,"June 07, 2024","June 28, 2024",2024-JUN,ADDITION,The following companies are being included,Hitachi Energy India Ltd.,POWERINDIA,,,,PASS,Extracted from ind_prs07062024.pdf Page 8 table
ind_prs07062024.pdf,https://www.niftyindices.com/Press_Release/ind_prs07062024.pdf,Page 8,11) Nifty500 Momentum 50,7,9,"June 07, 2024","June 28, 2024",2024-JUN,ADDITION,The following companies are being included,Housing & Urban Development Corporation Ltd.,HUDCO,,,,PASS,Extracted from ind_prs07062024.pdf Page 8 table
ind_prs07062024.pdf,https://www.niftyindices.com/Press_Release/ind_prs07062024.pdf,Page 8,11) Nifty500 Momentum 50,7,9,"June 07, 2024","June 28, 2024",2024-JUN,ADDITION,The following companies are being included,Jindal Stainless Ltd.,JSL,,,,PASS,Extracted from ind_prs07062024.pdf Page 8 table
ind_prs07062024.pdf,https://www.niftyindices.com/Press_Release/ind_prs07062024.pdf,Page 9,11) Nifty500 Momentum 50,7,9,"June 07, 2024","June 28, 2024",2024-JUN,ADDITION,The following companies are being included,Jupiter Wagons Ltd.,JWL,,,,PASS,Extracted from ind_prs07062024.pdf Page 9 table
ind_prs07062024.pdf,https://www.niftyindices.com/Press_Release/ind_prs07062024.pdf,Page 9,11) Nifty500 Momentum 50,7,9,"June 07, 2024","June 28, 2024",2024-JUN,ADDITION,The following companies are being included,Kalpataru Projects International Ltd.,KPIL,,,,PASS,Extracted from ind_prs07062024.pdf Page 9 table
ind_prs07062024.pdf,https://www.niftyindices.com/Press_Release/ind_prs07062024.pdf,Page 9,11) Nifty500 Momentum 50,7,9,"June 07, 2024","June 28, 2024",2024-JUN,ADDITION,The following companies are being included,Mahindra & Mahindra Ltd.,M&M,,,,PASS,Extracted from ind_prs07062024.pdf Page 9 table
ind_prs07062024.pdf,https://www.niftyindices.com/Press_Release/ind_prs07062024.pdf,Page 9,11) Nifty500 Momentum 50,7,9,"June 07, 2024","June 28, 2024",2024-JUN,ADDITION,The following companies are being included,National Aluminium Co. Ltd.,NATIONALUM,,,,PASS,Extracted from ind_prs07062024.pdf Page 9 table
ind_prs07062024.pdf,https://www.niftyindices.com/Press_Release/ind_prs07062024.pdf,Page 9,11) Nifty500 Momentum 50,7,9,"June 07, 2024","June 28, 2024",2024-JUN,ADDITION,The following companies are being included,NBCC (India) Ltd.,NBCC,,,,PASS,Extracted from ind_prs07062024.pdf Page 9 table
ind_prs07062024.pdf,https://www.niftyindices.com/Press_Release/ind_prs07062024.pdf,Page 9,11) Nifty500 Momentum 50,7,9,"June 07, 2024","June 28, 2024",2024-JUN,ADDITION,The following companies are being included,NHPC Ltd.,NHPC,,,,PASS,Extracted from ind_prs07062024.pdf Page 9 table
ind_prs07062024.pdf,https://www.niftyindices.com/Press_Release/ind_prs07062024.pdf,Page 9,11) Nifty500 Momentum 50,7,9,"June 07, 2024","June 28, 2024",2024-JUN,ADDITION,The following companies are being included,Oil India Ltd.,OIL,,,,PASS,Extracted from ind_prs07062024.pdf Page 9 table
ind_prs07062024.pdf,https://www.niftyindices.com/Press_Release/ind_prs07062024.pdf,Page 9,11) Nifty500 Momentum 50,7,9,"June 07, 2024","June 28, 2024",2024-JUN,ADDITION,The following companies are being included,Punjab National Bank,PNB,,,,PASS,Extracted from ind_prs07062024.pdf Page 9 table
ind_prs07062024.pdf,https://www.niftyindices.com/Press_Release/ind_prs07062024.pdf,Page 9,11) Nifty500 Momentum 50,7,9,"June 07, 2024","June 28, 2024",2024-JUN,ADDITION,The following companies are being included,Rail Vikas Nigam Ltd.,RVNL,,,,PASS,Extracted from ind_prs07062024.pdf Page 9 table
ind_prs07062024.pdf,https://www.niftyindices.com/Press_Release/ind_prs07062024.pdf,Page 9,11) Nifty500 Momentum 50,7,9,"June 07, 2024","June 28, 2024",2024-JUN,ADDITION,The following companies are being included,Samvardhana Motherson International Ltd.,MOTHERSON,,,,PASS,Extracted from ind_prs07062024.pdf Page 9 table
ind_prs07062024.pdf,https://www.niftyindices.com/Press_Release/ind_prs07062024.pdf,Page 9,11) Nifty500 Momentum 50,7,9,"June 07, 2024","June 28, 2024",2024-JUN,ADDITION,The following companies are being included,Siemens Ltd.,SIEMENS,,,,PASS,Extracted from ind_prs07062024.pdf Page 9 table
ind_prs07062024.pdf,https://www.niftyindices.com/Press_Release/ind_prs07062024.pdf,Page 9,11) Nifty500 Momentum 50,7,9,"June 07, 2024","June 28, 2024",2024-JUN,ADDITION,The following companies are being included,Sobha Ltd.,SOBHA,,,,PASS,Extracted from ind_prs07062024.pdf Page 9 table
ind_prs07062024.pdf,https://www.niftyindices.com/Press_Release/ind_prs07062024.pdf,Page 9,11) Nifty500 Momentum 50,7,9,"June 07, 2024","June 28, 2024",2024-JUN,ADDITION,The following companies are being included,Tata Power Co. Ltd.,TATAPOWER,,,,PASS,Extracted from ind_prs07062024.pdf Page 9 table
ind_prs07062024.pdf,https://www.niftyindices.com/Press_Release/ind_prs07062024.pdf,Page 9,11) Nifty500 Momentum 50,7,9,"June 07, 2024","June 28, 2024",2024-JUN,ADDITION,The following companies are being included,Thermax Ltd.,THERMAX,,,,PASS,Extracted from ind_prs07062024.pdf Page 9 table
ind_prs07062024.pdf,https://www.niftyindices.com/Press_Release/ind_prs07062024.pdf,Page 9,11) Nifty500 Momentum 50,7,9,"June 07, 2024","June 28, 2024",2024-JUN,ADDITION,The following companies are being included,Titagarh Rail Systems Ltd.,TITAGARH,,,,PASS,Extracted from ind_prs07062024.pdf Page 9 table
ind_prs07062024.pdf,https://www.niftyindices.com/Press_Release/ind_prs07062024.pdf,Page 9,11) Nifty500 Momentum 50,7,9,"June 07, 2024","June 28, 2024",2024-JUN,ADDITION,The following companies are being included,Zydus Lifesciences Ltd.,ZYDUSLIFE,,,,PASS,Extracted from ind_prs07062024.pdf Page 9 table
ind_prs07092020.pdf,https://www.niftyindices.com/Press_Release/ind_prs07092020.pdf,Page 1,1) NIFTY 500,1,1,"September 07, 2020","September 14, 2020",2020-SEP,DELETION,The following companies are being excluded,Asahi India Glass Ltd.,ASAHIINDIA,,,,PASS,Extracted from ind_prs07092020.pdf Page 1 table
ind_prs07092020.pdf,https://www.niftyindices.com/Press_Release/ind_prs07092020.pdf,Page 1,1) NIFTY 500,1,1,"September 07, 2020","September 14, 2020",2020-SEP,DELETION,The following companies are being excluded,JTEKT India Ltd.,JTEKTINDIA,,,,PASS,Extracted from ind_prs07092020.pdf Page 1 table
ind_prs07122023.pdf,https://www.niftyindices.com/Press_Release/ind_prs07122023.pdf,Page 8,11) Nifty500 Value 50,8,11,"December 07, 2023",,2023-DEC,DELETION,The following companies are being excluded,Aurobindo Pharma Ltd.,AUROPHARMA,,,,PASS,Extracted from ind_prs07122023.pdf Page 8 table
ind_prs07122023.pdf,https://www.niftyindices.com/Press_Release/ind_prs07122023.pdf,Page 8,11) Nifty500 Value 50,8,11,"December 07, 2023",,2023-DEC,DELETION,The following companies are being excluded,Exide Industries Ltd.,EXIDEIND,,,,PASS,Extracted from ind_prs07122023.pdf Page 8 table
ind_prs07122023.pdf,https://www.niftyindices.com/Press_Release/ind_prs07122023.pdf,Page 8,11) Nifty500 Value 50,8,11,"December 07, 2023",,2023-DEC,DELETION,The following companies are being excluded,Hindustan Zinc Ltd.,HINDZINC,,,,PASS,Extracted from ind_prs07122023.pdf Page 8 table
ind_prs07122023.pdf,https://www.niftyindices.com/Press_Release/ind_prs07122023.pdf,Page 8,11) Nifty500 Value 50,8,11,"December 07, 2023",,2023-DEC,DELETION,The following companies are being excluded,JM Financial Ltd.,JMFINANCIL,,,,PASS,Extracted from ind_prs07122023.pdf Page 8 table
ind_prs07122023.pdf,https://www.niftyindices.com/Press_Release/ind_prs07122023.pdf,Page 8,11) Nifty500 Value 50,8,11,"December 07, 2023",,2023-DEC,DELETION,The following companies are being excluded,Rain Industries Ltd,RAIN,,,,PASS,Extracted from ind_prs07122023.pdf Page 8 table
ind_prs07122023.pdf,https://www.niftyindices.com/Press_Release/ind_prs07122023.pdf,Page 9,11) Nifty500 Value 50,8,11,"December 07, 2023",,2023-DEC,DELETION,The following companies are being excluded,Sanofi India Ltd.,SANOFI,,,,PASS,Extracted from ind_prs07122023.pdf Page 9 table
ind_prs07122023.pdf,https://www.niftyindices.com/Press_Release/ind_prs07122023.pdf,Page 9,11) Nifty500 Value 50,8,11,"December 07, 2023",,2023-DEC,ADDITION,The following companies are being included,Deepak Fertilisers & Petrochemicals Corp. Ltd.,DEEPAKFERT,,,,PASS,Extracted from ind_prs07122023.pdf Page 9 table
ind_prs07122023.pdf,https://www.niftyindices.com/Press_Release/ind_prs07122023.pdf,Page 9,11) Nifty500 Value 50,8,11,"December 07, 2023",,2023-DEC,ADDITION,The following companies are being included,E.I.D. Parry (India) Ltd.,EIDPARRY,,,,PASS,Extracted from ind_prs07122023.pdf Page 9 table
ind_prs07122023.pdf,https://www.niftyindices.com/Press_Release/ind_prs07122023.pdf,Page 9,11) Nifty500 Value 50,8,11,"December 07, 2023",,2023-DEC,ADDITION,The following companies are being included,Housing & Urban Development Corporation Ltd.,HUDCO,,,,PASS,Extracted from ind_prs07122023.pdf Page 9 table
ind_prs07122023.pdf,https://www.niftyindices.com/Press_Release/ind_prs07122023.pdf,Page 9,11) Nifty500 Value 50,8,11,"December 07, 2023",,2023-DEC,ADDITION,The following companies are being included,IDFC Ltd.,IDFC,,,,PASS,Extracted from ind_prs07122023.pdf Page 9 table
ind_prs07122023.pdf,https://www.niftyindices.com/Press_Release/ind_prs07122023.pdf,Page 9,11) Nifty500 Value 50,8,11,"December 07, 2023",,2023-DEC,ADDITION,The following companies are being included,State Bank of India,SBIN,,,,PASS,Extracted from ind_prs07122023.pdf Page 9 table
ind_prs07122023.pdf,https://www.niftyindices.com/Press_Release/ind_prs07122023.pdf,Page 9,11) Nifty500 Value 50,8,11,"December 07, 2023",,2023-DEC,ADDITION,The following companies are being included,UPL Ltd.,UPL,,,,PASS,Extracted from ind_prs07122023.pdf Page 9 table
ind_prs07122023.pdf,https://www.niftyindices.com/Press_Release/ind_prs07122023.pdf,Page 9,11) Nifty500 Value 50,8,11,"December 07, 2023",,2023-DEC,DELETION,The following companies are being excluded,Aditya Birla Capital Ltd.,ABCAPITAL,,,,PASS,Extracted from ind_prs07122023.pdf Page 9 table
ind_prs07122023.pdf,https://www.niftyindices.com/Press_Release/ind_prs07122023.pdf,Page 9,11) Nifty500 Value 50,8,11,"December 07, 2023",,2023-DEC,DELETION,The following companies are being excluded,Bank of Baroda,BANKBARODA,,,,PASS,Extracted from ind_prs07122023.pdf Page 9 table
ind_prs07122023.pdf,https://www.niftyindices.com/Press_Release/ind_prs07122023.pdf,Page 9,11) Nifty500 Value 50,8,11,"December 07, 2023",,2023-DEC,DELETION,The following companies are being excluded,Bank of India,BANKINDIA,,,,PASS,Extracted from ind_prs07122023.pdf Page 9 table
ind_prs07122023.pdf,https://www.niftyindices.com/Press_Release/ind_prs07122023.pdf,Page 9,11) Nifty500 Value 50,8,11,"December 07, 2023",,2023-DEC,DELETION,The following companies are being excluded,Britannia Industries Ltd.,BRITANNIA,,,,PASS,Extracted from ind_prs07122023.pdf Page 9 table
ind_prs07122023.pdf,https://www.niftyindices.com/Press_Release/ind_prs07122023.pdf,Page 9,11) Nifty500 Value 50,8,11,"December 07, 2023",,2023-DEC,DELETION,The following companies are being excluded,Equitas Small Finance Bank Ltd.,EQUITASBNK,,,,PASS,Extracted from ind_prs07122023.pdf Page 9 table
ind_prs07122023.pdf,https://www.niftyindices.com/Press_Release/ind_prs07122023.pdf,Page 9,11) Nifty500 Value 50,8,11,"December 07, 2023",,2023-DEC,DELETION,The following companies are being excluded,Federal Bank Ltd.,FEDERALBNK,,,,PASS,Extracted from ind_prs07122023.pdf Page 9 table
ind_prs07122023.pdf,https://www.niftyindices.com/Press_Release/ind_prs07122023.pdf,Page 9,11) Nifty500 Value 50,8,11,"December 07, 2023",,2023-DEC,DELETION,The following companies are being excluded,Finolex Cables Ltd.,FINCABLES,,,,PASS,Extracted from ind_prs07122023.pdf Page 9 table
ind_prs07122023.pdf,https://www.niftyindices.com/Press_Release/ind_prs07122023.pdf,Page 9,11) Nifty500 Value 50,8,11,"December 07, 2023",,2023-DEC,DELETION,The following companies are being excluded,Jindal Steel & Power Ltd.,JINDALSTEL,,,,PASS,Extracted from ind_prs07122023.pdf Page 9 table
ind_prs07122023.pdf,https://www.niftyindices.com/Press_Release/ind_prs07122023.pdf,Page 9,11) Nifty500 Value 50,8,11,"December 07, 2023",,2023-DEC,DELETION,The following companies are being excluded,MRF Ltd.,MRF,,,,PASS,Extracted from ind_prs07122023.pdf Page 9 table
ind_prs07122023.pdf,https://www.niftyindices.com/Press_Release/ind_prs07122023.pdf,Page 9,11) Nifty500 Value 50,8,11,"December 07, 2023",,2023-DEC,DELETION,The following companies are being excluded,PNB Housing Finance Ltd.,PNBHOUSING,,,,PASS,Extracted from ind_prs07122023.pdf Page 9 table
ind_prs07122023.pdf,https://www.niftyindices.com/Press_Release/ind_prs07122023.pdf,Page 9,11) Nifty500 Value 50,8,11,"December 07, 2023",,2023-DEC,DELETION,The following companies are being excluded,Raymond Ltd.,RAYMOND,,,,PASS,Extracted from ind_prs07122023.pdf Page 9 table
ind_prs07122023.pdf,https://www.niftyindices.com/Press_Release/ind_prs07122023.pdf,Page 9,11) Nifty500 Value 50,8,11,"December 07, 2023",,2023-DEC,DELETION,The following companies are being excluded,Sonata Software Ltd.,SONATSOFTW,,,,PASS,Extracted from ind_prs07122023.pdf Page 9 table
ind_prs07122023.pdf,https://www.niftyindices.com/Press_Release/ind_prs07122023.pdf,Page 9,11) Nifty500 Value 50,8,11,"December 07, 2023",,2023-DEC,DELETION,The following companies are being excluded,Tube Investments of India Ltd.,TIINDIA,,,,PASS,Extracted from ind_prs07122023.pdf Page 9 table
ind_prs07122023.pdf,https://www.niftyindices.com/Press_Release/ind_prs07122023.pdf,Page 9,11) Nifty500 Value 50,8,11,"December 07, 2023",,2023-DEC,ADDITION,The following companies are being included,Angel One Ltd.,ANGELONE,,,,PASS,Extracted from ind_prs07122023.pdf Page 9 table
ind_prs07122023.pdf,https://www.niftyindices.com/Press_Release/ind_prs07122023.pdf,Page 9,11) Nifty500 Value 50,8,11,"December 07, 2023",,2023-DEC,ADDITION,The following companies are being included,Apar Industries Ltd.,APARINDS,,,,PASS,Extracted from ind_prs07122023.pdf Page 9 table | repeated_source_event
ind_prs07122023.pdf,https://www.niftyindices.com/Press_Release/ind_prs07122023.pdf,Page 10,11) Nifty500 Value 50,8,11,"December 07, 2023",,2023-DEC,ADDITION,The following companies are being included,Aurobindo Pharma Ltd.,AUROPHARMA,,,,PASS,Extracted from ind_prs07122023.pdf Page 10 table
ind_prs07122023.pdf,https://www.niftyindices.com/Press_Release/ind_prs07122023.pdf,Page 10,11) Nifty500 Value 50,8,11,"December 07, 2023",,2023-DEC,ADDITION,The following companies are being included,Birlasoft Ltd.,BSOFT,,,,PASS,Extracted from ind_prs07122023.pdf Page 10 table
ind_prs07122023.pdf,https://www.niftyindices.com/Press_Release/ind_prs07122023.pdf,Page 10,11) Nifty500 Value 50,8,11,"December 07, 2023",,2023-DEC,ADDITION,The following companies are being included,BSE Ltd.,BSE,,,,PASS,Extracted from ind_prs07122023.pdf Page 10 table
ind_prs07122023.pdf,https://www.niftyindices.com/Press_Release/ind_prs07122023.pdf,Page 10,11) Nifty500 Value 50,8,11,"December 07, 2023",,2023-DEC,ADDITION,The following companies are being included,KEI Industries Ltd.,KEI,,,,PASS,Extracted from ind_prs07122023.pdf Page 10 table
ind_prs07122023.pdf,https://www.niftyindices.com/Press_Release/ind_prs07122023.pdf,Page 10,11) Nifty500 Value 50,8,11,"December 07, 2023",,2023-DEC,ADDITION,The following companies are being included,Multi Commodity Exchange of India Ltd.,MCX,,,,PASS,Extracted from ind_prs07122023.pdf Page 10 table
ind_prs07122023.pdf,https://www.niftyindices.com/Press_Release/ind_prs07122023.pdf,Page 10,11) Nifty500 Value 50,8,11,"December 07, 2023",,2023-DEC,ADDITION,The following companies are being included,One 97 Communications Ltd.,PAYTM,,,,PASS,Extracted from ind_prs07122023.pdf Page 10 table
ind_prs07122023.pdf,https://www.niftyindices.com/Press_Release/ind_prs07122023.pdf,Page 10,11) Nifty500 Value 50,8,11,"December 07, 2023",,2023-DEC,ADDITION,The following companies are being included,PB Fintech Ltd.,POLICYBZR,,,,PASS,Extracted from ind_prs07122023.pdf Page 10 table
ind_prs07122023.pdf,https://www.niftyindices.com/Press_Release/ind_prs07122023.pdf,Page 10,11) Nifty500 Value 50,8,11,"December 07, 2023",,2023-DEC,ADDITION,The following companies are being included,Prestige Estates Projects Ltd.,PRESTIGE,,,,PASS,Extracted from ind_prs07122023.pdf Page 10 table
ind_prs07122023.pdf,https://www.niftyindices.com/Press_Release/ind_prs07122023.pdf,Page 10,11) Nifty500 Value 50,8,11,"December 07, 2023",,2023-DEC,ADDITION,The following companies are being included,Rail Vikas Nigam Ltd.,RVNL,,,,PASS,Extracted from ind_prs07122023.pdf Page 10 table
ind_prs07122023.pdf,https://www.niftyindices.com/Press_Release/ind_prs07122023.pdf,Page 10,11) Nifty500 Value 50,8,11,"December 07, 2023",,2023-DEC,ADDITION,The following companies are being included,Trent Ltd.,TRENT,,,,PASS,Extracted from ind_prs07122023.pdf Page 10 table
ind_prs07122023.pdf,https://www.niftyindices.com/Press_Release/ind_prs07122023.pdf,Page 10,11) Nifty500 Value 50,8,11,"December 07, 2023",,2023-DEC,ADDITION,The following companies are being included,Zomato Ltd.,ZOMATO,,,,PASS,Extracted from ind_prs07122023.pdf Page 10 table
ind_prs07122023.pdf,https://www.niftyindices.com/Press_Release/ind_prs07122023.pdf,Page 10,11) Nifty500 Value 50,8,11,"December 07, 2023",,2023-DEC,DELETION,The following companies are being excluded,Adani Wilmar Ltd.,AWL,,,,PASS,Extracted from ind_prs07122023.pdf Page 10 table
ind_prs07122023.pdf,https://www.niftyindices.com/Press_Release/ind_prs07122023.pdf,Page 10,11) Nifty500 Value 50,8,11,"December 07, 2023",,2023-DEC,DELETION,The following companies are being excluded,Gujarat Narmada Valley Fertilizers and Chemicals Ltd.,GNFC,,,,PASS,Extracted from ind_prs07122023.pdf Page 10 table
ind_prs07122023.pdf,https://www.niftyindices.com/Press_Release/ind_prs07122023.pdf,Page 10,11) Nifty500 Value 50,8,11,"December 07, 2023",,2023-DEC,DELETION,The following companies are being excluded,Indiabulls Housing Finance Ltd.,IBULHSGFIN,,,,PASS,Extracted from ind_prs07122023.pdf Page 10 table
ind_prs07122023.pdf,https://www.niftyindices.com/Press_Release/ind_prs07122023.pdf,Page 10,11) Nifty500 Value 50,8,11,"December 07, 2023",,2023-DEC,DELETION,The following companies are being excluded,Power Finance Corporation Ltd.,PFC,,,,PASS,Extracted from ind_prs07122023.pdf Page 10 table
ind_prs07122023.pdf,https://www.niftyindices.com/Press_Release/ind_prs07122023.pdf,Page 10,11) Nifty500 Value 50,8,11,"December 07, 2023",,2023-DEC,DELETION,The following companies are being excluded,Bata India Ltd.,BATAINDIA,,,,PASS,Extracted from ind_prs07122023.pdf Page 10 table
ind_prs07122023.pdf,https://www.niftyindices.com/Press_Release/ind_prs07122023.pdf,Page 10,11) Nifty500 Value 50,8,11,"December 07, 2023",,2023-DEC,DELETION,The following companies are being excluded,Bosch Ltd.,BOSCHLTD,,,,PASS,Extracted from ind_prs07122023.pdf Page 10 table
ind_prs07122023.pdf,https://www.niftyindices.com/Press_Release/ind_prs07122023.pdf,Page 10,11) Nifty500 Value 50,8,11,"December 07, 2023",,2023-DEC,DELETION,The following companies are being excluded,Axis Bank Ltd.,AXISBANK,,,,PASS,Extracted from ind_prs07122023.pdf Page 10 table
ind_prs07122023.pdf,https://www.niftyindices.com/Press_Release/ind_prs07122023.pdf,Page 10,11) Nifty500 Value 50,8,11,"December 07, 2023",,2023-DEC,DELETION,The following companies are being excluded,SBI Cards and Payment Services Ltd.,SBICARD,,,,PASS,Extracted from ind_prs07122023.pdf Page 10 table
ind_prs08122021.pdf,https://www.niftyindices.com/Press_Release/ind_prs08122021.pdf,Page 6,9) NIFTY500 Value 50,6,8,"December 08, 2021","December 31, 2021",2021-DEC,DELETION,The following companies are being excluded,Bharat Heavy Electricals Ltd.,BHEL,,,,PASS,Extracted from ind_prs08122021.pdf Page 6 table
ind_prs08122021.pdf,https://www.niftyindices.com/Press_Release/ind_prs08122021.pdf,Page 6,9) NIFTY500 Value 50,6,8,"December 08, 2021","December 31, 2021",2021-DEC,DELETION,The following companies are being excluded,BSE Ltd.,BSE,,,,PASS,Extracted from ind_prs08122021.pdf Page 6 table
ind_prs08122021.pdf,https://www.niftyindices.com/Press_Release/ind_prs08122021.pdf,Page 6,9) NIFTY500 Value 50,6,8,"December 08, 2021","December 31, 2021",2021-DEC,DELETION,The following companies are being excluded,DCB Bank Ltd.,DCBBANK,,,,PASS,Extracted from ind_prs08122021.pdf Page 6 table
ind_prs08122021.pdf,https://www.niftyindices.com/Press_Release/ind_prs08122021.pdf,Page 6,9) NIFTY500 Value 50,6,8,"December 08, 2021","December 31, 2021",2021-DEC,DELETION,The following companies are being excluded,Engineers India Ltd.,ENGINERSIN,,,,PASS,Extracted from ind_prs08122021.pdf Page 6 table
ind_prs08122021.pdf,https://www.niftyindices.com/Press_Release/ind_prs08122021.pdf,Page 6,9) NIFTY500 Value 50,6,8,"December 08, 2021","December 31, 2021",2021-DEC,DELETION,The following companies are being excluded,Firstsource Solutions Ltd.,FSL,,,,PASS,Extracted from ind_prs08122021.pdf Page 6 table
ind_prs08122021.pdf,https://www.niftyindices.com/Press_Release/ind_prs08122021.pdf,Page 6,9) NIFTY500 Value 50,6,8,"December 08, 2021","December 31, 2021",2021-DEC,DELETION,The following companies are being excluded,Future Retail Ltd.,FRETAIL,,,,PASS,Extracted from ind_prs08122021.pdf Page 6 table
ind_prs08122021.pdf,https://www.niftyindices.com/Press_Release/ind_prs08122021.pdf,Page 6,9) NIFTY500 Value 50,6,8,"December 08, 2021","December 31, 2021",2021-DEC,DELETION,The following companies are being excluded,Graphite India Ltd.,GRAPHITE,,,,PASS,Extracted from ind_prs08122021.pdf Page 6 table
ind_prs08122021.pdf,https://www.niftyindices.com/Press_Release/ind_prs08122021.pdf,Page 6,9) NIFTY500 Value 50,6,8,"December 08, 2021","December 31, 2021",2021-DEC,DELETION,The following companies are being excluded,H.E.G. Ltd.,HEG,,,,PASS,Extracted from ind_prs08122021.pdf Page 6 table
ind_prs08122021.pdf,https://www.niftyindices.com/Press_Release/ind_prs08122021.pdf,Page 6,9) NIFTY500 Value 50,6,8,"December 08, 2021","December 31, 2021",2021-DEC,DELETION,The following companies are being excluded,IDFC Ltd.,IDFC,,,,PASS,Extracted from ind_prs08122021.pdf Page 6 table
ind_prs08122021.pdf,https://www.niftyindices.com/Press_Release/ind_prs08122021.pdf,Page 6,9) NIFTY500 Value 50,6,8,"December 08, 2021","December 31, 2021",2021-DEC,DELETION,The following companies are being excluded,Shipping Corporation of India Ltd.,SCI,,,,PASS,Extracted from ind_prs08122021.pdf Page 6 table
ind_prs08122021.pdf,https://www.niftyindices.com/Press_Release/ind_prs08122021.pdf,Page 6,9) NIFTY500 Value 50,6,8,"December 08, 2021","December 31, 2021",2021-DEC,DELETION,The following companies are being excluded,Tata Chemicals Ltd.,TATACHEM,,,,PASS,Extracted from ind_prs08122021.pdf Page 6 table
ind_prs08122021.pdf,https://www.niftyindices.com/Press_Release/ind_prs08122021.pdf,Page 6,9) NIFTY500 Value 50,6,8,"December 08, 2021","December 31, 2021",2021-DEC,DELETION,The following companies are being excluded,Tata Motors Ltd.,TATAMOTORS,,,,PASS,Extracted from ind_prs08122021.pdf Page 6 table
ind_prs08122021.pdf,https://www.niftyindices.com/Press_Release/ind_prs08122021.pdf,Page 6,9) NIFTY500 Value 50,6,8,"December 08, 2021","December 31, 2021",2021-DEC,DELETION,The following companies are being excluded,Tata Power Co. Ltd.,TATAPOWER,,,,PASS,Extracted from ind_prs08122021.pdf Page 6 table
ind_prs08122021.pdf,https://www.niftyindices.com/Press_Release/ind_prs08122021.pdf,Page 6,9) NIFTY500 Value 50,6,8,"December 08, 2021","December 31, 2021",2021-DEC,DELETION,The following companies are being excluded,Welspun Corp Ltd.,WELCORP,,,,PASS,Extracted from ind_prs08122021.pdf Page 6 table
ind_prs08122021.pdf,https://www.niftyindices.com/Press_Release/ind_prs08122021.pdf,Page 6,9) NIFTY500 Value 50,6,8,"December 08, 2021","December 31, 2021",2021-DEC,ADDITION,The following companies are being included,Edelweiss Financial Services Ltd.,EDELWEISS,,,,PASS,Extracted from ind_prs08122021.pdf Page 6 table
ind_prs08122021.pdf,https://www.niftyindices.com/Press_Release/ind_prs08122021.pdf,Page 6,9) NIFTY500 Value 50,6,8,"December 08, 2021","December 31, 2021",2021-DEC,ADDITION,The following companies are being included,Equitas Holdings Ltd.,EQUITAS,,,,PASS,Extracted from ind_prs08122021.pdf Page 6 table
ind_prs08122021.pdf,https://www.niftyindices.com/Press_Release/ind_prs08122021.pdf,Page 6,9) NIFTY500 Value 50,6,8,"December 08, 2021","December 31, 2021",2021-DEC,ADDITION,The following companies are being included,Hindustan Zinc Ltd.,HINDZINC,,,,PASS,Extracted from ind_prs08122021.pdf Page 6 table
ind_prs08122021.pdf,https://www.niftyindices.com/Press_Release/ind_prs08122021.pdf,Page 6,9) NIFTY500 Value 50,6,8,"December 08, 2021","December 31, 2021",2021-DEC,ADDITION,The following companies are being included,Indian Bank,INDIANB,,,,PASS,Extracted from ind_prs08122021.pdf Page 6 table
ind_prs08122021.pdf,https://www.niftyindices.com/Press_Release/ind_prs08122021.pdf,Page 6,9) NIFTY500 Value 50,6,8,"December 08, 2021","December 31, 2021",2021-DEC,ADDITION,The following companies are being included,Indian Railway Finance Corporation Ltd.,IRFC,,,,PASS,Extracted from ind_prs08122021.pdf Page 6 table
ind_prs08122021.pdf,https://www.niftyindices.com/Press_Release/ind_prs08122021.pdf,Page 6,9) NIFTY500 Value 50,6,8,"December 08, 2021","December 31, 2021",2021-DEC,ADDITION,The following companies are being included,Indus Towers Ltd.,INDUSTOWER,,,,PASS,Extracted from ind_prs08122021.pdf Page 6 table
ind_prs08122021.pdf,https://www.niftyindices.com/Press_Release/ind_prs08122021.pdf,Page 6,9) NIFTY500 Value 50,6,8,"December 08, 2021","December 31, 2021",2021-DEC,ADDITION,The following companies are being included,ITC Ltd.,ITC,,,,PASS,Extracted from ind_prs08122021.pdf Page 6 table
ind_prs08122021.pdf,https://www.niftyindices.com/Press_Release/ind_prs08122021.pdf,Page 6,9) NIFTY500 Value 50,6,8,"December 08, 2021","December 31, 2021",2021-DEC,ADDITION,The following companies are being included,JM Financial Ltd.,JMFINANCIL,,,,PASS,Extracted from ind_prs08122021.pdf Page 6 table
ind_prs08122021.pdf,https://www.niftyindices.com/Press_Release/ind_prs08122021.pdf,Page 6,9) NIFTY500 Value 50,6,8,"December 08, 2021","December 31, 2021",2021-DEC,ADDITION,The following companies are being included,Petronet LNG Ltd.,PETRONET,,,,PASS,Extracted from ind_prs08122021.pdf Page 6 table
ind_prs08122021.pdf,https://www.niftyindices.com/Press_Release/ind_prs08122021.pdf,Page 6,9) NIFTY500 Value 50,6,8,"December 08, 2021","December 31, 2021",2021-DEC,ADDITION,The following companies are being included,Polyplex Corporation Ltd.,POLYPLEX,,,,PASS,Extracted from ind_prs08122021.pdf Page 6 table
ind_prs08122021.pdf,https://www.niftyindices.com/Press_Release/ind_prs08122021.pdf,Page 7,9) NIFTY500 Value 50,6,8,"December 08, 2021","December 31, 2021",2021-DEC,ADDITION,The following companies are being included,Power Grid Corporation of India Ltd.,POWERGRID,,,,PASS,Extracted from ind_prs08122021.pdf Page 7 table
ind_prs08122021.pdf,https://www.niftyindices.com/Press_Release/ind_prs08122021.pdf,Page 7,9) NIFTY500 Value 50,6,8,"December 08, 2021","December 31, 2021",2021-DEC,ADDITION,The following companies are being included,Redington (India) Ltd.,REDINGTON,,,,PASS,Extracted from ind_prs08122021.pdf Page 7 table
ind_prs08122021.pdf,https://www.niftyindices.com/Press_Release/ind_prs08122021.pdf,Page 7,9) NIFTY500 Value 50,6,8,"December 08, 2021","December 31, 2021",2021-DEC,ADDITION,The following companies are being included,Union Bank of India,UNIONBANK,,,,PASS,Extracted from ind_prs08122021.pdf Page 7 table
ind_prs08122021.pdf,https://www.niftyindices.com/Press_Release/ind_prs08122021.pdf,Page 7,9) NIFTY500 Value 50,6,8,"December 08, 2021","December 31, 2021",2021-DEC,ADDITION,The following companies are being included,Vedanta Ltd.,VEDL,,,,PASS,Extracted from ind_prs08122021.pdf Page 7 table
ind_prs08122021.pdf,https://www.niftyindices.com/Press_Release/ind_prs08122021.pdf,Page 7,9) NIFTY500 Value 50,6,8,"December 08, 2021","December 31, 2021",2021-DEC,DELETION,The following companies are being excluded,Adani Green Energy Ltd.,ADANIGREEN,,,,PASS,Extracted from ind_prs08122021.pdf Page 7 table
ind_prs08122021.pdf,https://www.niftyindices.com/Press_Release/ind_prs08122021.pdf,Page 7,9) NIFTY500 Value 50,6,8,"December 08, 2021","December 31, 2021",2021-DEC,DELETION,The following companies are being excluded,Balrampur Chini Mills Ltd.,BALRAMCHIN,,,,PASS,Extracted from ind_prs08122021.pdf Page 7 table
ind_prs08122021.pdf,https://www.niftyindices.com/Press_Release/ind_prs08122021.pdf,Page 7,9) NIFTY500 Value 50,6,8,"December 08, 2021","December 31, 2021",2021-DEC,DELETION,The following companies are being excluded,Divi's Laboratories Ltd.,DIVISLAB,,,,PASS,Extracted from ind_prs08122021.pdf Page 7 table
ind_prs08122021.pdf,https://www.niftyindices.com/Press_Release/ind_prs08122021.pdf,Page 7,9) NIFTY500 Value 50,6,8,"December 08, 2021","December 31, 2021",2021-DEC,DELETION,The following companies are being excluded,Indiamart Intermesh Ltd.,INDIAMART,,,,PASS,Extracted from ind_prs08122021.pdf Page 7 table
ind_prs08122021.pdf,https://www.niftyindices.com/Press_Release/ind_prs08122021.pdf,Page 7,9) NIFTY500 Value 50,6,8,"December 08, 2021","December 31, 2021",2021-DEC,DELETION,The following companies are being excluded,Intellect Design Arena Ltd.,INTELLECT,,,,PASS,Extracted from ind_prs08122021.pdf Page 7 table
ind_prs08122021.pdf,https://www.niftyindices.com/Press_Release/ind_prs08122021.pdf,Page 7,9) NIFTY500 Value 50,6,8,"December 08, 2021","December 31, 2021",2021-DEC,DELETION,The following companies are being excluded,Jubilant Foodworks Ltd.,JUBLFOOD,,,,PASS,Extracted from ind_prs08122021.pdf Page 7 table
ind_prs08122021.pdf,https://www.niftyindices.com/Press_Release/ind_prs08122021.pdf,Page 7,9) NIFTY500 Value 50,6,8,"December 08, 2021","December 31, 2021",2021-DEC,DELETION,The following companies are being excluded,Navin Fluorine International Ltd.,NAVINFLUOR,,,,PASS,Extracted from ind_prs08122021.pdf Page 7 table
ind_prs08122021.pdf,https://www.niftyindices.com/Press_Release/ind_prs08122021.pdf,Page 7,9) NIFTY500 Value 50,6,8,"December 08, 2021","December 31, 2021",2021-DEC,ADDITION,The following companies are being included,Angel One Ltd.,ANGELONE,,,,PASS,Extracted from ind_prs08122021.pdf Page 7 table
ind_prs08122021.pdf,https://www.niftyindices.com/Press_Release/ind_prs08122021.pdf,Page 7,9) NIFTY500 Value 50,6,8,"December 08, 2021","December 31, 2021",2021-DEC,ADDITION,The following companies are being included,BSE Ltd.,BSE,,,,PASS,Extracted from ind_prs08122021.pdf Page 7 table
ind_prs08122021.pdf,https://www.niftyindices.com/Press_Release/ind_prs08122021.pdf,Page 7,9) NIFTY500 Value 50,6,8,"December 08, 2021","December 31, 2021",2021-DEC,ADDITION,The following companies are being included,Computer Age Management Services Ltd.,CAMS,,,,PASS,Extracted from ind_prs08122021.pdf Page 7 table
ind_prs08122021.pdf,https://www.niftyindices.com/Press_Release/ind_prs08122021.pdf,Page 7,9) NIFTY500 Value 50,6,8,"December 08, 2021","December 31, 2021",2021-DEC,ADDITION,The following companies are being included,Happiest Minds Technologies Ltd.,HAPPSTMNDS,,,,PASS,Extracted from ind_prs08122021.pdf Page 7 table
ind_prs08122021.pdf,https://www.niftyindices.com/Press_Release/ind_prs08122021.pdf,Page 7,9) NIFTY500 Value 50,6,8,"December 08, 2021","December 31, 2021",2021-DEC,ADDITION,The following companies are being included,"Indian Railway Catering And Tourism
Corporation Ltd.",IRCTC,,,,PASS,Extracted from ind_prs08122021.pdf Page 7 table
ind_prs08122021.pdf,https://www.niftyindices.com/Press_Release/ind_prs08122021.pdf,Page 7,9) NIFTY500 Value 50,6,8,"December 08, 2021","December 31, 2021",2021-DEC,ADDITION,The following companies are being included,KEI Industries Ltd.,KEI,,,,PASS,Extracted from ind_prs08122021.pdf Page 7 table
ind_prs08122021.pdf,https://www.niftyindices.com/Press_Release/ind_prs08122021.pdf,Page 7,9) NIFTY500 Value 50,6,8,"December 08, 2021","December 31, 2021",2021-DEC,ADDITION,The following companies are being included,Linde India Ltd.,LINDEINDIA,,,,PASS,Extracted from ind_prs08122021.pdf Page 7 table
ind_prs08122021.pdf,https://www.niftyindices.com/Press_Release/ind_prs08122021.pdf,Page 7,9) NIFTY500 Value 50,6,8,"December 08, 2021","December 31, 2021",2021-DEC,ADDITION,The following companies are being included,Radico Khaitan Ltd,RADICO,,,,PASS,Extracted from ind_prs08122021.pdf Page 7 table
ind_prs08122021.pdf,https://www.niftyindices.com/Press_Release/ind_prs08122021.pdf,Page 8,9) NIFTY500 Value 50,6,8,"December 08, 2021","December 31, 2021",2021-DEC,DELETION,The following companies are being excluded,Bharat Petroleum Corporation Ltd.,BPCL,,,,PASS,Extracted from ind_prs08122021.pdf Page 8 table
ind_prs08122021.pdf,https://www.niftyindices.com/Press_Release/ind_prs08122021.pdf,Page 8,9) NIFTY500 Value 50,6,8,"December 08, 2021","December 31, 2021",2021-DEC,DELETION,The following companies are being excluded,Escorts Ltd.,ESCORTS,,,,PASS,Extracted from ind_prs08122021.pdf Page 8 table
ind_prs08122021.pdf,https://www.niftyindices.com/Press_Release/ind_prs08122021.pdf,Page 8,9) NIFTY500 Value 50,6,8,"December 08, 2021","December 31, 2021",2021-DEC,DELETION,The following companies are being excluded,NCC Ltd.,NCC,,,,PASS,Extracted from ind_prs08122021.pdf Page 8 table
ind_prs08122021.pdf,https://www.niftyindices.com/Press_Release/ind_prs08122021.pdf,Page 8,9) NIFTY500 Value 50,6,8,"December 08, 2021","December 31, 2021",2021-DEC,ADDITION,The following companies are being included,Hindustan Copper Ltd.,HINDCOPPER,,,,PASS,Extracted from ind_prs08122021.pdf Page 8 table
ind_prs08122021.pdf,https://www.niftyindices.com/Press_Release/ind_prs08122021.pdf,Page 8,9) NIFTY500 Value 50,6,8,"December 08, 2021","December 31, 2021",2021-DEC,ADDITION,The following companies are being included,Indiabulls Real Estate Ltd.,IBREALEST,,,,PASS,Extracted from ind_prs08122021.pdf Page 8 table
ind_prs08122021.pdf,https://www.niftyindices.com/Press_Release/ind_prs08122021.pdf,Page 8,9) NIFTY500 Value 50,6,8,"December 08, 2021","December 31, 2021",2021-DEC,ADDITION,The following companies are being included,National Aluminium Co. Ltd.,NATIONALUM,,,,PASS,Extracted from ind_prs08122021.pdf Page 8 table
ind_prs08122021.pdf,https://www.niftyindices.com/Press_Release/ind_prs08122021.pdf,Page 8,9) NIFTY500 Value 50,6,8,"December 08, 2021","December 31, 2021",2021-DEC,ADDITION,The following companies are being included,Tata Chemicals Ltd.,TATACHEM,,,,PASS,Extracted from ind_prs08122021.pdf Page 8 table
ind_prs08122021.pdf,https://www.niftyindices.com/Press_Release/ind_prs08122021.pdf,Page 8,9) NIFTY500 Value 50,6,8,"December 08, 2021","December 31, 2021",2021-DEC,DELETION,The following companies are being excluded,Pfizer Ltd.,PFIZER,,,,PASS,Extracted from ind_prs08122021.pdf Page 8 table
ind_prs08122021.pdf,https://www.niftyindices.com/Press_Release/ind_prs08122021.pdf,Page 8,9) NIFTY500 Value 50,6,8,"December 08, 2021","December 31, 2021",2021-DEC,DELETION,The following companies are being excluded,Tata Consumer Products Ltd.,TATACONSUM,,,,PASS,Extracted from ind_prs08122021.pdf Page 8 table
ind_prs09012020.pdf,https://www.niftyindices.com/Press_Release/ind_prs09012020.pdf,Page 1,1) NIFTY 500,1,1,"January 09, 2020","January 16, 2020",2020-JAN,DELETION,The following companies are being excluded,Suven Life Sciences Ltd.,SUVEN,,,,PASS,Extracted from ind_prs09012020.pdf Page 1 table
ind_prs09012020.pdf,https://www.niftyindices.com/Press_Release/ind_prs09012020.pdf,Page 1,1) NIFTY 500,1,1,"January 09, 2020","January 16, 2020",2020-JAN,DELETION,The following companies are being excluded,Tata Steel BSL Ltd.,TATASTLBSL,,,,PASS,Extracted from ind_prs09012020.pdf Page 1 table
ind_prs09022023_1.pdf,https://www.niftyindices.com/Press_Release/ind_prs09022023_1.pdf,Page 1,1) Nifty 500,1,1,"February 09, 2023","February 17, 2023",2023-MAR,DELETION,The following companies are being excluded,INOX Leisure Ltd.,INOXLEISUR,,,,PASS,Extracted from ind_prs09022023_1.pdf Page 1 table
ind_prs09022023_1.pdf,https://www.niftyindices.com/Press_Release/ind_prs09022023_1.pdf,Page 1,1) Nifty 500,1,1,"February 09, 2023","February 17, 2023",2023-MAR,DELETION,The following companies are being excluded,Piramal Pharma Ltd.,PPLPHARMA,,,,PASS,Extracted from ind_prs09022023_1.pdf Page 1 table
ind_prs09062023.pdf,https://www.niftyindices.com/Press_Release/ind_prs09062023.pdf,Page 7,11) Nifty500 Value 50,7,8,"June 09, 2023",,2023-JUN,DELETION,The following companies are being excluded,E.I.D. Parry (India) Ltd.,EIDPARRY,,,,PASS,Extracted from ind_prs09062023.pdf Page 7 table
ind_prs09062023.pdf,https://www.niftyindices.com/Press_Release/ind_prs09062023.pdf,Page 7,11) Nifty500 Value 50,7,8,"June 09, 2023",,2023-JUN,DELETION,The following companies are being excluded,Mahanagar Gas Ltd.,MGL,,,,PASS,Extracted from ind_prs09062023.pdf Page 7 table
ind_prs09062023.pdf,https://www.niftyindices.com/Press_Release/ind_prs09062023.pdf,Page 7,11) Nifty500 Value 50,7,8,"June 09, 2023",,2023-JUN,DELETION,The following companies are being excluded,Polyplex Corporation Ltd.,POLYPLEX,,,,PASS,Extracted from ind_prs09062023.pdf Page 7 table
ind_prs09062023.pdf,https://www.niftyindices.com/Press_Release/ind_prs09062023.pdf,Page 7,11) Nifty500 Value 50,7,8,"June 09, 2023",,2023-JUN,DELETION,The following companies are being excluded,Shriram Finance Ltd.,SHRIRAMFIN,,,,PASS,Extracted from ind_prs09062023.pdf Page 7 table
ind_prs09062023.pdf,https://www.niftyindices.com/Press_Release/ind_prs09062023.pdf,Page 7,11) Nifty500 Value 50,7,8,"June 09, 2023",,2023-JUN,DELETION,The following companies are being excluded,TV18 Broadcast Ltd.,TV18BRDCST,,,,PASS,Extracted from ind_prs09062023.pdf Page 7 table
ind_prs09062023.pdf,https://www.niftyindices.com/Press_Release/ind_prs09062023.pdf,Page 7,11) Nifty500 Value 50,7,8,"June 09, 2023",,2023-JUN,DELETION,The following companies are being excluded,Vardhman Textiles Ltd.,VTL,,,,PASS,Extracted from ind_prs09062023.pdf Page 7 table
ind_prs09062023.pdf,https://www.niftyindices.com/Press_Release/ind_prs09062023.pdf,Page 7,11) Nifty500 Value 50,7,8,"June 09, 2023",,2023-JUN,ADDITION,The following companies are being included,Brightcom Group Ltd.,BCG,,,,PASS,Extracted from ind_prs09062023.pdf Page 7 table
ind_prs09062023.pdf,https://www.niftyindices.com/Press_Release/ind_prs09062023.pdf,Page 7,11) Nifty500 Value 50,7,8,"June 09, 2023",,2023-JUN,ADDITION,The following companies are being included,Gujarat State Petronet Ltd.,GSPL,,,,PASS,Extracted from ind_prs09062023.pdf Page 7 table
ind_prs09062023.pdf,https://www.niftyindices.com/Press_Release/ind_prs09062023.pdf,Page 7,11) Nifty500 Value 50,7,8,"June 09, 2023",,2023-JUN,ADDITION,The following companies are being included,JM Financial Ltd.,JMFINANCIL,,,,PASS,Extracted from ind_prs09062023.pdf Page 7 table
ind_prs09062023.pdf,https://www.niftyindices.com/Press_Release/ind_prs09062023.pdf,Page 7,11) Nifty500 Value 50,7,8,"June 09, 2023",,2023-JUN,ADDITION,The following companies are being included,NMDC Ltd.,NMDC,,,,PASS,Extracted from ind_prs09062023.pdf Page 7 table | repeated_source_event
ind_prs09062023.pdf,https://www.niftyindices.com/Press_Release/ind_prs09062023.pdf,Page 8,11) Nifty500 Value 50,7,8,"June 09, 2023",,2023-JUN,ADDITION,The following companies are being included,Piramal Enterprises Ltd.,PEL,,,,PASS,Extracted from ind_prs09062023.pdf Page 8 table
ind_prs09062023.pdf,https://www.niftyindices.com/Press_Release/ind_prs09062023.pdf,Page 8,11) Nifty500 Value 50,7,8,"June 09, 2023",,2023-JUN,ADDITION,The following companies are being included,Sanofi India Ltd.,SANOFI,,,,PASS,Extracted from ind_prs09062023.pdf Page 8 table
ind_prs10062026.pdf,https://www.niftyindices.com/Press_Release/ind_prs10062026.pdf,Page 8,i) Nifty500 Quality 50,7,8,"June 10, 2026",,2026-JUN,REPLACEMENT,,Angel One Ltd.,ANGELONE,,,,PASS,Extracted from ind_prs10062026.pdf Page 8 table
ind_prs10062026.pdf,https://www.niftyindices.com/Press_Release/ind_prs10062026.pdf,Page 8,i) Nifty500 Quality 50,7,8,"June 10, 2026",,2026-JUN,REPLACEMENT,,AstraZenca Pharma India Ltd.,ASTRAZEN,,,,PASS,Extracted from ind_prs10062026.pdf Page 8 table
ind_prs10062026.pdf,https://www.niftyindices.com/Press_Release/ind_prs10062026.pdf,Page 8,i) Nifty500 Quality 50,7,8,"June 10, 2026",,2026-JUN,REPLACEMENT,,Glaxosmithkline Pharmaceuticals Ltd.,GLAXO,,,,PASS,Extracted from ind_prs10062026.pdf Page 8 table
ind_prs10062026.pdf,https://www.niftyindices.com/Press_Release/ind_prs10062026.pdf,Page 8,i) Nifty500 Quality 50,7,8,"June 10, 2026",,2026-JUN,ADDITION,The following companies are being included,Infosys Ltd.,INFY,,,,PASS,Extracted from ind_prs10062026.pdf Page 8 table
ind_prs10062026.pdf,https://www.niftyindices.com/Press_Release/ind_prs10062026.pdf,Page 8,i) Nifty500 Quality 50,7,8,"June 10, 2026",,2026-JUN,ADDITION,The following companies are being included,JSW Dulux Ltd.,JSWDULUX,,,,PASS,Extracted from ind_prs10062026.pdf Page 8 table
ind_prs10062026.pdf,https://www.niftyindices.com/Press_Release/ind_prs10062026.pdf,Page 8,i) Nifty500 Quality 50,7,8,"June 10, 2026",,2026-JUN,ADDITION,The following companies are being included,Schneider Electric Infrastructure Ltd.,SCHNEIDER,,,,PASS,Extracted from ind_prs10062026.pdf Page 8 table
ind_prs10102024.pdf,https://www.niftyindices.com/Press_Release/ind_prs10102024.pdf,Page 1,1) Nifty 500,1,1,"October 10, 2024","October
16, 2024",2024-SEP,DELETION,The following companies are being excluded,TV18 Broadcast Ltd.,TV18BRDCST,,,,PASS,Extracted from ind_prs10102024.pdf Page 1 table
ind_prs10102024.pdf,https://www.niftyindices.com/Press_Release/ind_prs10102024.pdf,Page 1,1) Nifty 500,1,1,"October 10, 2024","October
16, 2024",2024-SEP,DELETION,The following companies are being excluded,Akums Drugs and Pharmaceuticals Ltd.,AKUMS,,,,PASS,Extracted from ind_prs10102024.pdf Page 1 table
ind_prs10102024_1.pdf,https://www.niftyindices.com/Press_Release/ind_prs10102024_1.pdf,Page 1,1) Nifty500 Shariah,1,2,"October 10, 2024","October 31, 2024",2024-SEP,DELETION,The following companies are being excluded,Aditya Birla Fashion and Retail Ltd.,ABFRL,,,,PASS,Extracted from ind_prs10102024_1.pdf Page 1 table
ind_prs10102024_1.pdf,https://www.niftyindices.com/Press_Release/ind_prs10102024_1.pdf,Page 1,1) Nifty500 Shariah,1,2,"October 10, 2024","October 31, 2024",2024-SEP,DELETION,The following companies are being excluded,Affle (India) Ltd.,AFFLE,,,,PASS,Extracted from ind_prs10102024_1.pdf Page 1 table
ind_prs10102024_1.pdf,https://www.niftyindices.com/Press_Release/ind_prs10102024_1.pdf,Page 1,1) Nifty500 Shariah,1,2,"October 10, 2024","October 31, 2024",2024-SEP,DELETION,The following companies are being excluded,BEML Ltd.,BEML,,,,PASS,Extracted from ind_prs10102024_1.pdf Page 1 table
ind_prs10102024_1.pdf,https://www.niftyindices.com/Press_Release/ind_prs10102024_1.pdf,Page 1,1) Nifty500 Shariah,1,2,"October 10, 2024","October 31, 2024",2024-SEP,DELETION,The following companies are being excluded,Caplin Point Laboratories Ltd.,CAPLIPOINT,,,,PASS,Extracted from ind_prs10102024_1.pdf Page 1 table
ind_prs10102024_1.pdf,https://www.niftyindices.com/Press_Release/ind_prs10102024_1.pdf,Page 1,1) Nifty500 Shariah,1,2,"October 10, 2024","October 31, 2024",2024-SEP,DELETION,The following companies are being excluded,Eris Lifesciences Ltd.,ERIS,,,,PASS,Extracted from ind_prs10102024_1.pdf Page 1 table
ind_prs10102024_1.pdf,https://www.niftyindices.com/Press_Release/ind_prs10102024_1.pdf,Page 1,1) Nifty500 Shariah,1,2,"October 10, 2024","October 31, 2024",2024-SEP,DELETION,The following companies are being excluded,Gujarat Narmada Valley Fertilizers and Chemicals Ltd.,GNFC,,,,PASS,Extracted from ind_prs10102024_1.pdf Page 1 table
ind_prs10102024_1.pdf,https://www.niftyindices.com/Press_Release/ind_prs10102024_1.pdf,Page 1,1) Nifty500 Shariah,1,2,"October 10, 2024","October 31, 2024",2024-SEP,DELETION,The following companies are being excluded,HBL Power Systems Ltd.,HBLPOWER,,,,PASS,Extracted from ind_prs10102024_1.pdf Page 1 table
ind_prs10102024_1.pdf,https://www.niftyindices.com/Press_Release/ind_prs10102024_1.pdf,Page 1,1) Nifty500 Shariah,1,2,"October 10, 2024","October 31, 2024",2024-SEP,DELETION,The following companies are being excluded,Indian Railway Catering And Tourism Corporation Ltd.,IRCTC,,,,PASS,Extracted from ind_prs10102024_1.pdf Page 1 table
ind_prs10102024_1.pdf,https://www.niftyindices.com/Press_Release/ind_prs10102024_1.pdf,Page 1,1) Nifty500 Shariah,1,2,"October 10, 2024","October 31, 2024",2024-SEP,DELETION,The following companies are being excluded,KNR Constructions Ltd.,KNRCON,,,,PASS,Extracted from ind_prs10102024_1.pdf Page 1 table
ind_prs10102024_1.pdf,https://www.niftyindices.com/Press_Release/ind_prs10102024_1.pdf,Page 1,1) Nifty500 Shariah,1,2,"October 10, 2024","October 31, 2024",2024-SEP,DELETION,The following companies are being excluded,Max Healthcare Institute Ltd.,MAXHEALTH,,,,PASS,Extracted from ind_prs10102024_1.pdf Page 1 table
ind_prs10102024_1.pdf,https://www.niftyindices.com/Press_Release/ind_prs10102024_1.pdf,Page 1,1) Nifty500 Shariah,1,2,"October 10, 2024","October 31, 2024",2024-SEP,DELETION,The following companies are being excluded,MMTC Ltd.,MMTC,,,,PASS,Extracted from ind_prs10102024_1.pdf Page 1 table
ind_prs10102024_1.pdf,https://www.niftyindices.com/Press_Release/ind_prs10102024_1.pdf,Page 1,1) Nifty500 Shariah,1,2,"October 10, 2024","October 31, 2024",2024-SEP,DELETION,The following companies are being excluded,Narayana Hrudayalaya Ltd.,NH,,,,PASS,Extracted from ind_prs10102024_1.pdf Page 1 table
ind_prs10102024_1.pdf,https://www.niftyindices.com/Press_Release/ind_prs10102024_1.pdf,Page 1,1) Nifty500 Shariah,1,2,"October 10, 2024","October 31, 2024",2024-SEP,DELETION,The following companies are being excluded,Rashtriya Chemicals & Fertilizers Ltd.,RCF,,,,PASS,Extracted from ind_prs10102024_1.pdf Page 1 table
ind_prs10102024_1.pdf,https://www.niftyindices.com/Press_Release/ind_prs10102024_1.pdf,Page 1,1) Nifty500 Shariah,1,2,"October 10, 2024","October 31, 2024",2024-SEP,DELETION,The following companies are being excluded,Steel Authority of India Ltd.,SAIL,,,,PASS,Extracted from ind_prs10102024_1.pdf Page 1 table
ind_prs10102024_1.pdf,https://www.niftyindices.com/Press_Release/ind_prs10102024_1.pdf,Page 1,1) Nifty500 Shariah,1,2,"October 10, 2024","October 31, 2024",2024-SEP,DELETION,The following companies are being excluded,Tata Elxsi Ltd.,TATAELXSI,,,,PASS,Extracted from ind_prs10102024_1.pdf Page 1 table
ind_prs10102024_1.pdf,https://www.niftyindices.com/Press_Release/ind_prs10102024_1.pdf,Page 1,1) Nifty500 Shariah,1,2,"October 10, 2024","October 31, 2024",2024-SEP,ADDITION,The following companies are being included,Akums Drugs and Pharmaceuticals Ltd.,AKUMS,,,,PASS,Extracted from ind_prs10102024_1.pdf Page 1 table
ind_prs10102024_1.pdf,https://www.niftyindices.com/Press_Release/ind_prs10102024_1.pdf,Page 1,1) Nifty500 Shariah,1,2,"October 10, 2024","October 31, 2024",2024-SEP,ADDITION,The following companies are being included,India Cements Ltd.,INDIACEM,,,,PASS,Extracted from ind_prs10102024_1.pdf Page 1 table
ind_prs10102024_1.pdf,https://www.niftyindices.com/Press_Release/ind_prs10102024_1.pdf,Page 1,1) Nifty500 Shariah,1,2,"October 10, 2024","October 31, 2024",2024-SEP,ADDITION,The following companies are being included,Jyoti CNC Automation Ltd.,JYOTICNC,,,,PASS,Extracted from ind_prs10102024_1.pdf Page 1 table
ind_prs10102024_1.pdf,https://www.niftyindices.com/Press_Release/ind_prs10102024_1.pdf,Page 2,1) Nifty500 Shariah,1,2,"October 10, 2024","October 31, 2024",2024-SEP,ADDITION,The following companies are being included,Rail Vikas Nigam Ltd.,RVNL,,,,PASS,Extracted from ind_prs10102024_1.pdf Page 2 table
ind_prs10102024_1.pdf,https://www.niftyindices.com/Press_Release/ind_prs10102024_1.pdf,Page 2,1) Nifty500 Shariah,1,2,"October 10, 2024","October 31, 2024",2024-SEP,ADDITION,The following companies are being included,TBO Tek Ltd.,TBOTEK,,,,PASS,Extracted from ind_prs10102024_1.pdf Page 2 table
ind_prs11072022.pdf,https://www.niftyindices.com/Press_Release/ind_prs11072022.pdf,Page 1,1) Nifty 500,1,2,"July 11, 2022","August 08, 2022",2022-SEP,DELETION,The following companies are being excluded,NMDC Ltd.,NMDC,,,,PASS,Extracted from ind_prs11072022.pdf Page 1 table | repeated_source_event
ind_prs11072022.pdf,https://www.niftyindices.com/Press_Release/ind_prs11072022.pdf,Page 1,1) Nifty 500,1,2,"July 11, 2022","August 08, 2022",2022-SEP,DELETION,The following companies are being excluded,Piramal Enterprises Ltd.,PEL,,,,PASS,Extracted from ind_prs11072022.pdf Page 1 table
ind_prs11072022.pdf,https://www.niftyindices.com/Press_Release/ind_prs11072022.pdf,Page 1,1) Nifty 500,1,2,"July 11, 2022","August 08, 2022",2022-SEP,DELETION,The following companies are being excluded,Shriram City Union Finance Ltd.,SHRIRAMCIT,,,,PASS,Extracted from ind_prs11072022.pdf Page 1 table
ind_prs11072022.pdf,https://www.niftyindices.com/Press_Release/ind_prs11072022.pdf,Page 1,1) Nifty 500,1,2,"July 11, 2022","August 08, 2022",2022-SEP,ADDITION,The following companies are being included,Campus Activewear Ltd.,CAMPUS,,,,PASS,Extracted from ind_prs11072022.pdf Page 1 table
ind_prs11072022.pdf,https://www.niftyindices.com/Press_Release/ind_prs11072022.pdf,Page 1,1) Nifty 500,1,2,"July 11, 2022","August 08, 2022",2022-SEP,ADDITION,The following companies are being included,Delhivery Ltd.,DELHIVERY,,,,PASS,Extracted from ind_prs11072022.pdf Page 1 table
ind_prs11072022.pdf,https://www.niftyindices.com/Press_Release/ind_prs11072022.pdf,Page 1,1) Nifty 500,1,2,"July 11, 2022","August 08, 2022",2022-SEP,ADDITION,The following companies are being included,Life Insurance Corporation of India,LICI,,,,PASS,Extracted from ind_prs11072022.pdf Page 1 table
ind_prs11122020.pdf,https://www.niftyindices.com/Press_Release/ind_prs11122020.pdf,Page 4,9) NIFTY500 Value 50,4,6,"December 11, 2020","January 1, 2021",2021-JAN,DELETION,The following companies are being excluded,Ashok Leyland Ltd.,ASHOKLEY,,,,PASS,Extracted from ind_prs11122020.pdf Page 4 table
ind_prs11122020.pdf,https://www.niftyindices.com/Press_Release/ind_prs11122020.pdf,Page 4,9) NIFTY500 Value 50,4,6,"December 11, 2020","January 1, 2021",2021-JAN,DELETION,The following companies are being excluded,CARE Ratings Ltd.,CARERATING,,,,PASS,Extracted from ind_prs11122020.pdf Page 4 table
ind_prs11122020.pdf,https://www.niftyindices.com/Press_Release/ind_prs11122020.pdf,Page 4,9) NIFTY500 Value 50,4,6,"December 11, 2020","January 1, 2021",2021-JAN,DELETION,The following companies are being excluded,DCM Shriram Ltd.,DCMSHRIRAM,,,,PASS,Extracted from ind_prs11122020.pdf Page 4 table
ind_prs11122020.pdf,https://www.niftyindices.com/Press_Release/ind_prs11122020.pdf,Page 4,9) NIFTY500 Value 50,4,6,"December 11, 2020","January 1, 2021",2021-JAN,DELETION,The following companies are being excluded,Edelweiss Financial Services Ltd.,EDELWEISS,,,,PASS,Extracted from ind_prs11122020.pdf Page 4 table
ind_prs11122020.pdf,https://www.niftyindices.com/Press_Release/ind_prs11122020.pdf,Page 4,9) NIFTY500 Value 50,4,6,"December 11, 2020","January 1, 2021",2021-JAN,DELETION,The following companies are being excluded,GHCL Ltd.,GHCL,,,,PASS,Extracted from ind_prs11122020.pdf Page 4 table
ind_prs11122020.pdf,https://www.niftyindices.com/Press_Release/ind_prs11122020.pdf,Page 4,9) NIFTY500 Value 50,4,6,"December 11, 2020","January 1, 2021",2021-JAN,DELETION,The following companies are being excluded,Hindustan Zinc Ltd.,HINDZINC,,,,PASS,Extracted from ind_prs11122020.pdf Page 4 table
ind_prs11122020.pdf,https://www.niftyindices.com/Press_Release/ind_prs11122020.pdf,Page 4,9) NIFTY500 Value 50,4,6,"December 11, 2020","January 1, 2021",2021-JAN,DELETION,The following companies are being excluded,IIFL Finance Ltd.,IIFL,,,,PASS,Extracted from ind_prs11122020.pdf Page 4 table
ind_prs11122020.pdf,https://www.niftyindices.com/Press_Release/ind_prs11122020.pdf,Page 4,9) NIFTY500 Value 50,4,6,"December 11, 2020","January 1, 2021",2021-JAN,DELETION,The following companies are being excluded,Indiabulls Real Estate Ltd.,IBREALEST,,,,PASS,Extracted from ind_prs11122020.pdf Page 4 table
ind_prs11122020.pdf,https://www.niftyindices.com/Press_Release/ind_prs11122020.pdf,Page 4,9) NIFTY500 Value 50,4,6,"December 11, 2020","January 1, 2021",2021-JAN,DELETION,The following companies are being excluded,NLC India Ltd.,NLCINDIA,,,,PASS,Extracted from ind_prs11122020.pdf Page 4 table
ind_prs11122020.pdf,https://www.niftyindices.com/Press_Release/ind_prs11122020.pdf,Page 5,9) NIFTY500 Value 50,4,6,"December 11, 2020","January 1, 2021",2021-JAN,DELETION,The following companies are being excluded,Rajesh Exports Ltd.,RAJESHEXPO,,,,PASS,Extracted from ind_prs11122020.pdf Page 5 table
ind_prs11122020.pdf,https://www.niftyindices.com/Press_Release/ind_prs11122020.pdf,Page 5,9) NIFTY500 Value 50,4,6,"December 11, 2020","January 1, 2021",2021-JAN,DELETION,The following companies are being excluded,SJVN Ltd.,SJVN,,,,PASS,Extracted from ind_prs11122020.pdf Page 5 table
ind_prs11122020.pdf,https://www.niftyindices.com/Press_Release/ind_prs11122020.pdf,Page 5,9) NIFTY500 Value 50,4,6,"December 11, 2020","January 1, 2021",2021-JAN,ADDITION,The following companies are being included,Bank of Baroda,BANKBARODA,,,,PASS,Extracted from ind_prs11122020.pdf Page 5 table
ind_prs11122020.pdf,https://www.niftyindices.com/Press_Release/ind_prs11122020.pdf,Page 5,9) NIFTY500 Value 50,4,6,"December 11, 2020","January 1, 2021",2021-JAN,ADDITION,The following companies are being included,Bank of India,BANKINDIA,,,,PASS,Extracted from ind_prs11122020.pdf Page 5 table
ind_prs11122020.pdf,https://www.niftyindices.com/Press_Release/ind_prs11122020.pdf,Page 5,9) NIFTY500 Value 50,4,6,"December 11, 2020","January 1, 2021",2021-JAN,ADDITION,The following companies are being included,Federal Bank Ltd.,FEDERALBNK,,,,PASS,Extracted from ind_prs11122020.pdf Page 5 table
ind_prs11122020.pdf,https://www.niftyindices.com/Press_Release/ind_prs11122020.pdf,Page 5,9) NIFTY500 Value 50,4,6,"December 11, 2020","January 1, 2021",2021-JAN,ADDITION,The following companies are being included,Future Retail Ltd.,FRETAIL,,,,PASS,Extracted from ind_prs11122020.pdf Page 5 table
ind_prs11122020.pdf,https://www.niftyindices.com/Press_Release/ind_prs11122020.pdf,Page 5,9) NIFTY500 Value 50,4,6,"December 11, 2020","January 1, 2021",2021-JAN,ADDITION,The following companies are being included,GAIL (India) Ltd.,GAIL,,,,PASS,Extracted from ind_prs11122020.pdf Page 5 table
ind_prs11122020.pdf,https://www.niftyindices.com/Press_Release/ind_prs11122020.pdf,Page 5,9) NIFTY500 Value 50,4,6,"December 11, 2020","January 1, 2021",2021-JAN,ADDITION,The following companies are being included,Great Eastern Shipping Co. Ltd.,GESHIP,,,,PASS,Extracted from ind_prs11122020.pdf Page 5 table
ind_prs11122020.pdf,https://www.niftyindices.com/Press_Release/ind_prs11122020.pdf,Page 5,9) NIFTY500 Value 50,4,6,"December 11, 2020","January 1, 2021",2021-JAN,ADDITION,The following companies are being included,LIC Housing Finance Ltd.,LICHSGFIN,,,,PASS,Extracted from ind_prs11122020.pdf Page 5 table
ind_prs11122020.pdf,https://www.niftyindices.com/Press_Release/ind_prs11122020.pdf,Page 5,9) NIFTY500 Value 50,4,6,"December 11, 2020","January 1, 2021",2021-JAN,ADDITION,The following companies are being included,Punjab National Bank,PNB,,,,PASS,Extracted from ind_prs11122020.pdf Page 5 table
ind_prs11122020.pdf,https://www.niftyindices.com/Press_Release/ind_prs11122020.pdf,Page 5,9) NIFTY500 Value 50,4,6,"December 11, 2020","January 1, 2021",2021-JAN,ADDITION,The following companies are being included,Tata Chemicals Ltd.,TATACHEM,,,,PASS,Extracted from ind_prs11122020.pdf Page 5 table
ind_prs11122020.pdf,https://www.niftyindices.com/Press_Release/ind_prs11122020.pdf,Page 5,9) NIFTY500 Value 50,4,6,"December 11, 2020","January 1, 2021",2021-JAN,ADDITION,The following companies are being included,Tata Motors Ltd.,TATAMOTORS,,,,PASS,Extracted from ind_prs11122020.pdf Page 5 table
ind_prs11122020.pdf,https://www.niftyindices.com/Press_Release/ind_prs11122020.pdf,Page 5,9) NIFTY500 Value 50,4,6,"December 11, 2020","January 1, 2021",2021-JAN,ADDITION,The following companies are being included,Welspun Corp Ltd.,WELCORP,,,,PASS,Extracted from ind_prs11122020.pdf Page 5 table
ind_prs11122020.pdf,https://www.niftyindices.com/Press_Release/ind_prs11122020.pdf,Page 5,9) NIFTY500 Value 50,4,6,"December 11, 2020","January 1, 2021",2021-JAN,DELETION,The following companies are being excluded,Bharti Airtel Ltd.,BHARTIARTL,,,,PASS,Extracted from ind_prs11122020.pdf Page 5 table
ind_prs11122020.pdf,https://www.niftyindices.com/Press_Release/ind_prs11122020.pdf,Page 5,9) NIFTY500 Value 50,4,6,"December 11, 2020","January 1, 2021",2021-JAN,DELETION,The following companies are being excluded,Indraprastha Gas Ltd.,IGL,,,,PASS,Extracted from ind_prs11122020.pdf Page 5 table
ind_prs11122020.pdf,https://www.niftyindices.com/Press_Release/ind_prs11122020.pdf,Page 5,9) NIFTY500 Value 50,4,6,"December 11, 2020","January 1, 2021",2021-JAN,DELETION,The following companies are being excluded,Manappuram Finance Ltd.,MANAPPURAM,,,,PASS,Extracted from ind_prs11122020.pdf Page 5 table
ind_prs11122020.pdf,https://www.niftyindices.com/Press_Release/ind_prs11122020.pdf,Page 5,9) NIFTY500 Value 50,4,6,"December 11, 2020","January 1, 2021",2021-JAN,DELETION,The following companies are being excluded,Whirlpool of India Ltd.,WHIRLPOOL,,,,PASS,Extracted from ind_prs11122020.pdf Page 5 table
ind_prs11122020.pdf,https://www.niftyindices.com/Press_Release/ind_prs11122020.pdf,Page 5,9) NIFTY500 Value 50,4,6,"December 11, 2020","January 1, 2021",2021-JAN,ADDITION,The following companies are being included,Adani Gas Ltd.,ADANIGAS,,,,PASS,Extracted from ind_prs11122020.pdf Page 5 table
ind_prs11122020.pdf,https://www.niftyindices.com/Press_Release/ind_prs11122020.pdf,Page 5,9) NIFTY500 Value 50,4,6,"December 11, 2020","January 1, 2021",2021-JAN,ADDITION,The following companies are being included,Amber Enterprises India Ltd.,AMBER,,,,PASS,Extracted from ind_prs11122020.pdf Page 5 table
ind_prs11122020.pdf,https://www.niftyindices.com/Press_Release/ind_prs11122020.pdf,Page 5,9) NIFTY500 Value 50,4,6,"December 11, 2020","January 1, 2021",2021-JAN,ADDITION,The following companies are being included,Birlasoft Ltd.,BSOFT,,,,PASS,Extracted from ind_prs11122020.pdf Page 5 table
ind_prs11122020.pdf,https://www.niftyindices.com/Press_Release/ind_prs11122020.pdf,Page 5,9) NIFTY500 Value 50,4,6,"December 11, 2020","January 1, 2021",2021-JAN,ADDITION,The following companies are being included,GMM Pfaudler Ltd.,GMMPFAUDLR,,,,PASS,Extracted from ind_prs11122020.pdf Page 5 table
ind_prs11122020.pdf,https://www.niftyindices.com/Press_Release/ind_prs11122020.pdf,Page 6,9) NIFTY500 Value 50,4,6,"December 11, 2020","January 1, 2021",2021-JAN,DELETION,The following companies are being excluded,Equitas Holdings Ltd.,EQUITAS,,,,PASS,Extracted from ind_prs11122020.pdf Page 6 table
ind_prs11122020.pdf,https://www.niftyindices.com/Press_Release/ind_prs11122020.pdf,Page 6,9) NIFTY500 Value 50,4,6,"December 11, 2020","January 1, 2021",2021-JAN,DELETION,The following companies are being excluded,Hindustan Petroleum Corporation Ltd.,HINDPETRO,,,,PASS,Extracted from ind_prs11122020.pdf Page 6 table
ind_prs11122020.pdf,https://www.niftyindices.com/Press_Release/ind_prs11122020.pdf,Page 6,9) NIFTY500 Value 50,4,6,"December 11, 2020","January 1, 2021",2021-JAN,DELETION,The following companies are being excluded,Grasim Industries Ltd.,GRASIM,,,,PASS,Extracted from ind_prs11122020.pdf Page 6 table
ind_prs11122020.pdf,https://www.niftyindices.com/Press_Release/ind_prs11122020.pdf,Page 6,9) NIFTY500 Value 50,4,6,"December 11, 2020","January 1, 2021",2021-JAN,DELETION,The following companies are being excluded,Vedanta Ltd.,VEDL,,,,PASS,Extracted from ind_prs11122020.pdf Page 6 table
ind_prs11122020.pdf,https://www.niftyindices.com/Press_Release/ind_prs11122020.pdf,Page 6,9) NIFTY500 Value 50,4,6,"December 11, 2020","January 1, 2021",2021-JAN,DELETION,The following companies are being excluded,Kotak Mahindra Bank Ltd.,KOTAKBANK,,,,PASS,Extracted from ind_prs11122020.pdf Page 6 table
ind_prs11122020.pdf,https://www.niftyindices.com/Press_Release/ind_prs11122020.pdf,Page 6,9) NIFTY500 Value 50,4,6,"December 11, 2020","January 1, 2021",2021-JAN,DELETION,The following companies are being excluded,Page Industries Ltd.,PAGEIND,,,,PASS,Extracted from ind_prs11122020.pdf Page 6 table
ind_prs11122024.pdf,https://www.niftyindices.com/Press_Release/ind_prs11122024.pdf,Page 9,k) Nifty500 Momentum 50,9,12,"December 11, 2024","December 31, 2024",2024-DEC,DELETION,The following companies are being excluded,ABB India Ltd.,ABB,,,,PASS,Extracted from ind_prs11122024.pdf Page 9 table
ind_prs11122024.pdf,https://www.niftyindices.com/Press_Release/ind_prs11122024.pdf,Page 9,k) Nifty500 Momentum 50,9,12,"December 11, 2024","December 31, 2024",2024-DEC,DELETION,The following companies are being excluded,Adani Ports and Special Economic Zone Ltd.,ADANIPORTS,,,,PASS,Extracted from ind_prs11122024.pdf Page 9 table
ind_prs11122024.pdf,https://www.niftyindices.com/Press_Release/ind_prs11122024.pdf,Page 9,k) Nifty500 Momentum 50,9,12,"December 11, 2024","December 31, 2024",2024-DEC,DELETION,The following companies are being excluded,Adani Power Ltd.,ADANIPOWER,,,,PASS,Extracted from ind_prs11122024.pdf Page 9 table
ind_prs11122024.pdf,https://www.niftyindices.com/Press_Release/ind_prs11122024.pdf,Page 9,k) Nifty500 Momentum 50,9,12,"December 11, 2024","December 31, 2024",2024-DEC,DELETION,The following companies are being excluded,Anand Rathi Wealth Ltd.,ANANDRATHI,,,,PASS,Extracted from ind_prs11122024.pdf Page 9 table
ind_prs11122024.pdf,https://www.niftyindices.com/Press_Release/ind_prs11122024.pdf,Page 9,k) Nifty500 Momentum 50,9,12,"December 11, 2024","December 31, 2024",2024-DEC,DELETION,The following companies are being excluded,Apar Industries Ltd.,APARINDS,,,,PASS,Extracted from ind_prs11122024.pdf Page 9 table
ind_prs11122024.pdf,https://www.niftyindices.com/Press_Release/ind_prs11122024.pdf,Page 9,k) Nifty500 Momentum 50,9,12,"December 11, 2024","December 31, 2024",2024-DEC,DELETION,The following companies are being excluded,Bajaj Auto Ltd.,BAJAJ-AUTO,,,,PASS,Extracted from ind_prs11122024.pdf Page 9 table
ind_prs11122024.pdf,https://www.niftyindices.com/Press_Release/ind_prs11122024.pdf,Page 9,k) Nifty500 Momentum 50,9,12,"December 11, 2024","December 31, 2024",2024-DEC,DELETION,The following companies are being excluded,Bharat Dynamics Ltd.,BDL,,,,PASS,Extracted from ind_prs11122024.pdf Page 9 table
ind_prs11122024.pdf,https://www.niftyindices.com/Press_Release/ind_prs11122024.pdf,Page 9,k) Nifty500 Momentum 50,9,12,"December 11, 2024","December 31, 2024",2024-DEC,DELETION,The following companies are being excluded,Bharat Electronics Ltd.,BEL,,,,PASS,Extracted from ind_prs11122024.pdf Page 9 table
ind_prs11122024.pdf,https://www.niftyindices.com/Press_Release/ind_prs11122024.pdf,Page 9,k) Nifty500 Momentum 50,9,12,"December 11, 2024","December 31, 2024",2024-DEC,DELETION,The following companies are being excluded,Bharat Heavy Electricals Ltd.,BHEL,,,,PASS,Extracted from ind_prs11122024.pdf Page 9 table
ind_prs11122024.pdf,https://www.niftyindices.com/Press_Release/ind_prs11122024.pdf,Page 10,k) Nifty500 Momentum 50,9,12,"December 11, 2024","December 31, 2024",2024-DEC,DELETION,The following companies are being excluded,Cochin Shipyard Ltd.,COCHINSHIP,,,,PASS,Extracted from ind_prs11122024.pdf Page 10 table
ind_prs11122024.pdf,https://www.niftyindices.com/Press_Release/ind_prs11122024.pdf,Page 10,k) Nifty500 Momentum 50,9,12,"December 11, 2024","December 31, 2024",2024-DEC,DELETION,The following companies are being excluded,Cummins India Ltd.,CUMMINSIND,,,,PASS,Extracted from ind_prs11122024.pdf Page 10 table
ind_prs11122024.pdf,https://www.niftyindices.com/Press_Release/ind_prs11122024.pdf,Page 10,k) Nifty500 Momentum 50,9,12,"December 11, 2024","December 31, 2024",2024-DEC,DELETION,The following companies are being excluded,Exide Industries Ltd.,EXIDEIND,,,,PASS,Extracted from ind_prs11122024.pdf Page 10 table
ind_prs11122024.pdf,https://www.niftyindices.com/Press_Release/ind_prs11122024.pdf,Page 10,k) Nifty500 Momentum 50,9,12,"December 11, 2024","December 31, 2024",2024-DEC,DELETION,The following companies are being excluded,Godawari Power & Ispat Ltd.,GPIL,,,,PASS,Extracted from ind_prs11122024.pdf Page 10 table
ind_prs11122024.pdf,https://www.niftyindices.com/Press_Release/ind_prs11122024.pdf,Page 10,k) Nifty500 Momentum 50,9,12,"December 11, 2024","December 31, 2024",2024-DEC,DELETION,The following companies are being excluded,HBL Power Systems Ltd.,HBLPOWER,,,,PASS,Extracted from ind_prs11122024.pdf Page 10 table
ind_prs11122024.pdf,https://www.niftyindices.com/Press_Release/ind_prs11122024.pdf,Page 10,k) Nifty500 Momentum 50,9,12,"December 11, 2024","December 31, 2024",2024-DEC,DELETION,The following companies are being excluded,Hindustan Aeronautics Ltd.,HAL,,,,PASS,Extracted from ind_prs11122024.pdf Page 10 table
ind_prs11122024.pdf,https://www.niftyindices.com/Press_Release/ind_prs11122024.pdf,Page 10,k) Nifty500 Momentum 50,9,12,"December 11, 2024","December 31, 2024",2024-DEC,DELETION,The following companies are being excluded,Hindustan Copper Ltd.,HINDCOPPER,,,,PASS,Extracted from ind_prs11122024.pdf Page 10 table
ind_prs11122024.pdf,https://www.niftyindices.com/Press_Release/ind_prs11122024.pdf,Page 10,k) Nifty500 Momentum 50,9,12,"December 11, 2024","December 31, 2024",2024-DEC,DELETION,The following companies are being excluded,Housing & Urban Development Corporation Ltd.,HUDCO,,,,PASS,Extracted from ind_prs11122024.pdf Page 10 table
ind_prs11122024.pdf,https://www.niftyindices.com/Press_Release/ind_prs11122024.pdf,Page 10,k) Nifty500 Momentum 50,9,12,"December 11, 2024","December 31, 2024",2024-DEC,DELETION,The following companies are being excluded,Indian Railway Finance Corporation Ltd.,IRFC,,,,PASS,Extracted from ind_prs11122024.pdf Page 10 table
ind_prs11122024.pdf,https://www.niftyindices.com/Press_Release/ind_prs11122024.pdf,Page 10,k) Nifty500 Momentum 50,9,12,"December 11, 2024","December 31, 2024",2024-DEC,DELETION,The following companies are being excluded,Jindal Stainless Ltd.,JSL,,,,PASS,Extracted from ind_prs11122024.pdf Page 10 table
ind_prs11122024.pdf,https://www.niftyindices.com/Press_Release/ind_prs11122024.pdf,Page 10,k) Nifty500 Momentum 50,9,12,"December 11, 2024","December 31, 2024",2024-DEC,DELETION,The following companies are being excluded,Jupiter Wagons Ltd.,JWL,,,,PASS,Extracted from ind_prs11122024.pdf Page 10 table
ind_prs11122024.pdf,https://www.niftyindices.com/Press_Release/ind_prs11122024.pdf,Page 10,k) Nifty500 Momentum 50,9,12,"December 11, 2024","December 31, 2024",2024-DEC,DELETION,The following companies are being excluded,Kalpataru Projects International Ltd.,KPIL,,,,PASS,Extracted from ind_prs11122024.pdf Page 10 table
ind_prs11122024.pdf,https://www.niftyindices.com/Press_Release/ind_prs11122024.pdf,Page 10,k) Nifty500 Momentum 50,9,12,"December 11, 2024","December 31, 2024",2024-DEC,DELETION,The following companies are being excluded,Mangalore Refinery & Petrochemicals Ltd.,MRPL,,,,PASS,Extracted from ind_prs11122024.pdf Page 10 table
ind_prs11122024.pdf,https://www.niftyindices.com/Press_Release/ind_prs11122024.pdf,Page 10,k) Nifty500 Momentum 50,9,12,"December 11, 2024","December 31, 2024",2024-DEC,DELETION,The following companies are being excluded,NBCC (India) Ltd.,NBCC,,,,PASS,Extracted from ind_prs11122024.pdf Page 10 table
ind_prs11122024.pdf,https://www.niftyindices.com/Press_Release/ind_prs11122024.pdf,Page 10,k) Nifty500 Momentum 50,9,12,"December 11, 2024","December 31, 2024",2024-DEC,DELETION,The following companies are being excluded,NHPC Ltd.,NHPC,,,,PASS,Extracted from ind_prs11122024.pdf Page 10 table
ind_prs11122024.pdf,https://www.niftyindices.com/Press_Release/ind_prs11122024.pdf,Page 10,k) Nifty500 Momentum 50,9,12,"December 11, 2024","December 31, 2024",2024-DEC,DELETION,The following companies are being excluded,Power Finance Corporation Ltd.,PFC,,,,PASS,Extracted from ind_prs11122024.pdf Page 10 table
ind_prs11122024.pdf,https://www.niftyindices.com/Press_Release/ind_prs11122024.pdf,Page 10,k) Nifty500 Momentum 50,9,12,"December 11, 2024","December 31, 2024",2024-DEC,DELETION,The following companies are being excluded,Prestige Estates Projects Ltd.,PRESTIGE,,,,PASS,Extracted from ind_prs11122024.pdf Page 10 table
ind_prs11122024.pdf,https://www.niftyindices.com/Press_Release/ind_prs11122024.pdf,Page 10,k) Nifty500 Momentum 50,9,12,"December 11, 2024","December 31, 2024",2024-DEC,DELETION,The following companies are being excluded,Punjab National Bank,PNB,,,,PASS,Extracted from ind_prs11122024.pdf Page 10 table
ind_prs11122024.pdf,https://www.niftyindices.com/Press_Release/ind_prs11122024.pdf,Page 10,k) Nifty500 Momentum 50,9,12,"December 11, 2024","December 31, 2024",2024-DEC,DELETION,The following companies are being excluded,Rail Vikas Nigam Ltd.,RVNL,,,,PASS,Extracted from ind_prs11122024.pdf Page 10 table
ind_prs11122024.pdf,https://www.niftyindices.com/Press_Release/ind_prs11122024.pdf,Page 10,k) Nifty500 Momentum 50,9,12,"December 11, 2024","December 31, 2024",2024-DEC,DELETION,The following companies are being excluded,REC Ltd.,RECLTD,,,,PASS,Extracted from ind_prs11122024.pdf Page 10 table
ind_prs11122024.pdf,https://www.niftyindices.com/Press_Release/ind_prs11122024.pdf,Page 10,k) Nifty500 Momentum 50,9,12,"December 11, 2024","December 31, 2024",2024-DEC,DELETION,The following companies are being excluded,Samvardhana Motherson International Ltd.,MOTHERSON,,,,PASS,Extracted from ind_prs11122024.pdf Page 10 table
ind_prs11122024.pdf,https://www.niftyindices.com/Press_Release/ind_prs11122024.pdf,Page 10,k) Nifty500 Momentum 50,9,12,"December 11, 2024","December 31, 2024",2024-DEC,DELETION,The following companies are being excluded,SJVN Ltd.,SJVN,,,,PASS,Extracted from ind_prs11122024.pdf Page 10 table
ind_prs11122024.pdf,https://www.niftyindices.com/Press_Release/ind_prs11122024.pdf,Page 10,k) Nifty500 Momentum 50,9,12,"December 11, 2024","December 31, 2024",2024-DEC,DELETION,The following companies are being excluded,Sobha Ltd.,SOBHA,,,,PASS,Extracted from ind_prs11122024.pdf Page 10 table
ind_prs11122024.pdf,https://www.niftyindices.com/Press_Release/ind_prs11122024.pdf,Page 10,k) Nifty500 Momentum 50,9,12,"December 11, 2024","December 31, 2024",2024-DEC,DELETION,The following companies are being excluded,Solar Industries India Ltd.,SOLARINDS,,,,PASS,Extracted from ind_prs11122024.pdf Page 10 table
ind_prs11122024.pdf,https://www.niftyindices.com/Press_Release/ind_prs11122024.pdf,Page 10,k) Nifty500 Momentum 50,9,12,"December 11, 2024","December 31, 2024",2024-DEC,DELETION,The following companies are being excluded,Suzlon Energy Ltd.,SUZLON,,,,PASS,Extracted from ind_prs11122024.pdf Page 10 table
ind_prs11122024.pdf,https://www.niftyindices.com/Press_Release/ind_prs11122024.pdf,Page 10,k) Nifty500 Momentum 50,9,12,"December 11, 2024","December 31, 2024",2024-DEC,DELETION,The following companies are being excluded,Tata Power Co. Ltd.,TATAPOWER,,,,PASS,Extracted from ind_prs11122024.pdf Page 10 table
ind_prs11122024.pdf,https://www.niftyindices.com/Press_Release/ind_prs11122024.pdf,Page 10,k) Nifty500 Momentum 50,9,12,"December 11, 2024","December 31, 2024",2024-DEC,DELETION,The following companies are being excluded,Thermax Ltd.,THERMAX,,,,PASS,Extracted from ind_prs11122024.pdf Page 10 table
ind_prs11122024.pdf,https://www.niftyindices.com/Press_Release/ind_prs11122024.pdf,Page 10,k) Nifty500 Momentum 50,9,12,"December 11, 2024","December 31, 2024",2024-DEC,DELETION,The following companies are being excluded,Titagarh Rail Systems Ltd.,TITAGARH,,,,PASS,Extracted from ind_prs11122024.pdf Page 10 table
ind_prs11122024.pdf,https://www.niftyindices.com/Press_Release/ind_prs11122024.pdf,Page 10,k) Nifty500 Momentum 50,9,12,"December 11, 2024","December 31, 2024",2024-DEC,DELETION,The following companies are being excluded,Torrent Power Ltd.,TORNTPOWER,,,,PASS,Extracted from ind_prs11122024.pdf Page 10 table
ind_prs11122024.pdf,https://www.niftyindices.com/Press_Release/ind_prs11122024.pdf,Page 10,k) Nifty500 Momentum 50,9,12,"December 11, 2024","December 31, 2024",2024-DEC,DELETION,The following companies are being excluded,Zydus Lifesciences Ltd.,ZYDUSLIFE,,,,PASS,Extracted from ind_prs11122024.pdf Page 10 table
ind_prs11122024.pdf,https://www.niftyindices.com/Press_Release/ind_prs11122024.pdf,Page 10,k) Nifty500 Momentum 50,9,12,"December 11, 2024","December 31, 2024",2024-DEC,ADDITION,The following companies are being included,360 ONE WAM Ltd.,360ONE,,,,PASS,Extracted from ind_prs11122024.pdf Page 10 table
ind_prs11122024.pdf,https://www.niftyindices.com/Press_Release/ind_prs11122024.pdf,Page 10,k) Nifty500 Momentum 50,9,12,"December 11, 2024","December 31, 2024",2024-DEC,ADDITION,The following companies are being included,Aditya Birla Sun Life AMC Ltd.,ABSLAMC,,,,PASS,Extracted from ind_prs11122024.pdf Page 10 table
ind_prs11122024.pdf,https://www.niftyindices.com/Press_Release/ind_prs11122024.pdf,Page 10,k) Nifty500 Momentum 50,9,12,"December 11, 2024","December 31, 2024",2024-DEC,ADDITION,The following companies are being included,Amber Enterprises India Ltd.,AMBER,,,,PASS,Extracted from ind_prs11122024.pdf Page 10 table
ind_prs11122024.pdf,https://www.niftyindices.com/Press_Release/ind_prs11122024.pdf,Page 11,k) Nifty500 Momentum 50,9,12,"December 11, 2024","December 31, 2024",2024-DEC,ADDITION,The following companies are being included,Anant Raj Ltd.,ANANTRAJ,,,,PASS,Extracted from ind_prs11122024.pdf Page 11 table
ind_prs11122024.pdf,https://www.niftyindices.com/Press_Release/ind_prs11122024.pdf,Page 11,k) Nifty500 Momentum 50,9,12,"December 11, 2024","December 31, 2024",2024-DEC,ADDITION,The following companies are being included,Caplin Point Laboratories Ltd.,CAPLIPOINT,,,,PASS,Extracted from ind_prs11122024.pdf Page 11 table
ind_prs11122024.pdf,https://www.niftyindices.com/Press_Release/ind_prs11122024.pdf,Page 11,k) Nifty500 Momentum 50,9,12,"December 11, 2024","December 31, 2024",2024-DEC,ADDITION,The following companies are being included,Cholamandalam Financial Holdings Ltd.,CHOLAHLDNG,,,,PASS,Extracted from ind_prs11122024.pdf Page 11 table
ind_prs11122024.pdf,https://www.niftyindices.com/Press_Release/ind_prs11122024.pdf,Page 11,k) Nifty500 Momentum 50,9,12,"December 11, 2024","December 31, 2024",2024-DEC,ADDITION,The following companies are being included,Coforge Ltd.,COFORGE,,,,PASS,Extracted from ind_prs11122024.pdf Page 11 table
ind_prs11122024.pdf,https://www.niftyindices.com/Press_Release/ind_prs11122024.pdf,Page 11,k) Nifty500 Momentum 50,9,12,"December 11, 2024","December 31, 2024",2024-DEC,ADDITION,The following companies are being included,Coromandel International Ltd.,COROMANDEL,,,,PASS,Extracted from ind_prs11122024.pdf Page 11 table
ind_prs11122024.pdf,https://www.niftyindices.com/Press_Release/ind_prs11122024.pdf,Page 11,k) Nifty500 Momentum 50,9,12,"December 11, 2024","December 31, 2024",2024-DEC,ADDITION,The following companies are being included,Deepak Fertilisers & Petrochemicals Corp. Ltd.,DEEPAKFERT,,,,PASS,Extracted from ind_prs11122024.pdf Page 11 table
ind_prs11122024.pdf,https://www.niftyindices.com/Press_Release/ind_prs11122024.pdf,Page 11,k) Nifty500 Momentum 50,9,12,"December 11, 2024","December 31, 2024",2024-DEC,ADDITION,The following companies are being included,Divi's Laboratories Ltd.,DIVISLAB,,,,PASS,Extracted from ind_prs11122024.pdf Page 11 table
ind_prs11122024.pdf,https://www.niftyindices.com/Press_Release/ind_prs11122024.pdf,Page 11,k) Nifty500 Momentum 50,9,12,"December 11, 2024","December 31, 2024",2024-DEC,ADDITION,The following companies are being included,Firstsource Solutions Ltd.,FSL,,,,PASS,Extracted from ind_prs11122024.pdf Page 11 table
ind_prs11122024.pdf,https://www.niftyindices.com/Press_Release/ind_prs11122024.pdf,Page 11,k) Nifty500 Momentum 50,9,12,"December 11, 2024","December 31, 2024",2024-DEC,ADDITION,The following companies are being included,Fortis Healthcare Ltd.,FORTIS,,,,PASS,Extracted from ind_prs11122024.pdf Page 11 table
ind_prs11122024.pdf,https://www.niftyindices.com/Press_Release/ind_prs11122024.pdf,Page 11,k) Nifty500 Momentum 50,9,12,"December 11, 2024","December 31, 2024",2024-DEC,ADDITION,The following companies are being included,Glenmark Pharmaceuticals Ltd.,GLENMARK,,,,PASS,Extracted from ind_prs11122024.pdf Page 11 table
ind_prs11122024.pdf,https://www.niftyindices.com/Press_Release/ind_prs11122024.pdf,Page 11,k) Nifty500 Momentum 50,9,12,"December 11, 2024","December 31, 2024",2024-DEC,ADDITION,The following companies are being included,Godfrey Phillips India Ltd.,GODFRYPHLP,,,,PASS,Extracted from ind_prs11122024.pdf Page 11 table
ind_prs11122024.pdf,https://www.niftyindices.com/Press_Release/ind_prs11122024.pdf,Page 11,k) Nifty500 Momentum 50,9,12,"December 11, 2024","December 31, 2024",2024-DEC,ADDITION,The following companies are being included,Himadri Speciality Chemical Ltd.,HSCL,,,,PASS,Extracted from ind_prs11122024.pdf Page 11 table
ind_prs11122024.pdf,https://www.niftyindices.com/Press_Release/ind_prs11122024.pdf,Page 11,k) Nifty500 Momentum 50,9,12,"December 11, 2024","December 31, 2024",2024-DEC,ADDITION,The following companies are being included,India Cements Ltd.,INDIACEM,,,,PASS,Extracted from ind_prs11122024.pdf Page 11 table
ind_prs11122024.pdf,https://www.niftyindices.com/Press_Release/ind_prs11122024.pdf,Page 11,k) Nifty500 Momentum 50,9,12,"December 11, 2024","December 31, 2024",2024-DEC,ADDITION,The following companies are being included,Indian Hotels Co. Ltd.,INDHOTEL,,,,PASS,Extracted from ind_prs11122024.pdf Page 11 table
ind_prs11122024.pdf,https://www.niftyindices.com/Press_Release/ind_prs11122024.pdf,Page 11,k) Nifty500 Momentum 50,9,12,"December 11, 2024","December 31, 2024",2024-DEC,ADDITION,The following companies are being included,Info Edge (India) Ltd.,NAUKRI,,,,PASS,Extracted from ind_prs11122024.pdf Page 11 table
ind_prs11122024.pdf,https://www.niftyindices.com/Press_Release/ind_prs11122024.pdf,Page 11,k) Nifty500 Momentum 50,9,12,"December 11, 2024","December 31, 2024",2024-DEC,ADDITION,The following companies are being included,Jubilant Pharmova Ltd.,JUBLPHARMA,,,,PASS,Extracted from ind_prs11122024.pdf Page 11 table
ind_prs11122024.pdf,https://www.niftyindices.com/Press_Release/ind_prs11122024.pdf,Page 11,k) Nifty500 Momentum 50,9,12,"December 11, 2024","December 31, 2024",2024-DEC,ADDITION,The following companies are being included,Kaynes Technology India Ltd.,KAYNES,,,,PASS,Extracted from ind_prs11122024.pdf Page 11 table
ind_prs11122024.pdf,https://www.niftyindices.com/Press_Release/ind_prs11122024.pdf,Page 11,k) Nifty500 Momentum 50,9,12,"December 11, 2024","December 31, 2024",2024-DEC,ADDITION,The following companies are being included,KEC International Ltd.,KEC,,,,PASS,Extracted from ind_prs11122024.pdf Page 11 table
ind_prs11122024.pdf,https://www.niftyindices.com/Press_Release/ind_prs11122024.pdf,Page 11,k) Nifty500 Momentum 50,9,12,"December 11, 2024","December 31, 2024",2024-DEC,ADDITION,The following companies are being included,KFin Technologies Ltd.,KFINTECH,,,,PASS,Extracted from ind_prs11122024.pdf Page 11 table
ind_prs11122024.pdf,https://www.niftyindices.com/Press_Release/ind_prs11122024.pdf,Page 11,k) Nifty500 Momentum 50,9,12,"December 11, 2024","December 31, 2024",2024-DEC,ADDITION,The following companies are being included,Lloyds Metals And Energy Ltd.,LLOYDSME,,,,PASS,Extracted from ind_prs11122024.pdf Page 11 table
ind_prs11122024.pdf,https://www.niftyindices.com/Press_Release/ind_prs11122024.pdf,Page 11,k) Nifty500 Momentum 50,9,12,"December 11, 2024","December 31, 2024",2024-DEC,ADDITION,The following companies are being included,Lupin Ltd.,LUPIN,,,,PASS,Extracted from ind_prs11122024.pdf Page 11 table
ind_prs11122024.pdf,https://www.niftyindices.com/Press_Release/ind_prs11122024.pdf,Page 11,k) Nifty500 Momentum 50,9,12,"December 11, 2024","December 31, 2024",2024-DEC,ADDITION,The following companies are being included,Multi Commodity Exchange of India Ltd.,MCX,,,,PASS,Extracted from ind_prs11122024.pdf Page 11 table
ind_prs11122024.pdf,https://www.niftyindices.com/Press_Release/ind_prs11122024.pdf,Page 11,k) Nifty500 Momentum 50,9,12,"December 11, 2024","December 31, 2024",2024-DEC,ADDITION,The following companies are being included,NATCO Pharma Ltd.,NATCOPHARM,,,,PASS,Extracted from ind_prs11122024.pdf Page 11 table
ind_prs11122024.pdf,https://www.niftyindices.com/Press_Release/ind_prs11122024.pdf,Page 11,k) Nifty500 Momentum 50,9,12,"December 11, 2024","December 31, 2024",2024-DEC,ADDITION,The following companies are being included,Netweb Technologies India Ltd.,NETWEB,,,,PASS,Extracted from ind_prs11122024.pdf Page 11 table
ind_prs11122024.pdf,https://www.niftyindices.com/Press_Release/ind_prs11122024.pdf,Page 11,k) Nifty500 Momentum 50,9,12,"December 11, 2024","December 31, 2024",2024-DEC,ADDITION,The following companies are being included,Oracle Financial Services Software Ltd.,OFSS,,,,PASS,Extracted from ind_prs11122024.pdf Page 11 table
ind_prs11122024.pdf,https://www.niftyindices.com/Press_Release/ind_prs11122024.pdf,Page 11,k) Nifty500 Momentum 50,9,12,"December 11, 2024","December 31, 2024",2024-DEC,ADDITION,The following companies are being included,PB Fintech Ltd.,POLICYBZR,,,,PASS,Extracted from ind_prs11122024.pdf Page 11 table
ind_prs11122024.pdf,https://www.niftyindices.com/Press_Release/ind_prs11122024.pdf,Page 11,k) Nifty500 Momentum 50,9,12,"December 11, 2024","December 31, 2024",2024-DEC,ADDITION,The following companies are being included,PCBL Ltd.,PCBL,,,,PASS,Extracted from ind_prs11122024.pdf Page 11 table
ind_prs11122024.pdf,https://www.niftyindices.com/Press_Release/ind_prs11122024.pdf,Page 11,k) Nifty500 Momentum 50,9,12,"December 11, 2024","December 31, 2024",2024-DEC,ADDITION,The following companies are being included,Persistent Systems Ltd.,PERSISTENT,,,,PASS,Extracted from ind_prs11122024.pdf Page 11 table
ind_prs11122024.pdf,https://www.niftyindices.com/Press_Release/ind_prs11122024.pdf,Page 11,k) Nifty500 Momentum 50,9,12,"December 11, 2024","December 31, 2024",2024-DEC,ADDITION,The following companies are being included,Piramal Pharma Ltd.,PPLPHARMA,,,,PASS,Extracted from ind_prs11122024.pdf Page 11 table
ind_prs11122024.pdf,https://www.niftyindices.com/Press_Release/ind_prs11122024.pdf,Page 11,k) Nifty500 Momentum 50,9,12,"December 11, 2024","December 31, 2024",2024-DEC,ADDITION,The following companies are being included,Poly Medicure Ltd.,POLYMED,,,,PASS,Extracted from ind_prs11122024.pdf Page 11 table
ind_prs11122024.pdf,https://www.niftyindices.com/Press_Release/ind_prs11122024.pdf,Page 11,k) Nifty500 Momentum 50,9,12,"December 11, 2024","December 31, 2024",2024-DEC,ADDITION,The following companies are being included,Radico Khaitan Ltd,RADICO,,,,PASS,Extracted from ind_prs11122024.pdf Page 11 table
ind_prs11122024.pdf,https://www.niftyindices.com/Press_Release/ind_prs11122024.pdf,Page 11,k) Nifty500 Momentum 50,9,12,"December 11, 2024","December 31, 2024",2024-DEC,ADDITION,The following companies are being included,Suven Pharmaceuticals Ltd.,SUVENPHAR,,,,PASS,Extracted from ind_prs11122024.pdf Page 11 table
ind_prs11122024.pdf,https://www.niftyindices.com/Press_Release/ind_prs11122024.pdf,Page 11,k) Nifty500 Momentum 50,9,12,"December 11, 2024","December 31, 2024",2024-DEC,ADDITION,The following companies are being included,Tech Mahindra Ltd.,TECHM,,,,PASS,Extracted from ind_prs11122024.pdf Page 11 table
ind_prs11122024.pdf,https://www.niftyindices.com/Press_Release/ind_prs11122024.pdf,Page 11,k) Nifty500 Momentum 50,9,12,"December 11, 2024","December 31, 2024",2024-DEC,ADDITION,The following companies are being included,United Spirits Ltd.,UNITDSPR,,,,PASS,Extracted from ind_prs11122024.pdf Page 11 table
ind_prs11122024.pdf,https://www.niftyindices.com/Press_Release/ind_prs11122024.pdf,Page 11,k) Nifty500 Momentum 50,9,12,"December 11, 2024","December 31, 2024",2024-DEC,ADDITION,The following companies are being included,Voltas Ltd.,VOLTAS,,,,PASS,Extracted from ind_prs11122024.pdf Page 11 table
ind_prs11122024.pdf,https://www.niftyindices.com/Press_Release/ind_prs11122024.pdf,Page 11,k) Nifty500 Momentum 50,9,12,"December 11, 2024","December 31, 2024",2024-DEC,ADDITION,The following companies are being included,Zomato Ltd.,ZOMATO,,,,PASS,Extracted from ind_prs11122024.pdf Page 11 table
ind_prs11122025.pdf,https://www.niftyindices.com/Press_Release/ind_prs11122025.pdf,Page 1,1) Nifty 500,1,1,"December 11, 2025","December 31, 2025",2025-DEC,DELETION,The following companies are being excluded,SKF India Ltd.,SKFINDIA,,,,PASS,Extracted from ind_prs11122025.pdf Page 1 table
ind_prs11122025.pdf,https://www.niftyindices.com/Press_Release/ind_prs11122025.pdf,Page 1,1) Nifty 500,1,1,"December 11, 2025","December 31, 2025",2025-DEC,DELETION,The following companies are being excluded,JSW Cement Ltd.,JSWCEMENT,,,,PASS,Extracted from ind_prs11122025.pdf Page 1 table
ind_prs12032020.pdf,https://www.niftyindices.com/Press_Release/ind_prs12032020.pdf,Page 4,1) NIFTY 500,4,4,"March 12, 2020","March 27, 2020",2020-MAR,DELETION,The following companies are being excluded,Gayatri Projects Ltd.,GAYAPROJ,,,,PASS,Extracted from ind_prs12032020.pdf Page 4 table | repeated_source_event
ind_prs12032020.pdf,https://www.niftyindices.com/Press_Release/ind_prs12032020.pdf,Page 4,1) NIFTY 500,4,4,"March 12, 2020","March 27, 2020",2020-MAR,DELETION,The following companies are being excluded,Shilpa Medicare Ltd.*,SHILPAMED,,,,PASS,Extracted from ind_prs12032020.pdf Page 4 table
ind_prs12032026.pdf,https://www.niftyindices.com/Press_Release/ind_prs12032026.pdf,Page 6,1) Nifty500 Shariah,6,6,"March 12, 2026","March 30, 2026",2026-MAR,DELETION,The following companies are being excluded,Akums Drugs and Pharmaceuticals Ltd.,AKUMS,,,,PASS,Extracted from ind_prs12032026.pdf Page 6 table | repeated_source_event
ind_prs12032026.pdf,https://www.niftyindices.com/Press_Release/ind_prs12032026.pdf,Page 6,1) Nifty500 Shariah,6,6,"March 12, 2026","March 30, 2026",2026-MAR,DELETION,The following companies are being excluded,Alembic Pharmaceuticals Ltd.,APLLTD,,,,PASS,Extracted from ind_prs12032026.pdf Page 6 table | repeated_source_event
ind_prs12032026.pdf,https://www.niftyindices.com/Press_Release/ind_prs12032026.pdf,Page 6,1) Nifty500 Shariah,6,6,"March 12, 2026","March 30, 2026",2026-MAR,DELETION,The following companies are being excluded,Alkyl Amines Chemicals Ltd.,ALKYLAMINE,,,,PASS,Extracted from ind_prs12032026.pdf Page 6 table | repeated_source_event
ind_prs12032026.pdf,https://www.niftyindices.com/Press_Release/ind_prs12032026.pdf,Page 6,1) Nifty500 Shariah,6,6,"March 12, 2026","March 30, 2026",2026-MAR,DELETION,The following companies are being excluded,AstraZenca Pharma India Ltd.,ASTRAZEN,,,,PASS,Extracted from ind_prs12032026.pdf Page 6 table | repeated_source_event
ind_prs12032026.pdf,https://www.niftyindices.com/Press_Release/ind_prs12032026.pdf,Page 6,1) Nifty500 Shariah,6,6,"March 12, 2026","March 30, 2026",2026-MAR,DELETION,The following companies are being excluded,BASF India Ltd.,BASF,,,,PASS,Extracted from ind_prs12032026.pdf Page 6 table | repeated_source_event
ind_prs12032026.pdf,https://www.niftyindices.com/Press_Release/ind_prs12032026.pdf,Page 6,1) Nifty500 Shariah,6,6,"March 12, 2026","March 30, 2026",2026-MAR,DELETION,The following companies are being excluded,Campus Activewear Ltd.,CAMPUS,,,,PASS,Extracted from ind_prs12032026.pdf Page 6 table | repeated_source_event
ind_prs12032026.pdf,https://www.niftyindices.com/Press_Release/ind_prs12032026.pdf,Page 6,1) Nifty500 Shariah,6,6,"March 12, 2026","March 30, 2026",2026-MAR,DELETION,The following companies are being excluded,Gujarat Gas Ltd.,GUJGASLTD,,,,PASS,Extracted from ind_prs12032026.pdf Page 6 table | repeated_source_event
ind_prs12032026.pdf,https://www.niftyindices.com/Press_Release/ind_prs12032026.pdf,Page 6,1) Nifty500 Shariah,6,6,"March 12, 2026","March 30, 2026",2026-MAR,DELETION,The following companies are being excluded,INOX India Ltd.,INOXINDIA,,,,PASS,Extracted from ind_prs12032026.pdf Page 6 table | repeated_source_event
ind_prs12032026.pdf,https://www.niftyindices.com/Press_Release/ind_prs12032026.pdf,Page 6,1) Nifty500 Shariah,6,6,"March 12, 2026","March 30, 2026",2026-MAR,DELETION,The following companies are being excluded,Jyothy Labs Ltd.,JYOTHYLAB,,,,PASS,Extracted from ind_prs12032026.pdf Page 6 table | repeated_source_event
ind_prs12032026.pdf,https://www.niftyindices.com/Press_Release/ind_prs12032026.pdf,Page 6,1) Nifty500 Shariah,6,6,"March 12, 2026","March 30, 2026",2026-MAR,DELETION,The following companies are being excluded,Kirloskar Brothers Ltd.,KIRLOSBROS,,,,PASS,Extracted from ind_prs12032026.pdf Page 6 table | repeated_source_event
ind_prs12032026.pdf,https://www.niftyindices.com/Press_Release/ind_prs12032026.pdf,Page 6,1) Nifty500 Shariah,6,6,"March 12, 2026","March 30, 2026",2026-MAR,DELETION,The following companies are being excluded,KSB Ltd.,KSB,,,,PASS,Extracted from ind_prs12032026.pdf Page 6 table | repeated_source_event
ind_prs12032026.pdf,https://www.niftyindices.com/Press_Release/ind_prs12032026.pdf,Page 6,1) Nifty500 Shariah,6,6,"March 12, 2026","March 30, 2026",2026-MAR,DELETION,The following companies are being excluded,Metropolis Healthcare Ltd.,METROPOLIS,,,,PASS,Extracted from ind_prs12032026.pdf Page 6 table | repeated_source_event
ind_prs12032026.pdf,https://www.niftyindices.com/Press_Release/ind_prs12032026.pdf,Page 6,1) Nifty500 Shariah,6,6,"March 12, 2026","March 30, 2026",2026-MAR,DELETION,The following companies are being excluded,Procter & Gamble Hygiene & Health Care Ltd.,PGHH,,,,PASS,Extracted from ind_prs12032026.pdf Page 6 table | repeated_source_event
ind_prs12032026.pdf,https://www.niftyindices.com/Press_Release/ind_prs12032026.pdf,Page 6,1) Nifty500 Shariah,6,6,"March 12, 2026","March 30, 2026",2026-MAR,DELETION,The following companies are being excluded,Rashtriya Chemicals & Fertilizers Ltd.,RCF,,,,PASS,Extracted from ind_prs12032026.pdf Page 6 table | repeated_source_event
ind_prs12032026.pdf,https://www.niftyindices.com/Press_Release/ind_prs12032026.pdf,Page 6,1) Nifty500 Shariah,6,6,"March 12, 2026","March 30, 2026",2026-MAR,DELETION,The following companies are being excluded,Reliance Infrastructure Ltd.,RELINFRA,,,,PASS,Extracted from ind_prs12032026.pdf Page 6 table | repeated_source_event
ind_prs12032026.pdf,https://www.niftyindices.com/Press_Release/ind_prs12032026.pdf,Page 6,1) Nifty500 Shariah,6,6,"March 12, 2026","March 30, 2026",2026-MAR,DELETION,The following companies are being excluded,Sundram Fasteners Ltd.,SUNDRMFAST,,,,PASS,Extracted from ind_prs12032026.pdf Page 6 table | repeated_source_event
ind_prs12032026.pdf,https://www.niftyindices.com/Press_Release/ind_prs12032026.pdf,Page 6,1) Nifty500 Shariah,6,6,"March 12, 2026","March 30, 2026",2026-MAR,DELETION,The following companies are being excluded,V-Guard Industries Ltd.,VGUARD,,,,PASS,Extracted from ind_prs12032026.pdf Page 6 table | repeated_source_event
ind_prs12032026.pdf,https://www.niftyindices.com/Press_Release/ind_prs12032026.pdf,Page 6,1) Nifty500 Shariah,6,6,"March 12, 2026","March 30, 2026",2026-MAR,ADDITION,The following companies are being included,Aditya Infotech Ltd.,CPPLUS,,,,PASS,Extracted from ind_prs12032026.pdf Page 6 table | repeated_source_event
ind_prs12032026.pdf,https://www.niftyindices.com/Press_Release/ind_prs12032026.pdf,Page 6,1) Nifty500 Shariah,6,6,"March 12, 2026","March 30, 2026",2026-MAR,ADDITION,The following companies are being included,Cemindia Projects Ltd.,CEMPRO,,,,PASS,Extracted from ind_prs12032026.pdf Page 6 table | repeated_source_event
ind_prs12032026.pdf,https://www.niftyindices.com/Press_Release/ind_prs12032026.pdf,Page 6,1) Nifty500 Shariah,6,6,"March 12, 2026","March 30, 2026",2026-MAR,ADDITION,The following companies are being included,Gabriel India Ltd.,GABRIEL,,,,PASS,Extracted from ind_prs12032026.pdf Page 6 table | repeated_source_event
ind_prs12032026.pdf,https://www.niftyindices.com/Press_Release/ind_prs12032026.pdf,Page 6,1) Nifty500 Shariah,6,6,"March 12, 2026","March 30, 2026",2026-MAR,ADDITION,The following companies are being included,Gallantt Ispat Ltd.,GALLANTT,,,,PASS,Extracted from ind_prs12032026.pdf Page 6 table | repeated_source_event
ind_prs12032026.pdf,https://www.niftyindices.com/Press_Release/ind_prs12032026.pdf,Page 6,1) Nifty500 Shariah,6,6,"March 12, 2026","March 30, 2026",2026-MAR,ADDITION,The following companies are being included,Supreme Petrochem Ltd.,SPLPETRO,,,,PASS,Extracted from ind_prs12032026.pdf Page 6 table | repeated_source_event
ind_prs12032026.pdf,https://www.niftyindices.com/Press_Release/ind_prs12032026.pdf,Page 6,1) Nifty500 Shariah,6,6,"March 12, 2026","March 30, 2026",2026-MAR,ADDITION,The following companies are being included,Tega Industries Ltd.,TEGA,,,,PASS,Extracted from ind_prs12032026.pdf Page 6 table | repeated_source_event
ind_prs12032026.pdf,https://www.niftyindices.com/Press_Release/ind_prs12032026.pdf,Page 6,1) Nifty500 Shariah,6,6,"March 12, 2026","March 30, 2026",2026-MAR,ADDITION,The following companies are being included,Tenneco Clean Air India Ltd.,TENNIND,,,,PASS,Extracted from ind_prs12032026.pdf Page 6 table | repeated_source_event
ind_prs12032026.pdf,https://www.niftyindices.com/Press_Release/ind_prs12032026.pdf,Page 6,1) Nifty500 Shariah,6,6,"March 12, 2026","March 30, 2026",2026-MAR,ADDITION,The following companies are being included,Zydus Wellness Ltd.,ZYDUSWELL,,,,PASS,Extracted from ind_prs12032026.pdf Page 6 table | repeated_source_event
ind_prs13032025.pdf,https://www.niftyindices.com/Press_Release/ind_prs13032025.pdf,Page 6,2) Nifty500 Shariah,6,8,"March 13, 2025","March 28, 2025",2025-MAR,DELETION,The following companies are being excluded,Archean Chemical Industries Ltd.,ACI,,,,PASS,Extracted from ind_prs13032025.pdf Page 6 table | repeated_source_event
ind_prs13032025.pdf,https://www.niftyindices.com/Press_Release/ind_prs13032025.pdf,Page 6,2) Nifty500 Shariah,6,8,"March 13, 2025","March 28, 2025",2025-MAR,DELETION,The following companies are being excluded,Avanti Feeds Ltd.,AVANTIFEED,,,,PASS,Extracted from ind_prs13032025.pdf Page 6 table | repeated_source_event
ind_prs13032025.pdf,https://www.niftyindices.com/Press_Release/ind_prs13032025.pdf,Page 6,2) Nifty500 Shariah,6,8,"March 13, 2025","March 28, 2025",2025-MAR,DELETION,The following companies are being excluded,Balaji Amines Ltd.,BALAMINES,,,,PASS,Extracted from ind_prs13032025.pdf Page 6 table | repeated_source_event
ind_prs13032025.pdf,https://www.niftyindices.com/Press_Release/ind_prs13032025.pdf,Page 6,2) Nifty500 Shariah,6,8,"March 13, 2025","March 28, 2025",2025-MAR,DELETION,The following companies are being excluded,Cello World Ltd.,CELLO,,,,PASS,Extracted from ind_prs13032025.pdf Page 6 table | repeated_source_event
ind_prs13032025.pdf,https://www.niftyindices.com/Press_Release/ind_prs13032025.pdf,Page 6,2) Nifty500 Shariah,6,8,"March 13, 2025","March 28, 2025",2025-MAR,DELETION,The following companies are being excluded,CIE Automotive India Ltd.,CIEINDIA,,,,PASS,Extracted from ind_prs13032025.pdf Page 6 table | repeated_source_event
ind_prs13032025.pdf,https://www.niftyindices.com/Press_Release/ind_prs13032025.pdf,Page 6,2) Nifty500 Shariah,6,8,"March 13, 2025","March 28, 2025",2025-MAR,DELETION,The following companies are being excluded,Fine Organic Industries Ltd.,FINEORG,,,,PASS,Extracted from ind_prs13032025.pdf Page 6 table | repeated_source_event
ind_prs13032025.pdf,https://www.niftyindices.com/Press_Release/ind_prs13032025.pdf,Page 7,2) Nifty500 Shariah,6,8,"March 13, 2025","March 28, 2025",2025-MAR,DELETION,The following companies are being excluded,Grindwell Norton Ltd.,GRINDWELL,,,,PASS,Extracted from ind_prs13032025.pdf Page 7 table | repeated_source_event
ind_prs13032025.pdf,https://www.niftyindices.com/Press_Release/ind_prs13032025.pdf,Page 7,2) Nifty500 Shariah,6,8,"March 13, 2025","March 28, 2025",2025-MAR,DELETION,The following companies are being excluded,Gujarat Ambuja Exports Ltd.,GAEL,,,,PASS,Extracted from ind_prs13032025.pdf Page 7 table | repeated_source_event
ind_prs13032025.pdf,https://www.niftyindices.com/Press_Release/ind_prs13032025.pdf,Page 7,2) Nifty500 Shariah,6,8,"March 13, 2025","March 28, 2025",2025-MAR,DELETION,The following companies are being excluded,Gujarat State Fertilizers & Chemicals Ltd.,GSFC,,,,PASS,Extracted from ind_prs13032025.pdf Page 7 table | repeated_source_event
ind_prs13032025.pdf,https://www.niftyindices.com/Press_Release/ind_prs13032025.pdf,Page 7,2) Nifty500 Shariah,6,8,"March 13, 2025","March 28, 2025",2025-MAR,DELETION,The following companies are being excluded,KSB Ltd.,KSB,,,,PASS,Extracted from ind_prs13032025.pdf Page 7 table | repeated_source_event
ind_prs13032025.pdf,https://www.niftyindices.com/Press_Release/ind_prs13032025.pdf,Page 7,2) Nifty500 Shariah,6,8,"March 13, 2025","March 28, 2025",2025-MAR,DELETION,The following companies are being excluded,Metro Brands Ltd.,METROBRAND,,,,PASS,Extracted from ind_prs13032025.pdf Page 7 table | repeated_source_event
ind_prs13032025.pdf,https://www.niftyindices.com/Press_Release/ind_prs13032025.pdf,Page 7,2) Nifty500 Shariah,6,8,"March 13, 2025","March 28, 2025",2025-MAR,DELETION,The following companies are being excluded,Nuvoco Vistas Corporation Ltd.,NUVOCO,,,,PASS,Extracted from ind_prs13032025.pdf Page 7 table | repeated_source_event
ind_prs13032025.pdf,https://www.niftyindices.com/Press_Release/ind_prs13032025.pdf,Page 7,2) Nifty500 Shariah,6,8,"March 13, 2025","March 28, 2025",2025-MAR,DELETION,The following companies are being excluded,Procter & Gamble Hygiene & Health Care Ltd.,PGHH,,,,PASS,Extracted from ind_prs13032025.pdf Page 7 table | repeated_source_event
ind_prs13032025.pdf,https://www.niftyindices.com/Press_Release/ind_prs13032025.pdf,Page 7,2) Nifty500 Shariah,6,8,"March 13, 2025","March 28, 2025",2025-MAR,DELETION,The following companies are being excluded,Ratnamani Metals & Tubes Ltd.,RATNAMANI,,,,PASS,Extracted from ind_prs13032025.pdf Page 7 table | repeated_source_event
ind_prs13032025.pdf,https://www.niftyindices.com/Press_Release/ind_prs13032025.pdf,Page 7,2) Nifty500 Shariah,6,8,"March 13, 2025","March 28, 2025",2025-MAR,DELETION,The following companies are being excluded,Sanofi India Ltd.,SANOFI,,,,PASS,Extracted from ind_prs13032025.pdf Page 7 table | repeated_source_event
ind_prs13032025.pdf,https://www.niftyindices.com/Press_Release/ind_prs13032025.pdf,Page 7,2) Nifty500 Shariah,6,8,"March 13, 2025","March 28, 2025",2025-MAR,DELETION,The following companies are being excluded,Sundram Fasteners Ltd.,SUNDRMFAST,,,,PASS,Extracted from ind_prs13032025.pdf Page 7 table | repeated_source_event
ind_prs13032025.pdf,https://www.niftyindices.com/Press_Release/ind_prs13032025.pdf,Page 7,2) Nifty500 Shariah,6,8,"March 13, 2025","March 28, 2025",2025-MAR,DELETION,The following companies are being excluded,TVS Supply Chain Solutions Ltd.,TVSSCS,,,,PASS,Extracted from ind_prs13032025.pdf Page 7 table | repeated_source_event
ind_prs13032025.pdf,https://www.niftyindices.com/Press_Release/ind_prs13032025.pdf,Page 7,2) Nifty500 Shariah,6,8,"March 13, 2025","March 28, 2025",2025-MAR,DELETION,The following companies are being excluded,Vinati Organics Ltd.,VINATIORGA,,,,PASS,Extracted from ind_prs13032025.pdf Page 7 table | repeated_source_event
ind_prs13032025.pdf,https://www.niftyindices.com/Press_Release/ind_prs13032025.pdf,Page 7,2) Nifty500 Shariah,6,8,"March 13, 2025","March 28, 2025",2025-MAR,ADDITION,The following companies are being included,Afcons Infrastructure Ltd.,AFCONS,,,,PASS,Extracted from ind_prs13032025.pdf Page 7 table | repeated_source_event
ind_prs13032025.pdf,https://www.niftyindices.com/Press_Release/ind_prs13032025.pdf,Page 7,2) Nifty500 Shariah,6,8,"March 13, 2025","March 28, 2025",2025-MAR,ADDITION,The following companies are being included,Alivus Life Sciences Ltd.,ALIVUS,,,,PASS,Extracted from ind_prs13032025.pdf Page 7 table | repeated_source_event
ind_prs13032025.pdf,https://www.niftyindices.com/Press_Release/ind_prs13032025.pdf,Page 7,2) Nifty500 Shariah,6,8,"March 13, 2025","March 28, 2025",2025-MAR,ADDITION,The following companies are being included,Brainbees Solutions Ltd.,FIRSTCRY,,,,PASS,Extracted from ind_prs13032025.pdf Page 7 table | repeated_source_event
ind_prs13032025.pdf,https://www.niftyindices.com/Press_Release/ind_prs13032025.pdf,Page 7,2) Nifty500 Shariah,6,8,"March 13, 2025","March 28, 2025",2025-MAR,ADDITION,The following companies are being included,Hyundai Motor India Ltd.,HYUNDAI,,,,PASS,Extracted from ind_prs13032025.pdf Page 7 table | repeated_source_event
ind_prs13032025.pdf,https://www.niftyindices.com/Press_Release/ind_prs13032025.pdf,Page 7,2) Nifty500 Shariah,6,8,"March 13, 2025","March 28, 2025",2025-MAR,ADDITION,The following companies are being included,International Gemmological Institute (India) Ltd.,IGIL,,,,PASS,Extracted from ind_prs13032025.pdf Page 7 table | repeated_source_event
ind_prs13032025.pdf,https://www.niftyindices.com/Press_Release/ind_prs13032025.pdf,Page 7,2) Nifty500 Shariah,6,8,"March 13, 2025","March 28, 2025",2025-MAR,ADDITION,The following companies are being included,LT Foods Ltd.,LTFOODS,,,,PASS,Extracted from ind_prs13032025.pdf Page 7 table | repeated_source_event
ind_prs13032025.pdf,https://www.niftyindices.com/Press_Release/ind_prs13032025.pdf,Page 7,2) Nifty500 Shariah,6,8,"March 13, 2025","March 28, 2025",2025-MAR,ADDITION,The following companies are being included,Nava Ltd.,NAVA,,,,PASS,Extracted from ind_prs13032025.pdf Page 7 table | repeated_source_event
ind_prs13032025.pdf,https://www.niftyindices.com/Press_Release/ind_prs13032025.pdf,Page 7,2) Nifty500 Shariah,6,8,"March 13, 2025","March 28, 2025",2025-MAR,ADDITION,The following companies are being included,Neuland Laboratories Ltd.,NEULANDLAB,,,,PASS,Extracted from ind_prs13032025.pdf Page 7 table | repeated_source_event
ind_prs13032025.pdf,https://www.niftyindices.com/Press_Release/ind_prs13032025.pdf,Page 7,2) Nifty500 Shariah,6,8,"March 13, 2025","March 28, 2025",2025-MAR,ADDITION,The following companies are being included,PG Electroplast Ltd.,PGEL,,,,PASS,Extracted from ind_prs13032025.pdf Page 7 table | repeated_source_event
ind_prs13032025.pdf,https://www.niftyindices.com/Press_Release/ind_prs13032025.pdf,Page 7,2) Nifty500 Shariah,6,8,"March 13, 2025","March 28, 2025",2025-MAR,ADDITION,The following companies are being included,Transformers And Rectifiers (India) Ltd.,TARIL,,,,PASS,Extracted from ind_prs13032025.pdf Page 7 table | repeated_source_event
ind_prs13032025.pdf,https://www.niftyindices.com/Press_Release/ind_prs13032025.pdf,Page 7,2) Nifty500 Shariah,6,8,"March 13, 2025","March 28, 2025",2025-MAR,ADDITION,The following companies are being included,Vishal Mega Mart Ltd.,VMM,,,,PASS,Extracted from ind_prs13032025.pdf Page 7 table | repeated_source_event
ind_prs13032025.pdf,https://www.niftyindices.com/Press_Release/ind_prs13032025.pdf,Page 7,2) Nifty500 Shariah,6,8,"March 13, 2025","March 28, 2025",2025-MAR,ADDITION,The following companies are being included,Waaree Energies Ltd.,WAAREEENER,,,,PASS,Extracted from ind_prs13032025.pdf Page 7 table | repeated_source_event
ind_prs13072026_1.pdf,https://www.niftyindices.com/Press_Release/ind_prs13072026_1.pdf,Page 1,1) Nifty 500,1,1,"July 13, 2026","July
17, 2026",2026-JUL,DELETION,The following companies are being excluded,J.B. Chemicals & Pharmaceuticals Ltd.,JBCHEPHARM,,,,PASS,Extracted from ind_prs13072026_1.pdf Page 1 table
ind_prs13072026_1.pdf,https://www.niftyindices.com/Press_Release/ind_prs13072026_1.pdf,Page 1,1) Nifty 500,1,1,"July 13, 2026","July
17, 2026",2026-JUL,DELETION,The following companies are being excluded,Prime Focus Ltd.,PFOCUS,,,,PASS,Extracted from ind_prs13072026_1.pdf Page 1 table
ind_prs15062021.pdf,https://www.niftyindices.com/Press_Release/ind_prs15062021.pdf,Page 1,1) NIFTY 500,1,1,"June 15, 2021","June 30, 2021",2021-JUN,DELETION,The following companies are being excluded,Motherson Sumi Systems Ltd.,MOTHERSUMI,,,,PASS,Extracted from ind_prs15062021.pdf Page 1 table
ind_prs15062021.pdf,https://www.niftyindices.com/Press_Release/ind_prs15062021.pdf,Page 1,1) NIFTY 500,1,1,"June 15, 2021","June 30, 2021",2021-JUN,DELETION,The following companies are being excluded,Gland Pharma Ltd.,GLAND,,,,PASS,Extracted from ind_prs15062021.pdf Page 1 table
ind_prs15062022.pdf,https://www.niftyindices.com/Press_Release/ind_prs15062022.pdf,Page 6,9) Nifty500 Value 50,6,6,"June 15, 2022","June 30, 2022",2022-JUN,DELETION,The following companies are being excluded,Equitas Holdings Ltd.,EQUITAS,,,,PASS,Extracted from ind_prs15062022.pdf Page 6 table
ind_prs15062022.pdf,https://www.niftyindices.com/Press_Release/ind_prs15062022.pdf,Page 6,9) Nifty500 Value 50,6,6,"June 15, 2022","June 30, 2022",2022-JUN,DELETION,The following companies are being excluded,Great Eastern Shipping Co. Ltd.,GESHIP,,,,PASS,Extracted from ind_prs15062022.pdf Page 6 table
ind_prs15062022.pdf,https://www.niftyindices.com/Press_Release/ind_prs15062022.pdf,Page 6,9) Nifty500 Value 50,6,6,"June 15, 2022","June 30, 2022",2022-JUN,DELETION,The following companies are being excluded,Gujarat Narmada Valley Fertilizers and Chem. Ltd.,GNFC,,,,PASS,Extracted from ind_prs15062022.pdf Page 6 table
ind_prs15062022.pdf,https://www.niftyindices.com/Press_Release/ind_prs15062022.pdf,Page 6,9) Nifty500 Value 50,6,6,"June 15, 2022","June 30, 2022",2022-JUN,DELETION,The following companies are being excluded,IRB Infrastructure Developers Ltd.,IRB,,,,PASS,Extracted from ind_prs15062022.pdf Page 6 table
ind_prs15062022.pdf,https://www.niftyindices.com/Press_Release/ind_prs15062022.pdf,Page 6,9) Nifty500 Value 50,6,6,"June 15, 2022","June 30, 2022",2022-JUN,DELETION,The following companies are being excluded,JM Financial Ltd.,JMFINANCIL,,,,PASS,Extracted from ind_prs15062022.pdf Page 6 table
ind_prs15062022.pdf,https://www.niftyindices.com/Press_Release/ind_prs15062022.pdf,Page 6,9) Nifty500 Value 50,6,6,"June 15, 2022","June 30, 2022",2022-JUN,DELETION,The following companies are being excluded,Ujjivan Financial Services Ltd.,UJJIVAN,,,,PASS,Extracted from ind_prs15062022.pdf Page 6 table
ind_prs15062022.pdf,https://www.niftyindices.com/Press_Release/ind_prs15062022.pdf,Page 6,9) Nifty500 Value 50,6,6,"June 15, 2022","June 30, 2022",2022-JUN,ADDITION,The following companies are being included,Aurobindo Pharma Ltd.,AUROPHARMA,,,,PASS,Extracted from ind_prs15062022.pdf Page 6 table
ind_prs15062022.pdf,https://www.niftyindices.com/Press_Release/ind_prs15062022.pdf,Page 6,9) Nifty500 Value 50,6,6,"June 15, 2022","June 30, 2022",2022-JUN,ADDITION,The following companies are being included,Mahanagar Gas Ltd.,MGL,,,,PASS,Extracted from ind_prs15062022.pdf Page 6 table
ind_prs15062022.pdf,https://www.niftyindices.com/Press_Release/ind_prs15062022.pdf,Page 6,9) Nifty500 Value 50,6,6,"June 15, 2022","June 30, 2022",2022-JUN,ADDITION,The following companies are being included,Manappuram Finance Ltd.,MANAPPURAM,,,,PASS,Extracted from ind_prs15062022.pdf Page 6 table
ind_prs15062022.pdf,https://www.niftyindices.com/Press_Release/ind_prs15062022.pdf,Page 6,9) Nifty500 Value 50,6,6,"June 15, 2022","June 30, 2022",2022-JUN,ADDITION,The following companies are being included,Pfizer Ltd.,PFIZER,,,,PASS,Extracted from ind_prs15062022.pdf Page 6 table
ind_prs15062022.pdf,https://www.niftyindices.com/Press_Release/ind_prs15062022.pdf,Page 6,9) Nifty500 Value 50,6,6,"June 15, 2022","June 30, 2022",2022-JUN,ADDITION,The following companies are being included,RBL Bank Ltd.,RBLBANK,,,,PASS,Extracted from ind_prs15062022.pdf Page 6 table
ind_prs15062022.pdf,https://www.niftyindices.com/Press_Release/ind_prs15062022.pdf,Page 6,9) Nifty500 Value 50,6,6,"June 15, 2022","June 30, 2022",2022-JUN,ADDITION,The following companies are being included,Shriram Transport Finance Co. Ltd.,SRTRANSFIN,,,,PASS,Extracted from ind_prs15062022.pdf Page 6 table
ind_prs15092023.pdf,https://www.niftyindices.com/Press_Release/ind_prs15092023.pdf,Page 5,2) Nifty500 Shariah,5,6,"September 15, 2023",,2023-SEP,DELETION,The following companies are being excluded,BASF India Ltd.,BASF,,,,PASS,Extracted from ind_prs15092023.pdf Page 5 table
ind_prs15092023.pdf,https://www.niftyindices.com/Press_Release/ind_prs15092023.pdf,Page 5,2) Nifty500 Shariah,5,6,"September 15, 2023",,2023-SEP,DELETION,The following companies are being excluded,Bharat Petroleum Corporation Ltd.,BPCL,,,,PASS,Extracted from ind_prs15092023.pdf Page 5 table
ind_prs15092023.pdf,https://www.niftyindices.com/Press_Release/ind_prs15092023.pdf,Page 5,2) Nifty500 Shariah,5,6,"September 15, 2023",,2023-SEP,DELETION,The following companies are being excluded,Borosil Renewables Ltd.,BORORENEW,,,,PASS,Extracted from ind_prs15092023.pdf Page 5 table
ind_prs15092023.pdf,https://www.niftyindices.com/Press_Release/ind_prs15092023.pdf,Page 5,2) Nifty500 Shariah,5,6,"September 15, 2023",,2023-SEP,DELETION,The following companies are being excluded,Finolex Industries Ltd.,FINPIPE,,,,PASS,Extracted from ind_prs15092023.pdf Page 5 table
ind_prs15092023.pdf,https://www.niftyindices.com/Press_Release/ind_prs15092023.pdf,Page 5,2) Nifty500 Shariah,5,6,"September 15, 2023",,2023-SEP,DELETION,The following companies are being excluded,Greenpanel Industries Ltd.,GREENPANEL,,,,PASS,Extracted from ind_prs15092023.pdf Page 5 table
ind_prs15092023.pdf,https://www.niftyindices.com/Press_Release/ind_prs15092023.pdf,Page 5,2) Nifty500 Shariah,5,6,"September 15, 2023",,2023-SEP,DELETION,The following companies are being excluded,Hinduja Global Solutions Ltd.,HGS,,,,PASS,Extracted from ind_prs15092023.pdf Page 5 table
ind_prs15092023.pdf,https://www.niftyindices.com/Press_Release/ind_prs15092023.pdf,Page 5,2) Nifty500 Shariah,5,6,"September 15, 2023",,2023-SEP,DELETION,The following companies are being excluded,Hindustan Aeronautics Ltd.,HAL,,,,PASS,Extracted from ind_prs15092023.pdf Page 5 table
ind_prs15092023.pdf,https://www.niftyindices.com/Press_Release/ind_prs15092023.pdf,Page 5,2) Nifty500 Shariah,5,6,"September 15, 2023",,2023-SEP,DELETION,The following companies are being excluded,IFB Industries Ltd.,IFBIND,,,,PASS,Extracted from ind_prs15092023.pdf Page 5 table
ind_prs15092023.pdf,https://www.niftyindices.com/Press_Release/ind_prs15092023.pdf,Page 5,2) Nifty500 Shariah,5,6,"September 15, 2023",,2023-SEP,DELETION,The following companies are being excluded,Info Edge (India) Ltd.,NAUKRI,,,,PASS,Extracted from ind_prs15092023.pdf Page 5 table
ind_prs15092023.pdf,https://www.niftyindices.com/Press_Release/ind_prs15092023.pdf,Page 5,2) Nifty500 Shariah,5,6,"September 15, 2023",,2023-SEP,DELETION,The following companies are being excluded,Kennametal India Ltd.,KENNAMET,,,,PASS,Extracted from ind_prs15092023.pdf Page 5 table
ind_prs15092023.pdf,https://www.niftyindices.com/Press_Release/ind_prs15092023.pdf,Page 5,2) Nifty500 Shariah,5,6,"September 15, 2023",,2023-SEP,DELETION,The following companies are being excluded,NOCIL Ltd.,NOCIL,,,,PASS,Extracted from ind_prs15092023.pdf Page 5 table
ind_prs15092023.pdf,https://www.niftyindices.com/Press_Release/ind_prs15092023.pdf,Page 5,2) Nifty500 Shariah,5,6,"September 15, 2023",,2023-SEP,DELETION,The following companies are being excluded,TCI Express Ltd.,TCIEXP,,,,PASS,Extracted from ind_prs15092023.pdf Page 5 table
ind_prs15092023.pdf,https://www.niftyindices.com/Press_Release/ind_prs15092023.pdf,Page 5,2) Nifty500 Shariah,5,6,"September 15, 2023",,2023-SEP,DELETION,The following companies are being excluded,Transport Corporation of India Ltd.,TCI,,,,PASS,Extracted from ind_prs15092023.pdf Page 5 table
ind_prs15092023.pdf,https://www.niftyindices.com/Press_Release/ind_prs15092023.pdf,Page 5,2) Nifty500 Shariah,5,6,"September 15, 2023",,2023-SEP,ADDITION,The following companies are being included,Allcargo Logistics Ltd.,ALLCARGO,,,,PASS,Extracted from ind_prs15092023.pdf Page 5 table
ind_prs15092023.pdf,https://www.niftyindices.com/Press_Release/ind_prs15092023.pdf,Page 5,2) Nifty500 Shariah,5,6,"September 15, 2023",,2023-SEP,ADDITION,The following companies are being included,Chambal Fertilizers & Chemicals Ltd.,CHAMBLFERT,,,,PASS,Extracted from ind_prs15092023.pdf Page 5 table
ind_prs15092023.pdf,https://www.niftyindices.com/Press_Release/ind_prs15092023.pdf,Page 5,2) Nifty500 Shariah,5,6,"September 15, 2023",,2023-SEP,ADDITION,The following companies are being included,Gillette India Ltd.,GILLETTE,,,,PASS,Extracted from ind_prs15092023.pdf Page 5 table
ind_prs15092023.pdf,https://www.niftyindices.com/Press_Release/ind_prs15092023.pdf,Page 5,2) Nifty500 Shariah,5,6,"September 15, 2023",,2023-SEP,ADDITION,The following companies are being included,Glenmark Life Sciences Ltd.,GLS,,,,PASS,Extracted from ind_prs15092023.pdf Page 5 table
ind_prs15092023.pdf,https://www.niftyindices.com/Press_Release/ind_prs15092023.pdf,Page 6,2) Nifty500 Shariah,5,6,"September 15, 2023",,2023-SEP,ADDITION,The following companies are being included,Godawari Power & Ispat Ltd.,GPIL,,,,PASS,Extracted from ind_prs15092023.pdf Page 6 table
ind_prs15092023.pdf,https://www.niftyindices.com/Press_Release/ind_prs15092023.pdf,Page 6,2) Nifty500 Shariah,5,6,"September 15, 2023",,2023-SEP,ADDITION,The following companies are being included,H.E.G. Ltd.,HEG,,,,PASS,Extracted from ind_prs15092023.pdf Page 6 table
ind_prs15092023.pdf,https://www.niftyindices.com/Press_Release/ind_prs15092023.pdf,Page 6,2) Nifty500 Shariah,5,6,"September 15, 2023",,2023-SEP,ADDITION,The following companies are being included,IRCON International Ltd.,IRCON,,,,PASS,Extracted from ind_prs15092023.pdf Page 6 table
ind_prs15092023.pdf,https://www.niftyindices.com/Press_Release/ind_prs15092023.pdf,Page 6,2) Nifty500 Shariah,5,6,"September 15, 2023",,2023-SEP,ADDITION,The following companies are being included,Jindal Saw Ltd.,JINDALSAW,,,,PASS,Extracted from ind_prs15092023.pdf Page 6 table
ind_prs15092023.pdf,https://www.niftyindices.com/Press_Release/ind_prs15092023.pdf,Page 6,2) Nifty500 Shariah,5,6,"September 15, 2023",,2023-SEP,ADDITION,The following companies are being included,Kirloskar Ferrous Industries Ltd.,KIRLFER,,,,PASS,Extracted from ind_prs15092023.pdf Page 6 table
ind_prs15092023.pdf,https://www.niftyindices.com/Press_Release/ind_prs15092023.pdf,Page 6,2) Nifty500 Shariah,5,6,"September 15, 2023",,2023-SEP,ADDITION,The following companies are being included,Procter & Gamble Health Ltd.,PGHL,,,,PASS,Extracted from ind_prs15092023.pdf Page 6 table
ind_prs15092023.pdf,https://www.niftyindices.com/Press_Release/ind_prs15092023.pdf,Page 6,2) Nifty500 Shariah,5,6,"September 15, 2023",,2023-SEP,ADDITION,The following companies are being included,Safari Industries (India) Ltd.,SAFARI,,,,PASS,Extracted from ind_prs15092023.pdf Page 6 table
ind_prs15092023.pdf,https://www.niftyindices.com/Press_Release/ind_prs15092023.pdf,Page 6,2) Nifty500 Shariah,5,6,"September 15, 2023",,2023-SEP,ADDITION,The following companies are being included,Syrma SGS Technology Ltd.,SYRMA,,,,PASS,Extracted from ind_prs15092023.pdf Page 6 table
ind_prs15092023.pdf,https://www.niftyindices.com/Press_Release/ind_prs15092023.pdf,Page 6,2) Nifty500 Shariah,5,6,"September 15, 2023",,2023-SEP,ADDITION,The following companies are being included,Usha Martin Ltd.,USHAMART,,,,PASS,Extracted from ind_prs15092023.pdf Page 6 table
ind_prs15092025.pdf,https://www.niftyindices.com/Press_Release/ind_prs15092025.pdf,Page 5,2) Nifty500 Shariah,5,7,"September 15, 2025","September 30, 2025",2025-SEP,DELETION,The following companies are being excluded,Alivus Life Sciences Ltd.,ALIVUS,,,,PASS,Extracted from ind_prs15092025.pdf Page 5 table | repeated_source_event
ind_prs15092025.pdf,https://www.niftyindices.com/Press_Release/ind_prs15092025.pdf,Page 5,2) Nifty500 Shariah,5,7,"September 15, 2025","September 30, 2025",2025-SEP,DELETION,The following companies are being excluded,Apollo Hospitals Enterprise Ltd.,APOLLOHOSP,,,,PASS,Extracted from ind_prs15092025.pdf Page 5 table
ind_prs15092025.pdf,https://www.niftyindices.com/Press_Release/ind_prs15092025.pdf,Page 5,2) Nifty500 Shariah,5,7,"September 15, 2025","September 30, 2025",2025-SEP,DELETION,The following companies are being excluded,Coal India Ltd.,COALINDIA,,,,PASS,Extracted from ind_prs15092025.pdf Page 5 table
ind_prs15092025.pdf,https://www.niftyindices.com/Press_Release/ind_prs15092025.pdf,Page 5,2) Nifty500 Shariah,5,7,"September 15, 2025","September 30, 2025",2025-SEP,DELETION,The following companies are being excluded,Finolex Industries Ltd.,FINPIPE,,,,PASS,Extracted from ind_prs15092025.pdf Page 5 table
ind_prs15092025.pdf,https://www.niftyindices.com/Press_Release/ind_prs15092025.pdf,Page 5,2) Nifty500 Shariah,5,7,"September 15, 2025","September 30, 2025",2025-SEP,DELETION,The following companies are being excluded,FSN E-Commerce Ventures Ltd.,NYKAA,,,,PASS,Extracted from ind_prs15092025.pdf Page 5 table
ind_prs15092025.pdf,https://www.niftyindices.com/Press_Release/ind_prs15092025.pdf,Page 5,2) Nifty500 Shariah,5,7,"September 15, 2025","September 30, 2025",2025-SEP,DELETION,The following companies are being excluded,Indian Oil Corporation Ltd.,IOC,,,,PASS,Extracted from ind_prs15092025.pdf Page 5 table
ind_prs15092025.pdf,https://www.niftyindices.com/Press_Release/ind_prs15092025.pdf,Page 5,2) Nifty500 Shariah,5,7,"September 15, 2025","September 30, 2025",2025-SEP,DELETION,The following companies are being excluded,Kansai Nerolac Paints Ltd.,KANSAINER,,,,PASS,Extracted from ind_prs15092025.pdf Page 5 table | repeated_source_event
ind_prs15092025.pdf,https://www.niftyindices.com/Press_Release/ind_prs15092025.pdf,Page 5,2) Nifty500 Shariah,5,7,"September 15, 2025","September 30, 2025",2025-SEP,DELETION,The following companies are being excluded,Maharashtra Seamless Ltd.,MAHSEAMLES,,,,PASS,Extracted from ind_prs15092025.pdf Page 5 table
ind_prs15092025.pdf,https://www.niftyindices.com/Press_Release/ind_prs15092025.pdf,Page 5,2) Nifty500 Shariah,5,7,"September 15, 2025","September 30, 2025",2025-SEP,DELETION,The following companies are being excluded,Mankind Pharma Ltd.,MANKIND,,,,PASS,Extracted from ind_prs15092025.pdf Page 5 table
ind_prs15092025.pdf,https://www.niftyindices.com/Press_Release/ind_prs15092025.pdf,Page 5,2) Nifty500 Shariah,5,7,"September 15, 2025","September 30, 2025",2025-SEP,DELETION,The following companies are being excluded,Mastek Ltd.,MASTEK,,,,PASS,Extracted from ind_prs15092025.pdf Page 5 table | repeated_source_event
ind_prs15092025.pdf,https://www.niftyindices.com/Press_Release/ind_prs15092025.pdf,Page 5,2) Nifty500 Shariah,5,7,"September 15, 2025","September 30, 2025",2025-SEP,DELETION,The following companies are being excluded,Minda Corporation Ltd.,MINDACORP,,,,PASS,Extracted from ind_prs15092025.pdf Page 5 table
ind_prs15092025.pdf,https://www.niftyindices.com/Press_Release/ind_prs15092025.pdf,Page 5,2) Nifty500 Shariah,5,7,"September 15, 2025","September 30, 2025",2025-SEP,DELETION,The following companies are being excluded,Raymond Ltd.,RAYMOND,,,,PASS,Extracted from ind_prs15092025.pdf Page 5 table | repeated_source_event
ind_prs15092025.pdf,https://www.niftyindices.com/Press_Release/ind_prs15092025.pdf,Page 5,2) Nifty500 Shariah,5,7,"September 15, 2025","September 30, 2025",2025-SEP,DELETION,The following companies are being excluded,Route Mobile Ltd.,ROUTE,,,,PASS,Extracted from ind_prs15092025.pdf Page 5 table | repeated_source_event
ind_prs15092025.pdf,https://www.niftyindices.com/Press_Release/ind_prs15092025.pdf,Page 5,2) Nifty500 Shariah,5,7,"September 15, 2025","September 30, 2025",2025-SEP,DELETION,The following companies are being excluded,Sterling and Wilson Renewable Energy Ltd.,SWSOLAR,,,,PASS,Extracted from ind_prs15092025.pdf Page 5 table | repeated_source_event
ind_prs15092025.pdf,https://www.niftyindices.com/Press_Release/ind_prs15092025.pdf,Page 6,2) Nifty500 Shariah,5,7,"September 15, 2025","September 30, 2025",2025-SEP,DELETION,The following companies are being excluded,Tanla Platforms Ltd.,TANLA,,,,PASS,Extracted from ind_prs15092025.pdf Page 6 table | repeated_source_event
ind_prs15092025.pdf,https://www.niftyindices.com/Press_Release/ind_prs15092025.pdf,Page 6,2) Nifty500 Shariah,5,7,"September 15, 2025","September 30, 2025",2025-SEP,DELETION,The following companies are being excluded,ZF Commercial Vehicle Control Systems India Ltd.,ZFCVINDIA,,,,PASS,Extracted from ind_prs15092025.pdf Page 6 table
ind_prs15092025.pdf,https://www.niftyindices.com/Press_Release/ind_prs15092025.pdf,Page 6,2) Nifty500 Shariah,5,7,"September 15, 2025","September 30, 2025",2025-SEP,ADDITION,The following companies are being included,Akzo Nobel India Ltd.,AKZOINDIA,,,,PASS,Extracted from ind_prs15092025.pdf Page 6 table | repeated_source_event
ind_prs15092025.pdf,https://www.niftyindices.com/Press_Release/ind_prs15092025.pdf,Page 6,2) Nifty500 Shariah,5,7,"September 15, 2025","September 30, 2025",2025-SEP,ADDITION,The following companies are being included,Blue Jet Healthcare Ltd.,BLUEJET,,,,PASS,Extracted from ind_prs15092025.pdf Page 6 table | repeated_source_event
ind_prs15092025.pdf,https://www.niftyindices.com/Press_Release/ind_prs15092025.pdf,Page 6,2) Nifty500 Shariah,5,7,"September 15, 2025","September 30, 2025",2025-SEP,ADDITION,The following companies are being included,Emcure Pharmaceuticals Ltd.,EMCURE,,,,PASS,Extracted from ind_prs15092025.pdf Page 6 table
ind_prs15092025.pdf,https://www.niftyindices.com/Press_Release/ind_prs15092025.pdf,Page 6,2) Nifty500 Shariah,5,7,"September 15, 2025","September 30, 2025",2025-SEP,ADDITION,The following companies are being included,Force Motors Ltd.,FORCEMOT,,,,PASS,Extracted from ind_prs15092025.pdf Page 6 table | repeated_source_event
ind_prs15092025.pdf,https://www.niftyindices.com/Press_Release/ind_prs15092025.pdf,Page 6,2) Nifty500 Shariah,5,7,"September 15, 2025","September 30, 2025",2025-SEP,ADDITION,The following companies are being included,Gravita India Ltd.,GRAVITA,,,,PASS,Extracted from ind_prs15092025.pdf Page 6 table
ind_prs15092025.pdf,https://www.niftyindices.com/Press_Release/ind_prs15092025.pdf,Page 6,2) Nifty500 Shariah,5,7,"September 15, 2025","September 30, 2025",2025-SEP,ADDITION,The following companies are being included,Hexaware Technologies Ltd.,HEXT,,,,PASS,Extracted from ind_prs15092025.pdf Page 6 table | repeated_source_event
ind_prs15092025.pdf,https://www.niftyindices.com/Press_Release/ind_prs15092025.pdf,Page 6,2) Nifty500 Shariah,5,7,"September 15, 2025","September 30, 2025",2025-SEP,ADDITION,The following companies are being included,Hindalco Industries Ltd.,HINDALCO,,,,PASS,Extracted from ind_prs15092025.pdf Page 6 table
ind_prs15092025.pdf,https://www.niftyindices.com/Press_Release/ind_prs15092025.pdf,Page 6,2) Nifty500 Shariah,5,7,"September 15, 2025","September 30, 2025",2025-SEP,ADDITION,The following companies are being included,Indus Towers Ltd.,INDUSTOWER,,,,PASS,Extracted from ind_prs15092025.pdf Page 6 table
ind_prs15092025.pdf,https://www.niftyindices.com/Press_Release/ind_prs15092025.pdf,Page 6,2) Nifty500 Shariah,5,7,"September 15, 2025","September 30, 2025",2025-SEP,ADDITION,The following companies are being included,Jubilant Pharmova Ltd.,JUBLPHARMA,,,,PASS,Extracted from ind_prs15092025.pdf Page 6 table
ind_prs15092025.pdf,https://www.niftyindices.com/Press_Release/ind_prs15092025.pdf,Page 6,2) Nifty500 Shariah,5,7,"September 15, 2025","September 30, 2025",2025-SEP,ADDITION,The following companies are being included,KSB Ltd.,KSB,,,,PASS,Extracted from ind_prs15092025.pdf Page 6 table | repeated_source_event
ind_prs15092025.pdf,https://www.niftyindices.com/Press_Release/ind_prs15092025.pdf,Page 6,2) Nifty500 Shariah,5,7,"September 15, 2025","September 30, 2025",2025-SEP,ADDITION,The following companies are being included,Nuvoco Vistas Corporation Ltd.,NUVOCO,,,,PASS,Extracted from ind_prs15092025.pdf Page 6 table | repeated_source_event
ind_prs15092025.pdf,https://www.niftyindices.com/Press_Release/ind_prs15092025.pdf,Page 6,2) Nifty500 Shariah,5,7,"September 15, 2025","September 30, 2025",2025-SEP,ADDITION,The following companies are being included,Procter & Gamble Hygiene & Health Care Ltd.,PGHH,,,,PASS,Extracted from ind_prs15092025.pdf Page 6 table | repeated_source_event
ind_prs15092025.pdf,https://www.niftyindices.com/Press_Release/ind_prs15092025.pdf,Page 6,2) Nifty500 Shariah,5,7,"September 15, 2025","September 30, 2025",2025-SEP,ADDITION,The following companies are being included,Sai Life Sciences Ltd.,SAILIFE,,,,PASS,Extracted from ind_prs15092025.pdf Page 6 table
ind_prs15092025.pdf,https://www.niftyindices.com/Press_Release/ind_prs15092025.pdf,Page 6,2) Nifty500 Shariah,5,7,"September 15, 2025","September 30, 2025",2025-SEP,ADDITION,The following companies are being included,Swiggy Ltd.,SWIGGY,,,,PASS,Extracted from ind_prs15092025.pdf Page 6 table
ind_prs15092025.pdf,https://www.niftyindices.com/Press_Release/ind_prs15092025.pdf,Page 6,2) Nifty500 Shariah,5,7,"September 15, 2025","September 30, 2025",2025-SEP,ADDITION,The following companies are being included,Trident Ltd.,TRIDENT,,,,PASS,Extracted from ind_prs15092025.pdf Page 6 table
ind_prs15092025.pdf,https://www.niftyindices.com/Press_Release/ind_prs15092025.pdf,Page 6,2) Nifty500 Shariah,5,7,"September 15, 2025","September 30, 2025",2025-SEP,ADDITION,The following companies are being included,Welspun Living Ltd.,WELSPUNLIV,,,,PASS,Extracted from ind_prs15092025.pdf Page 6 table
ind_prs15092025.pdf,https://www.niftyindices.com/Press_Release/ind_prs15092025.pdf,Page 6,2) Nifty500 Shariah,5,7,"September 15, 2025","September 30, 2025",2025-SEP,DELETION,The following companies are being excluded,CG Power and Industrial Solutions Ltd.,CGPOWER,,,,PASS,Extracted from ind_prs15092025.pdf Page 6 table
ind_prs15092025.pdf,https://www.niftyindices.com/Press_Release/ind_prs15092025.pdf,Page 6,2) Nifty500 Shariah,5,7,"September 15, 2025","September 30, 2025",2025-SEP,DELETION,The following companies are being excluded,SRF Ltd.,SRF,,,,PASS,Extracted from ind_prs15092025.pdf Page 6 table
ind_prs15092025_1.pdf,https://www.niftyindices.com/Press_Release/ind_prs15092025_1.pdf,Page 1,1) Nifty 500,1,1,"September 15, 2025","September 23, 2025",2025-SEP,DELETION,The following companies are being excluded,Piramal Enterprises Ltd.,PEL,,,,PASS,Extracted from ind_prs15092025_1.pdf Page 1 table
ind_prs15092025_1.pdf,https://www.niftyindices.com/Press_Release/ind_prs15092025_1.pdf,Page 1,1) Nifty 500,1,1,"September 15, 2025","September 23, 2025",2025-SEP,DELETION,The following companies are being excluded,Reliance Infrastructure Ltd.,RELINFRA,,,,PASS,Extracted from ind_prs15092025_1.pdf Page 1 table
ind_prs16092022.pdf,https://www.niftyindices.com/Press_Release/ind_prs16092022.pdf,Page 1,1) Nifty 500,1,1,"September 16, 2022",,2022-SEP,DELETION,The following companies are being excluded,Equitas Holdings Ltd.,EQUITAS,,,,PASS,Extracted from ind_prs16092022.pdf Page 1 table
ind_prs16092022.pdf,https://www.niftyindices.com/Press_Release/ind_prs16092022.pdf,Page 1,1) Nifty 500,1,1,"September 16, 2022",,2022-SEP,DELETION,The following companies are being excluded,Shoppers Stop Ltd.,SHOPERSTOP,,,,PASS,Extracted from ind_prs16092022.pdf Page 1 table
ind_prs17022023_1.pdf,https://www.niftyindices.com/Press_Release/ind_prs17022023_1.pdf,Page 1,2) Nifty 500,1,3,"February 17, 2023","March 31, 2023",2023-MAR,DELETION,The following companies are being excluded,Aditya Birla Sun Life AMC Ltd.,ABSLAMC,,,,PASS,Extracted from ind_prs17022023_1.pdf Page 1 table
ind_prs17022023_1.pdf,https://www.niftyindices.com/Press_Release/ind_prs17022023_1.pdf,Page 1,2) Nifty 500,1,3,"February 17, 2023","March 31, 2023",2023-MAR,DELETION,The following companies are being excluded,Alok Industries Ltd.,ALOKINDS,,,,PASS,Extracted from ind_prs17022023_1.pdf Page 1 table
ind_prs17022023_1.pdf,https://www.niftyindices.com/Press_Release/ind_prs17022023_1.pdf,Page 2,2) Nifty 500,1,3,"February 17, 2023","March 31, 2023",2023-MAR,DELETION,The following companies are being excluded,AstraZenca Pharma India Ltd.,ASTRAZEN,,,,PASS,Extracted from ind_prs17022023_1.pdf Page 2 table
ind_prs17022023_1.pdf,https://www.niftyindices.com/Press_Release/ind_prs17022023_1.pdf,Page 2,2) Nifty 500,1,3,"February 17, 2023","March 31, 2023",2023-MAR,DELETION,The following companies are being excluded,Bharat Rasayan Ltd.,BHARATRAS,,,,PASS,Extracted from ind_prs17022023_1.pdf Page 2 table
ind_prs17022023_1.pdf,https://www.niftyindices.com/Press_Release/ind_prs17022023_1.pdf,Page 2,2) Nifty 500,1,3,"February 17, 2023","March 31, 2023",2023-MAR,DELETION,The following companies are being excluded,Caplin Point Laboratories Ltd.,CAPLIPOINT,,,,PASS,Extracted from ind_prs17022023_1.pdf Page 2 table
ind_prs17022023_1.pdf,https://www.niftyindices.com/Press_Release/ind_prs17022023_1.pdf,Page 2,2) Nifty 500,1,3,"February 17, 2023","March 31, 2023",2023-MAR,DELETION,The following companies are being excluded,Dhani Services Ltd.,DHANI,,,,PASS,Extracted from ind_prs17022023_1.pdf Page 2 table
ind_prs17022023_1.pdf,https://www.niftyindices.com/Press_Release/ind_prs17022023_1.pdf,Page 2,2) Nifty 500,1,3,"February 17, 2023","March 31, 2023",2023-MAR,DELETION,The following companies are being excluded,Dilip Buildcon Ltd.,DBL,,,,PASS,Extracted from ind_prs17022023_1.pdf Page 2 table
ind_prs17022023_1.pdf,https://www.niftyindices.com/Press_Release/ind_prs17022023_1.pdf,Page 2,2) Nifty 500,1,3,"February 17, 2023","March 31, 2023",2023-MAR,DELETION,The following companies are being excluded,Hatsun Agro Product Ltd.,HATSUN,,,,PASS,Extracted from ind_prs17022023_1.pdf Page 2 table
ind_prs17022023_1.pdf,https://www.niftyindices.com/Press_Release/ind_prs17022023_1.pdf,Page 2,2) Nifty 500,1,3,"February 17, 2023","March 31, 2023",2023-MAR,DELETION,The following companies are being excluded,Indoco Remedies Ltd.,INDOCO,,,,PASS,Extracted from ind_prs17022023_1.pdf Page 2 table
ind_prs17022023_1.pdf,https://www.niftyindices.com/Press_Release/ind_prs17022023_1.pdf,Page 2,2) Nifty 500,1,3,"February 17, 2023","March 31, 2023",2023-MAR,DELETION,The following companies are being excluded,MOIL Ltd.,MOIL,,,,PASS,Extracted from ind_prs17022023_1.pdf Page 2 table
ind_prs17022023_1.pdf,https://www.niftyindices.com/Press_Release/ind_prs17022023_1.pdf,Page 2,2) Nifty 500,1,3,"February 17, 2023","March 31, 2023",2023-MAR,DELETION,The following companies are being excluded,Privi Speciality Chemicals Ltd.,PRIVISCL,,,,PASS,Extracted from ind_prs17022023_1.pdf Page 2 table
ind_prs17022023_1.pdf,https://www.niftyindices.com/Press_Release/ind_prs17022023_1.pdf,Page 2,2) Nifty 500,1,3,"February 17, 2023","March 31, 2023",2023-MAR,DELETION,The following companies are being excluded,Procter & Gamble Health Ltd.,PGHL,,,,PASS,Extracted from ind_prs17022023_1.pdf Page 2 table
ind_prs17022023_1.pdf,https://www.niftyindices.com/Press_Release/ind_prs17022023_1.pdf,Page 2,2) Nifty 500,1,3,"February 17, 2023","March 31, 2023",2023-MAR,DELETION,The following companies are being excluded,Sheela Foam Ltd.,SFL,,,,PASS,Extracted from ind_prs17022023_1.pdf Page 2 table
ind_prs17022023_1.pdf,https://www.niftyindices.com/Press_Release/ind_prs17022023_1.pdf,Page 2,2) Nifty 500,1,3,"February 17, 2023","March 31, 2023",2023-MAR,DELETION,The following companies are being excluded,Shilpa Medicare Ltd.,SHILPAMED,,,,PASS,Extracted from ind_prs17022023_1.pdf Page 2 table
ind_prs17022023_1.pdf,https://www.niftyindices.com/Press_Release/ind_prs17022023_1.pdf,Page 2,2) Nifty 500,1,3,"February 17, 2023","March 31, 2023",2023-MAR,DELETION,The following companies are being excluded,SIS Ltd.,SIS,,,,PASS,Extracted from ind_prs17022023_1.pdf Page 2 table
ind_prs17022023_1.pdf,https://www.niftyindices.com/Press_Release/ind_prs17022023_1.pdf,Page 2,2) Nifty 500,1,3,"February 17, 2023","March 31, 2023",2023-MAR,DELETION,The following companies are being excluded,Sudarshan Chemical Industries Ltd.,SUDARSCHEM,,,,PASS,Extracted from ind_prs17022023_1.pdf Page 2 table
ind_prs17022023_1.pdf,https://www.niftyindices.com/Press_Release/ind_prs17022023_1.pdf,Page 2,2) Nifty 500,1,3,"February 17, 2023","March 31, 2023",2023-MAR,DELETION,The following companies are being excluded,Symphony Ltd.,SYMPHONY,,,,PASS,Extracted from ind_prs17022023_1.pdf Page 2 table
ind_prs17022023_1.pdf,https://www.niftyindices.com/Press_Release/ind_prs17022023_1.pdf,Page 2,2) Nifty 500,1,3,"February 17, 2023","March 31, 2023",2023-MAR,DELETION,The following companies are being excluded,Tata Coffee Ltd.*,TATACOFFEE,,,,PASS,Extracted from ind_prs17022023_1.pdf Page 2 table
ind_prs17022023_1.pdf,https://www.niftyindices.com/Press_Release/ind_prs17022023_1.pdf,Page 2,2) Nifty 500,1,3,"February 17, 2023","March 31, 2023",2023-MAR,DELETION,The following companies are being excluded,Thyrocare Technologies Ltd.,THYROCARE,,,,PASS,Extracted from ind_prs17022023_1.pdf Page 2 table
ind_prs17022023_1.pdf,https://www.niftyindices.com/Press_Release/ind_prs17022023_1.pdf,Page 2,2) Nifty 500,1,3,"February 17, 2023","March 31, 2023",2023-MAR,DELETION,The following companies are being excluded,Wockhardt Ltd.,WOCKPHARMA,,,,PASS,Extracted from ind_prs17022023_1.pdf Page 2 table
ind_prs17022023_1.pdf,https://www.niftyindices.com/Press_Release/ind_prs17022023_1.pdf,Page 2,2) Nifty 500,1,3,"February 17, 2023","March 31, 2023",2023-MAR,ADDITION,The following companies are being included,Aarti Industries Ltd.,AARTIIND,,,,PASS,Extracted from ind_prs17022023_1.pdf Page 2 table
ind_prs17022023_1.pdf,https://www.niftyindices.com/Press_Release/ind_prs17022023_1.pdf,Page 2,2) Nifty 500,1,3,"February 17, 2023","March 31, 2023",2023-MAR,ADDITION,The following companies are being included,Adani Power Ltd.,ADANIPOWER,,,,PASS,Extracted from ind_prs17022023_1.pdf Page 2 table
ind_prs17022023_1.pdf,https://www.niftyindices.com/Press_Release/ind_prs17022023_1.pdf,Page 2,2) Nifty 500,1,3,"February 17, 2023","March 31, 2023",2023-MAR,ADDITION,The following companies are being included,Apar Industries Ltd.,APARINDS,,,,PASS,Extracted from ind_prs17022023_1.pdf Page 2 table
ind_prs17022023_1.pdf,https://www.niftyindices.com/Press_Release/ind_prs17022023_1.pdf,Page 2,2) Nifty 500,1,3,"February 17, 2023","March 31, 2023",2023-MAR,ADDITION,The following companies are being included,Archean Chemical Industries Ltd.,ACI,,,,PASS,Extracted from ind_prs17022023_1.pdf Page 2 table
ind_prs17022023_1.pdf,https://www.niftyindices.com/Press_Release/ind_prs17022023_1.pdf,Page 2,2) Nifty 500,1,3,"February 17, 2023","March 31, 2023",2023-MAR,ADDITION,The following companies are being included,Bikaji Foods International Ltd.,BIKAJI,,,,PASS,Extracted from ind_prs17022023_1.pdf Page 2 table
ind_prs17022023_1.pdf,https://www.niftyindices.com/Press_Release/ind_prs17022023_1.pdf,Page 2,2) Nifty 500,1,3,"February 17, 2023","March 31, 2023",2023-MAR,ADDITION,The following companies are being included,BLS International Services Ltd.,BLS,,,,PASS,Extracted from ind_prs17022023_1.pdf Page 2 table
ind_prs17022023_1.pdf,https://www.niftyindices.com/Press_Release/ind_prs17022023_1.pdf,Page 2,2) Nifty 500,1,3,"February 17, 2023","March 31, 2023",2023-MAR,ADDITION,The following companies are being included,Craftsman Automation Ltd.,CRAFTSMAN,,,,PASS,Extracted from ind_prs17022023_1.pdf Page 2 table
ind_prs17022023_1.pdf,https://www.niftyindices.com/Press_Release/ind_prs17022023_1.pdf,Page 2,2) Nifty 500,1,3,"February 17, 2023","March 31, 2023",2023-MAR,ADDITION,The following companies are being included,Data Patterns (India) Ltd.,DATAPATTNS,,,,PASS,Extracted from ind_prs17022023_1.pdf Page 2 table
ind_prs17022023_1.pdf,https://www.niftyindices.com/Press_Release/ind_prs17022023_1.pdf,Page 2,2) Nifty 500,1,3,"February 17, 2023","March 31, 2023",2023-MAR,ADDITION,The following companies are being included,Five-Star Business Finance Ltd.,FIVESTAR,,,,PASS,Extracted from ind_prs17022023_1.pdf Page 2 table
ind_prs17022023_1.pdf,https://www.niftyindices.com/Press_Release/ind_prs17022023_1.pdf,Page 2,2) Nifty 500,1,3,"February 17, 2023","March 31, 2023",2023-MAR,ADDITION,The following companies are being included,Global Health Ltd.,MEDANTA,,,,PASS,Extracted from ind_prs17022023_1.pdf Page 2 table
ind_prs17022023_1.pdf,https://www.niftyindices.com/Press_Release/ind_prs17022023_1.pdf,Page 2,2) Nifty 500,1,3,"February 17, 2023","March 31, 2023",2023-MAR,ADDITION,The following companies are being included,Ingersoll Rand (India) Ltd.,INGERRAND,,,,PASS,Extracted from ind_prs17022023_1.pdf Page 2 table
ind_prs17022023_1.pdf,https://www.niftyindices.com/Press_Release/ind_prs17022023_1.pdf,Page 2,2) Nifty 500,1,3,"February 17, 2023","March 31, 2023",2023-MAR,ADDITION,The following companies are being included,Jindal Worldwide Ltd.,JINDWORLD,,,,PASS,Extracted from ind_prs17022023_1.pdf Page 2 table
ind_prs17022023_1.pdf,https://www.niftyindices.com/Press_Release/ind_prs17022023_1.pdf,Page 2,2) Nifty 500,1,3,"February 17, 2023","March 31, 2023",2023-MAR,ADDITION,The following companies are being included,Kennametal India Ltd.,KENNAMET,,,,PASS,Extracted from ind_prs17022023_1.pdf Page 2 table
ind_prs17022023_1.pdf,https://www.niftyindices.com/Press_Release/ind_prs17022023_1.pdf,Page 2,2) Nifty 500,1,3,"February 17, 2023","March 31, 2023",2023-MAR,ADDITION,The following companies are being included,Keystone Realtors Ltd.,RUSTOMJEE,,,,PASS,Extracted from ind_prs17022023_1.pdf Page 2 table
ind_prs17022023_1.pdf,https://www.niftyindices.com/Press_Release/ind_prs17022023_1.pdf,Page 3,2) Nifty 500,1,3,"February 17, 2023","March 31, 2023",2023-MAR,ADDITION,The following companies are being included,KFin Technologies Ltd.,KFINTECH,,,,PASS,Extracted from ind_prs17022023_1.pdf Page 3 table
ind_prs17022023_1.pdf,https://www.niftyindices.com/Press_Release/ind_prs17022023_1.pdf,Page 3,2) Nifty 500,1,3,"February 17, 2023","March 31, 2023",2023-MAR,ADDITION,The following companies are being included,KSB Ltd.,KSB,,,,PASS,Extracted from ind_prs17022023_1.pdf Page 3 table
ind_prs17022023_1.pdf,https://www.niftyindices.com/Press_Release/ind_prs17022023_1.pdf,Page 3,2) Nifty 500,1,3,"February 17, 2023","March 31, 2023",2023-MAR,ADDITION,The following companies are being included,Meghmani Finechem Ltd.,MFL,,,,PASS,Extracted from ind_prs17022023_1.pdf Page 3 table
ind_prs17022023_1.pdf,https://www.niftyindices.com/Press_Release/ind_prs17022023_1.pdf,Page 3,2) Nifty 500,1,3,"February 17, 2023","March 31, 2023",2023-MAR,ADDITION,The following companies are being included,NMDC Ltd.,NMDC,,,,PASS,Extracted from ind_prs17022023_1.pdf Page 3 table
ind_prs17022023_1.pdf,https://www.niftyindices.com/Press_Release/ind_prs17022023_1.pdf,Page 3,2) Nifty 500,1,3,"February 17, 2023","March 31, 2023",2023-MAR,ADDITION,The following companies are being included,Piramal Enterprises Ltd.,PEL,,,,PASS,Extracted from ind_prs17022023_1.pdf Page 3 table
ind_prs17022023_1.pdf,https://www.niftyindices.com/Press_Release/ind_prs17022023_1.pdf,Page 3,2) Nifty 500,1,3,"February 17, 2023","March 31, 2023",2023-MAR,ADDITION,The following companies are being included,Tamilnad Mercantile Bank Ltd.,TMB,,,,PASS,Extracted from ind_prs17022023_1.pdf Page 3 table
ind_prs17032025.pdf,https://www.niftyindices.com/Press_Release/ind_prs17032025.pdf,Page 1,1) Nifty 500,1,1,"March 17, 2025","March 21, 2025",2025-MAR,DELETION,The following companies are being excluded,ICICI Securities Ltd.,ISEC,,,,PASS,Extracted from ind_prs17032025.pdf Page 1 table
ind_prs17032025.pdf,https://www.niftyindices.com/Press_Release/ind_prs17032025.pdf,Page 1,1) Nifty 500,1,1,"March 17, 2025","March 21, 2025",2025-MAR,DELETION,The following companies are being excluded,Raymond Lifestyle Ltd.,RAYMONDLSL,,,,PASS,Extracted from ind_prs17032025.pdf Page 1 table
ind_prs17072026_1.pdf,https://www.niftyindices.com/Press_Release/ind_prs17072026_1.pdf,Page 1,1) Nifty500 Shariah,1,2,"July 17, 2026","July 31, 2026",2026-JUL,DELETION,The following companies are being excluded,Adani Total Gas Ltd.,ATGL,,,,PASS,Extracted from ind_prs17072026_1.pdf Page 1 table
ind_prs17072026_1.pdf,https://www.niftyindices.com/Press_Release/ind_prs17072026_1.pdf,Page 1,1) Nifty500 Shariah,1,2,"July 17, 2026","July 31, 2026",2026-JUL,DELETION,The following companies are being excluded,Elecon Engineering Co. Ltd.,ELECON,,,,PASS,Extracted from ind_prs17072026_1.pdf Page 1 table
ind_prs17072026_1.pdf,https://www.niftyindices.com/Press_Release/ind_prs17072026_1.pdf,Page 1,1) Nifty500 Shariah,1,2,"July 17, 2026","July 31, 2026",2026-JUL,DELETION,The following companies are being excluded,Torrent Pharmaceuticals Ltd.,TORNTPHARM,,,,PASS,Extracted from ind_prs17072026_1.pdf Page 1 table
ind_prs17072026_1.pdf,https://www.niftyindices.com/Press_Release/ind_prs17072026_1.pdf,Page 2,1) Nifty500 Shariah,1,2,"July 17, 2026","July 31, 2026",2026-JUL,ADDITION,The following companies are being included,ACC Ltd.,ACC,,,,PASS,Extracted from ind_prs17072026_1.pdf Page 2 table
ind_prs17072026_1.pdf,https://www.niftyindices.com/Press_Release/ind_prs17072026_1.pdf,Page 2,1) Nifty500 Shariah,1,2,"July 17, 2026","July 31, 2026",2026-JUL,ADDITION,The following companies are being included,Ambuja Cements Ltd.,AMBUJACEM,,,,PASS,Extracted from ind_prs17072026_1.pdf Page 2 table
ind_prs17072026_1.pdf,https://www.niftyindices.com/Press_Release/ind_prs17072026_1.pdf,Page 2,1) Nifty500 Shariah,1,2,"July 17, 2026","July 31, 2026",2026-JUL,ADDITION,The following companies are being included,Hindustan Zinc Ltd.,HINDZINC,,,,PASS,Extracted from ind_prs17072026_1.pdf Page 2 table
ind_prs17072026_1.pdf,https://www.niftyindices.com/Press_Release/ind_prs17072026_1.pdf,Page 2,1) Nifty500 Shariah,1,2,"July 17, 2026","July 31, 2026",2026-JUL,ADDITION,The following companies are being included,Laurus Labs Ltd.,LAURUSLABS,,,,PASS,Extracted from ind_prs17072026_1.pdf Page 2 table
ind_prs17072026_1.pdf,https://www.niftyindices.com/Press_Release/ind_prs17072026_1.pdf,Page 2,1) Nifty500 Shariah,1,2,"July 17, 2026","July 31, 2026",2026-JUL,ADDITION,The following companies are being included,Tata Motors Ltd.,TMCV,,,,PASS,Extracted from ind_prs17072026_1.pdf Page 2 table
ind_prs17082023.pdf,https://www.niftyindices.com/Press_Release/ind_prs17082023.pdf,Page 2,b) Nifty 500,2,3,"August 17, 2023","September 29, 2023",2023-SEP,DELETION,The following companies are being excluded,BASF India Ltd.,BASF,,,,PASS,Extracted from ind_prs17082023.pdf Page 2 table
ind_prs17082023.pdf,https://www.niftyindices.com/Press_Release/ind_prs17082023.pdf,Page 2,b) Nifty 500,2,3,"August 17, 2023","September 29, 2023",2023-SEP,DELETION,The following companies are being excluded,Garware Technical Fibres Ltd.,GARFIBRES,,,,PASS,Extracted from ind_prs17082023.pdf Page 2 table
ind_prs17082023.pdf,https://www.niftyindices.com/Press_Release/ind_prs17082023.pdf,Page 2,b) Nifty 500,2,3,"August 17, 2023","September 29, 2023",2023-SEP,DELETION,The following companies are being excluded,Godrej Agrovet Ltd.,GODREJAGRO,,,,PASS,Extracted from ind_prs17082023.pdf Page 2 table
ind_prs17082023.pdf,https://www.niftyindices.com/Press_Release/ind_prs17082023.pdf,Page 2,b) Nifty 500,2,3,"August 17, 2023","September 29, 2023",2023-SEP,DELETION,The following companies are being excluded,Greenpanel Industries Ltd.,GREENPANEL,,,,PASS,Extracted from ind_prs17082023.pdf Page 2 table
ind_prs17082023.pdf,https://www.niftyindices.com/Press_Release/ind_prs17082023.pdf,Page 2,b) Nifty 500,2,3,"August 17, 2023","September 29, 2023",2023-SEP,DELETION,The following companies are being excluded,Hikal Ltd.,HIKAL,,,,PASS,Extracted from ind_prs17082023.pdf Page 2 table
ind_prs17082023.pdf,https://www.niftyindices.com/Press_Release/ind_prs17082023.pdf,Page 2,b) Nifty 500,2,3,"August 17, 2023","September 29, 2023",2023-SEP,DELETION,The following companies are being excluded,Hinduja Global Solutions Ltd.,HGS,,,,PASS,Extracted from ind_prs17082023.pdf Page 2 table
ind_prs17082023.pdf,https://www.niftyindices.com/Press_Release/ind_prs17082023.pdf,Page 2,b) Nifty 500,2,3,"August 17, 2023","September 29, 2023",2023-SEP,DELETION,The following companies are being excluded,IFB Industries Ltd.,IFBIND,,,,PASS,Extracted from ind_prs17082023.pdf Page 2 table
ind_prs17082023.pdf,https://www.niftyindices.com/Press_Release/ind_prs17082023.pdf,Page 2,b) Nifty 500,2,3,"August 17, 2023","September 29, 2023",2023-SEP,DELETION,The following companies are being excluded,Indiabulls Real Estate Ltd.,IBREALEST,,,,PASS,Extracted from ind_prs17082023.pdf Page 2 table
ind_prs17082023.pdf,https://www.niftyindices.com/Press_Release/ind_prs17082023.pdf,Page 2,b) Nifty 500,2,3,"August 17, 2023","September 29, 2023",2023-SEP,DELETION,The following companies are being excluded,Jindal Worldwide Ltd.,JINDWORLD,,,,PASS,Extracted from ind_prs17082023.pdf Page 2 table
ind_prs17082023.pdf,https://www.niftyindices.com/Press_Release/ind_prs17082023.pdf,Page 2,b) Nifty 500,2,3,"August 17, 2023","September 29, 2023",2023-SEP,DELETION,The following companies are being excluded,Kennametal India Ltd.,KENNAMET,,,,PASS,Extracted from ind_prs17082023.pdf Page 2 table
ind_prs17082023.pdf,https://www.niftyindices.com/Press_Release/ind_prs17082023.pdf,Page 2,b) Nifty 500,2,3,"August 17, 2023","September 29, 2023",2023-SEP,DELETION,The following companies are being excluded,Keystone Realtors Ltd.,RUSTOMJEE,,,,PASS,Extracted from ind_prs17082023.pdf Page 2 table
ind_prs17082023.pdf,https://www.niftyindices.com/Press_Release/ind_prs17082023.pdf,Page 2,b) Nifty 500,2,3,"August 17, 2023","September 29, 2023",2023-SEP,DELETION,The following companies are being excluded,Mahindra Logistics Ltd.,MAHLOG,,,,PASS,Extracted from ind_prs17082023.pdf Page 2 table
ind_prs17082023.pdf,https://www.niftyindices.com/Press_Release/ind_prs17082023.pdf,Page 2,b) Nifty 500,2,3,"August 17, 2023","September 29, 2023",2023-SEP,DELETION,The following companies are being excluded,NOCIL Ltd.,NOCIL,,,,PASS,Extracted from ind_prs17082023.pdf Page 2 table
ind_prs17082023.pdf,https://www.niftyindices.com/Press_Release/ind_prs17082023.pdf,Page 2,b) Nifty 500,2,3,"August 17, 2023","September 29, 2023",2023-SEP,DELETION,The following companies are being excluded,Tamilnad Mercantile Bank Ltd.,TMB,,,,PASS,Extracted from ind_prs17082023.pdf Page 2 table
ind_prs17082023.pdf,https://www.niftyindices.com/Press_Release/ind_prs17082023.pdf,Page 2,b) Nifty 500,2,3,"August 17, 2023","September 29, 2023",2023-SEP,DELETION,The following companies are being excluded,TCI Express Ltd.,TCIEXP,,,,PASS,Extracted from ind_prs17082023.pdf Page 2 table
ind_prs17082023.pdf,https://www.niftyindices.com/Press_Release/ind_prs17082023.pdf,Page 2,b) Nifty 500,2,3,"August 17, 2023","September 29, 2023",2023-SEP,DELETION,The following companies are being excluded,TCNS Clothing Co. Ltd.,TCNSBRANDS,,,,PASS,Extracted from ind_prs17082023.pdf Page 2 table
ind_prs17082023.pdf,https://www.niftyindices.com/Press_Release/ind_prs17082023.pdf,Page 2,b) Nifty 500,2,3,"August 17, 2023","September 29, 2023",2023-SEP,DELETION,The following companies are being excluded,Transport Corporation of India Ltd.,TCI,,,,PASS,Extracted from ind_prs17082023.pdf Page 2 table
ind_prs17082023.pdf,https://www.niftyindices.com/Press_Release/ind_prs17082023.pdf,Page 2,b) Nifty 500,2,3,"August 17, 2023","September 29, 2023",2023-SEP,DELETION,The following companies are being excluded,UFLEX Ltd.,UFLEX,,,,PASS,Extracted from ind_prs17082023.pdf Page 2 table
ind_prs17082023.pdf,https://www.niftyindices.com/Press_Release/ind_prs17082023.pdf,Page 2,b) Nifty 500,2,3,"August 17, 2023","September 29, 2023",2023-SEP,ADDITION,The following companies are being included,Allcargo Logistics Ltd.,ALLCARGO,,,,PASS,Extracted from ind_prs17082023.pdf Page 2 table
ind_prs17082023.pdf,https://www.niftyindices.com/Press_Release/ind_prs17082023.pdf,Page 2,b) Nifty 500,2,3,"August 17, 2023","September 29, 2023",2023-SEP,ADDITION,The following companies are being included,Alok Industries Ltd.,ALOKINDS,,,,PASS,Extracted from ind_prs17082023.pdf Page 2 table
ind_prs17082023.pdf,https://www.niftyindices.com/Press_Release/ind_prs17082023.pdf,Page 2,b) Nifty 500,2,3,"August 17, 2023","September 29, 2023",2023-SEP,ADDITION,The following companies are being included,Gillette India Ltd.,GILLETTE,,,,PASS,Extracted from ind_prs17082023.pdf Page 2 table
ind_prs17082023.pdf,https://www.niftyindices.com/Press_Release/ind_prs17082023.pdf,Page 2,b) Nifty 500,2,3,"August 17, 2023","September 29, 2023",2023-SEP,ADDITION,The following companies are being included,Glenmark Life Sciences Ltd.,GLS,,,,PASS,Extracted from ind_prs17082023.pdf Page 2 table
ind_prs17082023.pdf,https://www.niftyindices.com/Press_Release/ind_prs17082023.pdf,Page 2,b) Nifty 500,2,3,"August 17, 2023","September 29, 2023",2023-SEP,ADDITION,The following companies are being included,Godawari Power & Ispat Ltd.,GPIL,,,,PASS,Extracted from ind_prs17082023.pdf Page 2 table
ind_prs17082023.pdf,https://www.niftyindices.com/Press_Release/ind_prs17082023.pdf,Page 2,b) Nifty 500,2,3,"August 17, 2023","September 29, 2023",2023-SEP,ADDITION,The following companies are being included,IRCON International Ltd.,IRCON,,,,PASS,Extracted from ind_prs17082023.pdf Page 2 table
ind_prs17082023.pdf,https://www.niftyindices.com/Press_Release/ind_prs17082023.pdf,Page 2,b) Nifty 500,2,3,"August 17, 2023","September 29, 2023",2023-SEP,ADDITION,The following companies are being included,Jindal Saw Ltd.,JINDALSAW,,,,PASS,Extracted from ind_prs17082023.pdf Page 2 table
ind_prs17082023.pdf,https://www.niftyindices.com/Press_Release/ind_prs17082023.pdf,Page 2,b) Nifty 500,2,3,"August 17, 2023","September 29, 2023",2023-SEP,ADDITION,The following companies are being included,Kaynes Technology India Ltd.,KAYNES,,,,PASS,Extracted from ind_prs17082023.pdf Page 2 table
ind_prs17082023.pdf,https://www.niftyindices.com/Press_Release/ind_prs17082023.pdf,Page 2,b) Nifty 500,2,3,"August 17, 2023","September 29, 2023",2023-SEP,ADDITION,The following companies are being included,Kirloskar Ferrous Industries Ltd.,KIRLFER,,,,PASS,Extracted from ind_prs17082023.pdf Page 2 table
ind_prs17082023.pdf,https://www.niftyindices.com/Press_Release/ind_prs17082023.pdf,Page 2,b) Nifty 500,2,3,"August 17, 2023","September 29, 2023",2023-SEP,ADDITION,The following companies are being included,Minda Corporation Ltd.,MINDACORP,,,,PASS,Extracted from ind_prs17082023.pdf Page 2 table
ind_prs17082023.pdf,https://www.niftyindices.com/Press_Release/ind_prs17082023.pdf,Page 2,b) Nifty 500,2,3,"August 17, 2023","September 29, 2023",2023-SEP,ADDITION,The following companies are being included,Procter & Gamble Health Ltd.,PGHL,,,,PASS,Extracted from ind_prs17082023.pdf Page 2 table
ind_prs17082023.pdf,https://www.niftyindices.com/Press_Release/ind_prs17082023.pdf,Page 3,b) Nifty 500,2,3,"August 17, 2023","September 29, 2023",2023-SEP,ADDITION,The following companies are being included,Safari Industries (India) Ltd.,SAFARI,,,,PASS,Extracted from ind_prs17082023.pdf Page 3 table
ind_prs17082023.pdf,https://www.niftyindices.com/Press_Release/ind_prs17082023.pdf,Page 3,b) Nifty 500,2,3,"August 17, 2023","September 29, 2023",2023-SEP,ADDITION,The following companies are being included,Saregama India Ltd,SAREGAMA,,,,PASS,Extracted from ind_prs17082023.pdf Page 3 table
ind_prs17082023.pdf,https://www.niftyindices.com/Press_Release/ind_prs17082023.pdf,Page 3,b) Nifty 500,2,3,"August 17, 2023","September 29, 2023",2023-SEP,ADDITION,The following companies are being included,Sheela Foam Ltd.,SFL,,,,PASS,Extracted from ind_prs17082023.pdf Page 3 table
ind_prs17082023.pdf,https://www.niftyindices.com/Press_Release/ind_prs17082023.pdf,Page 3,b) Nifty 500,2,3,"August 17, 2023","September 29, 2023",2023-SEP,ADDITION,The following companies are being included,Symphony Ltd.,SYMPHONY,,,,PASS,Extracted from ind_prs17082023.pdf Page 3 table
ind_prs17082023.pdf,https://www.niftyindices.com/Press_Release/ind_prs17082023.pdf,Page 3,b) Nifty 500,2,3,"August 17, 2023","September 29, 2023",2023-SEP,ADDITION,The following companies are being included,Syrma SGS Technology Ltd.,SYRMA,,,,PASS,Extracted from ind_prs17082023.pdf Page 3 table
ind_prs17082023.pdf,https://www.niftyindices.com/Press_Release/ind_prs17082023.pdf,Page 3,b) Nifty 500,2,3,"August 17, 2023","September 29, 2023",2023-SEP,ADDITION,The following companies are being included,Ujjivan Small Finance Bank Ltd.,UJJIVANSFB,,,,PASS,Extracted from ind_prs17082023.pdf Page 3 table
ind_prs17082023.pdf,https://www.niftyindices.com/Press_Release/ind_prs17082023.pdf,Page 3,b) Nifty 500,2,3,"August 17, 2023","September 29, 2023",2023-SEP,ADDITION,The following companies are being included,Usha Martin Ltd.,USHAMART,,,,PASS,Extracted from ind_prs17082023.pdf Page 3 table
ind_prs17092019.pdf,https://www.niftyindices.com/Press_Release/ind_prs17092019.pdf,Page 1,1) NIFTY 500,1,1,"September 17, 2019","September 27, 2019",2019-SEP,DELETION,The following companies are being excluded,Thomas Cook (India) Ltd.,THOMASCOOK,,,,PASS,Extracted from ind_prs17092019.pdf Page 1 table
ind_prs17092019.pdf,https://www.niftyindices.com/Press_Release/ind_prs17092019.pdf,Page 1,1) NIFTY 500,1,1,"September 17, 2019","September 27, 2019",2019-SEP,DELETION,The following companies are being excluded,IIFL Finance Ltd.,IIFL,,,,PASS,Extracted from ind_prs17092019.pdf Page 1 table
ind_prs17102023.pdf,https://www.niftyindices.com/Press_Release/ind_prs17102023.pdf,Page 1,1) Nifty 500,1,1,"October 17, 2023","October 26, 2023",2023-SEP,DELETION,The following companies are being excluded,Kirloskar Ferrous Industries Ltd.,KIRLFER,,,,PASS,Extracted from ind_prs17102023.pdf Page 1 table
ind_prs17102023.pdf,https://www.niftyindices.com/Press_Release/ind_prs17102023.pdf,Page 1,1) Nifty 500,1,1,"October 17, 2023","October 26, 2023",2023-SEP,DELETION,The following companies are being excluded,Concord Biotech Ltd.,CONCORDBIO,,,,PASS,Extracted from ind_prs17102023.pdf Page 1 table
ind_prs17102025.pdf,https://www.niftyindices.com/Press_Release/ind_prs17102025.pdf,Page 2,1) Nifty500 Shariah,2,2,"October 17, 2025","October 31, 2025",2025-SEP,DELETION,The following companies are being excluded,Century Plyboards (India) Ltd.,CENTURYPLY,,,,PASS,Extracted from ind_prs17102025.pdf Page 2 table
ind_prs17102025.pdf,https://www.niftyindices.com/Press_Release/ind_prs17102025.pdf,Page 2,1) Nifty500 Shariah,2,2,"October 17, 2025","October 31, 2025",2025-SEP,DELETION,The following companies are being excluded,Honasa Consumer Ltd.,HONASA,,,,PASS,Extracted from ind_prs17102025.pdf Page 2 table
ind_prs17102025.pdf,https://www.niftyindices.com/Press_Release/ind_prs17102025.pdf,Page 2,1) Nifty500 Shariah,2,2,"October 17, 2025","October 31, 2025",2025-SEP,DELETION,The following companies are being excluded,NATCO Pharma Ltd.,NATCOPHARM,,,,PASS,Extracted from ind_prs17102025.pdf Page 2 table
ind_prs17102025.pdf,https://www.niftyindices.com/Press_Release/ind_prs17102025.pdf,Page 2,1) Nifty500 Shariah,2,2,"October 17, 2025","October 31, 2025",2025-SEP,DELETION,The following companies are being excluded,Oil India Ltd.,OIL,,,,PASS,Extracted from ind_prs17102025.pdf Page 2 table
ind_prs17102025.pdf,https://www.niftyindices.com/Press_Release/ind_prs17102025.pdf,Page 2,1) Nifty500 Shariah,2,2,"October 17, 2025","October 31, 2025",2025-SEP,DELETION,The following companies are being excluded,Poly Medicure Ltd.,POLYMED,,,,PASS,Extracted from ind_prs17102025.pdf Page 2 table
ind_prs17102025.pdf,https://www.niftyindices.com/Press_Release/ind_prs17102025.pdf,Page 2,1) Nifty500 Shariah,2,2,"October 17, 2025","October 31, 2025",2025-SEP,DELETION,The following companies are being excluded,Ramkrishna Forgings Ltd.,RKFORGE,,,,PASS,Extracted from ind_prs17102025.pdf Page 2 table
ind_prs17102025.pdf,https://www.niftyindices.com/Press_Release/ind_prs17102025.pdf,Page 2,1) Nifty500 Shariah,2,2,"October 17, 2025","October 31, 2025",2025-SEP,DELETION,The following companies are being excluded,Waaree Energies Ltd.,WAAREEENER,,,,PASS,Extracted from ind_prs17102025.pdf Page 2 table
ind_prs17102025.pdf,https://www.niftyindices.com/Press_Release/ind_prs17102025.pdf,Page 2,1) Nifty500 Shariah,2,2,"October 17, 2025","October 31, 2025",2025-SEP,ADDITION,The following companies are being included,Aditya Birla Fashion and Retail Ltd.,ABFRL,,,,PASS,Extracted from ind_prs17102025.pdf Page 2 table
ind_prs17102025.pdf,https://www.niftyindices.com/Press_Release/ind_prs17102025.pdf,Page 2,1) Nifty500 Shariah,2,2,"October 17, 2025","October 31, 2025",2025-SEP,ADDITION,The following companies are being included,Aditya Birla Lifestyle Brands Ltd.,ABLBL,,,,PASS,Extracted from ind_prs17102025.pdf Page 2 table
ind_prs17102025.pdf,https://www.niftyindices.com/Press_Release/ind_prs17102025.pdf,Page 2,1) Nifty500 Shariah,2,2,"October 17, 2025","October 31, 2025",2025-SEP,ADDITION,The following companies are being included,Cohance Lifesciences Ltd.,COHANCE,,,,PASS,Extracted from ind_prs17102025.pdf Page 2 table
ind_prs17102025.pdf,https://www.niftyindices.com/Press_Release/ind_prs17102025.pdf,Page 2,1) Nifty500 Shariah,2,2,"October 17, 2025","October 31, 2025",2025-SEP,ADDITION,The following companies are being included,Inox Wind Ltd.,INOXWIND,,,,PASS,Extracted from ind_prs17102025.pdf Page 2 table
ind_prs17102025.pdf,https://www.niftyindices.com/Press_Release/ind_prs17102025.pdf,Page 2,1) Nifty500 Shariah,2,2,"October 17, 2025","October 31, 2025",2025-SEP,ADDITION,The following companies are being included,NBCC (India) Ltd.,NBCC,,,,PASS,Extracted from ind_prs17102025.pdf Page 2 table
ind_prs17102025.pdf,https://www.niftyindices.com/Press_Release/ind_prs17102025.pdf,Page 2,1) Nifty500 Shariah,2,2,"October 17, 2025","October 31, 2025",2025-SEP,ADDITION,The following companies are being included,Reliance Infrastructure Ltd.,RELINFRA,,,,PASS,Extracted from ind_prs17102025.pdf Page 2 table
ind_prs17102025.pdf,https://www.niftyindices.com/Press_Release/ind_prs17102025.pdf,Page 2,1) Nifty500 Shariah,2,2,"October 17, 2025","October 31, 2025",2025-SEP,ADDITION,The following companies are being included,Swan Corp Ltd.,SWANCORP,,,,PASS,Extracted from ind_prs17102025.pdf Page 2 table
ind_prs17112025_1.pdf,https://www.niftyindices.com/Press_Release/ind_prs17112025_1.pdf,Page 2,1) Nifty500 Shariah,2,2,"November 17, 2025","November 28, 2025",2025-NOV,DELETION,The following companies are being excluded,Varun Beverages Ltd.,VBL,,,,PASS,Extracted from ind_prs17112025_1.pdf Page 2 table
ind_prs17112025_1.pdf,https://www.niftyindices.com/Press_Release/ind_prs17112025_1.pdf,Page 2,1) Nifty500 Shariah,2,2,"November 17, 2025","November 28, 2025",2025-NOV,DELETION,The following companies are being excluded,Rashtriya Chemicals & Fertilizers Ltd.,RCF,,,,PASS,Extracted from ind_prs17112025_1.pdf Page 2 table
ind_prs18022025.pdf,https://www.niftyindices.com/Press_Release/ind_prs18022025.pdf,Page 1,1) Nifty500 Shariah,1,1,"February 18, 2025","February 28, 2025",2025-MAR,DELETION,The following companies are being excluded,Rajesh Exports Ltd.,RAJESHEXPO,,,,PASS,Extracted from ind_prs18022025.pdf Page 1 table
ind_prs18022025.pdf,https://www.niftyindices.com/Press_Release/ind_prs18022025.pdf,Page 1,1) Nifty500 Shariah,1,1,"February 18, 2025","February 28, 2025",2025-MAR,DELETION,The following companies are being excluded,Siemens Ltd.,SIEMENS,,,,PASS,Extracted from ind_prs18022025.pdf Page 1 table
ind_prs18022025.pdf,https://www.niftyindices.com/Press_Release/ind_prs18022025.pdf,Page 1,1) Nifty500 Shariah,1,1,"February 18, 2025","February 28, 2025",2025-MAR,DELETION,The following companies are being excluded,Mankind Pharma Ltd.,MANKIND,,,,PASS,Extracted from ind_prs18022025.pdf Page 1 table
ind_prs18022025.pdf,https://www.niftyindices.com/Press_Release/ind_prs18022025.pdf,Page 1,1) Nifty500 Shariah,1,1,"February 18, 2025","February 28, 2025",2025-MAR,DELETION,The following companies are being excluded,Dixon Technologies (India) Ltd.,DIXON,,,,PASS,Extracted from ind_prs18022025.pdf Page 1 table
ind_prs18112020.pdf,https://www.niftyindices.com/Press_Release/ind_prs18112020.pdf,Page 1,1) NIFTY 500,1,1,"November 18, 2020","November 25, 2020",2020-NOV,DELETION,The following companies are being excluded,Infibeam Avenues Ltd.,INFIBEAM,,,,PASS,Extracted from ind_prs18112020.pdf Page 1 table
ind_prs18112020.pdf,https://www.niftyindices.com/Press_Release/ind_prs18112020.pdf,Page 1,1) NIFTY 500,1,1,"November 18, 2020","November 25, 2020",2020-NOV,DELETION,The following companies are being excluded,Mahindra CIE Automotive Ltd.,MAHINDCIE,,,,PASS,Extracted from ind_prs18112020.pdf Page 1 table
ind_prs18122019.pdf,https://www.niftyindices.com/Press_Release/ind_prs18122019.pdf,Page 1,1) NIFTY 500,1,1,"December 18, 2019","December 26, 2019",2019-DEC,DELETION,The following companies are being excluded,CG Power and Industrial Solutions Ltd.,CGPOWER,,,,PASS,Extracted from ind_prs18122019.pdf Page 1 table
ind_prs18122019.pdf,https://www.niftyindices.com/Press_Release/ind_prs18122019.pdf,Page 1,1) NIFTY 500,1,1,"December 18, 2019","December 26, 2019",2019-DEC,DELETION,The following companies are being excluded,Coffee Day Enterprises Ltd.,COFFEEDAY,,,,PASS,Extracted from ind_prs18122019.pdf Page 1 table
ind_prs18122019.pdf,https://www.niftyindices.com/Press_Release/ind_prs18122019.pdf,Page 1,1) NIFTY 500,1,1,"December 18, 2019","December 26, 2019",2019-DEC,DELETION,The following companies are being excluded,Cox & Kings Ltd.,COX&KINGS,,,,PASS,Extracted from ind_prs18122019.pdf Page 1 table
ind_prs18122019.pdf,https://www.niftyindices.com/Press_Release/ind_prs18122019.pdf,Page 1,1) NIFTY 500,1,1,"December 18, 2019","December 26, 2019",2019-DEC,ADDITION,The following companies are being included,Affle (India) Ltd.,AFFLE,,,,PASS,Extracted from ind_prs18122019.pdf Page 1 table
ind_prs18122019.pdf,https://www.niftyindices.com/Press_Release/ind_prs18122019.pdf,Page 1,1) NIFTY 500,1,1,"December 18, 2019","December 26, 2019",2019-DEC,ADDITION,The following companies are being included,Mishra Dhatu Nigam Ltd.,MIDHANI,,,,PASS,Extracted from ind_prs18122019.pdf Page 1 table
ind_prs18122019.pdf,https://www.niftyindices.com/Press_Release/ind_prs18122019.pdf,Page 1,1) NIFTY 500,1,1,"December 18, 2019","December 26, 2019",2019-DEC,ADDITION,The following companies are being included,Responsive Industries Ltd.,RESPONIND,,,,PASS,Extracted from ind_prs18122019.pdf Page 1 table
ind_prs19012024.pdf,https://www.niftyindices.com/Press_Release/ind_prs19012024.pdf,Page 1,Nifty500 Shariah,1,1,"January 19, 2024","January 31, 2024",2024-JAN,ADDITION,The following companies are being included,Jubilant Pharmova Ltd.,JUBLPHARMA,,,,PASS,Extracted from ind_prs19012024.pdf Page 1 table
ind_prs19012024.pdf,https://www.niftyindices.com/Press_Release/ind_prs19012024.pdf,Page 1,Nifty500 Shariah,1,1,"January 19, 2024","January 31, 2024",2024-JAN,ADDITION,The following companies are being included,Rashtriya Chemicals & Fertilizers Ltd.,RCF,,,,PASS,Extracted from ind_prs19012024.pdf Page 1 table
ind_prs19032024.pdf,https://www.niftyindices.com/Press_Release/ind_prs19032024.pdf,Page 1,"Development Agency Ltd. (IREDA) in Nifty 500, Nifty Midcap 150, Nifty Midcap 100, Nifty 200,",1,1,"March 19, 2024","March 28, 2024",2024-MAR,ADDITION,The following companies are being included,Nifty 500,"INDIAN RENEWABLE ENERGY DEV.
AGENCY LTD.",,,,PASS,Extracted from ind_prs19032024.pdf Page 1 table
ind_prs19032024.pdf,https://www.niftyindices.com/Press_Release/ind_prs19032024.pdf,Page 1,"Development Agency Ltd. (IREDA) in Nifty 500, Nifty Midcap 150, Nifty Midcap 100, Nifty 200,",1,1,"March 19, 2024","March 28, 2024",2024-MAR,ADDITION,The following companies are being included,Nifty Smallcap 250,BSE LTD.*,,,,PASS,Extracted from ind_prs19032024.pdf Page 1 table
ind_prs19042023_1.pdf,https://www.niftyindices.com/Press_Release/ind_prs19042023_1.pdf,Page 2,1) Nifty 500,2,2,"April 19, 2023",,2023-MAR,DELETION,The following companies are being excluded,Bajaj Electricals Ltd.,BAJAJELEC,,,,PASS,Extracted from ind_prs19042023_1.pdf Page 2 table
ind_prs19042023_1.pdf,https://www.niftyindices.com/Press_Release/ind_prs19042023_1.pdf,Page 2,1) Nifty 500,2,2,"April 19, 2023",,2023-MAR,DELETION,The following companies are being excluded,Edelweiss Financial Services Ltd.,EDELWEISS,,,,PASS,Extracted from ind_prs19042023_1.pdf Page 2 table
ind_prs19042023_1.pdf,https://www.niftyindices.com/Press_Release/ind_prs19042023_1.pdf,Page 2,1) Nifty 500,2,2,"April 19, 2023",,2023-MAR,DELETION,The following companies are being excluded,Eris Lifesciences Ltd.,ERIS,,,,PASS,Extracted from ind_prs19042023_1.pdf Page 2 table
ind_prs19042023_1.pdf,https://www.niftyindices.com/Press_Release/ind_prs19042023_1.pdf,Page 2,1) Nifty 500,2,2,"April 19, 2023",,2023-MAR,DELETION,The following companies are being excluded,NMDC Steel Ltd.,NSLNISP,,,,PASS,Extracted from ind_prs19042023_1.pdf Page 2 table
ind_prs19122019.pdf,https://www.niftyindices.com/Press_Release/ind_prs19122019.pdf,Page 1,1) NIFTY 500,1,1,"December 19, 2019","December 27, 2019",2019-DEC,DELETION,The following companies are being excluded,Den Networks Ltd.,DEN,,,,PASS,Extracted from ind_prs19122019.pdf Page 1 table
ind_prs19122019.pdf,https://www.niftyindices.com/Press_Release/ind_prs19122019.pdf,Page 1,1) NIFTY 500,1,1,"December 19, 2019","December 27, 2019",2019-DEC,DELETION,The following companies are being excluded,Hathway Cable & Datacom Ltd.,HATHWAY,,,,PASS,Extracted from ind_prs19122019.pdf Page 1 table
ind_prs19122019.pdf,https://www.niftyindices.com/Press_Release/ind_prs19122019.pdf,Page 1,1) NIFTY 500,1,1,"December 19, 2019","December 27, 2019",2019-DEC,DELETION,The following companies are being excluded,Kennametal India Ltd.,KENNAMET,,,,PASS,Extracted from ind_prs19122019.pdf Page 1 table
ind_prs19122019.pdf,https://www.niftyindices.com/Press_Release/ind_prs19122019.pdf,Page 1,1) NIFTY 500,1,1,"December 19, 2019","December 27, 2019",2019-DEC,DELETION,The following companies are being excluded,Tasty Bite Eatables Ltd.,TASTYBITE,,,,PASS,Extracted from ind_prs19122019.pdf Page 1 table
ind_prs20022026_2.pdf,https://www.niftyindices.com/Press_Release/ind_prs20022026_2.pdf,Page 1,1) Nifty500 Shariah,1,1,"February 20, 2026","February 27, 2026",2026-MAR,ADDITION,The following companies are being included,Siemens Energy India Ltd.,ENRIN,,,,PASS,Extracted from ind_prs20022026_2.pdf Page 1 table
ind_prs20052026_1.pdf,https://www.niftyindices.com/Press_Release/ind_prs20052026_1.pdf,Page 1,1) Nifty500 Shariah,1,1,"May 20, 2026","May 29, 2026",2026-MAY,ADDITION,The following companies are being included,CIE Automotive India Ltd.,CIEINDIA,,,,PASS,Extracted from ind_prs20052026_1.pdf Page 1 table
ind_prs20102022_1.pdf,https://www.niftyindices.com/Press_Release/ind_prs20102022_1.pdf,Page 1,1) Nifty500 Shariah,1,2,"October 20, 2022",,2022-SEP,DELETION,The following companies are being excluded,Affle (India) Ltd.,AFFLE,,,,PASS,Extracted from ind_prs20102022_1.pdf Page 1 table
ind_prs20102022_1.pdf,https://www.niftyindices.com/Press_Release/ind_prs20102022_1.pdf,Page 1,1) Nifty500 Shariah,1,2,"October 20, 2022",,2022-SEP,DELETION,The following companies are being excluded,Caplin Point Laboratories Ltd.,CAPLIPOINT,,,,PASS,Extracted from ind_prs20102022_1.pdf Page 1 table
ind_prs20102022_1.pdf,https://www.niftyindices.com/Press_Release/ind_prs20102022_1.pdf,Page 1,1) Nifty500 Shariah,1,2,"October 20, 2022",,2022-SEP,DELETION,The following companies are being excluded,Varroc Engineering Ltd.,VARROC,,,,PASS,Extracted from ind_prs20102022_1.pdf Page 1 table
ind_prs20102022_1.pdf,https://www.niftyindices.com/Press_Release/ind_prs20102022_1.pdf,Page 1,1) Nifty500 Shariah,1,2,"October 20, 2022",,2022-SEP,ADDITION,The following companies are being included,eClerx Services Ltd.,ECLERX,,,,PASS,Extracted from ind_prs20102022_1.pdf Page 1 table
ind_prs20102022_1.pdf,https://www.niftyindices.com/Press_Release/ind_prs20102022_1.pdf,Page 1,1) Nifty500 Shariah,1,2,"October 20, 2022",,2022-SEP,ADDITION,The following companies are being included,Engineers India Ltd.,ENGINERSIN,,,,PASS,Extracted from ind_prs20102022_1.pdf Page 1 table
ind_prs20102022_1.pdf,https://www.niftyindices.com/Press_Release/ind_prs20102022_1.pdf,Page 1,1) Nifty500 Shariah,1,2,"October 20, 2022",,2022-SEP,ADDITION,The following companies are being included,Finolex Cables Ltd.,FINCABLES,,,,PASS,Extracted from ind_prs20102022_1.pdf Page 1 table
ind_prs20102022_1.pdf,https://www.niftyindices.com/Press_Release/ind_prs20102022_1.pdf,Page 1,1) Nifty500 Shariah,1,2,"October 20, 2022",,2022-SEP,ADDITION,The following companies are being included,Gujarat Fluorochemicals Ltd.,FLUOROCHEM,,,,PASS,Extracted from ind_prs20102022_1.pdf Page 1 table
ind_prs20102022_1.pdf,https://www.niftyindices.com/Press_Release/ind_prs20102022_1.pdf,Page 1,1) Nifty500 Shariah,1,2,"October 20, 2022",,2022-SEP,ADDITION,The following companies are being included,Hindustan Copper Ltd.,HINDCOPPER,,,,PASS,Extracted from ind_prs20102022_1.pdf Page 1 table
ind_prs20102022_1.pdf,https://www.niftyindices.com/Press_Release/ind_prs20102022_1.pdf,Page 1,1) Nifty500 Shariah,1,2,"October 20, 2022",,2022-SEP,ADDITION,The following companies are being included,Indraprastha Gas Ltd.,IGL,,,,PASS,Extracted from ind_prs20102022_1.pdf Page 1 table
ind_prs20102022_1.pdf,https://www.niftyindices.com/Press_Release/ind_prs20102022_1.pdf,Page 1,1) Nifty500 Shariah,1,2,"October 20, 2022",,2022-SEP,ADDITION,The following companies are being included,Jindal Stainless Ltd.,JSL,,,,PASS,Extracted from ind_prs20102022_1.pdf Page 1 table
ind_prs20102022_1.pdf,https://www.niftyindices.com/Press_Release/ind_prs20102022_1.pdf,Page 1,1) Nifty500 Shariah,1,2,"October 20, 2022",,2022-SEP,ADDITION,The following companies are being included,Jindal Steel & Power Ltd.,JINDALSTEL,,,,PASS,Extracted from ind_prs20102022_1.pdf Page 1 table
ind_prs20102022_1.pdf,https://www.niftyindices.com/Press_Release/ind_prs20102022_1.pdf,Page 1,1) Nifty500 Shariah,1,2,"October 20, 2022",,2022-SEP,ADDITION,The following companies are being included,NATCO Pharma Ltd.,NATCOPHARM,,,,PASS,Extracted from ind_prs20102022_1.pdf Page 1 table
ind_prs20102022_1.pdf,https://www.niftyindices.com/Press_Release/ind_prs20102022_1.pdf,Page 1,1) Nifty500 Shariah,1,2,"October 20, 2022",,2022-SEP,ADDITION,The following companies are being included,Oil India Ltd.,OIL,,,,PASS,Extracted from ind_prs20102022_1.pdf Page 1 table
ind_prs20102022_1.pdf,https://www.niftyindices.com/Press_Release/ind_prs20102022_1.pdf,Page 1,1) Nifty500 Shariah,1,2,"October 20, 2022",,2022-SEP,ADDITION,The following companies are being included,Olectra Greentech Ltd.,OLECTRA,,,,PASS,Extracted from ind_prs20102022_1.pdf Page 1 table
ind_prs20102022_1.pdf,https://www.niftyindices.com/Press_Release/ind_prs20102022_1.pdf,Page 1,1) Nifty500 Shariah,1,2,"October 20, 2022",,2022-SEP,ADDITION,The following companies are being included,Poly Medicure Ltd.,POLYMED,,,,PASS,Extracted from ind_prs20102022_1.pdf Page 1 table
ind_prs20102022_1.pdf,https://www.niftyindices.com/Press_Release/ind_prs20102022_1.pdf,Page 2,1) Nifty500 Shariah,1,2,"October 20, 2022",,2022-SEP,ADDITION,The following companies are being included,Rajesh Exports Ltd.,RAJESHEXPO,,,,PASS,Extracted from ind_prs20102022_1.pdf Page 2 table
ind_prs20102022_1.pdf,https://www.niftyindices.com/Press_Release/ind_prs20102022_1.pdf,Page 2,1) Nifty500 Shariah,1,2,"October 20, 2022",,2022-SEP,ADDITION,The following companies are being included,Shipping Corporation of India Ltd.,SCI,,,,PASS,Extracted from ind_prs20102022_1.pdf Page 2 table
ind_prs20102022_1.pdf,https://www.niftyindices.com/Press_Release/ind_prs20102022_1.pdf,Page 2,1) Nifty500 Shariah,1,2,"October 20, 2022",,2022-SEP,ADDITION,The following companies are being included,Steel Authority of India Ltd.,SAIL,,,,PASS,Extracted from ind_prs20102022_1.pdf Page 2 table
ind_prs20102022_1.pdf,https://www.niftyindices.com/Press_Release/ind_prs20102022_1.pdf,Page 2,1) Nifty500 Shariah,1,2,"October 20, 2022",,2022-SEP,ADDITION,The following companies are being included,Sterling and Wilson Renewable Energy Ltd.,SWSOLAR,,,,PASS,Extracted from ind_prs20102022_1.pdf Page 2 table
ind_prs21022023.pdf,https://www.niftyindices.com/Press_Release/ind_prs21022023.pdf,Page 1,1) Nifty500 Shariah,1,1,"February 21, 2023",,2023-MAR,ADDITION,The following companies are being included,Piramal Pharma Ltd.,PPLPHARMA,,,,PASS,Extracted from ind_prs21022023.pdf Page 1 table
ind_prs21022025.pdf,https://www.niftyindices.com/Press_Release/ind_prs21022025.pdf,Page 2,b) Nifty 500,2,3,"February 21, 2025","March 28, 2025",2025-MAR,DELETION,The following companies are being excluded,Archean Chemical Industries Ltd.,ACI,,,,PASS,Extracted from ind_prs21022025.pdf Page 2 table | repeated_source_event
ind_prs21022025.pdf,https://www.niftyindices.com/Press_Release/ind_prs21022025.pdf,Page 2,b) Nifty 500,2,3,"February 21, 2025","March 28, 2025",2025-MAR,DELETION,The following companies are being excluded,Avanti Feeds Ltd.,AVANTIFEED,,,,PASS,Extracted from ind_prs21022025.pdf Page 2 table | repeated_source_event
ind_prs21022025.pdf,https://www.niftyindices.com/Press_Release/ind_prs21022025.pdf,Page 2,b) Nifty 500,2,3,"February 21, 2025","March 28, 2025",2025-MAR,DELETION,The following companies are being excluded,Balaji Amines Ltd.,BALAMINES,,,,PASS,Extracted from ind_prs21022025.pdf Page 2 table | repeated_source_event
ind_prs21022025.pdf,https://www.niftyindices.com/Press_Release/ind_prs21022025.pdf,Page 2,b) Nifty 500,2,3,"February 21, 2025","March 28, 2025",2025-MAR,DELETION,The following companies are being excluded,Birla Corporation Ltd.,BIRLACORPN,,,,PASS,Extracted from ind_prs21022025.pdf Page 2 table
ind_prs21022025.pdf,https://www.niftyindices.com/Press_Release/ind_prs21022025.pdf,Page 2,b) Nifty 500,2,3,"February 21, 2025","March 28, 2025",2025-MAR,DELETION,The following companies are being excluded,Cello World Ltd.,CELLO,,,,PASS,Extracted from ind_prs21022025.pdf Page 2 table | repeated_source_event
ind_prs21022025.pdf,https://www.niftyindices.com/Press_Release/ind_prs21022025.pdf,Page 2,b) Nifty 500,2,3,"February 21, 2025","March 28, 2025",2025-MAR,DELETION,The following companies are being excluded,Chemplast Sanmar Ltd.,CHEMPLASTS,,,,PASS,Extracted from ind_prs21022025.pdf Page 2 table
ind_prs21022025.pdf,https://www.niftyindices.com/Press_Release/ind_prs21022025.pdf,Page 2,b) Nifty 500,2,3,"February 21, 2025","March 28, 2025",2025-MAR,DELETION,The following companies are being excluded,CIE Automotive India Ltd.,CIEINDIA,,,,PASS,Extracted from ind_prs21022025.pdf Page 2 table | repeated_source_event
ind_prs21022025.pdf,https://www.niftyindices.com/Press_Release/ind_prs21022025.pdf,Page 2,b) Nifty 500,2,3,"February 21, 2025","March 28, 2025",2025-MAR,DELETION,The following companies are being excluded,Easy Trip Planners Ltd.,EASEMYTRIP,,,,PASS,Extracted from ind_prs21022025.pdf Page 2 table
ind_prs21022025.pdf,https://www.niftyindices.com/Press_Release/ind_prs21022025.pdf,Page 2,b) Nifty 500,2,3,"February 21, 2025","March 28, 2025",2025-MAR,DELETION,The following companies are being excluded,Equitas Small Finance Bank Ltd.,EQUITASBNK,,,,PASS,Extracted from ind_prs21022025.pdf Page 2 table
ind_prs21022025.pdf,https://www.niftyindices.com/Press_Release/ind_prs21022025.pdf,Page 2,b) Nifty 500,2,3,"February 21, 2025","March 28, 2025",2025-MAR,DELETION,The following companies are being excluded,Fine Organic Industries Ltd.,FINEORG,,,,PASS,Extracted from ind_prs21022025.pdf Page 2 table | repeated_source_event
ind_prs21022025.pdf,https://www.niftyindices.com/Press_Release/ind_prs21022025.pdf,Page 2,b) Nifty 500,2,3,"February 21, 2025","March 28, 2025",2025-MAR,DELETION,The following companies are being excluded,G R Infraprojects Ltd.,GRINFRA,,,,PASS,Extracted from ind_prs21022025.pdf Page 2 table
ind_prs21022025.pdf,https://www.niftyindices.com/Press_Release/ind_prs21022025.pdf,Page 2,b) Nifty 500,2,3,"February 21, 2025","March 28, 2025",2025-MAR,DELETION,The following companies are being excluded,Grindwell Norton Ltd.,GRINDWELL,,,,PASS,Extracted from ind_prs21022025.pdf Page 2 table | repeated_source_event
ind_prs21022025.pdf,https://www.niftyindices.com/Press_Release/ind_prs21022025.pdf,Page 2,b) Nifty 500,2,3,"February 21, 2025","March 28, 2025",2025-MAR,DELETION,The following companies are being excluded,Gujarat Ambuja Exports Ltd.,GAEL,,,,PASS,Extracted from ind_prs21022025.pdf Page 2 table | repeated_source_event
ind_prs21022025.pdf,https://www.niftyindices.com/Press_Release/ind_prs21022025.pdf,Page 2,b) Nifty 500,2,3,"February 21, 2025","March 28, 2025",2025-MAR,DELETION,The following companies are being excluded,Gujarat State Fertilizers & Chemicals Ltd.,GSFC,,,,PASS,Extracted from ind_prs21022025.pdf Page 2 table | repeated_source_event
ind_prs21022025.pdf,https://www.niftyindices.com/Press_Release/ind_prs21022025.pdf,Page 2,b) Nifty 500,2,3,"February 21, 2025","March 28, 2025",2025-MAR,DELETION,The following companies are being excluded,JK Lakshmi Cement Ltd.,JKLAKSHMI,,,,PASS,Extracted from ind_prs21022025.pdf Page 2 table
ind_prs21022025.pdf,https://www.niftyindices.com/Press_Release/ind_prs21022025.pdf,Page 2,b) Nifty 500,2,3,"February 21, 2025","March 28, 2025",2025-MAR,DELETION,The following companies are being excluded,KSB Ltd.,KSB,,,,PASS,Extracted from ind_prs21022025.pdf Page 2 table | repeated_source_event
ind_prs21022025.pdf,https://www.niftyindices.com/Press_Release/ind_prs21022025.pdf,Page 2,b) Nifty 500,2,3,"February 21, 2025","March 28, 2025",2025-MAR,DELETION,The following companies are being excluded,Mahindra Lifespace Developers Ltd.,MAHLIFE,,,,PASS,Extracted from ind_prs21022025.pdf Page 2 table
ind_prs21022025.pdf,https://www.niftyindices.com/Press_Release/ind_prs21022025.pdf,Page 2,b) Nifty 500,2,3,"February 21, 2025","March 28, 2025",2025-MAR,DELETION,The following companies are being excluded,Metro Brands Ltd.,METROBRAND,,,,PASS,Extracted from ind_prs21022025.pdf Page 2 table | repeated_source_event
ind_prs21022025.pdf,https://www.niftyindices.com/Press_Release/ind_prs21022025.pdf,Page 2,b) Nifty 500,2,3,"February 21, 2025","March 28, 2025",2025-MAR,DELETION,The following companies are being excluded,Nuvoco Vistas Corporation Ltd.,NUVOCO,,,,PASS,Extracted from ind_prs21022025.pdf Page 2 table | repeated_source_event
ind_prs21022025.pdf,https://www.niftyindices.com/Press_Release/ind_prs21022025.pdf,Page 2,b) Nifty 500,2,3,"February 21, 2025","March 28, 2025",2025-MAR,DELETION,The following companies are being excluded,Procter & Gamble Hygiene & Health Care Ltd.,PGHH,,,,PASS,Extracted from ind_prs21022025.pdf Page 2 table | repeated_source_event
ind_prs21022025.pdf,https://www.niftyindices.com/Press_Release/ind_prs21022025.pdf,Page 2,b) Nifty 500,2,3,"February 21, 2025","March 28, 2025",2025-MAR,DELETION,The following companies are being excluded,Rajesh Exports Ltd.,RAJESHEXPO,,,,PASS,Extracted from ind_prs21022025.pdf Page 2 table
ind_prs21022025.pdf,https://www.niftyindices.com/Press_Release/ind_prs21022025.pdf,Page 2,b) Nifty 500,2,3,"February 21, 2025","March 28, 2025",2025-MAR,DELETION,The following companies are being excluded,Ratnamani Metals & Tubes Ltd.,RATNAMANI,,,,PASS,Extracted from ind_prs21022025.pdf Page 2 table | repeated_source_event
ind_prs21022025.pdf,https://www.niftyindices.com/Press_Release/ind_prs21022025.pdf,Page 2,b) Nifty 500,2,3,"February 21, 2025","March 28, 2025",2025-MAR,DELETION,The following companies are being excluded,Sanofi India Ltd.,SANOFI,,,,PASS,Extracted from ind_prs21022025.pdf Page 2 table | repeated_source_event
ind_prs21022025.pdf,https://www.niftyindices.com/Press_Release/ind_prs21022025.pdf,Page 2,b) Nifty 500,2,3,"February 21, 2025","March 28, 2025",2025-MAR,DELETION,The following companies are being excluded,Sun Pharma Advanced Research Company Ltd.,SPARC,,,,PASS,Extracted from ind_prs21022025.pdf Page 2 table
ind_prs21022025.pdf,https://www.niftyindices.com/Press_Release/ind_prs21022025.pdf,Page 2,b) Nifty 500,2,3,"February 21, 2025","March 28, 2025",2025-MAR,DELETION,The following companies are being excluded,Sundram Fasteners Ltd.,SUNDRMFAST,,,,PASS,Extracted from ind_prs21022025.pdf Page 2 table | repeated_source_event
ind_prs21022025.pdf,https://www.niftyindices.com/Press_Release/ind_prs21022025.pdf,Page 2,b) Nifty 500,2,3,"February 21, 2025","March 28, 2025",2025-MAR,DELETION,The following companies are being excluded,TVS Supply Chain Solutions Ltd.,TVSSCS,,,,PASS,Extracted from ind_prs21022025.pdf Page 2 table | repeated_source_event
ind_prs21022025.pdf,https://www.niftyindices.com/Press_Release/ind_prs21022025.pdf,Page 2,b) Nifty 500,2,3,"February 21, 2025","March 28, 2025",2025-MAR,DELETION,The following companies are being excluded,Ujjivan Small Finance Bank Ltd.,UJJIVANSFB,,,,PASS,Extracted from ind_prs21022025.pdf Page 2 table
ind_prs21022025.pdf,https://www.niftyindices.com/Press_Release/ind_prs21022025.pdf,Page 2,b) Nifty 500,2,3,"February 21, 2025","March 28, 2025",2025-MAR,DELETION,The following companies are being excluded,V.I.P. Industries Ltd.,VIPIND,,,,PASS,Extracted from ind_prs21022025.pdf Page 2 table
ind_prs21022025.pdf,https://www.niftyindices.com/Press_Release/ind_prs21022025.pdf,Page 2,b) Nifty 500,2,3,"February 21, 2025","March 28, 2025",2025-MAR,DELETION,The following companies are being excluded,Varroc Engineering Ltd.,VARROC,,,,PASS,Extracted from ind_prs21022025.pdf Page 2 table
ind_prs21022025.pdf,https://www.niftyindices.com/Press_Release/ind_prs21022025.pdf,Page 2,b) Nifty 500,2,3,"February 21, 2025","March 28, 2025",2025-MAR,DELETION,The following companies are being excluded,Vinati Organics Ltd.,VINATIORGA,,,,PASS,Extracted from ind_prs21022025.pdf Page 2 table | repeated_source_event
ind_prs21022025.pdf,https://www.niftyindices.com/Press_Release/ind_prs21022025.pdf,Page 3,b) Nifty 500,2,3,"February 21, 2025","March 28, 2025",2025-MAR,ADDITION,The following companies are being included,ACME Solar Holdings Ltd.,ACMESOLAR,,,,PASS,Extracted from ind_prs21022025.pdf Page 3 table
ind_prs21022025.pdf,https://www.niftyindices.com/Press_Release/ind_prs21022025.pdf,Page 3,b) Nifty 500,2,3,"February 21, 2025","March 28, 2025",2025-MAR,ADDITION,The following companies are being included,Afcons Infrastructure Ltd.,AFCONS,,,,PASS,Extracted from ind_prs21022025.pdf Page 3 table | repeated_source_event
ind_prs21022025.pdf,https://www.niftyindices.com/Press_Release/ind_prs21022025.pdf,Page 3,b) Nifty 500,2,3,"February 21, 2025","March 28, 2025",2025-MAR,ADDITION,The following companies are being included,Alivus Life Sciences Ltd.,ALIVUS,,,,PASS,Extracted from ind_prs21022025.pdf Page 3 table | repeated_source_event
ind_prs21022025.pdf,https://www.niftyindices.com/Press_Release/ind_prs21022025.pdf,Page 3,b) Nifty 500,2,3,"February 21, 2025","March 28, 2025",2025-MAR,ADDITION,The following companies are being included,Authum Investment & Infrastructure Ltd.,AIIL,,,,PASS,Extracted from ind_prs21022025.pdf Page 3 table
ind_prs21022025.pdf,https://www.niftyindices.com/Press_Release/ind_prs21022025.pdf,Page 3,b) Nifty 500,2,3,"February 21, 2025","March 28, 2025",2025-MAR,ADDITION,The following companies are being included,Bajaj Housing Finance Ltd.,BAJAJHFL,,,,PASS,Extracted from ind_prs21022025.pdf Page 3 table
ind_prs21022025.pdf,https://www.niftyindices.com/Press_Release/ind_prs21022025.pdf,Page 3,b) Nifty 500,2,3,"February 21, 2025","March 28, 2025",2025-MAR,ADDITION,The following companies are being included,Brainbees Solutions Ltd.,FIRSTCRY,,,,PASS,Extracted from ind_prs21022025.pdf Page 3 table | repeated_source_event
ind_prs21022025.pdf,https://www.niftyindices.com/Press_Release/ind_prs21022025.pdf,Page 3,b) Nifty 500,2,3,"February 21, 2025","March 28, 2025",2025-MAR,ADDITION,The following companies are being included,DCM Shriram Ltd.,DCMSHRIRAM,,,,PASS,Extracted from ind_prs21022025.pdf Page 3 table
ind_prs21022025.pdf,https://www.niftyindices.com/Press_Release/ind_prs21022025.pdf,Page 3,b) Nifty 500,2,3,"February 21, 2025","March 28, 2025",2025-MAR,ADDITION,The following companies are being included,Gravita India Ltd.,GRAVITA,,,,PASS,Extracted from ind_prs21022025.pdf Page 3 table
ind_prs21022025.pdf,https://www.niftyindices.com/Press_Release/ind_prs21022025.pdf,Page 3,b) Nifty 500,2,3,"February 21, 2025","March 28, 2025",2025-MAR,ADDITION,The following companies are being included,Hyundai Motor India Ltd.,HYUNDAI,,,,PASS,Extracted from ind_prs21022025.pdf Page 3 table | repeated_source_event
ind_prs21022025.pdf,https://www.niftyindices.com/Press_Release/ind_prs21022025.pdf,Page 3,b) Nifty 500,2,3,"February 21, 2025","March 28, 2025",2025-MAR,ADDITION,The following companies are being included,International Gemmological Institute (India) Ltd.,IGIL,,,,PASS,Extracted from ind_prs21022025.pdf Page 3 table | repeated_source_event
ind_prs21022025.pdf,https://www.niftyindices.com/Press_Release/ind_prs21022025.pdf,Page 3,b) Nifty 500,2,3,"February 21, 2025","March 28, 2025",2025-MAR,ADDITION,The following companies are being included,Inventurus Knowledge Solutions Ltd.,IKS,,,,PASS,Extracted from ind_prs21022025.pdf Page 3 table
ind_prs21022025.pdf,https://www.niftyindices.com/Press_Release/ind_prs21022025.pdf,Page 3,b) Nifty 500,2,3,"February 21, 2025","March 28, 2025",2025-MAR,ADDITION,The following companies are being included,JSW Holdings Ltd.,JSWHL,,,,PASS,Extracted from ind_prs21022025.pdf Page 3 table
ind_prs21022025.pdf,https://www.niftyindices.com/Press_Release/ind_prs21022025.pdf,Page 3,b) Nifty 500,2,3,"February 21, 2025","March 28, 2025",2025-MAR,ADDITION,The following companies are being included,LT Foods Ltd.,LTFOODS,,,,PASS,Extracted from ind_prs21022025.pdf Page 3 table | repeated_source_event
ind_prs21022025.pdf,https://www.niftyindices.com/Press_Release/ind_prs21022025.pdf,Page 3,b) Nifty 500,2,3,"February 21, 2025","March 28, 2025",2025-MAR,ADDITION,The following companies are being included,Nava Ltd.,NAVA,,,,PASS,Extracted from ind_prs21022025.pdf Page 3 table | repeated_source_event
ind_prs21022025.pdf,https://www.niftyindices.com/Press_Release/ind_prs21022025.pdf,Page 3,b) Nifty 500,2,3,"February 21, 2025","March 28, 2025",2025-MAR,ADDITION,The following companies are being included,Neuland Laboratories Ltd.,NEULANDLAB,,,,PASS,Extracted from ind_prs21022025.pdf Page 3 table | repeated_source_event
ind_prs21022025.pdf,https://www.niftyindices.com/Press_Release/ind_prs21022025.pdf,Page 3,b) Nifty 500,2,3,"February 21, 2025","March 28, 2025",2025-MAR,ADDITION,The following companies are being included,Niva Bupa Health Insurance Company Ltd.,NIVABUPA,,,,PASS,Extracted from ind_prs21022025.pdf Page 3 table
ind_prs21022025.pdf,https://www.niftyindices.com/Press_Release/ind_prs21022025.pdf,Page 3,b) Nifty 500,2,3,"February 21, 2025","March 28, 2025",2025-MAR,ADDITION,The following companies are being included,NTPC Green Energy Ltd.,NTPCGREEN,,,,PASS,Extracted from ind_prs21022025.pdf Page 3 table
ind_prs21022025.pdf,https://www.niftyindices.com/Press_Release/ind_prs21022025.pdf,Page 3,b) Nifty 500,2,3,"February 21, 2025","March 28, 2025",2025-MAR,ADDITION,The following companies are being included,Ola Electric Mobility Ltd.,OLAELEC,,,,PASS,Extracted from ind_prs21022025.pdf Page 3 table
ind_prs21022025.pdf,https://www.niftyindices.com/Press_Release/ind_prs21022025.pdf,Page 3,b) Nifty 500,2,3,"February 21, 2025","March 28, 2025",2025-MAR,ADDITION,The following companies are being included,PG Electroplast Ltd.,PGEL,,,,PASS,Extracted from ind_prs21022025.pdf Page 3 table | repeated_source_event
ind_prs21022025.pdf,https://www.niftyindices.com/Press_Release/ind_prs21022025.pdf,Page 3,b) Nifty 500,2,3,"February 21, 2025","March 28, 2025",2025-MAR,ADDITION,The following companies are being included,Premier Energies Ltd.,PREMIERENE,,,,PASS,Extracted from ind_prs21022025.pdf Page 3 table
ind_prs21022025.pdf,https://www.niftyindices.com/Press_Release/ind_prs21022025.pdf,Page 3,b) Nifty 500,2,3,"February 21, 2025","March 28, 2025",2025-MAR,ADDITION,The following companies are being included,Reliance Power Ltd.,RPOWER,,,,PASS,Extracted from ind_prs21022025.pdf Page 3 table
ind_prs21022025.pdf,https://www.niftyindices.com/Press_Release/ind_prs21022025.pdf,Page 3,b) Nifty 500,2,3,"February 21, 2025","March 28, 2025",2025-MAR,ADDITION,The following companies are being included,Sagility India Ltd.,SAGILITY,,,,PASS,Extracted from ind_prs21022025.pdf Page 3 table
ind_prs21022025.pdf,https://www.niftyindices.com/Press_Release/ind_prs21022025.pdf,Page 3,b) Nifty 500,2,3,"February 21, 2025","March 28, 2025",2025-MAR,ADDITION,The following companies are being included,Sai Life Sciences Ltd.,SAILIFE,,,,PASS,Extracted from ind_prs21022025.pdf Page 3 table
ind_prs21022025.pdf,https://www.niftyindices.com/Press_Release/ind_prs21022025.pdf,Page 3,b) Nifty 500,2,3,"February 21, 2025","March 28, 2025",2025-MAR,ADDITION,The following companies are being included,Sarda Energy and Minerals Ltd.,SARDAEN,,,,PASS,Extracted from ind_prs21022025.pdf Page 3 table
ind_prs21022025.pdf,https://www.niftyindices.com/Press_Release/ind_prs21022025.pdf,Page 3,b) Nifty 500,2,3,"February 21, 2025","March 28, 2025",2025-MAR,ADDITION,The following companies are being included,Swiggy Ltd.,SWIGGY,,,,PASS,Extracted from ind_prs21022025.pdf Page 3 table
ind_prs21022025.pdf,https://www.niftyindices.com/Press_Release/ind_prs21022025.pdf,Page 3,b) Nifty 500,2,3,"February 21, 2025","March 28, 2025",2025-MAR,ADDITION,The following companies are being included,Transformers And Rectifiers (India) Ltd.,TARIL,,,,PASS,Extracted from ind_prs21022025.pdf Page 3 table | repeated_source_event
ind_prs21022025.pdf,https://www.niftyindices.com/Press_Release/ind_prs21022025.pdf,Page 3,b) Nifty 500,2,3,"February 21, 2025","March 28, 2025",2025-MAR,ADDITION,The following companies are being included,Vishal Mega Mart Ltd.,VMM,,,,PASS,Extracted from ind_prs21022025.pdf Page 3 table | repeated_source_event
ind_prs21022025.pdf,https://www.niftyindices.com/Press_Release/ind_prs21022025.pdf,Page 3,b) Nifty 500,2,3,"February 21, 2025","March 28, 2025",2025-MAR,ADDITION,The following companies are being included,Waaree Energies Ltd.,WAAREEENER,,,,PASS,Extracted from ind_prs21022025.pdf Page 3 table | repeated_source_event
ind_prs21022025.pdf,https://www.niftyindices.com/Press_Release/ind_prs21022025.pdf,Page 3,b) Nifty 500,2,3,"February 21, 2025","March 28, 2025",2025-MAR,ADDITION,The following companies are being included,Wockhardt Ltd.,WOCKPHARMA,,,,PASS,Extracted from ind_prs21022025.pdf Page 3 table
ind_prs21022025.pdf,https://www.niftyindices.com/Press_Release/ind_prs21022025.pdf,Page 3,b) Nifty 500,2,3,"February 21, 2025","March 28, 2025",2025-MAR,ADDITION,The following companies are being included,Zen Technologies Ltd.,ZENTEC,,,,PASS,Extracted from ind_prs21022025.pdf Page 3 table
ind_prs21042025_1.pdf,https://www.niftyindices.com/Press_Release/ind_prs21042025_1.pdf,Page 1,1) Nifty500 Shariah,1,1,"April 21, 2025","April 30, 2025",2025-MAR,ADDITION,The following companies are being included,Sagility India Ltd.,SAGILITY,,,,PASS,Extracted from ind_prs21042025_1.pdf Page 1 table
ind_prs21042025_1.pdf,https://www.niftyindices.com/Press_Release/ind_prs21042025_1.pdf,Page 1,1) Nifty500 Shariah,1,1,"April 21, 2025","April 30, 2025",2025-MAR,ADDITION,The following companies are being included,Sundram Fasteners Ltd.,SUNDRMFAST,,,,PASS,Extracted from ind_prs21042025_1.pdf Page 1 table
ind_prs21042025_1.pdf,https://www.niftyindices.com/Press_Release/ind_prs21042025_1.pdf,Page 1,1) Nifty500 Shariah,1,1,"April 21, 2025","April 30, 2025",2025-MAR,ADDITION,The following companies are being included,Varun Beverages Ltd.,VBL,,,,PASS,Extracted from ind_prs21042025_1.pdf Page 1 table
ind_prs21062024_1.pdf,https://www.niftyindices.com/Press_Release/ind_prs21062024_1.pdf,Page 1,1) Nifty500 Shariah,1,1,"June 21, 2024","June 28, 2024",2024-JUN,DELETION,The following companies are being excluded,ABB India Ltd.,ABB,,,,PASS,Extracted from ind_prs21062024_1.pdf Page 1 table
ind_prs22042021.pdf,https://www.niftyindices.com/Press_Release/ind_prs22042021.pdf,Page 1,1) NIFTY 500,1,1,"April 22, 2021","April 29, 2021",2021-MAR,DELETION,The following companies are being excluded,GHCL Ltd.,GHCL,,,,PASS,Extracted from ind_prs22042021.pdf Page 1 table
ind_prs22042021.pdf,https://www.niftyindices.com/Press_Release/ind_prs22042021.pdf,Page 1,1) NIFTY 500,1,1,"April 22, 2021","April 29, 2021",2021-MAR,DELETION,The following companies are being excluded,Tata Steel BSL Ltd.,TATASTLBSL,,,,PASS,Extracted from ind_prs22042021.pdf Page 1 table
ind_prs22042021.pdf,https://www.niftyindices.com/Press_Release/ind_prs22042021.pdf,Page 1,1) NIFTY 500,1,1,"April 22, 2021","April 29, 2021",2021-MAR,DELETION,The following companies are being excluded,Burger King India Ltd.,BURGERKING,,,,PASS,Extracted from ind_prs22042021.pdf Page 1 table
ind_prs22042021.pdf,https://www.niftyindices.com/Press_Release/ind_prs22042021.pdf,Page 1,1) NIFTY 500,1,1,"April 22, 2021","April 29, 2021",2021-MAR,DELETION,The following companies are being excluded,Infibeam Avenues Ltd.,INFIBEAM,,,,PASS,Extracted from ind_prs22042021.pdf Page 1 table
ind_prs22052024.pdf,https://www.niftyindices.com/Press_Release/ind_prs22052024.pdf,Page 1,2) Nifty500 Shariah,1,3,"May 22, 2024","May 31, 2024",2024-MAY,DELETION,The following companies are being excluded,Abbott India Ltd.,ABBOTINDIA,,,,PASS,Extracted from ind_prs22052024.pdf Page 1 table
ind_prs22052024.pdf,https://www.niftyindices.com/Press_Release/ind_prs22052024.pdf,Page 1,2) Nifty500 Shariah,1,3,"May 22, 2024","May 31, 2024",2024-MAY,DELETION,The following companies are being excluded,Adani Enterprises Ltd.,ADANIENT,,,,PASS,Extracted from ind_prs22052024.pdf Page 1 table
ind_prs22052024.pdf,https://www.niftyindices.com/Press_Release/ind_prs22052024.pdf,Page 1,2) Nifty500 Shariah,1,3,"May 22, 2024","May 31, 2024",2024-MAY,DELETION,The following companies are being excluded,AIA Engineering Ltd.,AIAENG,,,,PASS,Extracted from ind_prs22052024.pdf Page 1 table
ind_prs22052024.pdf,https://www.niftyindices.com/Press_Release/ind_prs22052024.pdf,Page 1,2) Nifty500 Shariah,1,3,"May 22, 2024","May 31, 2024",2024-MAY,DELETION,The following companies are being excluded,Biocon Ltd.,BIOCON,,,,PASS,Extracted from ind_prs22052024.pdf Page 1 table
ind_prs22052024.pdf,https://www.niftyindices.com/Press_Release/ind_prs22052024.pdf,Page 1,2) Nifty500 Shariah,1,3,"May 22, 2024","May 31, 2024",2024-MAY,DELETION,The following companies are being excluded,Birla Corporation Ltd.,BIRLACORPN,,,,PASS,Extracted from ind_prs22052024.pdf Page 1 table
ind_prs22052024.pdf,https://www.niftyindices.com/Press_Release/ind_prs22052024.pdf,Page 1,2) Nifty500 Shariah,1,3,"May 22, 2024","May 31, 2024",2024-MAY,DELETION,The following companies are being excluded,Computer Age Management Services Ltd.,CAMS,,,,PASS,Extracted from ind_prs22052024.pdf Page 1 table
ind_prs22052024.pdf,https://www.niftyindices.com/Press_Release/ind_prs22052024.pdf,Page 1,2) Nifty500 Shariah,1,3,"May 22, 2024","May 31, 2024",2024-MAY,DELETION,The following companies are being excluded,Container Corporation of India Ltd.,CONCOR,,,,PASS,Extracted from ind_prs22052024.pdf Page 1 table
ind_prs22052024.pdf,https://www.niftyindices.com/Press_Release/ind_prs22052024.pdf,Page 1,2) Nifty500 Shariah,1,3,"May 22, 2024","May 31, 2024",2024-MAY,DELETION,The following companies are being excluded,Divi's Laboratories Ltd.,DIVISLAB,,,,PASS,Extracted from ind_prs22052024.pdf Page 1 table
ind_prs22052024.pdf,https://www.niftyindices.com/Press_Release/ind_prs22052024.pdf,Page 1,2) Nifty500 Shariah,1,3,"May 22, 2024","May 31, 2024",2024-MAY,DELETION,The following companies are being excluded,Grasim Industries Ltd.,GRASIM,,,,PASS,Extracted from ind_prs22052024.pdf Page 1 table
ind_prs22052024.pdf,https://www.niftyindices.com/Press_Release/ind_prs22052024.pdf,Page 2,2) Nifty500 Shariah,1,3,"May 22, 2024","May 31, 2024",2024-MAY,DELETION,The following companies are being excluded,Honeywell Automation India Ltd.,HONAUT,,,,PASS,Extracted from ind_prs22052024.pdf Page 2 table
ind_prs22052024.pdf,https://www.niftyindices.com/Press_Release/ind_prs22052024.pdf,Page 2,2) Nifty500 Shariah,1,3,"May 22, 2024","May 31, 2024",2024-MAY,DELETION,The following companies are being excluded,IRCON International Ltd.,IRCON,,,,PASS,Extracted from ind_prs22052024.pdf Page 2 table
ind_prs22052024.pdf,https://www.niftyindices.com/Press_Release/ind_prs22052024.pdf,Page 2,2) Nifty500 Shariah,1,3,"May 22, 2024","May 31, 2024",2024-MAY,DELETION,The following companies are being excluded,Jindal Saw Ltd.,JINDALSAW,,,,PASS,Extracted from ind_prs22052024.pdf Page 2 table
ind_prs22052024.pdf,https://www.niftyindices.com/Press_Release/ind_prs22052024.pdf,Page 2,2) Nifty500 Shariah,1,3,"May 22, 2024","May 31, 2024",2024-MAY,DELETION,The following companies are being excluded,JK Lakshmi Cement Ltd.,JKLAKSHMI,,,,PASS,Extracted from ind_prs22052024.pdf Page 2 table
ind_prs22052024.pdf,https://www.niftyindices.com/Press_Release/ind_prs22052024.pdf,Page 2,2) Nifty500 Shariah,1,3,"May 22, 2024","May 31, 2024",2024-MAY,DELETION,The following companies are being excluded,Jubilant Pharmova Ltd.,JUBLPHARMA,,,,PASS,Extracted from ind_prs22052024.pdf Page 2 table
ind_prs22052024.pdf,https://www.niftyindices.com/Press_Release/ind_prs22052024.pdf,Page 2,2) Nifty500 Shariah,1,3,"May 22, 2024","May 31, 2024",2024-MAY,DELETION,The following companies are being excluded,Laurus Labs Ltd.,LAURUSLABS,,,,PASS,Extracted from ind_prs22052024.pdf Page 2 table
ind_prs22052024.pdf,https://www.niftyindices.com/Press_Release/ind_prs22052024.pdf,Page 2,2) Nifty500 Shariah,1,3,"May 22, 2024","May 31, 2024",2024-MAY,DELETION,The following companies are being excluded,NMDC Ltd.,NMDC,,,,PASS,Extracted from ind_prs22052024.pdf Page 2 table
ind_prs22052024.pdf,https://www.niftyindices.com/Press_Release/ind_prs22052024.pdf,Page 2,2) Nifty500 Shariah,1,3,"May 22, 2024","May 31, 2024",2024-MAY,DELETION,The following companies are being excluded,Piramal Pharma Ltd.,PPLPHARMA,,,,PASS,Extracted from ind_prs22052024.pdf Page 2 table
ind_prs22052024.pdf,https://www.niftyindices.com/Press_Release/ind_prs22052024.pdf,Page 2,2) Nifty500 Shariah,1,3,"May 22, 2024","May 31, 2024",2024-MAY,DELETION,The following companies are being excluded,PNC Infratech Ltd.,PNCINFRA,,,,PASS,Extracted from ind_prs22052024.pdf Page 2 table
ind_prs22052024.pdf,https://www.niftyindices.com/Press_Release/ind_prs22052024.pdf,Page 2,2) Nifty500 Shariah,1,3,"May 22, 2024","May 31, 2024",2024-MAY,DELETION,The following companies are being excluded,Prestige Estates Projects Ltd.,PRESTIGE,,,,PASS,Extracted from ind_prs22052024.pdf Page 2 table
ind_prs22052024.pdf,https://www.niftyindices.com/Press_Release/ind_prs22052024.pdf,Page 2,2) Nifty500 Shariah,1,3,"May 22, 2024","May 31, 2024",2024-MAY,DELETION,The following companies are being excluded,Suzlon Energy Ltd.,SUZLON,,,,PASS,Extracted from ind_prs22052024.pdf Page 2 table
ind_prs22052024.pdf,https://www.niftyindices.com/Press_Release/ind_prs22052024.pdf,Page 2,2) Nifty500 Shariah,1,3,"May 22, 2024","May 31, 2024",2024-MAY,DELETION,The following companies are being excluded,Tata Communications Ltd.,TATACOMM,,,,PASS,Extracted from ind_prs22052024.pdf Page 2 table
ind_prs22052024.pdf,https://www.niftyindices.com/Press_Release/ind_prs22052024.pdf,Page 2,2) Nifty500 Shariah,1,3,"May 22, 2024","May 31, 2024",2024-MAY,DELETION,The following companies are being excluded,Tata Steel Ltd.,TATASTEEL,,,,PASS,Extracted from ind_prs22052024.pdf Page 2 table
ind_prs22052024.pdf,https://www.niftyindices.com/Press_Release/ind_prs22052024.pdf,Page 2,2) Nifty500 Shariah,1,3,"May 22, 2024","May 31, 2024",2024-MAY,DELETION,The following companies are being excluded,TVS Motor Company Ltd.,TVSMOTOR,,,,PASS,Extracted from ind_prs22052024.pdf Page 2 table
ind_prs22052024.pdf,https://www.niftyindices.com/Press_Release/ind_prs22052024.pdf,Page 2,2) Nifty500 Shariah,1,3,"May 22, 2024","May 31, 2024",2024-MAY,DELETION,The following companies are being excluded,UPL Ltd.,UPL,,,,PASS,Extracted from ind_prs22052024.pdf Page 2 table
ind_prs22052024.pdf,https://www.niftyindices.com/Press_Release/ind_prs22052024.pdf,Page 2,2) Nifty500 Shariah,1,3,"May 22, 2024","May 31, 2024",2024-MAY,DELETION,The following companies are being excluded,Welspun Living Ltd.,WELSPUNLIV,,,,PASS,Extracted from ind_prs22052024.pdf Page 2 table
ind_prs22052024.pdf,https://www.niftyindices.com/Press_Release/ind_prs22052024.pdf,Page 2,2) Nifty500 Shariah,1,3,"May 22, 2024","May 31, 2024",2024-MAY,ADDITION,The following companies are being included,Adani Total Gas Ltd.,ATGL,,,,PASS,Extracted from ind_prs22052024.pdf Page 2 table
ind_prs22052024.pdf,https://www.niftyindices.com/Press_Release/ind_prs22052024.pdf,Page 2,2) Nifty500 Shariah,1,3,"May 22, 2024","May 31, 2024",2024-MAY,ADDITION,The following companies are being included,Aditya Birla Fashion and Retail Ltd.,ABFRL,,,,PASS,Extracted from ind_prs22052024.pdf Page 2 table
ind_prs22052024.pdf,https://www.niftyindices.com/Press_Release/ind_prs22052024.pdf,Page 2,2) Nifty500 Shariah,1,3,"May 22, 2024","May 31, 2024",2024-MAY,ADDITION,The following companies are being included,Affle (India) Ltd.,AFFLE,,,,PASS,Extracted from ind_prs22052024.pdf Page 2 table
ind_prs22052024.pdf,https://www.niftyindices.com/Press_Release/ind_prs22052024.pdf,Page 2,2) Nifty500 Shariah,1,3,"May 22, 2024","May 31, 2024",2024-MAY,ADDITION,The following companies are being included,Aster DM Healthcare Ltd.,ASTERDM,,,,PASS,Extracted from ind_prs22052024.pdf Page 2 table
ind_prs22052024.pdf,https://www.niftyindices.com/Press_Release/ind_prs22052024.pdf,Page 2,2) Nifty500 Shariah,1,3,"May 22, 2024","May 31, 2024",2024-MAY,ADDITION,The following companies are being included,Bata India Ltd.,BATAINDIA,,,,PASS,Extracted from ind_prs22052024.pdf Page 2 table
ind_prs22052024.pdf,https://www.niftyindices.com/Press_Release/ind_prs22052024.pdf,Page 2,2) Nifty500 Shariah,1,3,"May 22, 2024","May 31, 2024",2024-MAY,ADDITION,The following companies are being included,Caplin Point Laboratories Ltd.,CAPLIPOINT,,,,PASS,Extracted from ind_prs22052024.pdf Page 2 table
ind_prs22052024.pdf,https://www.niftyindices.com/Press_Release/ind_prs22052024.pdf,Page 2,2) Nifty500 Shariah,1,3,"May 22, 2024","May 31, 2024",2024-MAY,ADDITION,The following companies are being included,FDC Ltd.,FDC,,,,PASS,Extracted from ind_prs22052024.pdf Page 2 table
ind_prs22052024.pdf,https://www.niftyindices.com/Press_Release/ind_prs22052024.pdf,Page 2,2) Nifty500 Shariah,1,3,"May 22, 2024","May 31, 2024",2024-MAY,ADDITION,The following companies are being included,Finolex Cables Ltd.,FINCABLES,,,,PASS,Extracted from ind_prs22052024.pdf Page 2 table
ind_prs22052024.pdf,https://www.niftyindices.com/Press_Release/ind_prs22052024.pdf,Page 2,2) Nifty500 Shariah,1,3,"May 22, 2024","May 31, 2024",2024-MAY,ADDITION,The following companies are being included,Finolex Industries Ltd.,FINPIPE,,,,PASS,Extracted from ind_prs22052024.pdf Page 2 table
ind_prs22052024.pdf,https://www.niftyindices.com/Press_Release/ind_prs22052024.pdf,Page 2,2) Nifty500 Shariah,1,3,"May 22, 2024","May 31, 2024",2024-MAY,ADDITION,The following companies are being included,Fortis Healthcare Ltd.,FORTIS,,,,PASS,Extracted from ind_prs22052024.pdf Page 2 table
ind_prs22052024.pdf,https://www.niftyindices.com/Press_Release/ind_prs22052024.pdf,Page 2,2) Nifty500 Shariah,1,3,"May 22, 2024","May 31, 2024",2024-MAY,ADDITION,The following companies are being included,FSN E-Commerce Ventures Ltd.,NYKAA,,,,PASS,Extracted from ind_prs22052024.pdf Page 2 table
ind_prs22052024.pdf,https://www.niftyindices.com/Press_Release/ind_prs22052024.pdf,Page 2,2) Nifty500 Shariah,1,3,"May 22, 2024","May 31, 2024",2024-MAY,ADDITION,The following companies are being included,Indus Towers Ltd.,INDUSTOWER,,,,PASS,Extracted from ind_prs22052024.pdf Page 2 table
ind_prs22052024.pdf,https://www.niftyindices.com/Press_Release/ind_prs22052024.pdf,Page 2,2) Nifty500 Shariah,1,3,"May 22, 2024","May 31, 2024",2024-MAY,ADDITION,The following companies are being included,Macrotech Developers Ltd.,LODHA,,,,PASS,Extracted from ind_prs22052024.pdf Page 2 table
ind_prs22052024.pdf,https://www.niftyindices.com/Press_Release/ind_prs22052024.pdf,Page 2,2) Nifty500 Shariah,1,3,"May 22, 2024","May 31, 2024",2024-MAY,ADDITION,The following companies are being included,Max Healthcare Institute Ltd.,MAXHEALTH,,,,PASS,Extracted from ind_prs22052024.pdf Page 2 table
ind_prs22052024.pdf,https://www.niftyindices.com/Press_Release/ind_prs22052024.pdf,Page 2,2) Nifty500 Shariah,1,3,"May 22, 2024","May 31, 2024",2024-MAY,ADDITION,The following companies are being included,Medplus Health Services Ltd.,MEDPLUS,,,,PASS,Extracted from ind_prs22052024.pdf Page 2 table
ind_prs22052024.pdf,https://www.niftyindices.com/Press_Release/ind_prs22052024.pdf,Page 2,2) Nifty500 Shariah,1,3,"May 22, 2024","May 31, 2024",2024-MAY,ADDITION,The following companies are being included,Metro Brands Ltd.,METROBRAND,,,,PASS,Extracted from ind_prs22052024.pdf Page 2 table
ind_prs22052024.pdf,https://www.niftyindices.com/Press_Release/ind_prs22052024.pdf,Page 2,2) Nifty500 Shariah,1,3,"May 22, 2024","May 31, 2024",2024-MAY,ADDITION,The following companies are being included,Minda Corporation Ltd.,MINDACORP,,,,PASS,Extracted from ind_prs22052024.pdf Page 2 table
ind_prs22052024.pdf,https://www.niftyindices.com/Press_Release/ind_prs22052024.pdf,Page 3,2) Nifty500 Shariah,1,3,"May 22, 2024","May 31, 2024",2024-MAY,ADDITION,The following companies are being included,MMTC Ltd.,MMTC,,,,PASS,Extracted from ind_prs22052024.pdf Page 3 table
ind_prs22052024.pdf,https://www.niftyindices.com/Press_Release/ind_prs22052024.pdf,Page 3,2) Nifty500 Shariah,1,3,"May 22, 2024","May 31, 2024",2024-MAY,ADDITION,The following companies are being included,Praj Industries Ltd.,PRAJIND,,,,PASS,Extracted from ind_prs22052024.pdf Page 3 table
ind_prs22052024.pdf,https://www.niftyindices.com/Press_Release/ind_prs22052024.pdf,Page 3,2) Nifty500 Shariah,1,3,"May 22, 2024","May 31, 2024",2024-MAY,ADDITION,The following companies are being included,Prism Johnson Ltd.,PRSMJOHNSN,,,,PASS,Extracted from ind_prs22052024.pdf Page 3 table
ind_prs22052024.pdf,https://www.niftyindices.com/Press_Release/ind_prs22052024.pdf,Page 3,2) Nifty500 Shariah,1,3,"May 22, 2024","May 31, 2024",2024-MAY,ADDITION,The following companies are being included,Route Mobile Ltd.,ROUTE,,,,PASS,Extracted from ind_prs22052024.pdf Page 3 table
ind_prs22052024.pdf,https://www.niftyindices.com/Press_Release/ind_prs22052024.pdf,Page 3,2) Nifty500 Shariah,1,3,"May 22, 2024","May 31, 2024",2024-MAY,ADDITION,The following companies are being included,Sun Pharmaceutical Industries Ltd.,SUNPHARMA,,,,PASS,Extracted from ind_prs22052024.pdf Page 3 table
ind_prs22052024.pdf,https://www.niftyindices.com/Press_Release/ind_prs22052024.pdf,Page 3,2) Nifty500 Shariah,1,3,"May 22, 2024","May 31, 2024",2024-MAY,ADDITION,The following companies are being included,Trent Ltd.,TRENT,,,,PASS,Extracted from ind_prs22052024.pdf Page 3 table
ind_prs22052024.pdf,https://www.niftyindices.com/Press_Release/ind_prs22052024.pdf,Page 3,2) Nifty500 Shariah,1,3,"May 22, 2024","May 31, 2024",2024-MAY,ADDITION,The following companies are being included,Zensar Technolgies Ltd.,ZENSARTECH,,,,PASS,Extracted from ind_prs22052024.pdf Page 3 table
ind_prs22052024.pdf,https://www.niftyindices.com/Press_Release/ind_prs22052024.pdf,Page 3,2) Nifty500 Shariah,1,3,"May 22, 2024","May 31, 2024",2024-MAY,ADDITION,The following companies are being included,Zydus Lifesciences Ltd.,ZYDUSLIFE,,,,PASS,Extracted from ind_prs22052024.pdf Page 3 table
ind_prs22052024.pdf,https://www.niftyindices.com/Press_Release/ind_prs22052024.pdf,Page 3,2) Nifty500 Shariah,1,3,"May 22, 2024","May 31, 2024",2024-MAY,ADDITION,The following companies are being included,Coforge Ltd.,COFORGE,,,,PASS,Extracted from ind_prs22052024.pdf Page 3 table
ind_prs22052024.pdf,https://www.niftyindices.com/Press_Release/ind_prs22052024.pdf,Page 3,2) Nifty500 Shariah,1,3,"May 22, 2024","May 31, 2024",2024-MAY,ADDITION,The following companies are being included,Lupin Ltd.,LUPIN,,,,PASS,Extracted from ind_prs22052024.pdf Page 3 table
ind_prs22052024.pdf,https://www.niftyindices.com/Press_Release/ind_prs22052024.pdf,Page 3,2) Nifty500 Shariah,1,3,"May 22, 2024","May 31, 2024",2024-MAY,ADDITION,The following companies are being included,SRF Ltd.,SRF,,,,PASS,Extracted from ind_prs22052024.pdf Page 3 table
ind_prs22052024.pdf,https://www.niftyindices.com/Press_Release/ind_prs22052024.pdf,Page 3,2) Nifty500 Shariah,1,3,"May 22, 2024","May 31, 2024",2024-MAY,ADDITION,The following companies are being included,Tube Investments of India Ltd.,TIINDIA,,,,PASS,Extracted from ind_prs22052024.pdf Page 3 table
ind_prs22082025.pdf,https://www.niftyindices.com/Press_Release/ind_prs22082025.pdf,Page 2,2) Nifty 500,2,3,"August 22, 2025","September 30, 2025",2025-SEP,DELETION,The following companies are being excluded,Alivus Life Sciences Ltd.,ALIVUS,,,,PASS,Extracted from ind_prs22082025.pdf Page 2 table | repeated_source_event
ind_prs22082025.pdf,https://www.niftyindices.com/Press_Release/ind_prs22082025.pdf,Page 2,2) Nifty 500,2,3,"August 22, 2025","September 30, 2025",2025-SEP,DELETION,The following companies are being excluded,Gujarat Narmada Valley Fertilizers and Chemicals Ltd.,GNFC,,,,PASS,Extracted from ind_prs22082025.pdf Page 2 table
ind_prs22082025.pdf,https://www.niftyindices.com/Press_Release/ind_prs22082025.pdf,Page 2,2) Nifty 500,2,3,"August 22, 2025","September 30, 2025",2025-SEP,DELETION,The following companies are being excluded,Gujarat Pipavav Port Ltd.,GPPL,,,,PASS,Extracted from ind_prs22082025.pdf Page 2 table
ind_prs22082025.pdf,https://www.niftyindices.com/Press_Release/ind_prs22082025.pdf,Page 2,2) Nifty 500,2,3,"August 22, 2025","September 30, 2025",2025-SEP,DELETION,The following companies are being excluded,JSW Holdings Ltd.,JSWHL,,,,PASS,Extracted from ind_prs22082025.pdf Page 2 table
ind_prs22082025.pdf,https://www.niftyindices.com/Press_Release/ind_prs22082025.pdf,Page 2,2) Nifty 500,2,3,"August 22, 2025","September 30, 2025",2025-SEP,DELETION,The following companies are being excluded,Justdial Ltd.,JUSTDIAL,,,,PASS,Extracted from ind_prs22082025.pdf Page 2 table
ind_prs22082025.pdf,https://www.niftyindices.com/Press_Release/ind_prs22082025.pdf,Page 2,2) Nifty 500,2,3,"August 22, 2025","September 30, 2025",2025-SEP,DELETION,The following companies are being excluded,Kansai Nerolac Paints Ltd.,KANSAINER,,,,PASS,Extracted from ind_prs22082025.pdf Page 2 table | repeated_source_event
ind_prs22082025.pdf,https://www.niftyindices.com/Press_Release/ind_prs22082025.pdf,Page 2,2) Nifty 500,2,3,"August 22, 2025","September 30, 2025",2025-SEP,DELETION,The following companies are being excluded,KNR Constructions Ltd.,KNRCON,,,,PASS,Extracted from ind_prs22082025.pdf Page 2 table
ind_prs22082025.pdf,https://www.niftyindices.com/Press_Release/ind_prs22082025.pdf,Page 2,2) Nifty 500,2,3,"August 22, 2025","September 30, 2025",2025-SEP,DELETION,The following companies are being excluded,Mastek Ltd.,MASTEK,,,,PASS,Extracted from ind_prs22082025.pdf Page 2 table | repeated_source_event
ind_prs22082025.pdf,https://www.niftyindices.com/Press_Release/ind_prs22082025.pdf,Page 2,2) Nifty 500,2,3,"August 22, 2025","September 30, 2025",2025-SEP,DELETION,The following companies are being excluded,Network18 Media & Investments Ltd.,NETWORK18,,,,PASS,Extracted from ind_prs22082025.pdf Page 2 table
ind_prs22082025.pdf,https://www.niftyindices.com/Press_Release/ind_prs22082025.pdf,Page 2,2) Nifty 500,2,3,"August 22, 2025","September 30, 2025",2025-SEP,DELETION,The following companies are being excluded,PNC Infratech Ltd.,PNCINFRA,,,,PASS,Extracted from ind_prs22082025.pdf Page 2 table
ind_prs22082025.pdf,https://www.niftyindices.com/Press_Release/ind_prs22082025.pdf,Page 2,2) Nifty 500,2,3,"August 22, 2025","September 30, 2025",2025-SEP,DELETION,The following companies are being excluded,RattanIndia Enterprises Ltd.,RTNINDIA,,,,PASS,Extracted from ind_prs22082025.pdf Page 2 table
ind_prs22082025.pdf,https://www.niftyindices.com/Press_Release/ind_prs22082025.pdf,Page 2,2) Nifty 500,2,3,"August 22, 2025","September 30, 2025",2025-SEP,DELETION,The following companies are being excluded,Raymond Lifestyle Ltd.,RAYMONDLSL,,,,PASS,Extracted from ind_prs22082025.pdf Page 2 table
ind_prs22082025.pdf,https://www.niftyindices.com/Press_Release/ind_prs22082025.pdf,Page 2,2) Nifty 500,2,3,"August 22, 2025","September 30, 2025",2025-SEP,DELETION,The following companies are being excluded,Raymond Ltd.,RAYMOND,,,,PASS,Extracted from ind_prs22082025.pdf Page 2 table | repeated_source_event
ind_prs22082025.pdf,https://www.niftyindices.com/Press_Release/ind_prs22082025.pdf,Page 2,2) Nifty 500,2,3,"August 22, 2025","September 30, 2025",2025-SEP,DELETION,The following companies are being excluded,Route Mobile Ltd.,ROUTE,,,,PASS,Extracted from ind_prs22082025.pdf Page 2 table | repeated_source_event
ind_prs22082025.pdf,https://www.niftyindices.com/Press_Release/ind_prs22082025.pdf,Page 2,2) Nifty 500,2,3,"August 22, 2025","September 30, 2025",2025-SEP,DELETION,The following companies are being excluded,Shree Renuka Sugars Ltd.,RENUKA,,,,PASS,Extracted from ind_prs22082025.pdf Page 2 table
ind_prs22082025.pdf,https://www.niftyindices.com/Press_Release/ind_prs22082025.pdf,Page 2,2) Nifty 500,2,3,"August 22, 2025","September 30, 2025",2025-SEP,DELETION,The following companies are being excluded,Sterling and Wilson Renewable Energy Ltd.,SWSOLAR,,,,PASS,Extracted from ind_prs22082025.pdf Page 2 table | repeated_source_event
ind_prs22082025.pdf,https://www.niftyindices.com/Press_Release/ind_prs22082025.pdf,Page 2,2) Nifty 500,2,3,"August 22, 2025","September 30, 2025",2025-SEP,DELETION,The following companies are being excluded,Tanla Platforms Ltd.,TANLA,,,,PASS,Extracted from ind_prs22082025.pdf Page 2 table | repeated_source_event
ind_prs22082025.pdf,https://www.niftyindices.com/Press_Release/ind_prs22082025.pdf,Page 2,2) Nifty 500,2,3,"August 22, 2025","September 30, 2025",2025-SEP,DELETION,The following companies are being excluded,Westlife Foodworld Ltd.,WESTLIFE,,,,PASS,Extracted from ind_prs22082025.pdf Page 2 table
ind_prs22082025.pdf,https://www.niftyindices.com/Press_Release/ind_prs22082025.pdf,Page 2,2) Nifty 500,2,3,"August 22, 2025","September 30, 2025",2025-SEP,ADDITION,The following companies are being included,Aditya Birla Lifestyle Brands Ltd.,ABLBL,,,,PASS,Extracted from ind_prs22082025.pdf Page 2 table
ind_prs22082025.pdf,https://www.niftyindices.com/Press_Release/ind_prs22082025.pdf,Page 2,2) Nifty 500,2,3,"August 22, 2025","September 30, 2025",2025-SEP,ADDITION,The following companies are being included,Aegis Vopak Terminals Ltd.,AEGISVOPAK,,,,PASS,Extracted from ind_prs22082025.pdf Page 2 table
ind_prs22082025.pdf,https://www.niftyindices.com/Press_Release/ind_prs22082025.pdf,Page 2,2) Nifty 500,2,3,"August 22, 2025","September 30, 2025",2025-SEP,ADDITION,The following companies are being included,Akzo Nobel India Ltd.,AKZOINDIA,,,,PASS,Extracted from ind_prs22082025.pdf Page 2 table | repeated_source_event
ind_prs22082025.pdf,https://www.niftyindices.com/Press_Release/ind_prs22082025.pdf,Page 2,2) Nifty 500,2,3,"August 22, 2025","September 30, 2025",2025-SEP,ADDITION,The following companies are being included,Ather Energy Ltd.,ATHERENERG,,,,PASS,Extracted from ind_prs22082025.pdf Page 2 table
ind_prs22082025.pdf,https://www.niftyindices.com/Press_Release/ind_prs22082025.pdf,Page 2,2) Nifty 500,2,3,"August 22, 2025","September 30, 2025",2025-SEP,ADDITION,The following companies are being included,Blue Jet Healthcare Ltd.,BLUEJET,,,,PASS,Extracted from ind_prs22082025.pdf Page 2 table | repeated_source_event
ind_prs22082025.pdf,https://www.niftyindices.com/Press_Release/ind_prs22082025.pdf,Page 2,2) Nifty 500,2,3,"August 22, 2025","September 30, 2025",2025-SEP,ADDITION,The following companies are being included,Choice International Ltd.,CHOICEIN,,,,PASS,Extracted from ind_prs22082025.pdf Page 2 table
ind_prs22082025.pdf,https://www.niftyindices.com/Press_Release/ind_prs22082025.pdf,Page 2,2) Nifty 500,2,3,"August 22, 2025","September 30, 2025",2025-SEP,ADDITION,The following companies are being included,Dr. Agarwal's Health Care Ltd.,AGARWALEYE,,,,PASS,Extracted from ind_prs22082025.pdf Page 2 table
ind_prs22082025.pdf,https://www.niftyindices.com/Press_Release/ind_prs22082025.pdf,Page 2,2) Nifty 500,2,3,"August 22, 2025","September 30, 2025",2025-SEP,ADDITION,The following companies are being included,Force Motors Ltd.,FORCEMOT,,,,PASS,Extracted from ind_prs22082025.pdf Page 2 table | repeated_source_event
ind_prs22082025.pdf,https://www.niftyindices.com/Press_Release/ind_prs22082025.pdf,Page 2,2) Nifty 500,2,3,"August 22, 2025","September 30, 2025",2025-SEP,ADDITION,The following companies are being included,Hexaware Technologies Ltd.,HEXT,,,,PASS,Extracted from ind_prs22082025.pdf Page 2 table | repeated_source_event
ind_prs22082025.pdf,https://www.niftyindices.com/Press_Release/ind_prs22082025.pdf,Page 2,2) Nifty 500,2,3,"August 22, 2025","September 30, 2025",2025-SEP,ADDITION,The following companies are being included,ITC Hotels Ltd.,ITCHOTELS,,,,PASS,Extracted from ind_prs22082025.pdf Page 2 table
ind_prs22082025.pdf,https://www.niftyindices.com/Press_Release/ind_prs22082025.pdf,Page 2,2) Nifty 500,2,3,"August 22, 2025","September 30, 2025",2025-SEP,ADDITION,The following companies are being included,KSB Ltd.,KSB,,,,PASS,Extracted from ind_prs22082025.pdf Page 2 table | repeated_source_event
ind_prs22082025.pdf,https://www.niftyindices.com/Press_Release/ind_prs22082025.pdf,Page 3,2) Nifty 500,2,3,"August 22, 2025","September 30, 2025",2025-SEP,ADDITION,The following companies are being included,Maharashtra Scooters Ltd.,MAHSCOOTER,,,,PASS,Extracted from ind_prs22082025.pdf Page 3 table
ind_prs22082025.pdf,https://www.niftyindices.com/Press_Release/ind_prs22082025.pdf,Page 3,2) Nifty 500,2,3,"August 22, 2025","September 30, 2025",2025-SEP,ADDITION,The following companies are being included,Nuvoco Vistas Corporation Ltd.,NUVOCO,,,,PASS,Extracted from ind_prs22082025.pdf Page 3 table | repeated_source_event
ind_prs22082025.pdf,https://www.niftyindices.com/Press_Release/ind_prs22082025.pdf,Page 3,2) Nifty 500,2,3,"August 22, 2025","September 30, 2025",2025-SEP,ADDITION,The following companies are being included,Onesource Specialty Pharma Ltd.,ONESOURCE,,,,PASS,Extracted from ind_prs22082025.pdf Page 3 table
ind_prs22082025.pdf,https://www.niftyindices.com/Press_Release/ind_prs22082025.pdf,Page 3,2) Nifty 500,2,3,"August 22, 2025","September 30, 2025",2025-SEP,ADDITION,The following companies are being included,Procter & Gamble Hygiene & Health Care Ltd.,PGHH,,,,PASS,Extracted from ind_prs22082025.pdf Page 3 table | repeated_source_event
ind_prs22082025.pdf,https://www.niftyindices.com/Press_Release/ind_prs22082025.pdf,Page 3,2) Nifty 500,2,3,"August 22, 2025","September 30, 2025",2025-SEP,ADDITION,The following companies are being included,Schloss Bangalore Ltd.,THELEELA,,,,PASS,Extracted from ind_prs22082025.pdf Page 3 table
ind_prs22082025.pdf,https://www.niftyindices.com/Press_Release/ind_prs22082025.pdf,Page 3,2) Nifty 500,2,3,"August 22, 2025","September 30, 2025",2025-SEP,ADDITION,The following companies are being included,Siemens Energy India Ltd.,ENRIN,,,,PASS,Extracted from ind_prs22082025.pdf Page 3 table
ind_prs22082025.pdf,https://www.niftyindices.com/Press_Release/ind_prs22082025.pdf,Page 3,2) Nifty 500,2,3,"August 22, 2025","September 30, 2025",2025-SEP,ADDITION,The following companies are being included,Ventive Hospitality Ltd.,VENTIVE,,,,PASS,Extracted from ind_prs22082025.pdf Page 3 table
ind_prs22082025_1.pdf,https://www.niftyindices.com/Press_Release/ind_prs22082025_1.pdf,Page 1,1) Nifty500 Shariah,1,1,"August 22, 2025","August 29, 2025",2025-SEP,DELETION,The following companies are being excluded,Aditya Birla Real Estate Ltd.,ABREL,,,,PASS,Extracted from ind_prs22082025_1.pdf Page 1 table
ind_prs22082025_1.pdf,https://www.niftyindices.com/Press_Release/ind_prs22082025_1.pdf,Page 1,1) Nifty500 Shariah,1,1,"August 22, 2025","August 29, 2025",2025-SEP,DELETION,The following companies are being excluded,Aegis Logistics Ltd.,AEGISLOG,,,,PASS,Extracted from ind_prs22082025_1.pdf Page 1 table
ind_prs22082025_1.pdf,https://www.niftyindices.com/Press_Release/ind_prs22082025_1.pdf,Page 1,1) Nifty500 Shariah,1,1,"August 22, 2025","August 29, 2025",2025-SEP,DELETION,The following companies are being excluded,India Cements Ltd.,INDIACEM,,,,PASS,Extracted from ind_prs22082025_1.pdf Page 1 table
ind_prs22082025_1.pdf,https://www.niftyindices.com/Press_Release/ind_prs22082025_1.pdf,Page 1,1) Nifty500 Shariah,1,1,"August 22, 2025","August 29, 2025",2025-SEP,DELETION,The following companies are being excluded,PI Industries Ltd.,PIIND,,,,PASS,Extracted from ind_prs22082025_1.pdf Page 1 table
ind_prs22082025_1.pdf,https://www.niftyindices.com/Press_Release/ind_prs22082025_1.pdf,Page 1,1) Nifty500 Shariah,1,1,"August 22, 2025","August 29, 2025",2025-SEP,DELETION,The following companies are being excluded,Shree Cement Ltd.,SHREECEM,,,,PASS,Extracted from ind_prs22082025_1.pdf Page 1 table
ind_prs22082025_1.pdf,https://www.niftyindices.com/Press_Release/ind_prs22082025_1.pdf,Page 1,1) Nifty500 Shariah,1,1,"August 22, 2025","August 29, 2025",2025-SEP,DELETION,The following companies are being excluded,Sona BLW Precision Forgings Ltd.,SONACOMS,,,,PASS,Extracted from ind_prs22082025_1.pdf Page 1 table
ind_prs22082025_1.pdf,https://www.niftyindices.com/Press_Release/ind_prs22082025_1.pdf,Page 1,1) Nifty500 Shariah,1,1,"August 22, 2025","August 29, 2025",2025-SEP,ADDITION,The following companies are being included,Max Healthcare Institute Ltd.,MAXHEALTH,,,,PASS,Extracted from ind_prs22082025_1.pdf Page 1 table
ind_prs22082025_1.pdf,https://www.niftyindices.com/Press_Release/ind_prs22082025_1.pdf,Page 1,1) Nifty500 Shariah,1,1,"August 22, 2025","August 29, 2025",2025-SEP,ADDITION,The following companies are being included,Raymond Ltd.,RAYMOND,,,,PASS,Extracted from ind_prs22082025_1.pdf Page 1 table
ind_prs22082025_1.pdf,https://www.niftyindices.com/Press_Release/ind_prs22082025_1.pdf,Page 1,1) Nifty500 Shariah,1,1,"August 22, 2025","August 29, 2025",2025-SEP,ADDITION,The following companies are being included,Torrent Pharmaceuticals Ltd.,TORNTPHARM,,,,PASS,Extracted from ind_prs22082025_1.pdf Page 1 table
ind_prs22082025_1.pdf,https://www.niftyindices.com/Press_Release/ind_prs22082025_1.pdf,Page 1,1) Nifty500 Shariah,1,1,"August 22, 2025","August 29, 2025",2025-SEP,ADDITION,The following companies are being included,Torrent Power Ltd.,TORNTPOWER,,,,PASS,Extracted from ind_prs22082025_1.pdf Page 1 table
ind_prs22082025_1.pdf,https://www.niftyindices.com/Press_Release/ind_prs22082025_1.pdf,Page 1,1) Nifty500 Shariah,1,1,"August 22, 2025","August 29, 2025",2025-SEP,ADDITION,The following companies are being included,Wockhardt Ltd.,WOCKPHARMA,,,,PASS,Extracted from ind_prs22082025_1.pdf Page 1 table
ind_prs22102021.pdf,https://www.niftyindices.com/Press_Release/ind_prs22102021.pdf,Page 3,1) NIFTY 500,3,3,"October 22, 2021",,2021-SEP,DELETION,The following companies are being excluded,GMR Infrastructure Ltd.,GMRINFRA,,,,PASS,Extracted from ind_prs22102021.pdf Page 3 table
ind_prs22102021.pdf,https://www.niftyindices.com/Press_Release/ind_prs22102021.pdf,Page 3,1) NIFTY 500,3,3,"October 22, 2021",,2021-SEP,DELETION,The following companies are being excluded,Sona BLW Precision Forgings Ltd.,SONACOMS,,,,PASS,Extracted from ind_prs22102021.pdf Page 3 table
ind_prs22112024.pdf,https://www.niftyindices.com/Press_Release/ind_prs22112024.pdf,Page 1,1) Nifty500 Shariah,1,1,"November 22, 2024","November 29, 2024",2024-NOV,ADDITION,The following companies are being included,NMDC Steel Ltd.,NSLNISP,,,,PASS,Extracted from ind_prs22112024.pdf Page 1 table
ind_prs22112024.pdf,https://www.niftyindices.com/Press_Release/ind_prs22112024.pdf,Page 1,1) Nifty500 Shariah,1,1,"November 22, 2024","November 29, 2024",2024-NOV,ADDITION,The following companies are being included,Steel Authority of India Ltd.,SAIL,,,,PASS,Extracted from ind_prs22112024.pdf Page 1 table
ind_prs22122022.pdf,https://www.niftyindices.com/Press_Release/ind_prs22122022.pdf,Page 1,1) Nifty 500,1,2,"December 22, 2022",,2022-DEC,DELETION,The following companies are being excluded,Saregama India Ltd.,SAREGAMA,,,,PASS,Extracted from ind_prs22122022.pdf Page 1 table
ind_prs22122022.pdf,https://www.niftyindices.com/Press_Release/ind_prs22122022.pdf,Page 1,1) Nifty 500,1,2,"December 22, 2022",,2022-DEC,DELETION,The following companies are being excluded,Rainbow Childrens Medicare Ltd.,RAINBOW,,,,PASS,Extracted from ind_prs22122022.pdf Page 1 table
ind_prs23022021.pdf,https://www.niftyindices.com/Press_Release/ind_prs23022021.pdf,Page 2,3) NIFTY 500,2,3,"February 23, 2021",,2021-MAR,DELETION,The following companies are being excluded,Bombay Dyeing & Manufacturing Co. Ltd.,BOMDYEING,,,,PASS,Extracted from ind_prs23022021.pdf Page 2 table
ind_prs23022021.pdf,https://www.niftyindices.com/Press_Release/ind_prs23022021.pdf,Page 2,3) NIFTY 500,2,3,"February 23, 2021",,2021-MAR,DELETION,The following companies are being excluded,CARE Ratings Ltd.,CARERATING,,,,PASS,Extracted from ind_prs23022021.pdf Page 2 table
ind_prs23022021.pdf,https://www.niftyindices.com/Press_Release/ind_prs23022021.pdf,Page 2,3) NIFTY 500,2,3,"February 23, 2021",,2021-MAR,DELETION,The following companies are being excluded,Chennai Petroleum Corporation Ltd.,CHENNPETRO,,,,PASS,Extracted from ind_prs23022021.pdf Page 2 table
ind_prs23022021.pdf,https://www.niftyindices.com/Press_Release/ind_prs23022021.pdf,Page 2,3) NIFTY 500,2,3,"February 23, 2021",,2021-MAR,DELETION,The following companies are being excluded,D.B.Corp Ltd.,DBCORP,,,,PASS,Extracted from ind_prs23022021.pdf Page 2 table
ind_prs23022021.pdf,https://www.niftyindices.com/Press_Release/ind_prs23022021.pdf,Page 2,3) NIFTY 500,2,3,"February 23, 2021",,2021-MAR,DELETION,The following companies are being excluded,ESAB India Ltd.,ESABINDIA,,,,PASS,Extracted from ind_prs23022021.pdf Page 2 table
ind_prs23022021.pdf,https://www.niftyindices.com/Press_Release/ind_prs23022021.pdf,Page 2,3) NIFTY 500,2,3,"February 23, 2021",,2021-MAR,DELETION,The following companies are being excluded,Gujarat Mineral Development Corporation Ltd.,GMDCLTD,,,,PASS,Extracted from ind_prs23022021.pdf Page 2 table
ind_prs23022021.pdf,https://www.niftyindices.com/Press_Release/ind_prs23022021.pdf,Page 2,3) NIFTY 500,2,3,"February 23, 2021",,2021-MAR,DELETION,The following companies are being excluded,Hathway Cable & Datacom Ltd.,HATHWAY,,,,PASS,Extracted from ind_prs23022021.pdf Page 2 table
ind_prs23022021.pdf,https://www.niftyindices.com/Press_Release/ind_prs23022021.pdf,Page 2,3) NIFTY 500,2,3,"February 23, 2021",,2021-MAR,DELETION,The following companies are being excluded,Heritage Foods Ltd.,HERITGFOOD,,,,PASS,Extracted from ind_prs23022021.pdf Page 2 table
ind_prs23022021.pdf,https://www.niftyindices.com/Press_Release/ind_prs23022021.pdf,Page 2,3) NIFTY 500,2,3,"February 23, 2021",,2021-MAR,DELETION,The following companies are being excluded,ICRA Ltd.,ICRA,,,,PASS,Extracted from ind_prs23022021.pdf Page 2 table
ind_prs23022021.pdf,https://www.niftyindices.com/Press_Release/ind_prs23022021.pdf,Page 2,3) NIFTY 500,2,3,"February 23, 2021",,2021-MAR,DELETION,The following companies are being excluded,Jagran Prakashan Ltd.,JAGRAN,,,,PASS,Extracted from ind_prs23022021.pdf Page 2 table
ind_prs23022021.pdf,https://www.niftyindices.com/Press_Release/ind_prs23022021.pdf,Page 2,3) NIFTY 500,2,3,"February 23, 2021",,2021-MAR,DELETION,The following companies are being excluded,Jai Corp Ltd.,JAICORPLTD,,,,PASS,Extracted from ind_prs23022021.pdf Page 2 table
ind_prs23022021.pdf,https://www.niftyindices.com/Press_Release/ind_prs23022021.pdf,Page 2,3) NIFTY 500,2,3,"February 23, 2021",,2021-MAR,DELETION,The following companies are being excluded,Jammu & Kashmir Bank Ltd.,J&KBANK,,,,PASS,Extracted from ind_prs23022021.pdf Page 2 table
ind_prs23022021.pdf,https://www.niftyindices.com/Press_Release/ind_prs23022021.pdf,Page 2,3) NIFTY 500,2,3,"February 23, 2021",,2021-MAR,DELETION,The following companies are being excluded,Karnataka Bank Ltd.,KTKBANK,,,,PASS,Extracted from ind_prs23022021.pdf Page 2 table
ind_prs23022021.pdf,https://www.niftyindices.com/Press_Release/ind_prs23022021.pdf,Page 2,3) NIFTY 500,2,3,"February 23, 2021",,2021-MAR,DELETION,The following companies are being excluded,Kolte-Patil Developers Ltd.,KOLTEPATIL,,,,PASS,Extracted from ind_prs23022021.pdf Page 2 table
ind_prs23022021.pdf,https://www.niftyindices.com/Press_Release/ind_prs23022021.pdf,Page 2,3) NIFTY 500,2,3,"February 23, 2021",,2021-MAR,DELETION,The following companies are being excluded,Navneet Education Ltd.,NAVNETEDUL,,,,PASS,Extracted from ind_prs23022021.pdf Page 2 table
ind_prs23022021.pdf,https://www.niftyindices.com/Press_Release/ind_prs23022021.pdf,Page 2,3) NIFTY 500,2,3,"February 23, 2021",,2021-MAR,DELETION,The following companies are being excluded,Omaxe Ltd.,OMAXE,,,,PASS,Extracted from ind_prs23022021.pdf Page 2 table
ind_prs23022021.pdf,https://www.niftyindices.com/Press_Release/ind_prs23022021.pdf,Page 2,3) NIFTY 500,2,3,"February 23, 2021",,2021-MAR,DELETION,The following companies are being excluded,Orient Cement Ltd.,ORIENTCEM,,,,PASS,Extracted from ind_prs23022021.pdf Page 2 table
ind_prs23022021.pdf,https://www.niftyindices.com/Press_Release/ind_prs23022021.pdf,Page 2,3) NIFTY 500,2,3,"February 23, 2021",,2021-MAR,DELETION,The following companies are being excluded,Praj Industries Ltd.,PRAJIND,,,,PASS,Extracted from ind_prs23022021.pdf Page 2 table
ind_prs23022021.pdf,https://www.niftyindices.com/Press_Release/ind_prs23022021.pdf,Page 2,3) NIFTY 500,2,3,"February 23, 2021",,2021-MAR,DELETION,The following companies are being excluded,PSP Projects Ltd.,PSPPROJECT,,,,PASS,Extracted from ind_prs23022021.pdf Page 2 table
ind_prs23022021.pdf,https://www.niftyindices.com/Press_Release/ind_prs23022021.pdf,Page 2,3) NIFTY 500,2,3,"February 23, 2021",,2021-MAR,DELETION,The following companies are being excluded,PTC India Ltd.,PTC,,,,PASS,Extracted from ind_prs23022021.pdf Page 2 table
ind_prs23022021.pdf,https://www.niftyindices.com/Press_Release/ind_prs23022021.pdf,Page 2,3) NIFTY 500,2,3,"February 23, 2021",,2021-MAR,DELETION,The following companies are being excluded,South Indian Bank Ltd.,SOUTHBANK,,,,PASS,Extracted from ind_prs23022021.pdf Page 2 table
ind_prs23022021.pdf,https://www.niftyindices.com/Press_Release/ind_prs23022021.pdf,Page 2,3) NIFTY 500,2,3,"February 23, 2021",,2021-MAR,DELETION,The following companies are being excluded,Swaraj Engines Ltd.,SWARAJENG,,,,PASS,Extracted from ind_prs23022021.pdf Page 2 table
ind_prs23022021.pdf,https://www.niftyindices.com/Press_Release/ind_prs23022021.pdf,Page 2,3) NIFTY 500,2,3,"February 23, 2021",,2021-MAR,DELETION,The following companies are being excluded,TV Today Network Ltd.,TVTODAY,,,,PASS,Extracted from ind_prs23022021.pdf Page 2 table
ind_prs23022021.pdf,https://www.niftyindices.com/Press_Release/ind_prs23022021.pdf,Page 2,3) NIFTY 500,2,3,"February 23, 2021",,2021-MAR,DELETION,The following companies are being excluded,VRL Logistics Ltd.,VRLLOG,,,,PASS,Extracted from ind_prs23022021.pdf Page 2 table
ind_prs23022021.pdf,https://www.niftyindices.com/Press_Release/ind_prs23022021.pdf,Page 2,3) NIFTY 500,2,3,"February 23, 2021",,2021-MAR,ADDITION,The following companies are being included,Angel Broking Ltd.,ANGELBRKG,,,,PASS,Extracted from ind_prs23022021.pdf Page 2 table
ind_prs23022021.pdf,https://www.niftyindices.com/Press_Release/ind_prs23022021.pdf,Page 2,3) NIFTY 500,2,3,"February 23, 2021",,2021-MAR,ADDITION,The following companies are being included,Asahi India Glass Ltd.,ASAHIINDIA,,,,PASS,Extracted from ind_prs23022021.pdf Page 2 table
ind_prs23022021.pdf,https://www.niftyindices.com/Press_Release/ind_prs23022021.pdf,Page 2,3) NIFTY 500,2,3,"February 23, 2021",,2021-MAR,ADDITION,The following companies are being included,Balaji Amines Ltd.,BALAMINES,,,,PASS,Extracted from ind_prs23022021.pdf Page 2 table
ind_prs23022021.pdf,https://www.niftyindices.com/Press_Release/ind_prs23022021.pdf,Page 2,3) NIFTY 500,2,3,"February 23, 2021",,2021-MAR,ADDITION,The following companies are being included,Computer Age Management Services Ltd.,CAMS,,,,PASS,Extracted from ind_prs23022021.pdf Page 2 table
ind_prs23022021.pdf,https://www.niftyindices.com/Press_Release/ind_prs23022021.pdf,Page 2,3) NIFTY 500,2,3,"February 23, 2021",,2021-MAR,ADDITION,The following companies are being included,Happiest Minds Technologies Ltd.,HAPPSTMNDS,,,,PASS,Extracted from ind_prs23022021.pdf Page 2 table
ind_prs23022021.pdf,https://www.niftyindices.com/Press_Release/ind_prs23022021.pdf,Page 2,3) NIFTY 500,2,3,"February 23, 2021",,2021-MAR,ADDITION,The following companies are being included,Hemisphere Properties India Ltd.,HEMIPROP,,,,PASS,Extracted from ind_prs23022021.pdf Page 2 table
ind_prs23022021.pdf,https://www.niftyindices.com/Press_Release/ind_prs23022021.pdf,Page 2,3) NIFTY 500,2,3,"February 23, 2021",,2021-MAR,ADDITION,The following companies are being included,Indo Count Industries Ltd.,ICIL,,,,PASS,Extracted from ind_prs23022021.pdf Page 2 table
ind_prs23022021.pdf,https://www.niftyindices.com/Press_Release/ind_prs23022021.pdf,Page 3,3) NIFTY 500,2,3,"February 23, 2021",,2021-MAR,ADDITION,The following companies are being included,Intellect Design Arena Ltd.,INTELLECT,,,,PASS,Extracted from ind_prs23022021.pdf Page 3 table
ind_prs23022021.pdf,https://www.niftyindices.com/Press_Release/ind_prs23022021.pdf,Page 3,3) NIFTY 500,2,3,"February 23, 2021",,2021-MAR,ADDITION,The following companies are being included,K.P.R. Mill Ltd.,KPRMILL,,,,PASS,Extracted from ind_prs23022021.pdf Page 3 table
ind_prs23022021.pdf,https://www.niftyindices.com/Press_Release/ind_prs23022021.pdf,Page 3,3) NIFTY 500,2,3,"February 23, 2021",,2021-MAR,ADDITION,The following companies are being included,KPIT Technologies Ltd.,KPITTECH,,,,PASS,Extracted from ind_prs23022021.pdf Page 3 table
ind_prs23022021.pdf,https://www.niftyindices.com/Press_Release/ind_prs23022021.pdf,Page 3,3) NIFTY 500,2,3,"February 23, 2021",,2021-MAR,ADDITION,The following companies are being included,Max Healthcare Institute Ltd.,MAXHEALTH,,,,PASS,Extracted from ind_prs23022021.pdf Page 3 table
ind_prs23022021.pdf,https://www.niftyindices.com/Press_Release/ind_prs23022021.pdf,Page 3,3) NIFTY 500,2,3,"February 23, 2021",,2021-MAR,ADDITION,The following companies are being included,Mazagoan Dock Shipbuilders Ltd.,MAZDOCK,,,,PASS,Extracted from ind_prs23022021.pdf Page 3 table
ind_prs23022021.pdf,https://www.niftyindices.com/Press_Release/ind_prs23022021.pdf,Page 3,3) NIFTY 500,2,3,"February 23, 2021",,2021-MAR,ADDITION,The following companies are being included,Prince Pipes and Fittings Ltd.,PRINCEPIPE,,,,PASS,Extracted from ind_prs23022021.pdf Page 3 table
ind_prs23022021.pdf,https://www.niftyindices.com/Press_Release/ind_prs23022021.pdf,Page 3,3) NIFTY 500,2,3,"February 23, 2021",,2021-MAR,ADDITION,The following companies are being included,Responsive Industries Ltd.,RESPONIND,,,,PASS,Extracted from ind_prs23022021.pdf Page 3 table
ind_prs23022021.pdf,https://www.niftyindices.com/Press_Release/ind_prs23022021.pdf,Page 3,3) NIFTY 500,2,3,"February 23, 2021",,2021-MAR,ADDITION,The following companies are being included,Rossari Biotech Ltd.,ROSSARI,,,,PASS,Extracted from ind_prs23022021.pdf Page 3 table
ind_prs23022021.pdf,https://www.niftyindices.com/Press_Release/ind_prs23022021.pdf,Page 3,3) NIFTY 500,2,3,"February 23, 2021",,2021-MAR,ADDITION,The following companies are being included,Route Mobile Ltd.,ROUTE,,,,PASS,Extracted from ind_prs23022021.pdf Page 3 table
ind_prs23022021.pdf,https://www.niftyindices.com/Press_Release/ind_prs23022021.pdf,Page 3,3) NIFTY 500,2,3,"February 23, 2021",,2021-MAR,ADDITION,The following companies are being included,Sharda Cropchem Ltd.,SHARDACROP,,,,PASS,Extracted from ind_prs23022021.pdf Page 3 table
ind_prs23022021.pdf,https://www.niftyindices.com/Press_Release/ind_prs23022021.pdf,Page 3,3) NIFTY 500,2,3,"February 23, 2021",,2021-MAR,ADDITION,The following companies are being included,Spandana Sphoorty Financial Ltd.,SPANDANA,,,,PASS,Extracted from ind_prs23022021.pdf Page 3 table
ind_prs23022021.pdf,https://www.niftyindices.com/Press_Release/ind_prs23022021.pdf,Page 3,3) NIFTY 500,2,3,"February 23, 2021",,2021-MAR,ADDITION,The following companies are being included,Sundaram Clayton Ltd.,SUNCLAYLTD,,,,PASS,Extracted from ind_prs23022021.pdf Page 3 table
ind_prs23022021.pdf,https://www.niftyindices.com/Press_Release/ind_prs23022021.pdf,Page 3,3) NIFTY 500,2,3,"February 23, 2021",,2021-MAR,ADDITION,The following companies are being included,Tanla Platforms Ltd.,TANLA,,,,PASS,Extracted from ind_prs23022021.pdf Page 3 table
ind_prs23022021.pdf,https://www.niftyindices.com/Press_Release/ind_prs23022021.pdf,Page 3,3) NIFTY 500,2,3,"February 23, 2021",,2021-MAR,ADDITION,The following companies are being included,Triveni Turbine Ltd.,TRITURBINE,,,,PASS,Extracted from ind_prs23022021.pdf Page 3 table
ind_prs23022021.pdf,https://www.niftyindices.com/Press_Release/ind_prs23022021.pdf,Page 3,3) NIFTY 500,2,3,"February 23, 2021",,2021-MAR,ADDITION,The following companies are being included,UTI Asset Management Company Ltd.,UTIAMC,,,,PASS,Extracted from ind_prs23022021.pdf Page 3 table
ind_prs23022021.pdf,https://www.niftyindices.com/Press_Release/ind_prs23022021.pdf,Page 3,3) NIFTY 500,2,3,"February 23, 2021",,2021-MAR,ADDITION,The following companies are being included,Valiant Organics Ltd.,VALIANTORG,,,,PASS,Extracted from ind_prs23022021.pdf Page 3 table
ind_prs23022021.pdf,https://www.niftyindices.com/Press_Release/ind_prs23022021.pdf,Page 3,3) NIFTY 500,2,3,"February 23, 2021",,2021-MAR,ADDITION,The following companies are being included,Vedanta Ltd.,VEDL,,,,PASS,Extracted from ind_prs23022021.pdf Page 3 table
ind_prs23022026.pdf,https://www.niftyindices.com/Press_Release/ind_prs23022026.pdf,Page 1,2) Nifty 500,1,3,"February 23, 2026","March 30, 2026",2026-MAR,DELETION,The following companies are being excluded,Akums Drugs and Pharmaceuticals Ltd.,AKUMS,,,,PASS,Extracted from ind_prs23022026.pdf Page 1 table | repeated_source_event
ind_prs23022026.pdf,https://www.niftyindices.com/Press_Release/ind_prs23022026.pdf,Page 1,2) Nifty 500,1,3,"February 23, 2026","March 30, 2026",2026-MAR,DELETION,The following companies are being excluded,Alembic Pharmaceuticals Ltd.,APLLTD,,,,PASS,Extracted from ind_prs23022026.pdf Page 1 table | repeated_source_event
ind_prs23022026.pdf,https://www.niftyindices.com/Press_Release/ind_prs23022026.pdf,Page 1,2) Nifty 500,1,3,"February 23, 2026","March 30, 2026",2026-MAR,DELETION,The following companies are being excluded,Alkyl Amines Chemicals Ltd.,ALKYLAMINE,,,,PASS,Extracted from ind_prs23022026.pdf Page 1 table | repeated_source_event
ind_prs23022026.pdf,https://www.niftyindices.com/Press_Release/ind_prs23022026.pdf,Page 1,2) Nifty 500,1,3,"February 23, 2026","March 30, 2026",2026-MAR,DELETION,The following companies are being excluded,Alok Industries Ltd.,ALOKINDS,,,,PASS,Extracted from ind_prs23022026.pdf Page 1 table
ind_prs23022026.pdf,https://www.niftyindices.com/Press_Release/ind_prs23022026.pdf,Page 1,2) Nifty 500,1,3,"February 23, 2026","March 30, 2026",2026-MAR,DELETION,The following companies are being excluded,AstraZenca Pharma India Ltd.,ASTRAZEN,,,,PASS,Extracted from ind_prs23022026.pdf Page 1 table | repeated_source_event
ind_prs23022026.pdf,https://www.niftyindices.com/Press_Release/ind_prs23022026.pdf,Page 1,2) Nifty 500,1,3,"February 23, 2026","March 30, 2026",2026-MAR,DELETION,The following companies are being excluded,BASF India Ltd.,BASF,,,,PASS,Extracted from ind_prs23022026.pdf Page 1 table | repeated_source_event
ind_prs23022026.pdf,https://www.niftyindices.com/Press_Release/ind_prs23022026.pdf,Page 1,2) Nifty 500,1,3,"February 23, 2026","March 30, 2026",2026-MAR,DELETION,The following companies are being excluded,Campus Activewear Ltd.,CAMPUS,,,,PASS,Extracted from ind_prs23022026.pdf Page 1 table | repeated_source_event
ind_prs23022026.pdf,https://www.niftyindices.com/Press_Release/ind_prs23022026.pdf,Page 1,2) Nifty 500,1,3,"February 23, 2026","March 30, 2026",2026-MAR,DELETION,The following companies are being excluded,Century Plyboards (India) Ltd.,CENTURYPLY,,,,PASS,Extracted from ind_prs23022026.pdf Page 1 table
ind_prs23022026.pdf,https://www.niftyindices.com/Press_Release/ind_prs23022026.pdf,Page 1,2) Nifty 500,1,3,"February 23, 2026","March 30, 2026",2026-MAR,DELETION,The following companies are being excluded,Cera Sanitaryware Ltd,CERA,,,,PASS,Extracted from ind_prs23022026.pdf Page 1 table
ind_prs23022026.pdf,https://www.niftyindices.com/Press_Release/ind_prs23022026.pdf,Page 1,2) Nifty 500,1,3,"February 23, 2026","March 30, 2026",2026-MAR,DELETION,The following companies are being excluded,Dr. Agarwal's Health Care Ltd.,AGARWALEYE,,,,PASS,Extracted from ind_prs23022026.pdf Page 1 table
ind_prs23022026.pdf,https://www.niftyindices.com/Press_Release/ind_prs23022026.pdf,Page 1,2) Nifty 500,1,3,"February 23, 2026","March 30, 2026",2026-MAR,DELETION,The following companies are being excluded,Finolex Industries Ltd.,FINPIPE,,,,PASS,Extracted from ind_prs23022026.pdf Page 1 table
ind_prs23022026.pdf,https://www.niftyindices.com/Press_Release/ind_prs23022026.pdf,Page 1,2) Nifty 500,1,3,"February 23, 2026","March 30, 2026",2026-MAR,DELETION,The following companies are being excluded,Godrej Agrovet Ltd.,GODREJAGRO,,,,PASS,Extracted from ind_prs23022026.pdf Page 1 table
ind_prs23022026.pdf,https://www.niftyindices.com/Press_Release/ind_prs23022026.pdf,Page 1,2) Nifty 500,1,3,"February 23, 2026","March 30, 2026",2026-MAR,DELETION,The following companies are being excluded,Gujarat Gas Ltd.,GUJGASLTD,,,,PASS,Extracted from ind_prs23022026.pdf Page 1 table | repeated_source_event
ind_prs23022026.pdf,https://www.niftyindices.com/Press_Release/ind_prs23022026.pdf,Page 1,2) Nifty 500,1,3,"February 23, 2026","March 30, 2026",2026-MAR,DELETION,The following companies are being excluded,Happiest Minds Technologies Ltd.,HAPPSTMNDS,,,,PASS,Extracted from ind_prs23022026.pdf Page 1 table
ind_prs23022026.pdf,https://www.niftyindices.com/Press_Release/ind_prs23022026.pdf,Page 1,2) Nifty 500,1,3,"February 23, 2026","March 30, 2026",2026-MAR,DELETION,The following companies are being excluded,INOX India Ltd.,INOXINDIA,,,,PASS,Extracted from ind_prs23022026.pdf Page 1 table | repeated_source_event
ind_prs23022026.pdf,https://www.niftyindices.com/Press_Release/ind_prs23022026.pdf,Page 1,2) Nifty 500,1,3,"February 23, 2026","March 30, 2026",2026-MAR,DELETION,The following companies are being excluded,Jyothy Labs Ltd.,JYOTHYLAB,,,,PASS,Extracted from ind_prs23022026.pdf Page 1 table | repeated_source_event
ind_prs23022026.pdf,https://www.niftyindices.com/Press_Release/ind_prs23022026.pdf,Page 1,2) Nifty 500,1,3,"February 23, 2026","March 30, 2026",2026-MAR,DELETION,The following companies are being excluded,Kirloskar Brothers Ltd.,KIRLOSBROS,,,,PASS,Extracted from ind_prs23022026.pdf Page 1 table | repeated_source_event
ind_prs23022026.pdf,https://www.niftyindices.com/Press_Release/ind_prs23022026.pdf,Page 1,2) Nifty 500,1,3,"February 23, 2026","March 30, 2026",2026-MAR,DELETION,The following companies are being excluded,KSB Ltd.,KSB,,,,PASS,Extracted from ind_prs23022026.pdf Page 1 table | repeated_source_event
ind_prs23022026.pdf,https://www.niftyindices.com/Press_Release/ind_prs23022026.pdf,Page 2,2) Nifty 500,1,3,"February 23, 2026","March 30, 2026",2026-MAR,DELETION,The following companies are being excluded,Maharashtra Scooters Ltd.,MAHSCOOTER,,,,PASS,Extracted from ind_prs23022026.pdf Page 2 table
ind_prs23022026.pdf,https://www.niftyindices.com/Press_Release/ind_prs23022026.pdf,Page 2,2) Nifty 500,1,3,"February 23, 2026","March 30, 2026",2026-MAR,DELETION,The following companies are being excluded,Maharashtra Seamless Ltd.,MAHSEAMLES,,,,PASS,Extracted from ind_prs23022026.pdf Page 2 table
ind_prs23022026.pdf,https://www.niftyindices.com/Press_Release/ind_prs23022026.pdf,Page 2,2) Nifty 500,1,3,"February 23, 2026","March 30, 2026",2026-MAR,DELETION,The following companies are being excluded,Metropolis Healthcare Ltd.,METROPOLIS,,,,PASS,Extracted from ind_prs23022026.pdf Page 2 table | repeated_source_event
ind_prs23022026.pdf,https://www.niftyindices.com/Press_Release/ind_prs23022026.pdf,Page 2,2) Nifty 500,1,3,"February 23, 2026","March 30, 2026",2026-MAR,DELETION,The following companies are being excluded,Praj Industries Ltd.,PRAJIND,,,,PASS,Extracted from ind_prs23022026.pdf Page 2 table
ind_prs23022026.pdf,https://www.niftyindices.com/Press_Release/ind_prs23022026.pdf,Page 2,2) Nifty 500,1,3,"February 23, 2026","March 30, 2026",2026-MAR,DELETION,The following companies are being excluded,Procter & Gamble Hygiene & Health Care Ltd.,PGHH,,,,PASS,Extracted from ind_prs23022026.pdf Page 2 table | repeated_source_event
ind_prs23022026.pdf,https://www.niftyindices.com/Press_Release/ind_prs23022026.pdf,Page 2,2) Nifty 500,1,3,"February 23, 2026","March 30, 2026",2026-MAR,DELETION,The following companies are being excluded,Rashtriya Chemicals & Fertilizers Ltd.,RCF,,,,PASS,Extracted from ind_prs23022026.pdf Page 2 table | repeated_source_event
ind_prs23022026.pdf,https://www.niftyindices.com/Press_Release/ind_prs23022026.pdf,Page 2,2) Nifty 500,1,3,"February 23, 2026","March 30, 2026",2026-MAR,DELETION,The following companies are being excluded,Reliance Infrastructure Ltd.,RELINFRA,,,,PASS,Extracted from ind_prs23022026.pdf Page 2 table | repeated_source_event
ind_prs23022026.pdf,https://www.niftyindices.com/Press_Release/ind_prs23022026.pdf,Page 2,2) Nifty 500,1,3,"February 23, 2026","March 30, 2026",2026-MAR,DELETION,The following companies are being excluded,Sundram Fasteners Ltd.,SUNDRMFAST,,,,PASS,Extracted from ind_prs23022026.pdf Page 2 table | repeated_source_event
ind_prs23022026.pdf,https://www.niftyindices.com/Press_Release/ind_prs23022026.pdf,Page 2,2) Nifty 500,1,3,"February 23, 2026","March 30, 2026",2026-MAR,DELETION,The following companies are being excluded,Triveni Engineering & Industries Ltd.,TRIVENI,,,,PASS,Extracted from ind_prs23022026.pdf Page 2 table
ind_prs23022026.pdf,https://www.niftyindices.com/Press_Release/ind_prs23022026.pdf,Page 2,2) Nifty 500,1,3,"February 23, 2026","March 30, 2026",2026-MAR,DELETION,The following companies are being excluded,Valor Estate Ltd.,DBREALTY,,,,PASS,Extracted from ind_prs23022026.pdf Page 2 table
ind_prs23022026.pdf,https://www.niftyindices.com/Press_Release/ind_prs23022026.pdf,Page 2,2) Nifty 500,1,3,"February 23, 2026","March 30, 2026",2026-MAR,DELETION,The following companies are being excluded,Vedant Fashions Ltd.,MANYAVAR,,,,PASS,Extracted from ind_prs23022026.pdf Page 2 table
ind_prs23022026.pdf,https://www.niftyindices.com/Press_Release/ind_prs23022026.pdf,Page 2,2) Nifty 500,1,3,"February 23, 2026","March 30, 2026",2026-MAR,DELETION,The following companies are being excluded,Ventive Hospitality Ltd.,VENTIVE,,,,PASS,Extracted from ind_prs23022026.pdf Page 2 table
ind_prs23022026.pdf,https://www.niftyindices.com/Press_Release/ind_prs23022026.pdf,Page 2,2) Nifty 500,1,3,"February 23, 2026","March 30, 2026",2026-MAR,DELETION,The following companies are being excluded,V-Guard Industries Ltd.,VGUARD,,,,PASS,Extracted from ind_prs23022026.pdf Page 2 table | repeated_source_event
ind_prs23022026.pdf,https://www.niftyindices.com/Press_Release/ind_prs23022026.pdf,Page 2,2) Nifty 500,1,3,"February 23, 2026","March 30, 2026",2026-MAR,ADDITION,The following companies are being included,Acutaas Chemicals Ltd.,ACUTAAS,,,,PASS,Extracted from ind_prs23022026.pdf Page 2 table
ind_prs23022026.pdf,https://www.niftyindices.com/Press_Release/ind_prs23022026.pdf,Page 2,2) Nifty 500,1,3,"February 23, 2026","March 30, 2026",2026-MAR,ADDITION,The following companies are being included,Aditya Infotech Ltd.,CPPLUS,,,,PASS,Extracted from ind_prs23022026.pdf Page 2 table | repeated_source_event
ind_prs23022026.pdf,https://www.niftyindices.com/Press_Release/ind_prs23022026.pdf,Page 2,2) Nifty 500,1,3,"February 23, 2026","March 30, 2026",2026-MAR,ADDITION,The following companies are being included,Allied Blenders and Distillers Ltd.,ABDL,,,,PASS,Extracted from ind_prs23022026.pdf Page 2 table
ind_prs23022026.pdf,https://www.niftyindices.com/Press_Release/ind_prs23022026.pdf,Page 2,2) Nifty 500,1,3,"February 23, 2026","March 30, 2026",2026-MAR,ADDITION,The following companies are being included,Anthem Biosciences Ltd.,ANTHEM,,,,PASS,Extracted from ind_prs23022026.pdf Page 2 table
ind_prs23022026.pdf,https://www.niftyindices.com/Press_Release/ind_prs23022026.pdf,Page 2,2) Nifty 500,1,3,"February 23, 2026","March 30, 2026",2026-MAR,ADDITION,The following companies are being included,Anupam Rasayan India Ltd.,ANURAS,,,,PASS,Extracted from ind_prs23022026.pdf Page 2 table
ind_prs23022026.pdf,https://www.niftyindices.com/Press_Release/ind_prs23022026.pdf,Page 2,2) Nifty 500,1,3,"February 23, 2026","March 30, 2026",2026-MAR,ADDITION,The following companies are being included,Belrise Industries Ltd.,BELRISE,,,,PASS,Extracted from ind_prs23022026.pdf Page 2 table
ind_prs23022026.pdf,https://www.niftyindices.com/Press_Release/ind_prs23022026.pdf,Page 2,2) Nifty 500,1,3,"February 23, 2026","March 30, 2026",2026-MAR,ADDITION,The following companies are being included,Billionbrains Garage Ventures Ltd.,GROWW,,,,PASS,Extracted from ind_prs23022026.pdf Page 2 table
ind_prs23022026.pdf,https://www.niftyindices.com/Press_Release/ind_prs23022026.pdf,Page 2,2) Nifty 500,1,3,"February 23, 2026","March 30, 2026",2026-MAR,ADDITION,The following companies are being included,Canara HSBC Life Insurance Company Ltd.,CANHLIFE,,,,PASS,Extracted from ind_prs23022026.pdf Page 2 table
ind_prs23022026.pdf,https://www.niftyindices.com/Press_Release/ind_prs23022026.pdf,Page 2,2) Nifty 500,1,3,"February 23, 2026","March 30, 2026",2026-MAR,ADDITION,The following companies are being included,Cartrade Tech Ltd.,CARTRADE,,,,PASS,Extracted from ind_prs23022026.pdf Page 2 table
ind_prs23022026.pdf,https://www.niftyindices.com/Press_Release/ind_prs23022026.pdf,Page 2,2) Nifty 500,1,3,"February 23, 2026","March 30, 2026",2026-MAR,ADDITION,The following companies are being included,Cemindia Projects Ltd.,CEMPRO,,,,PASS,Extracted from ind_prs23022026.pdf Page 2 table | repeated_source_event
ind_prs23022026.pdf,https://www.niftyindices.com/Press_Release/ind_prs23022026.pdf,Page 2,2) Nifty 500,1,3,"February 23, 2026","March 30, 2026",2026-MAR,ADDITION,The following companies are being included,Emmvee Photovoltaic Power Ltd.,EMMVEE,,,,PASS,Extracted from ind_prs23022026.pdf Page 2 table
ind_prs23022026.pdf,https://www.niftyindices.com/Press_Release/ind_prs23022026.pdf,Page 2,2) Nifty 500,1,3,"February 23, 2026","March 30, 2026",2026-MAR,ADDITION,The following companies are being included,Gabriel India Ltd.,GABRIEL,,,,PASS,Extracted from ind_prs23022026.pdf Page 2 table | repeated_source_event
ind_prs23022026.pdf,https://www.niftyindices.com/Press_Release/ind_prs23022026.pdf,Page 2,2) Nifty 500,1,3,"February 23, 2026","March 30, 2026",2026-MAR,ADDITION,The following companies are being included,Gallantt Ispat Ltd.,GALLANTT,,,,PASS,Extracted from ind_prs23022026.pdf Page 2 table | repeated_source_event
ind_prs23022026.pdf,https://www.niftyindices.com/Press_Release/ind_prs23022026.pdf,Page 2,2) Nifty 500,1,3,"February 23, 2026","March 30, 2026",2026-MAR,ADDITION,The following companies are being included,HDB Financial Services Ltd.,HDBFS,,,,PASS,Extracted from ind_prs23022026.pdf Page 2 table
ind_prs23022026.pdf,https://www.niftyindices.com/Press_Release/ind_prs23022026.pdf,Page 2,2) Nifty 500,1,3,"February 23, 2026","March 30, 2026",2026-MAR,ADDITION,The following companies are being included,ICICI Prudential Asset Management Company Ltd.,ICICIAMC,,,,PASS,Extracted from ind_prs23022026.pdf Page 2 table
ind_prs23022026.pdf,https://www.niftyindices.com/Press_Release/ind_prs23022026.pdf,Page 2,2) Nifty 500,1,3,"February 23, 2026","March 30, 2026",2026-MAR,ADDITION,The following companies are being included,Jain Resource Recycling Ltd.,JAINREC,,,,PASS,Extracted from ind_prs23022026.pdf Page 2 table
ind_prs23022026.pdf,https://www.niftyindices.com/Press_Release/ind_prs23022026.pdf,Page 2,2) Nifty 500,1,3,"February 23, 2026","March 30, 2026",2026-MAR,ADDITION,The following companies are being included,Lenskart Solutions Ltd.,LENSKART,,,,PASS,Extracted from ind_prs23022026.pdf Page 2 table
ind_prs23022026.pdf,https://www.niftyindices.com/Press_Release/ind_prs23022026.pdf,Page 2,2) Nifty 500,1,3,"February 23, 2026","March 30, 2026",2026-MAR,ADDITION,The following companies are being included,LG Electronics India Ltd.,LGEINDIA,,,,PASS,Extracted from ind_prs23022026.pdf Page 2 table
ind_prs23022026.pdf,https://www.niftyindices.com/Press_Release/ind_prs23022026.pdf,Page 2,2) Nifty 500,1,3,"February 23, 2026","March 30, 2026",2026-MAR,ADDITION,The following companies are being included,Meesho Ltd.,MEESHO,,,,PASS,Extracted from ind_prs23022026.pdf Page 2 table
ind_prs23022026.pdf,https://www.niftyindices.com/Press_Release/ind_prs23022026.pdf,Page 2,2) Nifty 500,1,3,"February 23, 2026","March 30, 2026",2026-MAR,ADDITION,The following companies are being included,Paradeep Phosphates Ltd.,PARADEEP,,,,PASS,Extracted from ind_prs23022026.pdf Page 2 table
ind_prs23022026.pdf,https://www.niftyindices.com/Press_Release/ind_prs23022026.pdf,Page 3,2) Nifty 500,1,3,"February 23, 2026","March 30, 2026",2026-MAR,ADDITION,The following companies are being included,Physicswallah Ltd.,PWL,,,,PASS,Extracted from ind_prs23022026.pdf Page 3 table
ind_prs23022026.pdf,https://www.niftyindices.com/Press_Release/ind_prs23022026.pdf,Page 3,2) Nifty 500,1,3,"February 23, 2026","March 30, 2026",2026-MAR,ADDITION,The following companies are being included,Pine Labs Ltd.,PINELABS,,,,PASS,Extracted from ind_prs23022026.pdf Page 3 table
ind_prs23022026.pdf,https://www.niftyindices.com/Press_Release/ind_prs23022026.pdf,Page 3,2) Nifty 500,1,3,"February 23, 2026","March 30, 2026",2026-MAR,ADDITION,The following companies are being included,Piramal Finance Ltd.,PIRAMALFIN,,,,PASS,Extracted from ind_prs23022026.pdf Page 3 table
ind_prs23022026.pdf,https://www.niftyindices.com/Press_Release/ind_prs23022026.pdf,Page 3,2) Nifty 500,1,3,"February 23, 2026","March 30, 2026",2026-MAR,ADDITION,The following companies are being included,Supreme Petrochem Ltd.,SPLPETRO,,,,PASS,Extracted from ind_prs23022026.pdf Page 3 table | repeated_source_event
ind_prs23022026.pdf,https://www.niftyindices.com/Press_Release/ind_prs23022026.pdf,Page 3,2) Nifty 500,1,3,"February 23, 2026","March 30, 2026",2026-MAR,ADDITION,The following companies are being included,Tata Capital Ltd.,TATACAP,,,,PASS,Extracted from ind_prs23022026.pdf Page 3 table
ind_prs23022026.pdf,https://www.niftyindices.com/Press_Release/ind_prs23022026.pdf,Page 3,2) Nifty 500,1,3,"February 23, 2026","March 30, 2026",2026-MAR,ADDITION,The following companies are being included,Tata Motors Ltd.,TMCV,,,,PASS,Extracted from ind_prs23022026.pdf Page 3 table
ind_prs23022026.pdf,https://www.niftyindices.com/Press_Release/ind_prs23022026.pdf,Page 3,2) Nifty 500,1,3,"February 23, 2026","March 30, 2026",2026-MAR,ADDITION,The following companies are being included,Tega Industries Ltd.,TEGA,,,,PASS,Extracted from ind_prs23022026.pdf Page 3 table | repeated_source_event
ind_prs23022026.pdf,https://www.niftyindices.com/Press_Release/ind_prs23022026.pdf,Page 3,2) Nifty 500,1,3,"February 23, 2026","March 30, 2026",2026-MAR,ADDITION,The following companies are being included,Tenneco Clean Air India Ltd.,TENNIND,,,,PASS,Extracted from ind_prs23022026.pdf Page 3 table | repeated_source_event
ind_prs23022026.pdf,https://www.niftyindices.com/Press_Release/ind_prs23022026.pdf,Page 3,2) Nifty 500,1,3,"February 23, 2026","March 30, 2026",2026-MAR,ADDITION,The following companies are being included,Travel Food Services Ltd.,TRAVELFOOD,,,,PASS,Extracted from ind_prs23022026.pdf Page 3 table
ind_prs23022026.pdf,https://www.niftyindices.com/Press_Release/ind_prs23022026.pdf,Page 3,2) Nifty 500,1,3,"February 23, 2026","March 30, 2026",2026-MAR,ADDITION,The following companies are being included,Urban Company Ltd.,URBANCO,,,,PASS,Extracted from ind_prs23022026.pdf Page 3 table
ind_prs23022026.pdf,https://www.niftyindices.com/Press_Release/ind_prs23022026.pdf,Page 3,2) Nifty 500,1,3,"February 23, 2026","March 30, 2026",2026-MAR,ADDITION,The following companies are being included,Zydus Wellness Ltd.,ZYDUSWELL,,,,PASS,Extracted from ind_prs23022026.pdf Page 3 table | repeated_source_event
ind_prs23032020.pdf,https://www.niftyindices.com/Press_Release/ind_prs23032020.pdf,Page 1,"Replacement in NIFTY 500, NIFTY Smallcap 250 and NIFTY MidSmallcap 400 to comply",1,2,"March 23, 2020","March 27, 2020",2020-MAR,DELETION,The following companies are being excluded,Gayatri Projects Ltd.,GAYAPROJ,,,,PASS,Extracted from ind_prs23032020.pdf Page 1 table | repeated_source_event
ind_prs23032020.pdf,https://www.niftyindices.com/Press_Release/ind_prs23032020.pdf,Page 1,"Replacement in NIFTY 500, NIFTY Smallcap 250 and NIFTY MidSmallcap 400 to comply",1,2,"March 23, 2020","March 27, 2020",2020-MAR,DELETION,The following companies are being excluded,Gujarat Fluorochemicals Ltd.,FLUOROCHEM,,,,PASS,Extracted from ind_prs23032020.pdf Page 1 table
ind_prs23082022.pdf,https://www.niftyindices.com/Press_Release/ind_prs23082022.pdf,Page 1,2) Nifty500 Shariah,1,2,"August 23, 2022","August 30, 2022",2022-SEP,DELETION,The following companies are being excluded,Aarti Drugs Ltd.,AARTIDRUGS,,,,PASS,Extracted from ind_prs23082022.pdf Page 1 table
ind_prs23082022.pdf,https://www.niftyindices.com/Press_Release/ind_prs23082022.pdf,Page 1,2) Nifty500 Shariah,1,2,"August 23, 2022","August 30, 2022",2022-SEP,DELETION,The following companies are being excluded,Crompton Greaves Consumer Electricals Ltd.,CROMPTON,,,,PASS,Extracted from ind_prs23082022.pdf Page 1 table
ind_prs23082022.pdf,https://www.niftyindices.com/Press_Release/ind_prs23082022.pdf,Page 1,2) Nifty500 Shariah,1,2,"August 23, 2022","August 30, 2022",2022-SEP,DELETION,The following companies are being excluded,Godrej Agrovet Ltd.,GODREJAGRO,,,,PASS,Extracted from ind_prs23082022.pdf Page 1 table
ind_prs23082022.pdf,https://www.niftyindices.com/Press_Release/ind_prs23082022.pdf,Page 1,2) Nifty500 Shariah,1,2,"August 23, 2022","August 30, 2022",2022-SEP,DELETION,The following companies are being excluded,Route Mobile Ltd.,ROUTE,,,,PASS,Extracted from ind_prs23082022.pdf Page 1 table
ind_prs23082022.pdf,https://www.niftyindices.com/Press_Release/ind_prs23082022.pdf,Page 1,2) Nifty500 Shariah,1,2,"August 23, 2022","August 30, 2022",2022-SEP,DELETION,The following companies are being excluded,Sudarshan Chemical Industries Ltd.,SUDARSCHEM,,,,PASS,Extracted from ind_prs23082022.pdf Page 1 table
ind_prs23082022.pdf,https://www.niftyindices.com/Press_Release/ind_prs23082022.pdf,Page 1,2) Nifty500 Shariah,1,2,"August 23, 2022","August 30, 2022",2022-SEP,DELETION,The following companies are being excluded,Welspun Corp Ltd.,WELCORP,,,,PASS,Extracted from ind_prs23082022.pdf Page 1 table
ind_prs23082022.pdf,https://www.niftyindices.com/Press_Release/ind_prs23082022.pdf,Page 1,2) Nifty500 Shariah,1,2,"August 23, 2022","August 30, 2022",2022-SEP,ADDITION,The following companies are being included,Borosil Renewables Ltd.,BORORENEW,,,,PASS,Extracted from ind_prs23082022.pdf Page 1 table
ind_prs23082022.pdf,https://www.niftyindices.com/Press_Release/ind_prs23082022.pdf,Page 1,2) Nifty500 Shariah,1,2,"August 23, 2022","August 30, 2022",2022-SEP,ADDITION,The following companies are being included,Clean Science and Technology Ltd.,CLEAN,,,,PASS,Extracted from ind_prs23082022.pdf Page 1 table
ind_prs23082022.pdf,https://www.niftyindices.com/Press_Release/ind_prs23082022.pdf,Page 1,2) Nifty500 Shariah,1,2,"August 23, 2022","August 30, 2022",2022-SEP,ADDITION,The following companies are being included,Gujarat Pipavav Port Ltd.,GPPL,,,,PASS,Extracted from ind_prs23082022.pdf Page 1 table
ind_prs23082022.pdf,https://www.niftyindices.com/Press_Release/ind_prs23082022.pdf,Page 1,2) Nifty500 Shariah,1,2,"August 23, 2022","August 30, 2022",2022-SEP,ADDITION,The following companies are being included,Nuvoco Vistas Corporation Ltd.,NUVOCO,,,,PASS,Extracted from ind_prs23082022.pdf Page 1 table
ind_prs23082022.pdf,https://www.niftyindices.com/Press_Release/ind_prs23082022.pdf,Page 2,2) Nifty500 Shariah,1,2,"August 23, 2022","August 30, 2022",2022-SEP,ADDITION,The following companies are being included,Shree Cement Ltd.,SHREECEM,,,,PASS,Extracted from ind_prs23082022.pdf Page 2 table
ind_prs23082022.pdf,https://www.niftyindices.com/Press_Release/ind_prs23082022.pdf,Page 2,2) Nifty500 Shariah,1,2,"August 23, 2022","August 30, 2022",2022-SEP,ADDITION,The following companies are being included,Sobha Ltd.,SOBHA,,,,PASS,Extracted from ind_prs23082022.pdf Page 2 table
ind_prs23082022.pdf,https://www.niftyindices.com/Press_Release/ind_prs23082022.pdf,Page 2,2) Nifty500 Shariah,1,2,"August 23, 2022","August 30, 2022",2022-SEP,ADDITION,The following companies are being included,V.I.P. Industries Ltd.,VIPIND,,,,PASS,Extracted from ind_prs23082022.pdf Page 2 table
ind_prs23082022.pdf,https://www.niftyindices.com/Press_Release/ind_prs23082022.pdf,Page 2,2) Nifty500 Shariah,1,2,"August 23, 2022","August 30, 2022",2022-SEP,ADDITION,The following companies are being included,Zensar Technolgies Ltd.,ZENSARTECH,,,,PASS,Extracted from ind_prs23082022.pdf Page 2 table
ind_prs23082022.pdf,https://www.niftyindices.com/Press_Release/ind_prs23082022.pdf,Page 2,2) Nifty500 Shariah,1,2,"August 23, 2022","August 30, 2022",2022-SEP,ADDITION,The following companies are being included,ZF Commercial Vehicle Control Systems India Ltd.,ZFCVINDIA,,,,PASS,Extracted from ind_prs23082022.pdf Page 2 table
ind_prs23082022.pdf,https://www.niftyindices.com/Press_Release/ind_prs23082022.pdf,Page 2,2) Nifty500 Shariah,1,2,"August 23, 2022","August 30, 2022",2022-SEP,ADDITION,The following companies are being included,Zydus Lifesciences Ltd.,ZYDUSLIFE,,,,PASS,Extracted from ind_prs23082022.pdf Page 2 table
ind_prs23082023.pdf,https://www.niftyindices.com/Press_Release/ind_prs23082023.pdf,Page 1,1) Nifty500 Shariah,1,1,"August 23, 2023","August 31, 2023",2023-SEP,DELETION,The following companies are being excluded,Gujarat Pipavav Port Ltd.,GPPL,,,,PASS,Extracted from ind_prs23082023.pdf Page 1 table
ind_prs23082023.pdf,https://www.niftyindices.com/Press_Release/ind_prs23082023.pdf,Page 1,1) Nifty500 Shariah,1,1,"August 23, 2023","August 31, 2023",2023-SEP,DELETION,The following companies are being excluded,Mahindra Lifespace Developers Ltd.,MAHLIFE,,,,PASS,Extracted from ind_prs23082023.pdf Page 1 table
ind_prs23082023.pdf,https://www.niftyindices.com/Press_Release/ind_prs23082023.pdf,Page 1,1) Nifty500 Shariah,1,1,"August 23, 2023","August 31, 2023",2023-SEP,DELETION,The following companies are being excluded,Mahindra Logistics Ltd.,MAHLOG,,,,PASS,Extracted from ind_prs23082023.pdf Page 1 table
ind_prs23082023.pdf,https://www.niftyindices.com/Press_Release/ind_prs23082023.pdf,Page 1,1) Nifty500 Shariah,1,1,"August 23, 2023","August 31, 2023",2023-SEP,DELETION,The following companies are being excluded,Pfizer Ltd.,PFIZER,,,,PASS,Extracted from ind_prs23082023.pdf Page 1 table
ind_prs23082023.pdf,https://www.niftyindices.com/Press_Release/ind_prs23082023.pdf,Page 1,1) Nifty500 Shariah,1,1,"August 23, 2023","August 31, 2023",2023-SEP,DELETION,The following companies are being excluded,Zensar Technolgies Ltd.,ZENSARTECH,,,,PASS,Extracted from ind_prs23082023.pdf Page 1 table
ind_prs23082023.pdf,https://www.niftyindices.com/Press_Release/ind_prs23082023.pdf,Page 1,1) Nifty500 Shariah,1,1,"August 23, 2023","August 31, 2023",2023-SEP,DELETION,The following companies are being excluded,Zydus Lifesciences Ltd.,ZYDUSLIFE,,,,PASS,Extracted from ind_prs23082023.pdf Page 1 table
ind_prs23082023.pdf,https://www.niftyindices.com/Press_Release/ind_prs23082023.pdf,Page 1,1) Nifty500 Shariah,1,1,"August 23, 2023","August 31, 2023",2023-SEP,ADDITION,The following companies are being included,Aegis Logistics Ltd.,AEGISCHEM,,,,PASS,Extracted from ind_prs23082023.pdf Page 1 table
ind_prs23082023.pdf,https://www.niftyindices.com/Press_Release/ind_prs23082023.pdf,Page 1,1) Nifty500 Shariah,1,1,"August 23, 2023","August 31, 2023",2023-SEP,ADDITION,The following companies are being included,Archean Chemical Industries Ltd.,ACI,,,,PASS,Extracted from ind_prs23082023.pdf Page 1 table
ind_prs23082023.pdf,https://www.niftyindices.com/Press_Release/ind_prs23082023.pdf,Page 1,1) Nifty500 Shariah,1,1,"August 23, 2023","August 31, 2023",2023-SEP,ADDITION,The following companies are being included,Biocon Ltd.,BIOCON,,,,PASS,Extracted from ind_prs23082023.pdf Page 1 table
ind_prs23082023.pdf,https://www.niftyindices.com/Press_Release/ind_prs23082023.pdf,Page 1,1) Nifty500 Shariah,1,1,"August 23, 2023","August 31, 2023",2023-SEP,ADDITION,The following companies are being included,Metropolis Healthcare Ltd.,METROPOLIS,,,,PASS,Extracted from ind_prs23082023.pdf Page 1 table
ind_prs23082023.pdf,https://www.niftyindices.com/Press_Release/ind_prs23082023.pdf,Page 1,1) Nifty500 Shariah,1,1,"August 23, 2023","August 31, 2023",2023-SEP,ADDITION,The following companies are being included,Thermax Ltd.,THERMAX,,,,PASS,Extracted from ind_prs23082023.pdf Page 1 table
ind_prs23082024.pdf,https://www.niftyindices.com/Press_Release/ind_prs23082024.pdf,Page 3,c) Nifty 500,3,4,"August 23, 2024","September 30, 2024",2024-SEP,DELETION,The following companies are being excluded,Aether Industries Ltd.,AETHER,,,,PASS,Extracted from ind_prs23082024.pdf Page 3 table | repeated_source_event
ind_prs23082024.pdf,https://www.niftyindices.com/Press_Release/ind_prs23082024.pdf,Page 3,c) Nifty 500,3,4,"August 23, 2024","September 30, 2024",2024-SEP,DELETION,The following companies are being excluded,Allcargo Logistics Ltd.,ALLCARGO,,,,PASS,Extracted from ind_prs23082024.pdf Page 3 table | repeated_source_event
ind_prs23082024.pdf,https://www.niftyindices.com/Press_Release/ind_prs23082024.pdf,Page 3,c) Nifty 500,3,4,"August 23, 2024","September 30, 2024",2024-SEP,DELETION,The following companies are being excluded,Anupam Rasayan India Ltd.,ANURAS,,,,PASS,Extracted from ind_prs23082024.pdf Page 3 table | repeated_source_event
ind_prs23082024.pdf,https://www.niftyindices.com/Press_Release/ind_prs23082024.pdf,Page 3,c) Nifty 500,3,4,"August 23, 2024","September 30, 2024",2024-SEP,DELETION,The following companies are being excluded,Borosil Renewables Ltd.,BORORENEW,,,,PASS,Extracted from ind_prs23082024.pdf Page 3 table
ind_prs23082024.pdf,https://www.niftyindices.com/Press_Release/ind_prs23082024.pdf,Page 3,c) Nifty 500,3,4,"August 23, 2024","September 30, 2024",2024-SEP,DELETION,The following companies are being excluded,CSB Bank Ltd.,CSBBANK,,,,PASS,Extracted from ind_prs23082024.pdf Page 3 table
ind_prs23082024.pdf,https://www.niftyindices.com/Press_Release/ind_prs23082024.pdf,Page 3,c) Nifty 500,3,4,"August 23, 2024","September 30, 2024",2024-SEP,DELETION,The following companies are being excluded,DCM Shriram Ltd.,DCMSHRIRAM,,,,PASS,Extracted from ind_prs23082024.pdf Page 3 table
ind_prs23082024.pdf,https://www.niftyindices.com/Press_Release/ind_prs23082024.pdf,Page 3,c) Nifty 500,3,4,"August 23, 2024","September 30, 2024",2024-SEP,DELETION,The following companies are being excluded,EPL Ltd.,EPL,,,,PASS,Extracted from ind_prs23082024.pdf Page 3 table | repeated_source_event
ind_prs23082024.pdf,https://www.niftyindices.com/Press_Release/ind_prs23082024.pdf,Page 3,c) Nifty 500,3,4,"August 23, 2024","September 30, 2024",2024-SEP,DELETION,The following companies are being excluded,FDC Ltd.,FDC,,,,PASS,Extracted from ind_prs23082024.pdf Page 3 table | repeated_source_event
ind_prs23082024.pdf,https://www.niftyindices.com/Press_Release/ind_prs23082024.pdf,Page 3,c) Nifty 500,3,4,"August 23, 2024","September 30, 2024",2024-SEP,DELETION,The following companies are being excluded,Glenmark Life Sciences Ltd.,GLS,,,,PASS,Extracted from ind_prs23082024.pdf Page 3 table | repeated_source_event
ind_prs23082024.pdf,https://www.niftyindices.com/Press_Release/ind_prs23082024.pdf,Page 3,c) Nifty 500,3,4,"August 23, 2024","September 30, 2024",2024-SEP,DELETION,The following companies are being excluded,GMM Pfaudler Ltd.,GMMPFAUDLR,,,,PASS,Extracted from ind_prs23082024.pdf Page 3 table | repeated_source_event
ind_prs23082024.pdf,https://www.niftyindices.com/Press_Release/ind_prs23082024.pdf,Page 3,c) Nifty 500,3,4,"August 23, 2024","September 30, 2024",2024-SEP,DELETION,The following companies are being excluded,Happy Forgings Ltd.,HAPPYFORGE,,,,PASS,Extracted from ind_prs23082024.pdf Page 3 table | repeated_source_event
ind_prs23082024.pdf,https://www.niftyindices.com/Press_Release/ind_prs23082024.pdf,Page 3,c) Nifty 500,3,4,"August 23, 2024","September 30, 2024",2024-SEP,DELETION,The following companies are being excluded,Indigo Paints Ltd.,INDIGOPNTS,,,,PASS,Extracted from ind_prs23082024.pdf Page 3 table | repeated_source_event
ind_prs23082024.pdf,https://www.niftyindices.com/Press_Release/ind_prs23082024.pdf,Page 3,c) Nifty 500,3,4,"August 23, 2024","September 30, 2024",2024-SEP,DELETION,The following companies are being excluded,Jai Balaji Industries Ltd.,JAIBALAJI,,,,PASS,Extracted from ind_prs23082024.pdf Page 3 table | repeated_source_event
ind_prs23082024.pdf,https://www.niftyindices.com/Press_Release/ind_prs23082024.pdf,Page 3,c) Nifty 500,3,4,"August 23, 2024","September 30, 2024",2024-SEP,DELETION,The following companies are being excluded,JK Paper Ltd.,JKPAPER,,,,PASS,Extracted from ind_prs23082024.pdf Page 3 table
ind_prs23082024.pdf,https://www.niftyindices.com/Press_Release/ind_prs23082024.pdf,Page 3,c) Nifty 500,3,4,"August 23, 2024","September 30, 2024",2024-SEP,DELETION,The following companies are being excluded,KRBL Ltd.,KRBL,,,,PASS,Extracted from ind_prs23082024.pdf Page 3 table | repeated_source_event
ind_prs23082024.pdf,https://www.niftyindices.com/Press_Release/ind_prs23082024.pdf,Page 3,c) Nifty 500,3,4,"August 23, 2024","September 30, 2024",2024-SEP,DELETION,The following companies are being excluded,Laxmi Organic Industries Ltd.,LXCHEM,,,,PASS,Extracted from ind_prs23082024.pdf Page 3 table | repeated_source_event
ind_prs23082024.pdf,https://www.niftyindices.com/Press_Release/ind_prs23082024.pdf,Page 3,c) Nifty 500,3,4,"August 23, 2024","September 30, 2024",2024-SEP,DELETION,The following companies are being excluded,Mahindra Holidays & Resorts India Ltd.,MHRIL,,,,PASS,Extracted from ind_prs23082024.pdf Page 3 table
ind_prs23082024.pdf,https://www.niftyindices.com/Press_Release/ind_prs23082024.pdf,Page 3,c) Nifty 500,3,4,"August 23, 2024","September 30, 2024",2024-SEP,DELETION,The following companies are being excluded,Medplus Health Services Ltd.,MEDPLUS,,,,PASS,Extracted from ind_prs23082024.pdf Page 3 table | repeated_source_event
ind_prs23082024.pdf,https://www.niftyindices.com/Press_Release/ind_prs23082024.pdf,Page 3,c) Nifty 500,3,4,"August 23, 2024","September 30, 2024",2024-SEP,DELETION,The following companies are being excluded,MTAR Technologies Ltd.,MTARTECH,,,,PASS,Extracted from ind_prs23082024.pdf Page 3 table
ind_prs23082024.pdf,https://www.niftyindices.com/Press_Release/ind_prs23082024.pdf,Page 3,c) Nifty 500,3,4,"August 23, 2024","September 30, 2024",2024-SEP,DELETION,The following companies are being excluded,Prince Pipes and Fittings Ltd.,PRINCEPIPE,,,,PASS,Extracted from ind_prs23082024.pdf Page 3 table | repeated_source_event
ind_prs23082024.pdf,https://www.niftyindices.com/Press_Release/ind_prs23082024.pdf,Page 3,c) Nifty 500,3,4,"August 23, 2024","September 30, 2024",2024-SEP,DELETION,The following companies are being excluded,Restaurant Brands Asia Ltd.,RBA,,,,PASS,Extracted from ind_prs23082024.pdf Page 3 table
ind_prs23082024.pdf,https://www.niftyindices.com/Press_Release/ind_prs23082024.pdf,Page 3,c) Nifty 500,3,4,"August 23, 2024","September 30, 2024",2024-SEP,DELETION,The following companies are being excluded,Safari Industries (India) Ltd.,SAFARI,,,,PASS,Extracted from ind_prs23082024.pdf Page 3 table | repeated_source_event
ind_prs23082024.pdf,https://www.niftyindices.com/Press_Release/ind_prs23082024.pdf,Page 3,c) Nifty 500,3,4,"August 23, 2024","September 30, 2024",2024-SEP,DELETION,The following companies are being excluded,Sterlite Technologies Ltd.,STLTECH,,,,PASS,Extracted from ind_prs23082024.pdf Page 3 table
ind_prs23082024.pdf,https://www.niftyindices.com/Press_Release/ind_prs23082024.pdf,Page 3,c) Nifty 500,3,4,"August 23, 2024","September 30, 2024",2024-SEP,DELETION,The following companies are being excluded,Sunteck Realty Ltd.,SUNTECK,,,,PASS,Extracted from ind_prs23082024.pdf Page 3 table
ind_prs23082024.pdf,https://www.niftyindices.com/Press_Release/ind_prs23082024.pdf,Page 3,c) Nifty 500,3,4,"August 23, 2024","September 30, 2024",2024-SEP,DELETION,The following companies are being excluded,Tamilnad Mercantile Bank Ltd.,TMB,,,,PASS,Extracted from ind_prs23082024.pdf Page 3 table
ind_prs23082024.pdf,https://www.niftyindices.com/Press_Release/ind_prs23082024.pdf,Page 3,c) Nifty 500,3,4,"August 23, 2024","September 30, 2024",2024-SEP,DELETION,The following companies are being excluded,Vaibhav Global Ltd.,VAIBHAVGBL,,,,PASS,Extracted from ind_prs23082024.pdf Page 3 table | repeated_source_event
ind_prs23082024.pdf,https://www.niftyindices.com/Press_Release/ind_prs23082024.pdf,Page 3,c) Nifty 500,3,4,"August 23, 2024","September 30, 2024",2024-SEP,DELETION,The following companies are being excluded,Vodafone Idea Ltd.,IDEA,,,,PASS,Extracted from ind_prs23082024.pdf Page 3 table
ind_prs23082024.pdf,https://www.niftyindices.com/Press_Release/ind_prs23082024.pdf,Page 3,c) Nifty 500,3,4,"August 23, 2024","September 30, 2024",2024-SEP,ADDITION,The following companies are being included,Aadhar Housing Finance Ltd.,AADHARHFC,,,,PASS,Extracted from ind_prs23082024.pdf Page 3 table
ind_prs23082024.pdf,https://www.niftyindices.com/Press_Release/ind_prs23082024.pdf,Page 3,c) Nifty 500,3,4,"August 23, 2024","September 30, 2024",2024-SEP,ADDITION,The following companies are being included,Aditya Birla Sun Life AMC Ltd.,ABSLAMC,,,,PASS,Extracted from ind_prs23082024.pdf Page 3 table
ind_prs23082024.pdf,https://www.niftyindices.com/Press_Release/ind_prs23082024.pdf,Page 4,c) Nifty 500,3,4,"August 23, 2024","September 30, 2024",2024-SEP,ADDITION,The following companies are being included,Anant Raj Ltd.,ANANTRAJ,,,,PASS,Extracted from ind_prs23082024.pdf Page 4 table | repeated_source_event
ind_prs23082024.pdf,https://www.niftyindices.com/Press_Release/ind_prs23082024.pdf,Page 4,c) Nifty 500,3,4,"August 23, 2024","September 30, 2024",2024-SEP,ADDITION,The following companies are being included,BASF India Ltd.,BASF,,,,PASS,Extracted from ind_prs23082024.pdf Page 4 table | repeated_source_event
ind_prs23082024.pdf,https://www.niftyindices.com/Press_Release/ind_prs23082024.pdf,Page 4,c) Nifty 500,3,4,"August 23, 2024","September 30, 2024",2024-SEP,ADDITION,The following companies are being included,Bharti Hexacom Ltd.,BHARTIHEXA,,,,PASS,Extracted from ind_prs23082024.pdf Page 4 table
ind_prs23082024.pdf,https://www.niftyindices.com/Press_Release/ind_prs23082024.pdf,Page 4,c) Nifty 500,3,4,"August 23, 2024","September 30, 2024",2024-SEP,ADDITION,The following companies are being included,G R Infraprojects Ltd.,GRINFRA,,,,PASS,Extracted from ind_prs23082024.pdf Page 4 table
ind_prs23082024.pdf,https://www.niftyindices.com/Press_Release/ind_prs23082024.pdf,Page 4,c) Nifty 500,3,4,"August 23, 2024","September 30, 2024",2024-SEP,ADDITION,The following companies are being included,GE T&D India Ltd.,GET&D,,,,PASS,Extracted from ind_prs23082024.pdf Page 4 table | repeated_source_event
ind_prs23082024.pdf,https://www.niftyindices.com/Press_Release/ind_prs23082024.pdf,Page 4,c) Nifty 500,3,4,"August 23, 2024","September 30, 2024",2024-SEP,ADDITION,The following companies are being included,Go Digit General Insurance Ltd.,GODIGIT,,,,PASS,Extracted from ind_prs23082024.pdf Page 4 table
ind_prs23082024.pdf,https://www.niftyindices.com/Press_Release/ind_prs23082024.pdf,Page 4,c) Nifty 500,3,4,"August 23, 2024","September 30, 2024",2024-SEP,ADDITION,The following companies are being included,Godrej Agrovet Ltd.,GODREJAGRO,,,,PASS,Extracted from ind_prs23082024.pdf Page 4 table
ind_prs23082024.pdf,https://www.niftyindices.com/Press_Release/ind_prs23082024.pdf,Page 4,c) Nifty 500,3,4,"August 23, 2024","September 30, 2024",2024-SEP,ADDITION,The following companies are being included,IFCI Ltd.,IFCI,,,,PASS,Extracted from ind_prs23082024.pdf Page 4 table
ind_prs23082024.pdf,https://www.niftyindices.com/Press_Release/ind_prs23082024.pdf,Page 4,c) Nifty 500,3,4,"August 23, 2024","September 30, 2024",2024-SEP,ADDITION,The following companies are being included,Indegene Ltd.,INDGN,,,,PASS,Extracted from ind_prs23082024.pdf Page 4 table
ind_prs23082024.pdf,https://www.niftyindices.com/Press_Release/ind_prs23082024.pdf,Page 4,c) Nifty 500,3,4,"August 23, 2024","September 30, 2024",2024-SEP,ADDITION,The following companies are being included,Indian Renewable Energy Development Agency Ltd.,IREDA,,,,PASS,Extracted from ind_prs23082024.pdf Page 4 table
ind_prs23082024.pdf,https://www.niftyindices.com/Press_Release/ind_prs23082024.pdf,Page 4,c) Nifty 500,3,4,"August 23, 2024","September 30, 2024",2024-SEP,ADDITION,The following companies are being included,INOX India Ltd.,INOXINDIA,,,,PASS,Extracted from ind_prs23082024.pdf Page 4 table | repeated_source_event
ind_prs23082024.pdf,https://www.niftyindices.com/Press_Release/ind_prs23082024.pdf,Page 4,c) Nifty 500,3,4,"August 23, 2024","September 30, 2024",2024-SEP,ADDITION,The following companies are being included,Jaiprakash Power Ventures Ltd.,JPPOWER,,,,PASS,Extracted from ind_prs23082024.pdf Page 4 table
ind_prs23082024.pdf,https://www.niftyindices.com/Press_Release/ind_prs23082024.pdf,Page 4,c) Nifty 500,3,4,"August 23, 2024","September 30, 2024",2024-SEP,ADDITION,The following companies are being included,JK Tyre & Industries Ltd.,JKTYRE,,,,PASS,Extracted from ind_prs23082024.pdf Page 4 table
ind_prs23082024.pdf,https://www.niftyindices.com/Press_Release/ind_prs23082024.pdf,Page 4,c) Nifty 500,3,4,"August 23, 2024","September 30, 2024",2024-SEP,ADDITION,The following companies are being included,Jyoti CNC Automation Ltd.,JYOTICNC,,,,PASS,Extracted from ind_prs23082024.pdf Page 4 table
ind_prs23082024.pdf,https://www.niftyindices.com/Press_Release/ind_prs23082024.pdf,Page 4,c) Nifty 500,3,4,"August 23, 2024","September 30, 2024",2024-SEP,ADDITION,The following companies are being included,Kirloskar Brothers Ltd.,KIRLOSBROS,,,,PASS,Extracted from ind_prs23082024.pdf Page 4 table | repeated_source_event
ind_prs23082024.pdf,https://www.niftyindices.com/Press_Release/ind_prs23082024.pdf,Page 4,c) Nifty 500,3,4,"August 23, 2024","September 30, 2024",2024-SEP,ADDITION,The following companies are being included,Kirloskar Oil Eng Ltd.,KIRLOSENG,,,,PASS,Extracted from ind_prs23082024.pdf Page 4 table
ind_prs23082024.pdf,https://www.niftyindices.com/Press_Release/ind_prs23082024.pdf,Page 4,c) Nifty 500,3,4,"August 23, 2024","September 30, 2024",2024-SEP,ADDITION,The following companies are being included,Netweb Technologies India Ltd.,NETWEB,,,,PASS,Extracted from ind_prs23082024.pdf Page 4 table | repeated_source_event
ind_prs23082024.pdf,https://www.niftyindices.com/Press_Release/ind_prs23082024.pdf,Page 4,c) Nifty 500,3,4,"August 23, 2024","September 30, 2024",2024-SEP,ADDITION,The following companies are being included,Newgen Software Technologies Ltd.,NEWGEN,,,,PASS,Extracted from ind_prs23082024.pdf Page 4 table
ind_prs23082024.pdf,https://www.niftyindices.com/Press_Release/ind_prs23082024.pdf,Page 4,c) Nifty 500,3,4,"August 23, 2024","September 30, 2024",2024-SEP,ADDITION,The following companies are being included,Pfizer Ltd.,PFIZER,,,,PASS,Extracted from ind_prs23082024.pdf Page 4 table
ind_prs23082024.pdf,https://www.niftyindices.com/Press_Release/ind_prs23082024.pdf,Page 4,c) Nifty 500,3,4,"August 23, 2024","September 30, 2024",2024-SEP,ADDITION,The following companies are being included,PTC Industries Ltd.,PTCIL,,,,PASS,Extracted from ind_prs23082024.pdf Page 4 table
ind_prs23082024.pdf,https://www.niftyindices.com/Press_Release/ind_prs23082024.pdf,Page 4,c) Nifty 500,3,4,"August 23, 2024","September 30, 2024",2024-SEP,ADDITION,The following companies are being included,Shipping Corporation of India Ltd.,SCI,,,,PASS,Extracted from ind_prs23082024.pdf Page 4 table | repeated_source_event
ind_prs23082024.pdf,https://www.niftyindices.com/Press_Release/ind_prs23082024.pdf,Page 4,c) Nifty 500,3,4,"August 23, 2024","September 30, 2024",2024-SEP,ADDITION,The following companies are being included,TBO Tek Ltd.,TBOTEK,,,,PASS,Extracted from ind_prs23082024.pdf Page 4 table
ind_prs23082024.pdf,https://www.niftyindices.com/Press_Release/ind_prs23082024.pdf,Page 4,c) Nifty 500,3,4,"August 23, 2024","September 30, 2024",2024-SEP,ADDITION,The following companies are being included,Techno Electric & Engineering Company Ltd.,TECHNOE,,,,PASS,Extracted from ind_prs23082024.pdf Page 4 table
ind_prs23082024.pdf,https://www.niftyindices.com/Press_Release/ind_prs23082024.pdf,Page 4,c) Nifty 500,3,4,"August 23, 2024","September 30, 2024",2024-SEP,ADDITION,The following companies are being included,Valor Estate Ltd.,DBREALTY,,,,PASS,Extracted from ind_prs23082024.pdf Page 4 table
ind_prs23082024.pdf,https://www.niftyindices.com/Press_Release/ind_prs23082024.pdf,Page 4,c) Nifty 500,3,4,"August 23, 2024","September 30, 2024",2024-SEP,ADDITION,The following companies are being included,Vinati Organics Ltd.,VINATIORGA,,,,PASS,Extracted from ind_prs23082024.pdf Page 4 table | repeated_source_event
ind_prs23092024.pdf,https://www.niftyindices.com/Press_Release/ind_prs23092024.pdf,Page 5,2) Nifty500 Shariah,5,7,"September 23, 2024","September 30, 2024",2024-SEP,DELETION,The following companies are being excluded,Aether Industries Ltd.,AETHER,,,,PASS,Extracted from ind_prs23092024.pdf Page 5 table | repeated_source_event
ind_prs23092024.pdf,https://www.niftyindices.com/Press_Release/ind_prs23092024.pdf,Page 5,2) Nifty500 Shariah,5,7,"September 23, 2024","September 30, 2024",2024-SEP,DELETION,The following companies are being excluded,Allcargo Logistics Ltd.,ALLCARGO,,,,PASS,Extracted from ind_prs23092024.pdf Page 5 table | repeated_source_event
ind_prs23092024.pdf,https://www.niftyindices.com/Press_Release/ind_prs23092024.pdf,Page 5,2) Nifty500 Shariah,5,7,"September 23, 2024","September 30, 2024",2024-SEP,DELETION,The following companies are being excluded,Anupam Rasayan India Ltd.,ANURAS,,,,PASS,Extracted from ind_prs23092024.pdf Page 5 table | repeated_source_event
ind_prs23092024.pdf,https://www.niftyindices.com/Press_Release/ind_prs23092024.pdf,Page 5,2) Nifty500 Shariah,5,7,"September 23, 2024","September 30, 2024",2024-SEP,DELETION,The following companies are being excluded,Bharat Electronics Ltd.,BEL,,,,PASS,Extracted from ind_prs23092024.pdf Page 5 table
ind_prs23092024.pdf,https://www.niftyindices.com/Press_Release/ind_prs23092024.pdf,Page 5,2) Nifty500 Shariah,5,7,"September 23, 2024","September 30, 2024",2024-SEP,DELETION,The following companies are being excluded,Clean Science and Technology Ltd.,CLEAN,,,,PASS,Extracted from ind_prs23092024.pdf Page 5 table
ind_prs23092024.pdf,https://www.niftyindices.com/Press_Release/ind_prs23092024.pdf,Page 5,2) Nifty500 Shariah,5,7,"September 23, 2024","September 30, 2024",2024-SEP,DELETION,The following companies are being excluded,Engineers India Ltd.,ENGINERSIN,,,,PASS,Extracted from ind_prs23092024.pdf Page 5 table
ind_prs23092024.pdf,https://www.niftyindices.com/Press_Release/ind_prs23092024.pdf,Page 5,2) Nifty500 Shariah,5,7,"September 23, 2024","September 30, 2024",2024-SEP,DELETION,The following companies are being excluded,EPL Ltd.,EPL,,,,PASS,Extracted from ind_prs23092024.pdf Page 5 table | repeated_source_event
ind_prs23092024.pdf,https://www.niftyindices.com/Press_Release/ind_prs23092024.pdf,Page 5,2) Nifty500 Shariah,5,7,"September 23, 2024","September 30, 2024",2024-SEP,DELETION,The following companies are being excluded,FDC Ltd.,FDC,,,,PASS,Extracted from ind_prs23092024.pdf Page 5 table | repeated_source_event
ind_prs23092024.pdf,https://www.niftyindices.com/Press_Release/ind_prs23092024.pdf,Page 5,2) Nifty500 Shariah,5,7,"September 23, 2024","September 30, 2024",2024-SEP,DELETION,The following companies are being excluded,Glenmark Life Sciences Ltd.,GLS,,,,PASS,Extracted from ind_prs23092024.pdf Page 5 table | repeated_source_event
ind_prs23092024.pdf,https://www.niftyindices.com/Press_Release/ind_prs23092024.pdf,Page 5,2) Nifty500 Shariah,5,7,"September 23, 2024","September 30, 2024",2024-SEP,DELETION,The following companies are being excluded,GMM Pfaudler Ltd.,GMMPFAUDLR,,,,PASS,Extracted from ind_prs23092024.pdf Page 5 table | repeated_source_event
ind_prs23092024.pdf,https://www.niftyindices.com/Press_Release/ind_prs23092024.pdf,Page 5,2) Nifty500 Shariah,5,7,"September 23, 2024","September 30, 2024",2024-SEP,DELETION,The following companies are being excluded,Happy Forgings Ltd.,HAPPYFORGE,,,,PASS,Extracted from ind_prs23092024.pdf Page 5 table | repeated_source_event
ind_prs23092024.pdf,https://www.niftyindices.com/Press_Release/ind_prs23092024.pdf,Page 5,2) Nifty500 Shariah,5,7,"September 23, 2024","September 30, 2024",2024-SEP,DELETION,The following companies are being excluded,Indigo Paints Ltd.,INDIGOPNTS,,,,PASS,Extracted from ind_prs23092024.pdf Page 5 table | repeated_source_event
ind_prs23092024.pdf,https://www.niftyindices.com/Press_Release/ind_prs23092024.pdf,Page 6,2) Nifty500 Shariah,5,7,"September 23, 2024","September 30, 2024",2024-SEP,DELETION,The following companies are being excluded,Indus Towers Ltd.,INDUSTOWER,,,,PASS,Extracted from ind_prs23092024.pdf Page 6 table
ind_prs23092024.pdf,https://www.niftyindices.com/Press_Release/ind_prs23092024.pdf,Page 6,2) Nifty500 Shariah,5,7,"September 23, 2024","September 30, 2024",2024-SEP,DELETION,The following companies are being excluded,Jai Balaji Industries Ltd.,JAIBALAJI,,,,PASS,Extracted from ind_prs23092024.pdf Page 6 table | repeated_source_event
ind_prs23092024.pdf,https://www.niftyindices.com/Press_Release/ind_prs23092024.pdf,Page 6,2) Nifty500 Shariah,5,7,"September 23, 2024","September 30, 2024",2024-SEP,DELETION,The following companies are being excluded,Kaynes Technology India Ltd.,KAYNES,,,,PASS,Extracted from ind_prs23092024.pdf Page 6 table
ind_prs23092024.pdf,https://www.niftyindices.com/Press_Release/ind_prs23092024.pdf,Page 6,2) Nifty500 Shariah,5,7,"September 23, 2024","September 30, 2024",2024-SEP,DELETION,The following companies are being excluded,Kfin Technologies Ltd.,KFINTECH,,,,PASS,Extracted from ind_prs23092024.pdf Page 6 table
ind_prs23092024.pdf,https://www.niftyindices.com/Press_Release/ind_prs23092024.pdf,Page 6,2) Nifty500 Shariah,5,7,"September 23, 2024","September 30, 2024",2024-SEP,DELETION,The following companies are being excluded,KRBL Ltd.,KRBL,,,,PASS,Extracted from ind_prs23092024.pdf Page 6 table | repeated_source_event
ind_prs23092024.pdf,https://www.niftyindices.com/Press_Release/ind_prs23092024.pdf,Page 6,2) Nifty500 Shariah,5,7,"September 23, 2024","September 30, 2024",2024-SEP,DELETION,The following companies are being excluded,Krishna Institute of Medical Sciences Ltd.,KIMS,,,,PASS,Extracted from ind_prs23092024.pdf Page 6 table
ind_prs23092024.pdf,https://www.niftyindices.com/Press_Release/ind_prs23092024.pdf,Page 6,2) Nifty500 Shariah,5,7,"September 23, 2024","September 30, 2024",2024-SEP,DELETION,The following companies are being excluded,Laxmi Organic Industries Ltd.,LXCHEM,,,,PASS,Extracted from ind_prs23092024.pdf Page 6 table | repeated_source_event
ind_prs23092024.pdf,https://www.niftyindices.com/Press_Release/ind_prs23092024.pdf,Page 6,2) Nifty500 Shariah,5,7,"September 23, 2024","September 30, 2024",2024-SEP,DELETION,The following companies are being excluded,Medplus Health Services Ltd.,MEDPLUS,,,,PASS,Extracted from ind_prs23092024.pdf Page 6 table | repeated_source_event
ind_prs23092024.pdf,https://www.niftyindices.com/Press_Release/ind_prs23092024.pdf,Page 6,2) Nifty500 Shariah,5,7,"September 23, 2024","September 30, 2024",2024-SEP,DELETION,The following companies are being excluded,PCBL Ltd.,PCBL,,,,PASS,Extracted from ind_prs23092024.pdf Page 6 table
ind_prs23092024.pdf,https://www.niftyindices.com/Press_Release/ind_prs23092024.pdf,Page 6,2) Nifty500 Shariah,5,7,"September 23, 2024","September 30, 2024",2024-SEP,DELETION,The following companies are being excluded,Prince Pipes and Fittings Ltd.,PRINCEPIPE,,,,PASS,Extracted from ind_prs23092024.pdf Page 6 table | repeated_source_event
ind_prs23092024.pdf,https://www.niftyindices.com/Press_Release/ind_prs23092024.pdf,Page 6,2) Nifty500 Shariah,5,7,"September 23, 2024","September 30, 2024",2024-SEP,DELETION,The following companies are being excluded,RITES Ltd.,RITES,,,,PASS,Extracted from ind_prs23092024.pdf Page 6 table
ind_prs23092024.pdf,https://www.niftyindices.com/Press_Release/ind_prs23092024.pdf,Page 6,2) Nifty500 Shariah,5,7,"September 23, 2024","September 30, 2024",2024-SEP,DELETION,The following companies are being excluded,Safari Industries (India) Ltd.,SAFARI,,,,PASS,Extracted from ind_prs23092024.pdf Page 6 table | repeated_source_event
ind_prs23092024.pdf,https://www.niftyindices.com/Press_Release/ind_prs23092024.pdf,Page 6,2) Nifty500 Shariah,5,7,"September 23, 2024","September 30, 2024",2024-SEP,DELETION,The following companies are being excluded,Vaibhav Global Ltd.,VAIBHAVGBL,,,,PASS,Extracted from ind_prs23092024.pdf Page 6 table | repeated_source_event
ind_prs23092024.pdf,https://www.niftyindices.com/Press_Release/ind_prs23092024.pdf,Page 6,2) Nifty500 Shariah,5,7,"September 23, 2024","September 30, 2024",2024-SEP,DELETION,The following companies are being excluded,Vedant Fashions Ltd.,MANYAVAR,,,,PASS,Extracted from ind_prs23092024.pdf Page 6 table
ind_prs23092024.pdf,https://www.niftyindices.com/Press_Release/ind_prs23092024.pdf,Page 6,2) Nifty500 Shariah,5,7,"September 23, 2024","September 30, 2024",2024-SEP,DELETION,The following companies are being excluded,Zensar Technolgies Ltd.,ZENSARTECH,,,,PASS,Extracted from ind_prs23092024.pdf Page 6 table
ind_prs23092024.pdf,https://www.niftyindices.com/Press_Release/ind_prs23092024.pdf,Page 6,2) Nifty500 Shariah,5,7,"September 23, 2024","September 30, 2024",2024-SEP,ADDITION,The following companies are being included,Anant Raj Ltd.,ANANTRAJ,,,,PASS,Extracted from ind_prs23092024.pdf Page 6 table | repeated_source_event
ind_prs23092024.pdf,https://www.niftyindices.com/Press_Release/ind_prs23092024.pdf,Page 6,2) Nifty500 Shariah,5,7,"September 23, 2024","September 30, 2024",2024-SEP,ADDITION,The following companies are being included,BASF India Ltd.,BASF,,,,PASS,Extracted from ind_prs23092024.pdf Page 6 table | repeated_source_event
ind_prs23092024.pdf,https://www.niftyindices.com/Press_Release/ind_prs23092024.pdf,Page 6,2) Nifty500 Shariah,5,7,"September 23, 2024","September 30, 2024",2024-SEP,ADDITION,The following companies are being included,Bharat Petroleum Corporation Ltd.,BPCL,,,,PASS,Extracted from ind_prs23092024.pdf Page 6 table
ind_prs23092024.pdf,https://www.niftyindices.com/Press_Release/ind_prs23092024.pdf,Page 6,2) Nifty500 Shariah,5,7,"September 23, 2024","September 30, 2024",2024-SEP,ADDITION,The following companies are being included,Bombay Burmah Trading Corporation Ltd.,BBTC,,,,PASS,Extracted from ind_prs23092024.pdf Page 6 table
ind_prs23092024.pdf,https://www.niftyindices.com/Press_Release/ind_prs23092024.pdf,Page 6,2) Nifty500 Shariah,5,7,"September 23, 2024","September 30, 2024",2024-SEP,ADDITION,The following companies are being included,GE T&D India Ltd.,GET&D,,,,PASS,Extracted from ind_prs23092024.pdf Page 6 table | repeated_source_event
ind_prs23092024.pdf,https://www.niftyindices.com/Press_Release/ind_prs23092024.pdf,Page 6,2) Nifty500 Shariah,5,7,"September 23, 2024","September 30, 2024",2024-SEP,ADDITION,The following companies are being included,Indian Oil Corporation Ltd.,IOC,,,,PASS,Extracted from ind_prs23092024.pdf Page 6 table
ind_prs23092024.pdf,https://www.niftyindices.com/Press_Release/ind_prs23092024.pdf,Page 6,2) Nifty500 Shariah,5,7,"September 23, 2024","September 30, 2024",2024-SEP,ADDITION,The following companies are being included,INOX India Ltd.,INOXINDIA,,,,PASS,Extracted from ind_prs23092024.pdf Page 6 table | repeated_source_event
ind_prs23092024.pdf,https://www.niftyindices.com/Press_Release/ind_prs23092024.pdf,Page 6,2) Nifty500 Shariah,5,7,"September 23, 2024","September 30, 2024",2024-SEP,ADDITION,The following companies are being included,Kirloskar Brothers Ltd.,KIRLOSBROS,,,,PASS,Extracted from ind_prs23092024.pdf Page 6 table | repeated_source_event
ind_prs23092024.pdf,https://www.niftyindices.com/Press_Release/ind_prs23092024.pdf,Page 6,2) Nifty500 Shariah,5,7,"September 23, 2024","September 30, 2024",2024-SEP,ADDITION,The following companies are being included,Netweb Technologies India Ltd.,NETWEB,,,,PASS,Extracted from ind_prs23092024.pdf Page 6 table | repeated_source_event
ind_prs23092024.pdf,https://www.niftyindices.com/Press_Release/ind_prs23092024.pdf,Page 6,2) Nifty500 Shariah,5,7,"September 23, 2024","September 30, 2024",2024-SEP,ADDITION,The following companies are being included,Ramkrishna Forgings Ltd.,RKFORGE,,,,PASS,Extracted from ind_prs23092024.pdf Page 6 table
ind_prs23092024.pdf,https://www.niftyindices.com/Press_Release/ind_prs23092024.pdf,Page 6,2) Nifty500 Shariah,5,7,"September 23, 2024","September 30, 2024",2024-SEP,ADDITION,The following companies are being included,Shipping Corporation of India Ltd.,SCI,,,,PASS,Extracted from ind_prs23092024.pdf Page 6 table | repeated_source_event
ind_prs23092024.pdf,https://www.niftyindices.com/Press_Release/ind_prs23092024.pdf,Page 6,2) Nifty500 Shariah,5,7,"September 23, 2024","September 30, 2024",2024-SEP,ADDITION,The following companies are being included,Sterling and Wilson Renewable Energy Ltd.,SWSOLAR,,,,PASS,Extracted from ind_prs23092024.pdf Page 6 table
ind_prs23092024.pdf,https://www.niftyindices.com/Press_Release/ind_prs23092024.pdf,Page 6,2) Nifty500 Shariah,5,7,"September 23, 2024","September 30, 2024",2024-SEP,ADDITION,The following companies are being included,Suzlon Energy Ltd.,SUZLON,,,,PASS,Extracted from ind_prs23092024.pdf Page 6 table
ind_prs23092024.pdf,https://www.niftyindices.com/Press_Release/ind_prs23092024.pdf,Page 6,2) Nifty500 Shariah,5,7,"September 23, 2024","September 30, 2024",2024-SEP,ADDITION,The following companies are being included,Vinati Organics Ltd.,VINATIORGA,,,,PASS,Extracted from ind_prs23092024.pdf Page 6 table | repeated_source_event
ind_prs23092024.pdf,https://www.niftyindices.com/Press_Release/ind_prs23092024.pdf,Page 7,2) Nifty500 Shariah,5,7,"September 23, 2024","September 30, 2024",2024-SEP,DELETION,The following companies are being excluded,Cummins India Ltd.,CUMMINSIND,,,,PASS,Extracted from ind_prs23092024.pdf Page 7 table
ind_prs24022022_1.pdf,https://www.niftyindices.com/Press_Release/ind_prs24022022_1.pdf,Page 3,3) NIFTY 500,3,5,"February 24, 2022","March
31, 2022",2022-MAR,DELETION,The following companies are being excluded,Alembic Ltd.,ALEMBICLTD,,,,PASS,Extracted from ind_prs24022022_1.pdf Page 3 table
ind_prs24022022_1.pdf,https://www.niftyindices.com/Press_Release/ind_prs24022022_1.pdf,Page 3,3) NIFTY 500,3,5,"February 24, 2022","March
31, 2022",2022-MAR,DELETION,The following companies are being excluded,Ashoka Buildcon Ltd.,ASHOKA,,,,PASS,Extracted from ind_prs24022022_1.pdf Page 3 table
ind_prs24022022_1.pdf,https://www.niftyindices.com/Press_Release/ind_prs24022022_1.pdf,Page 3,3) NIFTY 500,3,5,"February 24, 2022","March
31, 2022",2022-MAR,DELETION,The following companies are being excluded,Bajaj Consumer Care Ltd.,BAJAJCON,,,,PASS,Extracted from ind_prs24022022_1.pdf Page 3 table
ind_prs24022022_1.pdf,https://www.niftyindices.com/Press_Release/ind_prs24022022_1.pdf,Page 3,3) NIFTY 500,3,5,"February 24, 2022","March
31, 2022",2022-MAR,DELETION,The following companies are being excluded,Bharat Rasayan Ltd.,BHARATRAS,,,,PASS,Extracted from ind_prs24022022_1.pdf Page 3 table
ind_prs24022022_1.pdf,https://www.niftyindices.com/Press_Release/ind_prs24022022_1.pdf,Page 3,3) NIFTY 500,3,5,"February 24, 2022","March
31, 2022",2022-MAR,DELETION,The following companies are being excluded,Capri Global Capital Ltd.,CGCL,,,,PASS,Extracted from ind_prs24022022_1.pdf Page 3 table
ind_prs24022022_1.pdf,https://www.niftyindices.com/Press_Release/ind_prs24022022_1.pdf,Page 3,3) NIFTY 500,3,5,"February 24, 2022","March
31, 2022",2022-MAR,DELETION,The following companies are being excluded,DCB Bank Ltd.,DCBBANK,,,,PASS,Extracted from ind_prs24022022_1.pdf Page 3 table
ind_prs24022022_1.pdf,https://www.niftyindices.com/Press_Release/ind_prs24022022_1.pdf,Page 3,3) NIFTY 500,3,5,"February 24, 2022","March
31, 2022",2022-MAR,DELETION,The following companies are being excluded,Dhanuka Agritech Ltd.,DHANUKA,,,,PASS,Extracted from ind_prs24022022_1.pdf Page 3 table
ind_prs24022022_1.pdf,https://www.niftyindices.com/Press_Release/ind_prs24022022_1.pdf,Page 3,3) NIFTY 500,3,5,"February 24, 2022","March
31, 2022",2022-MAR,DELETION,The following companies are being excluded,Future Retail Ltd.,FRETAIL,,,,PASS,Extracted from ind_prs24022022_1.pdf Page 3 table
ind_prs24022022_1.pdf,https://www.niftyindices.com/Press_Release/ind_prs24022022_1.pdf,Page 3,3) NIFTY 500,3,5,"February 24, 2022","March
31, 2022",2022-MAR,DELETION,The following companies are being excluded,Gillette India Ltd.,GILLETTE,,,,PASS,Extracted from ind_prs24022022_1.pdf Page 3 table
ind_prs24022022_1.pdf,https://www.niftyindices.com/Press_Release/ind_prs24022022_1.pdf,Page 3,3) NIFTY 500,3,5,"February 24, 2022","March
31, 2022",2022-MAR,DELETION,The following companies are being excluded,Greaves Cotton Ltd.,GREAVESCOT,,,,PASS,Extracted from ind_prs24022022_1.pdf Page 3 table
ind_prs24022022_1.pdf,https://www.niftyindices.com/Press_Release/ind_prs24022022_1.pdf,Page 3,3) NIFTY 500,3,5,"February 24, 2022","March
31, 2022",2022-MAR,DELETION,The following companies are being excluded,HeidelbergCement India Ltd.,HEIDELBERG,,,,PASS,Extracted from ind_prs24022022_1.pdf Page 3 table
ind_prs24022022_1.pdf,https://www.niftyindices.com/Press_Release/ind_prs24022022_1.pdf,Page 3,3) NIFTY 500,3,5,"February 24, 2022","March
31, 2022",2022-MAR,DELETION,The following companies are being excluded,Ingersoll Rand (India) Ltd.,INGERRAND,,,,PASS,Extracted from ind_prs24022022_1.pdf Page 3 table
ind_prs24022022_1.pdf,https://www.niftyindices.com/Press_Release/ind_prs24022022_1.pdf,Page 3,3) NIFTY 500,3,5,"February 24, 2022","March
31, 2022",2022-MAR,DELETION,The following companies are being excluded,IOL Chem and Pharma Ltd.,IOLCP,,,,PASS,Extracted from ind_prs24022022_1.pdf Page 3 table
ind_prs24022022_1.pdf,https://www.niftyindices.com/Press_Release/ind_prs24022022_1.pdf,Page 3,3) NIFTY 500,3,5,"February 24, 2022","March
31, 2022",2022-MAR,DELETION,The following companies are being excluded,Jindal Saw Ltd.,JINDALSAW,,,,PASS,Extracted from ind_prs24022022_1.pdf Page 3 table
ind_prs24022022_1.pdf,https://www.niftyindices.com/Press_Release/ind_prs24022022_1.pdf,Page 3,3) NIFTY 500,3,5,"February 24, 2022","March
31, 2022",2022-MAR,DELETION,The following companies are being excluded,JK Tyre & Industries Ltd.,JKTYRE,,,,PASS,Extracted from ind_prs24022022_1.pdf Page 3 table
ind_prs24022022_1.pdf,https://www.niftyindices.com/Press_Release/ind_prs24022022_1.pdf,Page 3,3) NIFTY 500,3,5,"February 24, 2022","March
31, 2022",2022-MAR,DELETION,The following companies are being excluded,"Johnson Controls - Hitachi Air Conditioning India
Ltd.",JCHAC,,,,PASS,Extracted from ind_prs24022022_1.pdf Page 3 table
ind_prs24022022_1.pdf,https://www.niftyindices.com/Press_Release/ind_prs24022022_1.pdf,Page 3,3) NIFTY 500,3,5,"February 24, 2022","March
31, 2022",2022-MAR,DELETION,The following companies are being excluded,Kaveri Seed Company Ltd.,KSCL,,,,PASS,Extracted from ind_prs24022022_1.pdf Page 3 table
ind_prs24022022_1.pdf,https://www.niftyindices.com/Press_Release/ind_prs24022022_1.pdf,Page 3,3) NIFTY 500,3,5,"February 24, 2022","March
31, 2022",2022-MAR,DELETION,The following companies are being excluded,KSB Ltd.,KSB,,,,PASS,Extracted from ind_prs24022022_1.pdf Page 3 table
ind_prs24022022_1.pdf,https://www.niftyindices.com/Press_Release/ind_prs24022022_1.pdf,Page 3,3) NIFTY 500,3,5,"February 24, 2022","March
31, 2022",2022-MAR,DELETION,The following companies are being excluded,La Opala RG Ltd.,LAOPALA,,,,PASS,Extracted from ind_prs24022022_1.pdf Page 3 table
ind_prs24022022_1.pdf,https://www.niftyindices.com/Press_Release/ind_prs24022022_1.pdf,Page 3,3) NIFTY 500,3,5,"February 24, 2022","March
31, 2022",2022-MAR,DELETION,The following companies are being excluded,Lemon Tree Hotels Ltd.,LEMONTREE,,,,PASS,Extracted from ind_prs24022022_1.pdf Page 3 table
ind_prs24022022_1.pdf,https://www.niftyindices.com/Press_Release/ind_prs24022022_1.pdf,Page 3,3) NIFTY 500,3,5,"February 24, 2022","March
31, 2022",2022-MAR,DELETION,The following companies are being excluded,Minda Corporation Ltd.,MINDACORP,,,,PASS,Extracted from ind_prs24022022_1.pdf Page 3 table
ind_prs24022022_1.pdf,https://www.niftyindices.com/Press_Release/ind_prs24022022_1.pdf,Page 3,3) NIFTY 500,3,5,"February 24, 2022","March
31, 2022",2022-MAR,DELETION,The following companies are being excluded,Mishra Dhatu Nigam Ltd.,MIDHANI,,,,PASS,Extracted from ind_prs24022022_1.pdf Page 3 table
ind_prs24022022_1.pdf,https://www.niftyindices.com/Press_Release/ind_prs24022022_1.pdf,Page 3,3) NIFTY 500,3,5,"February 24, 2022","March
31, 2022",2022-MAR,DELETION,The following companies are being excluded,National Fertilizers Ltd.,NFL,,,,PASS,Extracted from ind_prs24022022_1.pdf Page 3 table
ind_prs24022022_1.pdf,https://www.niftyindices.com/Press_Release/ind_prs24022022_1.pdf,Page 3,3) NIFTY 500,3,5,"February 24, 2022","March
31, 2022",2022-MAR,DELETION,The following companies are being excluded,Nilkamal Ltd.,NILKAMAL,,,,PASS,Extracted from ind_prs24022022_1.pdf Page 3 table
ind_prs24022022_1.pdf,https://www.niftyindices.com/Press_Release/ind_prs24022022_1.pdf,Page 3,3) NIFTY 500,3,5,"February 24, 2022","March
31, 2022",2022-MAR,DELETION,The following companies are being excluded,Schneider Electric Infrastructure Ltd.,SCHNEIDER,,,,PASS,Extracted from ind_prs24022022_1.pdf Page 3 table
ind_prs24022022_1.pdf,https://www.niftyindices.com/Press_Release/ind_prs24022022_1.pdf,Page 3,3) NIFTY 500,3,5,"February 24, 2022","March
31, 2022",2022-MAR,DELETION,The following companies are being excluded,Sharda Cropchem Ltd.,SHARDACROP,,,,PASS,Extracted from ind_prs24022022_1.pdf Page 3 table
ind_prs24022022_1.pdf,https://www.niftyindices.com/Press_Release/ind_prs24022022_1.pdf,Page 3,3) NIFTY 500,3,5,"February 24, 2022","March
31, 2022",2022-MAR,DELETION,The following companies are being excluded,Spandana Sphoorty Financial Ltd.,SPANDANA,,,,PASS,Extracted from ind_prs24022022_1.pdf Page 3 table
ind_prs24022022_1.pdf,https://www.niftyindices.com/Press_Release/ind_prs24022022_1.pdf,Page 3,3) NIFTY 500,3,5,"February 24, 2022","March
31, 2022",2022-MAR,DELETION,The following companies are being excluded,Star Cement Ltd.,STARCEMENT,,,,PASS,Extracted from ind_prs24022022_1.pdf Page 3 table
ind_prs24022022_1.pdf,https://www.niftyindices.com/Press_Release/ind_prs24022022_1.pdf,Page 3,3) NIFTY 500,3,5,"February 24, 2022","March
31, 2022",2022-MAR,DELETION,The following companies are being excluded,Tasty Bite Eatables Ltd.,TASTYBITE,,,,PASS,Extracted from ind_prs24022022_1.pdf Page 3 table
ind_prs24022022_1.pdf,https://www.niftyindices.com/Press_Release/ind_prs24022022_1.pdf,Page 3,3) NIFTY 500,3,5,"February 24, 2022","March
31, 2022",2022-MAR,DELETION,The following companies are being excluded,Ujjivan Financial Services Ltd.,UJJIVAN,,,,PASS,Extracted from ind_prs24022022_1.pdf Page 3 table
ind_prs24022022_1.pdf,https://www.niftyindices.com/Press_Release/ind_prs24022022_1.pdf,Page 3,3) NIFTY 500,3,5,"February 24, 2022","March
31, 2022",2022-MAR,DELETION,The following companies are being excluded,Ujjivan Small Finance Bank Ltd.,UJJIVANSFB,,,,PASS,Extracted from ind_prs24022022_1.pdf Page 3 table
ind_prs24022022_1.pdf,https://www.niftyindices.com/Press_Release/ind_prs24022022_1.pdf,Page 3,3) NIFTY 500,3,5,"February 24, 2022","March
31, 2022",2022-MAR,DELETION,The following companies are being excluded,Valiant Organics Ltd.,VALIANTORG,,,,PASS,Extracted from ind_prs24022022_1.pdf Page 3 table
ind_prs24022022_1.pdf,https://www.niftyindices.com/Press_Release/ind_prs24022022_1.pdf,Page 4,3) NIFTY 500,3,5,"February 24, 2022","March
31, 2022",2022-MAR,ADDITION,The following companies are being included,Aditya Birla Sun Life AMC Ltd.,ABSLAMC,,,,PASS,Extracted from ind_prs24022022_1.pdf Page 4 table
ind_prs24022022_1.pdf,https://www.niftyindices.com/Press_Release/ind_prs24022022_1.pdf,Page 4,3) NIFTY 500,3,5,"February 24, 2022","March
31, 2022",2022-MAR,ADDITION,The following companies are being included,Allcargo Logistics Ltd.,ALLCARGO,,,,PASS,Extracted from ind_prs24022022_1.pdf Page 4 table
ind_prs24022022_1.pdf,https://www.niftyindices.com/Press_Release/ind_prs24022022_1.pdf,Page 4,3) NIFTY 500,3,5,"February 24, 2022","March
31, 2022",2022-MAR,ADDITION,The following companies are being included,Aptus Value Housing Finance India Ltd.,APTUS,,,,PASS,Extracted from ind_prs24022022_1.pdf Page 4 table
ind_prs24022022_1.pdf,https://www.niftyindices.com/Press_Release/ind_prs24022022_1.pdf,Page 4,3) NIFTY 500,3,5,"February 24, 2022","March
31, 2022",2022-MAR,ADDITION,The following companies are being included,Borosil Renewables Ltd.,BORORENEW,,,,PASS,Extracted from ind_prs24022022_1.pdf Page 4 table
ind_prs24022022_1.pdf,https://www.niftyindices.com/Press_Release/ind_prs24022022_1.pdf,Page 4,3) NIFTY 500,3,5,"February 24, 2022","March
31, 2022",2022-MAR,ADDITION,The following companies are being included,Brightcom Group Ltd.,BCG,,,,PASS,Extracted from ind_prs24022022_1.pdf Page 4 table
ind_prs24022022_1.pdf,https://www.niftyindices.com/Press_Release/ind_prs24022022_1.pdf,Page 4,3) NIFTY 500,3,5,"February 24, 2022","March
31, 2022",2022-MAR,ADDITION,The following companies are being included,C.E. Info Systems Ltd.,MAPMYINDIA,,,,PASS,Extracted from ind_prs24022022_1.pdf Page 4 table
ind_prs24022022_1.pdf,https://www.niftyindices.com/Press_Release/ind_prs24022022_1.pdf,Page 4,3) NIFTY 500,3,5,"February 24, 2022","March
31, 2022",2022-MAR,ADDITION,The following companies are being included,Chemplast Sanmar Ltd.,CHEMPLASTS,,,,PASS,Extracted from ind_prs24022022_1.pdf Page 4 table
ind_prs24022022_1.pdf,https://www.niftyindices.com/Press_Release/ind_prs24022022_1.pdf,Page 4,3) NIFTY 500,3,5,"February 24, 2022","March
31, 2022",2022-MAR,ADDITION,The following companies are being included,Clean Science and Technology Ltd.,CLEAN,,,,PASS,Extracted from ind_prs24022022_1.pdf Page 4 table
ind_prs24022022_1.pdf,https://www.niftyindices.com/Press_Release/ind_prs24022022_1.pdf,Page 4,3) NIFTY 500,3,5,"February 24, 2022","March
31, 2022",2022-MAR,ADDITION,The following companies are being included,Devyani International Ltd.,DEVYANI,,,,PASS,Extracted from ind_prs24022022_1.pdf Page 4 table
ind_prs24022022_1.pdf,https://www.niftyindices.com/Press_Release/ind_prs24022022_1.pdf,Page 4,3) NIFTY 500,3,5,"February 24, 2022","March
31, 2022",2022-MAR,ADDITION,The following companies are being included,Easy Trip Planners Ltd.,EASEMYTRIP,,,,PASS,Extracted from ind_prs24022022_1.pdf Page 4 table
ind_prs24022022_1.pdf,https://www.niftyindices.com/Press_Release/ind_prs24022022_1.pdf,Page 4,3) NIFTY 500,3,5,"February 24, 2022","March
31, 2022",2022-MAR,ADDITION,The following companies are being included,FSN E-Commerce Ventures Ltd.,NYKAA,,,,PASS,Extracted from ind_prs24022022_1.pdf Page 4 table
ind_prs24022022_1.pdf,https://www.niftyindices.com/Press_Release/ind_prs24022022_1.pdf,Page 4,3) NIFTY 500,3,5,"February 24, 2022","March
31, 2022",2022-MAR,ADDITION,The following companies are being included,G R Infraprojects Ltd.,GRINFRA,,,,PASS,Extracted from ind_prs24022022_1.pdf Page 4 table
ind_prs24022022_1.pdf,https://www.niftyindices.com/Press_Release/ind_prs24022022_1.pdf,Page 4,3) NIFTY 500,3,5,"February 24, 2022","March
31, 2022",2022-MAR,ADDITION,The following companies are being included,Glenmark Life Sciences Ltd.,GLS,,,,PASS,Extracted from ind_prs24022022_1.pdf Page 4 table
ind_prs24022022_1.pdf,https://www.niftyindices.com/Press_Release/ind_prs24022022_1.pdf,Page 4,3) NIFTY 500,3,5,"February 24, 2022","March
31, 2022",2022-MAR,ADDITION,The following companies are being included,Go Fashion (India) Ltd.,GOCOLORS,,,,PASS,Extracted from ind_prs24022022_1.pdf Page 4 table
ind_prs24022022_1.pdf,https://www.niftyindices.com/Press_Release/ind_prs24022022_1.pdf,Page 4,3) NIFTY 500,3,5,"February 24, 2022","March
31, 2022",2022-MAR,ADDITION,The following companies are being included,HLE Glascoat Ltd.,HLEGLAS,,,,PASS,Extracted from ind_prs24022022_1.pdf Page 4 table
ind_prs24022022_1.pdf,https://www.niftyindices.com/Press_Release/ind_prs24022022_1.pdf,Page 4,3) NIFTY 500,3,5,"February 24, 2022","March
31, 2022",2022-MAR,ADDITION,The following companies are being included,Krishna Institute of Medical Sciences Ltd.,KIMS,,,,PASS,Extracted from ind_prs24022022_1.pdf Page 4 table
ind_prs24022022_1.pdf,https://www.niftyindices.com/Press_Release/ind_prs24022022_1.pdf,Page 4,3) NIFTY 500,3,5,"February 24, 2022","March
31, 2022",2022-MAR,ADDITION,The following companies are being included,Latent View Analytics Ltd.,LATENTVIEW,,,,PASS,Extracted from ind_prs24022022_1.pdf Page 4 table
ind_prs24022022_1.pdf,https://www.niftyindices.com/Press_Release/ind_prs24022022_1.pdf,Page 4,3) NIFTY 500,3,5,"February 24, 2022","March
31, 2022",2022-MAR,ADDITION,The following companies are being included,Medplus Health Services Ltd.,MEDPLUS,,,,PASS,Extracted from ind_prs24022022_1.pdf Page 4 table
ind_prs24022022_1.pdf,https://www.niftyindices.com/Press_Release/ind_prs24022022_1.pdf,Page 4,3) NIFTY 500,3,5,"February 24, 2022","March
31, 2022",2022-MAR,ADDITION,The following companies are being included,Metro Brands Ltd.,METROBRAND,,,,PASS,Extracted from ind_prs24022022_1.pdf Page 4 table
ind_prs24022022_1.pdf,https://www.niftyindices.com/Press_Release/ind_prs24022022_1.pdf,Page 4,3) NIFTY 500,3,5,"February 24, 2022","March
31, 2022",2022-MAR,ADDITION,The following companies are being included,Nuvoco Vistas Corporation Ltd.,NUVOCO,,,,PASS,Extracted from ind_prs24022022_1.pdf Page 4 table
ind_prs24022022_1.pdf,https://www.niftyindices.com/Press_Release/ind_prs24022022_1.pdf,Page 4,3) NIFTY 500,3,5,"February 24, 2022","March
31, 2022",2022-MAR,ADDITION,The following companies are being included,One 97 Communications Ltd.,PAYTM,,,,PASS,Extracted from ind_prs24022022_1.pdf Page 4 table
ind_prs24022022_1.pdf,https://www.niftyindices.com/Press_Release/ind_prs24022022_1.pdf,Page 4,3) NIFTY 500,3,5,"February 24, 2022","March
31, 2022",2022-MAR,ADDITION,The following companies are being included,PB Fintech Ltd.,POLICYBZR,,,,PASS,Extracted from ind_prs24022022_1.pdf Page 4 table
ind_prs24022022_1.pdf,https://www.niftyindices.com/Press_Release/ind_prs24022022_1.pdf,Page 4,3) NIFTY 500,3,5,"February 24, 2022","March
31, 2022",2022-MAR,ADDITION,The following companies are being included,Privi Speciality Chemicals Ltd.,PRIVISCL,,,,PASS,Extracted from ind_prs24022022_1.pdf Page 4 table
ind_prs24022022_1.pdf,https://www.niftyindices.com/Press_Release/ind_prs24022022_1.pdf,Page 4,3) NIFTY 500,3,5,"February 24, 2022","March
31, 2022",2022-MAR,ADDITION,The following companies are being included,RattanIndia Enterprises Ltd.,RTNINDIA,,,,PASS,Extracted from ind_prs24022022_1.pdf Page 4 table
ind_prs24022022_1.pdf,https://www.niftyindices.com/Press_Release/ind_prs24022022_1.pdf,Page 4,3) NIFTY 500,3,5,"February 24, 2022","March
31, 2022",2022-MAR,ADDITION,The following companies are being included,Sapphire Foods India Ltd.,SAPPHIRE,,,,PASS,Extracted from ind_prs24022022_1.pdf Page 4 table
ind_prs24022022_1.pdf,https://www.niftyindices.com/Press_Release/ind_prs24022022_1.pdf,Page 4,3) NIFTY 500,3,5,"February 24, 2022","March
31, 2022",2022-MAR,ADDITION,The following companies are being included,Saregama India Ltd,SAREGAMA,,,,PASS,Extracted from ind_prs24022022_1.pdf Page 4 table
ind_prs24022022_1.pdf,https://www.niftyindices.com/Press_Release/ind_prs24022022_1.pdf,Page 4,3) NIFTY 500,3,5,"February 24, 2022","March
31, 2022",2022-MAR,ADDITION,The following companies are being included,Shree Renuka Sugars Ltd.,RENUKA,,,,PASS,Extracted from ind_prs24022022_1.pdf Page 4 table
ind_prs24022022_1.pdf,https://www.niftyindices.com/Press_Release/ind_prs24022022_1.pdf,Page 4,3) NIFTY 500,3,5,"February 24, 2022","March
31, 2022",2022-MAR,ADDITION,The following companies are being included,Shyam Metalics and Energy Ltd.,SHYAMMETL,,,,PASS,Extracted from ind_prs24022022_1.pdf Page 4 table
ind_prs24022022_1.pdf,https://www.niftyindices.com/Press_Release/ind_prs24022022_1.pdf,Page 4,3) NIFTY 500,3,5,"February 24, 2022","March
31, 2022",2022-MAR,ADDITION,The following companies are being included,Star Health and Allied Insurance Company Ltd.,STARHEALTH,,,,PASS,Extracted from ind_prs24022022_1.pdf Page 4 table
ind_prs24022022_1.pdf,https://www.niftyindices.com/Press_Release/ind_prs24022022_1.pdf,Page 4,3) NIFTY 500,3,5,"February 24, 2022","March
31, 2022",2022-MAR,ADDITION,The following companies are being included,Tata Investment Corporation Ltd.,TATAINVEST,,,,PASS,Extracted from ind_prs24022022_1.pdf Page 4 table
ind_prs24022022_1.pdf,https://www.niftyindices.com/Press_Release/ind_prs24022022_1.pdf,Page 4,3) NIFTY 500,3,5,"February 24, 2022","March
31, 2022",2022-MAR,ADDITION,The following companies are being included,Vijaya Diagnostic Centre Ltd.,VIJAYA,,,,PASS,Extracted from ind_prs24022022_1.pdf Page 4 table
ind_prs24022022_1.pdf,https://www.niftyindices.com/Press_Release/ind_prs24022022_1.pdf,Page 4,3) NIFTY 500,3,5,"February 24, 2022","March
31, 2022",2022-MAR,ADDITION,The following companies are being included,Zomato Ltd.,ZOMATO,,,,PASS,Extracted from ind_prs24022022_1.pdf Page 4 table
ind_prs24042024.pdf,https://www.niftyindices.com/Press_Release/ind_prs24042024.pdf,Page 2,3) Nifty500 Value 50,2,2,"April 24, 2024","April 26, 2024",2024-MAR,DELETION,The following companies are being excluded,Brightcom Group Ltd.,BCG,,,,PASS,Extracted from ind_prs24042024.pdf Page 2 table
ind_prs24042024.pdf,https://www.niftyindices.com/Press_Release/ind_prs24042024.pdf,Page 2,3) Nifty500 Value 50,2,2,"April 24, 2024","April 26, 2024",2024-MAR,DELETION,The following companies are being excluded,IIFL Finance Ltd.,IIFL,,,,PASS,Extracted from ind_prs24042024.pdf Page 2 table
ind_prs24052022.pdf,https://www.niftyindices.com/Press_Release/ind_prs24052022.pdf,Page 1,1) Nifty 500,1,1,"May 24, 2022","May 31, 2022",2022-MAY,DELETION,The following companies are being excluded,Jindal Stainless (Hisar) Ltd.,JSLHISAR,,,,PASS,Extracted from ind_prs24052022.pdf Page 1 table
ind_prs24052022.pdf,https://www.niftyindices.com/Press_Release/ind_prs24052022.pdf,Page 1,1) Nifty 500,1,1,"May 24, 2022","May 31, 2022",2022-MAY,DELETION,The following companies are being excluded,Triveni Engineering & Industries Ltd.,TRIVENI,,,,PASS,Extracted from ind_prs24052022.pdf Page 1 table
ind_prs24072023.pdf,https://www.niftyindices.com/Press_Release/ind_prs24072023.pdf,Page 1,1) Nifty500 Shariah,1,2,"July 24, 2023","July 31, 2023",2023-JUL,DELETION,The following companies are being excluded,Adani Total Gas Ltd.,ATGL,,,,PASS,Extracted from ind_prs24072023.pdf Page 1 table
ind_prs24072023.pdf,https://www.niftyindices.com/Press_Release/ind_prs24072023.pdf,Page 1,1) Nifty500 Shariah,1,2,"July 24, 2023","July 31, 2023",2023-JUL,DELETION,The following companies are being excluded,Adani Wilmar Ltd.,AWL,,,,PASS,Extracted from ind_prs24072023.pdf Page 1 table
ind_prs24072023.pdf,https://www.niftyindices.com/Press_Release/ind_prs24072023.pdf,Page 1,1) Nifty500 Shariah,1,2,"July 24, 2023","July 31, 2023",2023-JUL,DELETION,The following companies are being excluded,Balkrishna Industries Ltd.,BALKRISIND,,,,PASS,Extracted from ind_prs24072023.pdf Page 1 table
ind_prs24072023.pdf,https://www.niftyindices.com/Press_Release/ind_prs24072023.pdf,Page 1,1) Nifty500 Shariah,1,2,"July 24, 2023","July 31, 2023",2023-JUL,DELETION,The following companies are being excluded,Glaxosmithkline Pharmaceuticals Ltd.,GLAXO,,,,PASS,Extracted from ind_prs24072023.pdf Page 1 table
ind_prs24072023.pdf,https://www.niftyindices.com/Press_Release/ind_prs24072023.pdf,Page 1,1) Nifty500 Shariah,1,2,"July 24, 2023","July 31, 2023",2023-JUL,DELETION,The following companies are being excluded,Sterling and Wilson Renewable Energy Ltd.,SWSOLAR,,,,PASS,Extracted from ind_prs24072023.pdf Page 1 table
ind_prs24072023.pdf,https://www.niftyindices.com/Press_Release/ind_prs24072023.pdf,Page 1,1) Nifty500 Shariah,1,2,"July 24, 2023","July 31, 2023",2023-JUL,ADDITION,The following companies are being included,Crompton Greaves Consumer Electricals Ltd.,CROMPTON,,,,PASS,Extracted from ind_prs24072023.pdf Page 1 table
ind_prs24072023.pdf,https://www.niftyindices.com/Press_Release/ind_prs24072023.pdf,Page 1,1) Nifty500 Shariah,1,2,"July 24, 2023","July 31, 2023",2023-JUL,ADDITION,The following companies are being included,Tata Chemicals Ltd.,TATACHEM,,,,PASS,Extracted from ind_prs24072023.pdf Page 1 table
ind_prs24072024.pdf,https://www.niftyindices.com/Press_Release/ind_prs24072024.pdf,Page 1,2) Nifty500 Shariah,1,2,"July 24, 2024","July 31, 2024",2024-JUL,DELETION,The following companies are being excluded,Ambuja Cements Ltd.,AMBUJACEM,,,,PASS,Extracted from ind_prs24072024.pdf Page 1 table
ind_prs24072024.pdf,https://www.niftyindices.com/Press_Release/ind_prs24072024.pdf,Page 1,2) Nifty500 Shariah,1,2,"July 24, 2024","July 31, 2024",2024-JUL,DELETION,The following companies are being excluded,Cera Sanitaryware Ltd,CERA,,,,PASS,Extracted from ind_prs24072024.pdf Page 1 table
ind_prs24072024.pdf,https://www.niftyindices.com/Press_Release/ind_prs24072024.pdf,Page 1,2) Nifty500 Shariah,1,2,"July 24, 2024","July 31, 2024",2024-JUL,DELETION,The following companies are being excluded,Dr. Lal Path Labs Ltd.,LALPATHLAB,,,,PASS,Extracted from ind_prs24072024.pdf Page 1 table
ind_prs24072024.pdf,https://www.niftyindices.com/Press_Release/ind_prs24072024.pdf,Page 1,2) Nifty500 Shariah,1,2,"July 24, 2024","July 31, 2024",2024-JUL,DELETION,The following companies are being excluded,Infosys Ltd.,INFY,,,,PASS,Extracted from ind_prs24072024.pdf Page 1 table
ind_prs24072024.pdf,https://www.niftyindices.com/Press_Release/ind_prs24072024.pdf,Page 1,2) Nifty500 Shariah,1,2,"July 24, 2024","July 31, 2024",2024-JUL,DELETION,The following companies are being excluded,Wipro Ltd.,WIPRO,,,,PASS,Extracted from ind_prs24072024.pdf Page 1 table
ind_prs24072024.pdf,https://www.niftyindices.com/Press_Release/ind_prs24072024.pdf,Page 1,2) Nifty500 Shariah,1,2,"July 24, 2024","July 31, 2024",2024-JUL,ADDITION,The following companies are being included,Dalmia Bharat Ltd.,DALBHARAT,,,,PASS,Extracted from ind_prs24072024.pdf Page 1 table
ind_prs24072024.pdf,https://www.niftyindices.com/Press_Release/ind_prs24072024.pdf,Page 2,2) Nifty500 Shariah,1,2,"July 24, 2024","July 31, 2024",2024-JUL,DELETION,The following companies are being excluded,Godrej Consumer Products Ltd.,GODREJCP,,,,PASS,Extracted from ind_prs24072024.pdf Page 2 table
ind_prs24072024.pdf,https://www.niftyindices.com/Press_Release/ind_prs24072024.pdf,Page 2,2) Nifty500 Shariah,1,2,"July 24, 2024","July 31, 2024",2024-JUL,DELETION,The following companies are being excluded,Persistent Systems Ltd.,PERSISTENT,,,,PASS,Extracted from ind_prs24072024.pdf Page 2 table
ind_prs24072025.pdf,https://www.niftyindices.com/Press_Release/ind_prs24072025.pdf,Page 1,2) Nifty500 Shariah,1,2,"July 24, 2025","July 31, 2025",2025-JUL,DELETION,The following companies are being excluded,ACC Ltd.,ACC,,,,PASS,Extracted from ind_prs24072025.pdf Page 1 table
ind_prs24072025.pdf,https://www.niftyindices.com/Press_Release/ind_prs24072025.pdf,Page 1,2) Nifty500 Shariah,1,2,"July 24, 2025","July 31, 2025",2025-JUL,DELETION,The following companies are being excluded,International Gemmological Institute (India) Ltd.,IGIL,,,,PASS,Extracted from ind_prs24072025.pdf Page 1 table
ind_prs24072025.pdf,https://www.niftyindices.com/Press_Release/ind_prs24072025.pdf,Page 1,2) Nifty500 Shariah,1,2,"July 24, 2025","July 31, 2025",2025-JUL,DELETION,The following companies are being excluded,Infosys Ltd.,INFY,,,,PASS,Extracted from ind_prs24072025.pdf Page 1 table
ind_prs24072025.pdf,https://www.niftyindices.com/Press_Release/ind_prs24072025.pdf,Page 1,2) Nifty500 Shariah,1,2,"July 24, 2025","July 31, 2025",2025-JUL,DELETION,The following companies are being excluded,Jindal Saw Ltd.,JINDALSAW,,,,PASS,Extracted from ind_prs24072025.pdf Page 1 table
ind_prs24072025.pdf,https://www.niftyindices.com/Press_Release/ind_prs24072025.pdf,Page 1,2) Nifty500 Shariah,1,2,"July 24, 2025","July 31, 2025",2025-JUL,DELETION,The following companies are being excluded,Tata Motors Ltd.,TATAMOTORS,,,,PASS,Extracted from ind_prs24072025.pdf Page 1 table
ind_prs24072025.pdf,https://www.niftyindices.com/Press_Release/ind_prs24072025.pdf,Page 2,2) Nifty500 Shariah,1,2,"July 24, 2025","July 31, 2025",2025-JUL,DELETION,The following companies are being excluded,Jeena Sikho Lifecare Ltd.,JSLL,,,,PASS,Extracted from ind_prs24072025.pdf Page 2 table
ind_prs26072022.pdf,https://www.niftyindices.com/Press_Release/ind_prs26072022.pdf,Page 2,2) Nifty500 Shariah,2,3,"July 26, 2022","August 08, 2022",2022-SEP,DELETION,The following companies are being excluded,Britannia Industries Ltd.,BRITANNIA,,,,PASS,Extracted from ind_prs26072022.pdf Page 2 table
ind_prs26072022.pdf,https://www.niftyindices.com/Press_Release/ind_prs26072022.pdf,Page 2,2) Nifty500 Shariah,2,3,"July 26, 2022","August 08, 2022",2022-SEP,DELETION,The following companies are being excluded,NMDC Ltd.,NMDC,,,,PASS,Extracted from ind_prs26072022.pdf Page 2 table | repeated_source_event
ind_prs26072022.pdf,https://www.niftyindices.com/Press_Release/ind_prs26072022.pdf,Page 2,2) Nifty500 Shariah,2,3,"July 26, 2022","August 08, 2022",2022-SEP,DELETION,The following companies are being excluded,Tata Steel Long Products Ltd.,TATASTLLP,,,,PASS,Extracted from ind_prs26072022.pdf Page 2 table
ind_prs26072022.pdf,https://www.niftyindices.com/Press_Release/ind_prs26072022.pdf,Page 2,2) Nifty500 Shariah,2,3,"July 26, 2022","August 08, 2022",2022-SEP,ADDITION,The following companies are being included,Balaji Amines Ltd.,BALAMINES,,,,PASS,Extracted from ind_prs26072022.pdf Page 2 table
ind_prs26072022.pdf,https://www.niftyindices.com/Press_Release/ind_prs26072022.pdf,Page 2,2) Nifty500 Shariah,2,3,"July 26, 2022","August 08, 2022",2022-SEP,ADDITION,The following companies are being included,Chemplast Sanmar Ltd.,CHEMPLASTS,,,,PASS,Extracted from ind_prs26072022.pdf Page 2 table
ind_prs26072022.pdf,https://www.niftyindices.com/Press_Release/ind_prs26072022.pdf,Page 2,2) Nifty500 Shariah,2,3,"July 26, 2022","August 08, 2022",2022-SEP,ADDITION,The following companies are being included,Dr. Lal Path Labs Ltd.,LALPATHLAB,,,,PASS,Extracted from ind_prs26072022.pdf Page 2 table
ind_prs26072022.pdf,https://www.niftyindices.com/Press_Release/ind_prs26072022.pdf,Page 2,2) Nifty500 Shariah,2,3,"July 26, 2022","August 08, 2022",2022-SEP,ADDITION,The following companies are being included,Infibeam Avenues Ltd.,INFIBEAM,,,,PASS,Extracted from ind_prs26072022.pdf Page 2 table
ind_prs26072022.pdf,https://www.niftyindices.com/Press_Release/ind_prs26072022.pdf,Page 2,2) Nifty500 Shariah,2,3,"July 26, 2022","August 08, 2022",2022-SEP,ADDITION,The following companies are being included,Lakshmi Machine Works Ltd.,LAXMIMACH,,,,PASS,Extracted from ind_prs26072022.pdf Page 2 table
ind_prs26072022.pdf,https://www.niftyindices.com/Press_Release/ind_prs26072022.pdf,Page 2,2) Nifty500 Shariah,2,3,"July 26, 2022","August 08, 2022",2022-SEP,ADDITION,The following companies are being included,Persistent Systems Ltd.,PERSISTENT,,,,PASS,Extracted from ind_prs26072022.pdf Page 2 table
ind_prs26072022.pdf,https://www.niftyindices.com/Press_Release/ind_prs26072022.pdf,Page 2,2) Nifty500 Shariah,2,3,"July 26, 2022","August 08, 2022",2022-SEP,ADDITION,The following companies are being included,Syngene International Ltd.,SYNGENE,,,,PASS,Extracted from ind_prs26072022.pdf Page 2 table
ind_prs26072022.pdf,https://www.niftyindices.com/Press_Release/ind_prs26072022.pdf,Page 2,2) Nifty500 Shariah,2,3,"July 26, 2022","August 08, 2022",2022-SEP,ADDITION,The following companies are being included,Tata Steel Ltd.,TATASTEEL,,,,PASS,Extracted from ind_prs26072022.pdf Page 2 table
ind_prs26072022.pdf,https://www.niftyindices.com/Press_Release/ind_prs26072022.pdf,Page 2,2) Nifty500 Shariah,2,3,"July 26, 2022","August 08, 2022",2022-SEP,ADDITION,The following companies are being included,Trident Ltd.,TRIDENT,,,,PASS,Extracted from ind_prs26072022.pdf Page 2 table
ind_prs26072022.pdf,https://www.niftyindices.com/Press_Release/ind_prs26072022.pdf,Page 2,2) Nifty500 Shariah,2,3,"July 26, 2022","August 08, 2022",2022-SEP,ADDITION,The following companies are being included,Wipro Ltd.,WIPRO,,,,PASS,Extracted from ind_prs26072022.pdf Page 2 table
ind_prs26072022.pdf,https://www.niftyindices.com/Press_Release/ind_prs26072022.pdf,Page 2,2) Nifty500 Shariah,2,3,"July 26, 2022","August 08, 2022",2022-SEP,DELETION,The following companies are being excluded,Voltas Ltd.,VOLTAS,,,,PASS,Extracted from ind_prs26072022.pdf Page 2 table
ind_prs26102020.pdf,https://www.niftyindices.com/Press_Release/ind_prs26102020.pdf,Page 1,1) NIFTY 500,1,1,"October 26, 2020","November 02, 2020",2020-NOV,DELETION,The following companies are being excluded,Allcargo Logistics Ltd.,ALLCARGO,,,,PASS,Extracted from ind_prs26102020.pdf Page 1 table
ind_prs26102020.pdf,https://www.niftyindices.com/Press_Release/ind_prs26102020.pdf,Page 1,1) NIFTY 500,1,1,"October 26, 2020","November 02, 2020",2020-NOV,DELETION,The following companies are being excluded,Network18 Media & Investments Ltd.,NETWORK18,,,,PASS,Extracted from ind_prs26102020.pdf Page 1 table
ind_prs27042017.pdf,https://www.niftyindices.com/Press_Release/ind_prs27042017.pdf,Page 1,2) NIFTY 500 Index,1,2,"May 26, 2017","May 26, 2017",2017-MAY,DELETION,The following companies are being excluded,Aditya Birla Nuvo Ltd.,ABIRLANUVO,,,,PASS,Extracted from ind_prs27042017.pdf Page 1 table
ind_prs27042017.pdf,https://www.niftyindices.com/Press_Release/ind_prs27042017.pdf,Page 1,2) NIFTY 500 Index,1,2,"May 26, 2017","May 26, 2017",2017-MAY,DELETION,The following companies are being excluded,Grasim Industries Ltd.,GRASIM,,,,PASS,Extracted from ind_prs27042017.pdf Page 1 table
ind_prs27042017.pdf,https://www.niftyindices.com/Press_Release/ind_prs27042017.pdf,Page 1,2) NIFTY 500 Index,1,2,"May 26, 2017","May 26, 2017",2017-MAY,DELETION,The following companies are being excluded,Tube Investments of India Ltd.,TUBEINVEST,,,,PASS,Extracted from ind_prs27042017.pdf Page 1 table
ind_prs27042017.pdf,https://www.niftyindices.com/Press_Release/ind_prs27042017.pdf,Page 2,2) NIFTY 500 Index,1,2,"May 26, 2017","May 26, 2017",2017-MAY,ADDITION,The following companies are being included,Laurus Labs Ltd.,LAURUSLABS,,,,PASS,Extracted from ind_prs27042017.pdf Page 2 table
ind_prs27042017.pdf,https://www.niftyindices.com/Press_Release/ind_prs27042017.pdf,Page 2,2) NIFTY 500 Index,1,2,"May 26, 2017","May 26, 2017",2017-MAY,ADDITION,The following companies are being included,PNB Housing Finance Ltd.,PNBHOUSING,,,,PASS,Extracted from ind_prs27042017.pdf Page 2 table
ind_prs27042017.pdf,https://www.niftyindices.com/Press_Release/ind_prs27042017.pdf,Page 2,2) NIFTY 500 Index,1,2,"May 26, 2017","May 26, 2017",2017-MAY,ADDITION,The following companies are being included,Varun Beverages Ltd.,VBL,,,,PASS,Extracted from ind_prs27042017.pdf Page 2 table
ind_prs28022024.pdf,https://www.niftyindices.com/Press_Release/ind_prs28022024.pdf,Page 2,3) Nifty 500,2,4,"February 28, 2024","March 28, 2024",2024-MAR,DELETION,The following companies are being excluded,Aarti Drugs Ltd.,AARTIDRUGS,,,,PASS,Extracted from ind_prs28022024.pdf Page 2 table
ind_prs28022024.pdf,https://www.niftyindices.com/Press_Release/ind_prs28022024.pdf,Page 2,3) Nifty 500,2,4,"February 28, 2024","March 28, 2024",2024-MAR,DELETION,The following companies are being excluded,Brightcom Group Ltd.,BCG,,,,PASS,Extracted from ind_prs28022024.pdf Page 2 table
ind_prs28022024.pdf,https://www.niftyindices.com/Press_Release/ind_prs28022024.pdf,Page 2,3) Nifty 500,2,4,"February 28, 2024","March 28, 2024",2024-MAR,DELETION,The following companies are being excluded,Delta Corp Ltd.,DELTACORP,,,,PASS,Extracted from ind_prs28022024.pdf Page 2 table
ind_prs28022024.pdf,https://www.niftyindices.com/Press_Release/ind_prs28022024.pdf,Page 2,3) Nifty 500,2,4,"February 28, 2024","March 28, 2024",2024-MAR,DELETION,The following companies are being excluded,Epigral Ltd.,EPIGRAL,,,,PASS,Extracted from ind_prs28022024.pdf Page 2 table
ind_prs28022024.pdf,https://www.niftyindices.com/Press_Release/ind_prs28022024.pdf,Page 2,3) Nifty 500,2,4,"February 28, 2024","March 28, 2024",2024-MAR,DELETION,The following companies are being excluded,G R Infraprojects Ltd.,GRINFRA,,,,PASS,Extracted from ind_prs28022024.pdf Page 2 table
ind_prs28022024.pdf,https://www.niftyindices.com/Press_Release/ind_prs28022024.pdf,Page 2,3) Nifty 500,2,4,"February 28, 2024","March 28, 2024",2024-MAR,DELETION,The following companies are being excluded,Galaxy Surfactants Ltd.,GALAXYSURF,,,,PASS,Extracted from ind_prs28022024.pdf Page 2 table
ind_prs28022024.pdf,https://www.niftyindices.com/Press_Release/ind_prs28022024.pdf,Page 2,3) Nifty 500,2,4,"February 28, 2024","March 28, 2024",2024-MAR,DELETION,The following companies are being excluded,Go Fashion (India) Ltd.,GOCOLORS,,,,PASS,Extracted from ind_prs28022024.pdf Page 2 table
ind_prs28022024.pdf,https://www.niftyindices.com/Press_Release/ind_prs28022024.pdf,Page 2,3) Nifty 500,2,4,"February 28, 2024","March 28, 2024",2024-MAR,DELETION,The following companies are being excluded,Gujarat Alkalies & Chemicals Ltd.,GUJALKALI,,,,PASS,Extracted from ind_prs28022024.pdf Page 2 table
ind_prs28022024.pdf,https://www.niftyindices.com/Press_Release/ind_prs28022024.pdf,Page 2,3) Nifty 500,2,4,"February 28, 2024","March 28, 2024",2024-MAR,DELETION,The following companies are being excluded,HLE Glascoat Ltd.,HLEGLAS,,,,PASS,Extracted from ind_prs28022024.pdf Page 2 table
ind_prs28022024.pdf,https://www.niftyindices.com/Press_Release/ind_prs28022024.pdf,Page 2,3) Nifty 500,2,4,"February 28, 2024","March 28, 2024",2024-MAR,DELETION,The following companies are being excluded,Infibeam Avenues Ltd.,INFIBEAM,,,,PASS,Extracted from ind_prs28022024.pdf Page 2 table
ind_prs28022024.pdf,https://www.niftyindices.com/Press_Release/ind_prs28022024.pdf,Page 2,3) Nifty 500,2,4,"February 28, 2024","March 28, 2024",2024-MAR,DELETION,The following companies are being excluded,Ingersoll Rand (India) Ltd.,INGERRAND,,,,PASS,Extracted from ind_prs28022024.pdf Page 2 table
ind_prs28022024.pdf,https://www.niftyindices.com/Press_Release/ind_prs28022024.pdf,Page 2,3) Nifty 500,2,4,"February 28, 2024","March 28, 2024",2024-MAR,DELETION,The following companies are being excluded,Jamna Auto Industries Ltd.,JAMNAAUTO,,,,PASS,Extracted from ind_prs28022024.pdf Page 2 table
ind_prs28022024.pdf,https://www.niftyindices.com/Press_Release/ind_prs28022024.pdf,Page 2,3) Nifty 500,2,4,"February 28, 2024","March 28, 2024",2024-MAR,DELETION,The following companies are being excluded,Lakshmi Machine Works Ltd.,LAXMIMACH,,,,PASS,Extracted from ind_prs28022024.pdf Page 2 table
ind_prs28022024.pdf,https://www.niftyindices.com/Press_Release/ind_prs28022024.pdf,Page 2,3) Nifty 500,2,4,"February 28, 2024","March 28, 2024",2024-MAR,DELETION,The following companies are being excluded,Lux Industries Ltd.,LUXIND,,,,PASS,Extracted from ind_prs28022024.pdf Page 2 table
ind_prs28022024.pdf,https://www.niftyindices.com/Press_Release/ind_prs28022024.pdf,Page 2,3) Nifty 500,2,4,"February 28, 2024","March 28, 2024",2024-MAR,DELETION,The following companies are being excluded,Nazara Technologies Ltd.,NAZARA,,,,PASS,Extracted from ind_prs28022024.pdf Page 2 table
ind_prs28022024.pdf,https://www.niftyindices.com/Press_Release/ind_prs28022024.pdf,Page 2,3) Nifty 500,2,4,"February 28, 2024","March 28, 2024",2024-MAR,DELETION,The following companies are being excluded,Orient Electric Ltd.,ORIENTELEC,,,,PASS,Extracted from ind_prs28022024.pdf Page 2 table
ind_prs28022024.pdf,https://www.niftyindices.com/Press_Release/ind_prs28022024.pdf,Page 2,3) Nifty 500,2,4,"February 28, 2024","March 28, 2024",2024-MAR,DELETION,The following companies are being excluded,Pfizer Ltd.,PFIZER,,,,PASS,Extracted from ind_prs28022024.pdf Page 2 table
ind_prs28022024.pdf,https://www.niftyindices.com/Press_Release/ind_prs28022024.pdf,Page 2,3) Nifty 500,2,4,"February 28, 2024","March 28, 2024",2024-MAR,DELETION,The following companies are being excluded,Polyplex Corporation Ltd.,POLYPLEX,,,,PASS,Extracted from ind_prs28022024.pdf Page 2 table
ind_prs28022024.pdf,https://www.niftyindices.com/Press_Release/ind_prs28022024.pdf,Page 2,3) Nifty 500,2,4,"February 28, 2024","March 28, 2024",2024-MAR,DELETION,The following companies are being excluded,Procter & Gamble Health Ltd.,PGHL,,,,PASS,Extracted from ind_prs28022024.pdf Page 2 table
ind_prs28022024.pdf,https://www.niftyindices.com/Press_Release/ind_prs28022024.pdf,Page 2,3) Nifty 500,2,4,"February 28, 2024","March 28, 2024",2024-MAR,DELETION,The following companies are being excluded,Rain Industries Ltd,RAIN,,,,PASS,Extracted from ind_prs28022024.pdf Page 2 table
ind_prs28022024.pdf,https://www.niftyindices.com/Press_Release/ind_prs28022024.pdf,Page 3,3) Nifty 500,2,4,"February 28, 2024","March 28, 2024",2024-MAR,DELETION,The following companies are being excluded,Rallis India Ltd.,RALLIS,,,,PASS,Extracted from ind_prs28022024.pdf Page 3 table
ind_prs28022024.pdf,https://www.niftyindices.com/Press_Release/ind_prs28022024.pdf,Page 3,3) Nifty 500,2,4,"February 28, 2024","March 28, 2024",2024-MAR,DELETION,The following companies are being excluded,Relaxo Footwears Ltd.,RELAXO,,,,PASS,Extracted from ind_prs28022024.pdf Page 3 table
ind_prs28022024.pdf,https://www.niftyindices.com/Press_Release/ind_prs28022024.pdf,Page 3,3) Nifty 500,2,4,"February 28, 2024","March 28, 2024",2024-MAR,DELETION,The following companies are being excluded,Rossari Biotech Ltd.,ROSSARI,,,,PASS,Extracted from ind_prs28022024.pdf Page 3 table
ind_prs28022024.pdf,https://www.niftyindices.com/Press_Release/ind_prs28022024.pdf,Page 3,3) Nifty 500,2,4,"February 28, 2024","March 28, 2024",2024-MAR,DELETION,The following companies are being excluded,Sharda Cropchem Ltd.,SHARDACROP,,,,PASS,Extracted from ind_prs28022024.pdf Page 3 table
ind_prs28022024.pdf,https://www.niftyindices.com/Press_Release/ind_prs28022024.pdf,Page 3,3) Nifty 500,2,4,"February 28, 2024","March 28, 2024",2024-MAR,DELETION,The following companies are being excluded,Sheela Foam Ltd.,SFL,,,,PASS,Extracted from ind_prs28022024.pdf Page 3 table
ind_prs28022024.pdf,https://www.niftyindices.com/Press_Release/ind_prs28022024.pdf,Page 3,3) Nifty 500,2,4,"February 28, 2024","March 28, 2024",2024-MAR,DELETION,The following companies are being excluded,Shoppers Stop Ltd.,SHOPERSTOP,,,,PASS,Extracted from ind_prs28022024.pdf Page 3 table
ind_prs28022024.pdf,https://www.niftyindices.com/Press_Release/ind_prs28022024.pdf,Page 3,3) Nifty 500,2,4,"February 28, 2024","March 28, 2024",2024-MAR,DELETION,The following companies are being excluded,Suprajit Engineering Ltd.,SUPRAJIT,,,,PASS,Extracted from ind_prs28022024.pdf Page 3 table
ind_prs28022024.pdf,https://www.niftyindices.com/Press_Release/ind_prs28022024.pdf,Page 3,3) Nifty 500,2,4,"February 28, 2024","March 28, 2024",2024-MAR,DELETION,The following companies are being excluded,Symphony Ltd.,SYMPHONY,,,,PASS,Extracted from ind_prs28022024.pdf Page 3 table
ind_prs28022024.pdf,https://www.niftyindices.com/Press_Release/ind_prs28022024.pdf,Page 3,3) Nifty 500,2,4,"February 28, 2024","March 28, 2024",2024-MAR,DELETION,The following companies are being excluded,Teamlease Services Ltd.,TEAMLEASE,,,,PASS,Extracted from ind_prs28022024.pdf Page 3 table
ind_prs28022024.pdf,https://www.niftyindices.com/Press_Release/ind_prs28022024.pdf,Page 3,3) Nifty 500,2,4,"February 28, 2024","March 28, 2024",2024-MAR,DELETION,The following companies are being excluded,TTK Prestige Ltd.,TTKPRESTIG,,,,PASS,Extracted from ind_prs28022024.pdf Page 3 table
ind_prs28022024.pdf,https://www.niftyindices.com/Press_Release/ind_prs28022024.pdf,Page 3,3) Nifty 500,2,4,"February 28, 2024","March 28, 2024",2024-MAR,DELETION,The following companies are being excluded,V-Guard Industries Ltd.,VGUARD,,,,PASS,Extracted from ind_prs28022024.pdf Page 3 table
ind_prs28022024.pdf,https://www.niftyindices.com/Press_Release/ind_prs28022024.pdf,Page 3,3) Nifty 500,2,4,"February 28, 2024","March 28, 2024",2024-MAR,DELETION,The following companies are being excluded,Vinati Organics Ltd.,VINATIORGA,,,,PASS,Extracted from ind_prs28022024.pdf Page 3 table
ind_prs28022024.pdf,https://www.niftyindices.com/Press_Release/ind_prs28022024.pdf,Page 3,3) Nifty 500,2,4,"February 28, 2024","March 28, 2024",2024-MAR,DELETION,The following companies are being excluded,V-Mart Retail Ltd.,VMART,,,,PASS,Extracted from ind_prs28022024.pdf Page 3 table
ind_prs28022024.pdf,https://www.niftyindices.com/Press_Release/ind_prs28022024.pdf,Page 3,3) Nifty 500,2,4,"February 28, 2024","March 28, 2024",2024-MAR,DELETION,The following companies are being excluded,Zydus Wellness Ltd.,ZYDUSWELL,,,,PASS,Extracted from ind_prs28022024.pdf Page 3 table
ind_prs28022024.pdf,https://www.niftyindices.com/Press_Release/ind_prs28022024.pdf,Page 3,3) Nifty 500,2,4,"February 28, 2024","March 28, 2024",2024-MAR,ADDITION,The following companies are being included,Action Construction Equipment Ltd.,ACE,,,,PASS,Extracted from ind_prs28022024.pdf Page 3 table
ind_prs28022024.pdf,https://www.niftyindices.com/Press_Release/ind_prs28022024.pdf,Page 3,3) Nifty 500,2,4,"February 28, 2024","March 28, 2024",2024-MAR,ADDITION,The following companies are being included,Anand Rathi Wealth Ltd.,ANANDRATHI,,,,PASS,Extracted from ind_prs28022024.pdf Page 3 table
ind_prs28022024.pdf,https://www.niftyindices.com/Press_Release/ind_prs28022024.pdf,Page 3,3) Nifty 500,2,4,"February 28, 2024","March 28, 2024",2024-MAR,ADDITION,The following companies are being included,AstraZenca Pharma India Ltd.,ASTRAZEN,,,,PASS,Extracted from ind_prs28022024.pdf Page 3 table
ind_prs28022024.pdf,https://www.niftyindices.com/Press_Release/ind_prs28022024.pdf,Page 3,3) Nifty 500,2,4,"February 28, 2024","March 28, 2024",2024-MAR,ADDITION,The following companies are being included,Caplin Point Laboratories Ltd.,CAPLIPOINT,,,,PASS,Extracted from ind_prs28022024.pdf Page 3 table
ind_prs28022024.pdf,https://www.niftyindices.com/Press_Release/ind_prs28022024.pdf,Page 3,3) Nifty 500,2,4,"February 28, 2024","March 28, 2024",2024-MAR,ADDITION,The following companies are being included,Cello World Ltd.,CELLO,,,,PASS,Extracted from ind_prs28022024.pdf Page 3 table
ind_prs28022024.pdf,https://www.niftyindices.com/Press_Release/ind_prs28022024.pdf,Page 3,3) Nifty 500,2,4,"February 28, 2024","March 28, 2024",2024-MAR,ADDITION,The following companies are being included,Chennai Petroleum Corporation Ltd.,CHENNPETRO,,,,PASS,Extracted from ind_prs28022024.pdf Page 3 table
ind_prs28022024.pdf,https://www.niftyindices.com/Press_Release/ind_prs28022024.pdf,Page 3,3) Nifty 500,2,4,"February 28, 2024","March 28, 2024",2024-MAR,ADDITION,The following companies are being included,DOMS Industries Ltd.,DOMS,,,,PASS,Extracted from ind_prs28022024.pdf Page 3 table
ind_prs28022024.pdf,https://www.niftyindices.com/Press_Release/ind_prs28022024.pdf,Page 3,3) Nifty 500,2,4,"February 28, 2024","March 28, 2024",2024-MAR,ADDITION,The following companies are being included,Elecon Engineering Co. Ltd.,ELECON,,,,PASS,Extracted from ind_prs28022024.pdf Page 3 table
ind_prs28022024.pdf,https://www.niftyindices.com/Press_Release/ind_prs28022024.pdf,Page 3,3) Nifty 500,2,4,"February 28, 2024","March 28, 2024",2024-MAR,ADDITION,The following companies are being included,Garden Reach Shipbuilders & Engineers Ltd.,GRSE,,,,PASS,Extracted from ind_prs28022024.pdf Page 3 table
ind_prs28022024.pdf,https://www.niftyindices.com/Press_Release/ind_prs28022024.pdf,Page 3,3) Nifty 500,2,4,"February 28, 2024","March 28, 2024",2024-MAR,ADDITION,The following companies are being included,Gujarat Mineral Development Corporation Ltd.,GMDCLTD,,,,PASS,Extracted from ind_prs28022024.pdf Page 3 table
ind_prs28022024.pdf,https://www.niftyindices.com/Press_Release/ind_prs28022024.pdf,Page 3,3) Nifty 500,2,4,"February 28, 2024","March 28, 2024",2024-MAR,ADDITION,The following companies are being included,Happy Forgings Ltd.,HAPPYFORGE,,,,PASS,Extracted from ind_prs28022024.pdf Page 3 table
ind_prs28022024.pdf,https://www.niftyindices.com/Press_Release/ind_prs28022024.pdf,Page 3,3) Nifty 500,2,4,"February 28, 2024","March 28, 2024",2024-MAR,ADDITION,The following companies are being included,HBL Power Systems Ltd.,HBLPOWER,,,,PASS,Extracted from ind_prs28022024.pdf Page 3 table
ind_prs28022024.pdf,https://www.niftyindices.com/Press_Release/ind_prs28022024.pdf,Page 3,3) Nifty 500,2,4,"February 28, 2024","March 28, 2024",2024-MAR,ADDITION,The following companies are being included,Himadri Speciality Chemical Ltd.,HSCL,,,,PASS,Extracted from ind_prs28022024.pdf Page 3 table
ind_prs28022024.pdf,https://www.niftyindices.com/Press_Release/ind_prs28022024.pdf,Page 3,3) Nifty 500,2,4,"February 28, 2024","March 28, 2024",2024-MAR,ADDITION,The following companies are being included,Honasa Consumer Ltd.,HONASA,,,,PASS,Extracted from ind_prs28022024.pdf Page 3 table
ind_prs28022024.pdf,https://www.niftyindices.com/Press_Release/ind_prs28022024.pdf,Page 3,3) Nifty 500,2,4,"February 28, 2024","March 28, 2024",2024-MAR,ADDITION,The following companies are being included,Indian Renewable Energy Development Agency Ltd.,IREDA,,,,PASS,Extracted from ind_prs28022024.pdf Page 3 table
ind_prs28022024.pdf,https://www.niftyindices.com/Press_Release/ind_prs28022024.pdf,Page 3,3) Nifty 500,2,4,"February 28, 2024","March 28, 2024",2024-MAR,ADDITION,The following companies are being included,Inox Wind Ltd.,INOXWIND,,,,PASS,Extracted from ind_prs28022024.pdf Page 3 table
ind_prs28022024.pdf,https://www.niftyindices.com/Press_Release/ind_prs28022024.pdf,Page 3,3) Nifty 500,2,4,"February 28, 2024","March 28, 2024",2024-MAR,ADDITION,The following companies are being included,Jai Balaji Industries Ltd.,JAIBALAJI,,,,PASS,Extracted from ind_prs28022024.pdf Page 3 table
ind_prs28022024.pdf,https://www.niftyindices.com/Press_Release/ind_prs28022024.pdf,Page 3,3) Nifty 500,2,4,"February 28, 2024","March 28, 2024",2024-MAR,ADDITION,The following companies are being included,Jammu & Kashmir Bank Ltd.,J&KBANK,,,,PASS,Extracted from ind_prs28022024.pdf Page 3 table
ind_prs28022024.pdf,https://www.niftyindices.com/Press_Release/ind_prs28022024.pdf,Page 3,3) Nifty 500,2,4,"February 28, 2024","March 28, 2024",2024-MAR,ADDITION,The following companies are being included,Jio Financial Services Ltd.,JIOFIN,,,,PASS,Extracted from ind_prs28022024.pdf Page 3 table
ind_prs28022024.pdf,https://www.niftyindices.com/Press_Release/ind_prs28022024.pdf,Page 4,3) Nifty 500,2,4,"February 28, 2024","March 28, 2024",2024-MAR,ADDITION,The following companies are being included,JSW Infrastructure Ltd.,JSWINFRA,,,,PASS,Extracted from ind_prs28022024.pdf Page 4 table
ind_prs28022024.pdf,https://www.niftyindices.com/Press_Release/ind_prs28022024.pdf,Page 4,3) Nifty 500,2,4,"February 28, 2024","March 28, 2024",2024-MAR,ADDITION,The following companies are being included,Jupiter Wagons Ltd.,JWL,,,,PASS,Extracted from ind_prs28022024.pdf Page 4 table
ind_prs28022024.pdf,https://www.niftyindices.com/Press_Release/ind_prs28022024.pdf,Page 4,3) Nifty 500,2,4,"February 28, 2024","March 28, 2024",2024-MAR,ADDITION,The following companies are being included,Lloyds Metals And Energy Ltd.,LLOYDSME,,,,PASS,Extracted from ind_prs28022024.pdf Page 4 table
ind_prs28022024.pdf,https://www.niftyindices.com/Press_Release/ind_prs28022024.pdf,Page 4,3) Nifty 500,2,4,"February 28, 2024","March 28, 2024",2024-MAR,ADDITION,The following companies are being included,Maharashtra Seamless Ltd.,MAHSEAMLES,,,,PASS,Extracted from ind_prs28022024.pdf Page 4 table
ind_prs28022024.pdf,https://www.niftyindices.com/Press_Release/ind_prs28022024.pdf,Page 4,3) Nifty 500,2,4,"February 28, 2024","March 28, 2024",2024-MAR,ADDITION,The following companies are being included,Nuvama Wealth Management Ltd.,NUVAMA,,,,PASS,Extracted from ind_prs28022024.pdf Page 4 table
ind_prs28022024.pdf,https://www.niftyindices.com/Press_Release/ind_prs28022024.pdf,Page 4,3) Nifty 500,2,4,"February 28, 2024","March 28, 2024",2024-MAR,ADDITION,The following companies are being included,R R Kabel Ltd.,RRKABEL,,,,PASS,Extracted from ind_prs28022024.pdf Page 4 table
ind_prs28022024.pdf,https://www.niftyindices.com/Press_Release/ind_prs28022024.pdf,Page 4,3) Nifty 500,2,4,"February 28, 2024","March 28, 2024",2024-MAR,ADDITION,The following companies are being included,Railtel Corporation Of India Ltd.,RAILTEL,,,,PASS,Extracted from ind_prs28022024.pdf Page 4 table
ind_prs28022024.pdf,https://www.niftyindices.com/Press_Release/ind_prs28022024.pdf,Page 4,3) Nifty 500,2,4,"February 28, 2024","March 28, 2024",2024-MAR,ADDITION,The following companies are being included,Ramkrishna Forgings Ltd.,RKFORGE,,,,PASS,Extracted from ind_prs28022024.pdf Page 4 table
ind_prs28022024.pdf,https://www.niftyindices.com/Press_Release/ind_prs28022024.pdf,Page 4,3) Nifty 500,2,4,"February 28, 2024","March 28, 2024",2024-MAR,ADDITION,The following companies are being included,SBFC Finance Ltd.,SBFC,,,,PASS,Extracted from ind_prs28022024.pdf Page 4 table
ind_prs28022024.pdf,https://www.niftyindices.com/Press_Release/ind_prs28022024.pdf,Page 4,3) Nifty 500,2,4,"February 28, 2024","March 28, 2024",2024-MAR,ADDITION,The following companies are being included,Schneider Electric Infrastructure Ltd.,SCHNEIDER,,,,PASS,Extracted from ind_prs28022024.pdf Page 4 table
ind_prs28022024.pdf,https://www.niftyindices.com/Press_Release/ind_prs28022024.pdf,Page 4,3) Nifty 500,2,4,"February 28, 2024","March 28, 2024",2024-MAR,ADDITION,The following companies are being included,Signatureglobal (India) Ltd.,SIGNATURE,,,,PASS,Extracted from ind_prs28022024.pdf Page 4 table
ind_prs28022024.pdf,https://www.niftyindices.com/Press_Release/ind_prs28022024.pdf,Page 4,3) Nifty 500,2,4,"February 28, 2024","March 28, 2024",2024-MAR,ADDITION,The following companies are being included,Tamilnad Mercantile Bank Ltd.,TMB,,,,PASS,Extracted from ind_prs28022024.pdf Page 4 table
ind_prs28022024.pdf,https://www.niftyindices.com/Press_Release/ind_prs28022024.pdf,Page 4,3) Nifty 500,2,4,"February 28, 2024","March 28, 2024",2024-MAR,ADDITION,The following companies are being included,Tata Technologies Ltd.,TATATECH,,,,PASS,Extracted from ind_prs28022024.pdf Page 4 table
ind_prs28022024.pdf,https://www.niftyindices.com/Press_Release/ind_prs28022024.pdf,Page 4,3) Nifty 500,2,4,"February 28, 2024","March 28, 2024",2024-MAR,ADDITION,The following companies are being included,Titagarh Rail Systems Ltd.,TITAGARH,,,,PASS,Extracted from ind_prs28022024.pdf Page 4 table
ind_prs28022024.pdf,https://www.niftyindices.com/Press_Release/ind_prs28022024.pdf,Page 4,3) Nifty 500,2,4,"February 28, 2024","March 28, 2024",2024-MAR,ADDITION,The following companies are being included,TVS Supply Chain Solutions Ltd.,TVSSCS,,,,PASS,Extracted from ind_prs28022024.pdf Page 4 table
ind_prs29082017.pdf,https://www.niftyindices.com/Press_Release/ind_prs29082017.pdf,Page 1,1) NIFTY 500 Index,1,1,"August 29, 2017","September 29, 2017",2017-SEP,DELETION,The following companies are being excluded,Reliance Capital Ltd.,RELCAPITAL,,,,PASS,Extracted from ind_prs29082017.pdf Page 1 table
ind_prs29082017.pdf,https://www.niftyindices.com/Press_Release/ind_prs29082017.pdf,Page 1,1) NIFTY 500 Index,1,1,"August 29, 2017","September 29, 2017",2017-SEP,DELETION,The following companies are being excluded,Max Financial Services Ltd.,MFSL,,,,PASS,Extracted from ind_prs29082017.pdf Page 1 table
ind_prs31082018.pdf,https://www.niftyindices.com/Press_Release/ind_prs31082018.pdf,Page 1,1) NIFTY 500,1,1,"August 31, 2018","September 28, 2018",2018-SEP,DELETION,The following companies are being excluded,KPIT Technologies Ltd.,KPIT,,,,PASS,Extracted from ind_prs31082018.pdf Page 1 table
ind_prs31082018.pdf,https://www.niftyindices.com/Press_Release/ind_prs31082018.pdf,Page 1,1) NIFTY 500,1,1,"August 31, 2018","September 28, 2018",2018-SEP,DELETION,The following companies are being excluded,Shilpa Medicare Ltd.,SHILPAMED,,,,PASS,Extracted from ind_prs31082018.pdf Page 1 table
