event_id,source_document,symbol,event_type,existing_resolved_status,validated_decision_status,diff_result,resolution_evidence
EVT_00001,ind_prs01082018.pdf,TECHNO,DELETION,ACTIVE,ACTIVE,MATCH,Verified raw reconstitution event
EVT_00002,ind_prs01082018.pdf,BDL,DELETION,ACTIVE,ACTIVE,MATCH,Verified raw reconstitution event
EVT_00003,ind_prs01092022.pdf,ADVENZYMES,DELETION,ACTIVE,ACTIVE,MATCH,Verified raw reconstitution event
EVT_00004,ind_prs01092022.pdf,ERIS,DELETION,ACTIVE,ACTIVE,MATCH,Verified raw reconstitution event
EVT_00005,ind_prs01092022.pdf,GLS,DELETION,ACTIVE,ACTIVE,MATCH,Verified raw reconstitution event
EVT_00006,ind_prs01092022.pdf,HATHWAY,DELETION,ACTIVE,ACTIVE,MATCH,Verified raw reconstitution event
EVT_00007,ind_prs01092022.pdf,HEMIPROP,DELETION,ACTIVE,ACTIVE,MATCH,Verified raw reconstitution event
EVT_00008,ind_prs01092022.pdf,ICIL,DELETION,ACTIVE,ACTIVE,MATCH,Verified raw reconstitution event
EVT_00009,ind_prs01092022.pdf,IRCON,DELETION,ACTIVE,ACTIVE,MATCH,Verified raw reconstitution event
EVT_00010,ind_prs01092022.pdf,MINDTREE,DELETION,ACTIVE,ACTIVE,MATCH,Verified raw reconstitution event
EVT_00011,ind_prs01092022.pdf,NESCO,DELETION,ACTIVE,ACTIVE,MATCH,Verified raw reconstitution event
EVT_00012,ind_prs01092022.pdf,RAILTEL,DELETION,ACTIVE,ACTIVE,MATCH,Verified raw reconstitution event
EVT_00013,ind_prs01092022.pdf,SEQUENT,DELETION,ACTIVE,ACTIVE,MATCH,Verified raw reconstitution event
EVT_00014,ind_prs01092022.pdf,SOLARA,DELETION,ACTIVE,ACTIVE,MATCH,Verified raw reconstitution event
EVT_00015,ind_prs01092022.pdf,SPICEJET,DELETION,ACTIVE,ACTIVE,MATCH,Verified raw reconstitution event
EVT_00016,ind_prs01092022.pdf,STAR,DELETION,ACTIVE,ACTIVE,MATCH,Verified raw reconstitution event
EVT_00017,ind_prs01092022.pdf,TATASTLLP,DELETION,ACTIVE,ACTIVE,MATCH,Verified raw reconstitution event
EVT_00018,ind_prs01092022.pdf,UCOBANK,DELETION,ACTIVE,ACTIVE,MATCH,Verified raw reconstitution event
EVT_00019,ind_prs01092022.pdf,VAKRANGEE,DELETION,ACTIVE,ACTIVE,MATCH,Verified raw reconstitution event
EVT_00020,ind_prs01092022.pdf,VENKEYS,DELETION,ACTIVE,ACTIVE,MATCH,Verified raw reconstitution event
EVT_00021,ind_prs01092022.pdf,AWL,ADDITION,ACTIVE,ACTIVE,MATCH,Verified raw reconstitution event
EVT_00022,ind_prs01092022.pdf,AETHER,ADDITION,ACTIVE,ACTIVE,MATCH,Verified raw reconstitution event
EVT_00023,ind_prs01092022.pdf,BHARATRAS,ADDITION,ACTIVE,ACTIVE,MATCH,Verified raw reconstitution event
EVT_00024,ind_prs01092022.pdf,DEEPAKFERT,ADDITION,ACTIVE,ACTIVE,MATCH,Verified raw reconstitution event
EVT_00025,ind_prs01092022.pdf,GREENPANEL,ADDITION,ACTIVE,ACTIVE,MATCH,Verified raw reconstitution event
EVT_00026,ind_prs01092022.pdf,JBMA,ADDITION,ACTIVE,ACTIVE,MATCH,Verified raw reconstitution event
EVT_00027,ind_prs01092022.pdf,MAHLIFE,ADDITION,ACTIVE,ACTIVE,MATCH,Verified raw reconstitution event
EVT_00028,ind_prs01092022.pdf,MSUMI,ADDITION,ACTIVE,ACTIVE,MATCH,Verified raw reconstitution event
EVT_00029,ind_prs01092022.pdf,NIITLTD,ADDITION,ACTIVE,ACTIVE,MATCH,Verified raw reconstitution event
EVT_00030,ind_prs01092022.pdf,OLECTRA,ADDITION,ACTIVE,ACTIVE,MATCH,Verified raw reconstitution event
EVT_00031,ind_prs01092022.pdf,PATANJALI,ADDITION,ACTIVE,ACTIVE,MATCH,Verified raw reconstitution event
EVT_00032,ind_prs01092022.pdf,RAYMOND,ADDITION,ACTIVE,ACTIVE,MATCH,Verified raw reconstitution event
EVT_00033,ind_prs01092022.pdf,MOTHERSON,ADDITION,ACTIVE,ACTIVE,MATCH,Verified raw reconstitution event
EVT_00034,ind_prs01092022.pdf,SHARDACROP,ADDITION,ACTIVE,ACTIVE,MATCH,Verified raw reconstitution event
EVT_00035,ind_prs01092022.pdf,SWANENERGY,ADDITION,ACTIVE,ACTIVE,MATCH,Verified raw reconstitution event
EVT_00036,ind_prs01092022.pdf,TEJASNET,ADDITION,ACTIVE,ACTIVE,MATCH,Verified raw reconstitution event
EVT_00037,ind_prs01092022.pdf,TCI,ADDITION,ACTIVE,ACTIVE,MATCH,Verified raw reconstitution event
EVT_00038,ind_prs01092022.pdf,MANYAVAR,ADDITION,ACTIVE,ACTIVE,MATCH,Verified raw reconstitution event
EVT_00039,ind_prs02072020_1.pdf,VEDL,DELETION,ACTIVE,ACTIVE,MATCH,Verified raw reconstitution event
EVT_00040,ind_prs02072020_1.pdf,SBICARD,DELETION,ACTIVE,ACTIVE,MATCH,Verified raw reconstitution event
EVT_00041,ind_prs04042025_2.pdf,QUESS,DELETION,ACTIVE,ACTIVE,MATCH,Verified raw reconstitution event
EVT_00042,ind_prs04042025_2.pdf,SUNDRMFAST,DELETION,ACTIVE,ACTIVE,MATCH,Verified raw reconstitution event
EVT_00043,ind_prs04052026.pdf,GSPL,DELETION,ACTIVE,ACTIVE,MATCH,Verified raw reconstitution event
EVT_00044,ind_prs04052026.pdf,CIEINDIA,DELETION,ACTIVE,ACTIVE,MATCH,Verified raw reconstitution event
EVT_00045,ind_prs04072023.pdf,HDFC,DELETION,ACTIVE,ACTIVE,MATCH,Verified raw reconstitution event
EVT_00046,ind_prs04072023.pdf,MANKIND,DELETION,ACTIVE,ACTIVE,MATCH,Verified raw reconstitution event
EVT_00047,ind_prs04102024.pdf,IDFC,DELETION,ACTIVE,ACTIVE,MATCH,Verified raw reconstitution event
EVT_00048,ind_prs04102024.pdf,EMCURE,DELETION,ACTIVE,ACTIVE,MATCH,Verified raw reconstitution event
EVT_00049,ind_prs05042022.pdf,AARTIIND,DELETION,ACTIVE,ACTIVE,MATCH,Verified raw reconstitution event
EVT_00050,ind_prs05042022.pdf,GMRINFRA,DELETION,ACTIVE,ACTIVE,MATCH,Verified raw reconstitution event
EVT_00051,ind_prs05042022_1.pdf,BEML,DELETION,ACTIVE,ACTIVE,MATCH,Verified raw reconstitution event
EVT_00052,ind_prs05042022_1.pdf,CGCL,DELETION,ACTIVE,ACTIVE,MATCH,Verified raw reconstitution event
EVT_00053,ind_prs06032018.pdf,VIDEOIND,DELETION,ACTIVE,ACTIVE,MATCH,Verified raw reconstitution event
EVT_00054,ind_prs06032018.pdf,ERIS,DELETION,ACTIVE,ACTIVE,MATCH,Verified raw reconstitution event
EVT_00055,ind_prs06032023.pdf,ASTRAZEN,DELETION,ACTIVE,ACTIVE,MATCH,Verified raw reconstitution event
EVT_00056,ind_prs06032023.pdf,BHARATRAS,DELETION,ACTIVE,ACTIVE,MATCH,Verified raw reconstitution event
EVT_00057,ind_prs06032023.pdf,INDOCO,DELETION,ACTIVE,ACTIVE,MATCH,Verified raw reconstitution event
EVT_00058,ind_prs06032023.pdf,PGHL,DELETION,ACTIVE,ACTIVE,MATCH,Verified raw reconstitution event
EVT_00059,ind_prs06032023.pdf,SFL,DELETION,ACTIVE,ACTIVE,MATCH,Verified raw reconstitution event
EVT_00060,ind_prs06032023.pdf,TATACOFFEE,DELETION,ACTIVE,ACTIVE,MATCH,Verified raw reconstitution event
EVT_00061,ind_prs06032023.pdf,THYROCARE,DELETION,ACTIVE,ACTIVE,MATCH,Verified raw reconstitution event
EVT_00062,ind_prs06032023.pdf,APARINDS,ADDITION,ACTIVE,ACTIVE,MATCH,Verified raw reconstitution event
EVT_00063,ind_prs06032023.pdf,BIKAJI,ADDITION,ACTIVE,ACTIVE,MATCH,Verified raw reconstitution event
EVT_00064,ind_prs06032023.pdf,MEDANTA,ADDITION,ACTIVE,ACTIVE,MATCH,Verified raw reconstitution event
EVT_00065,ind_prs06032023.pdf,INGERRAND,ADDITION,ACTIVE,ACTIVE,MATCH,Verified raw reconstitution event
EVT_00066,ind_prs06032023.pdf,KENNAMET,ADDITION,ACTIVE,ACTIVE,MATCH,Verified raw reconstitution event
EVT_00067,ind_prs06032023.pdf,KFINTECH,ADDITION,ACTIVE,ACTIVE,MATCH,Verified raw reconstitution event
EVT_00068,ind_prs06032023.pdf,KSB,ADDITION,ACTIVE,ACTIVE,MATCH,Verified raw reconstitution event
EVT_00069,ind_prs06032023.pdf,NMDC,ADDITION,ACTIVE,ACTIVE,MATCH,Verified raw reconstitution event
EVT_00070,ind_prs06042022.pdf,SUPPETRO,DELETION,ACTIVE,ACTIVE,MATCH,Verified raw reconstitution event
EVT_00071,ind_prs06042022.pdf,MTARTECH,DELETION,ACTIVE,ACTIVE,MATCH,Verified raw reconstitution event
EVT_00072,ind_prs06062025.pdf,ABSLAMC,DELETION,ACTIVE,ACTIVE,MATCH,Verified raw reconstitution event
EVT_00073,ind_prs06062025.pdf,MSUMI,DELETION,ACTIVE,ACTIVE,MATCH,Verified raw reconstitution event
EVT_00074,ind_prs06062025.pdf,PETRONET,DELETION,ACTIVE,ACTIVE,MATCH,Verified raw reconstitution event
EVT_00075,ind_prs06062025.pdf,RTNINDIA,DELETION,ACTIVE,ACTIVE,MATCH,Verified raw reconstitution event
EVT_00076,ind_prs06062025.pdf,TATAMOTORS,DELETION,ACTIVE,ACTIVE,MATCH,Verified raw reconstitution event
EVT_00077,ind_prs06062025.pdf,VBL,DELETION,ACTIVE,ACTIVE,MATCH,Verified raw reconstitution event
EVT_00078,ind_prs06062025.pdf,ABB,ADDITION,ACTIVE,ACTIVE,MATCH,Verified raw reconstitution event
EVT_00079,ind_prs06062025.pdf,ANANDRATHI,ADDITION,ACTIVE,ACTIVE,MATCH,Verified raw reconstitution event
EVT_00080,ind_prs06062025.pdf,BRITANNIA,ADDITION,ACTIVE,ACTIVE,MATCH,Verified raw reconstitution event
EVT_00081,ind_prs06062025.pdf,CRISIL,ADDITION,ACTIVE,ACTIVE,MATCH,Verified raw reconstitution event
EVT_00082,ind_prs06062025.pdf,SUZLON,ADDITION,ACTIVE,ACTIVE,MATCH,Verified raw reconstitution event
EVT_00083,ind_prs06062025.pdf,ZENTEC,ADDITION,ACTIVE,ACTIVE,MATCH,Verified raw reconstitution event
EVT_00084,ind_prs06122022.pdf,ALLCARGO,DELETION,ACTIVE,ACTIVE,MATCH,Verified raw reconstitution event
EVT_00085,ind_prs06122022.pdf,NIITLTD,DELETION,ACTIVE,ACTIVE,MATCH,Verified raw reconstitution event
EVT_00086,ind_prs06122022.pdf,SCI,DELETION,ACTIVE,ACTIVE,MATCH,Verified raw reconstitution event
EVT_00087,ind_prs06122022.pdf,BEML,ADDITION,ACTIVE,ACTIVE,MATCH,Verified raw reconstitution event
EVT_00088,ind_prs06122022.pdf,LEMONTREE,ADDITION,ACTIVE,ACTIVE,MATCH,Verified raw reconstitution event
EVT_00089,ind_prs06122022.pdf,UCOBANK,ADDITION,ACTIVE,ACTIVE,MATCH,Verified raw reconstitution event
EVT_00090,ind_prs07032017.pdf,SBBJ,DELETION,ACTIVE,ACTIVE,MATCH,Verified raw reconstitution event
EVT_00091,ind_prs07032017.pdf,MYSOREBANK,DELETION,ACTIVE,ACTIVE,MATCH,Verified raw reconstitution event
EVT_00092,ind_prs07032017.pdf,SBT,DELETION,ACTIVE,ACTIVE,MATCH,Verified raw reconstitution event
EVT_00093,ind_prs07032017.pdf,FRETAIL,ADDITION,ACTIVE,ACTIVE,MATCH,Verified raw reconstitution event
EVT_00094,ind_prs07032017.pdf,MAXINDIA,ADDITION,ACTIVE,ACTIVE,MATCH,Verified raw reconstitution event
EVT_00095,ind_prs07032017.pdf,MGL,ADDITION,ACTIVE,ACTIVE,MATCH,Verified raw reconstitution event
EVT_00096,ind_prs07062024.pdf,ANGELONE,DELETION,ACTIVE,ACTIVE,MATCH,Verified raw reconstitution event
EVT_00097,ind_prs07062024.pdf,AUROPHARMA,DELETION,ACTIVE,ACTIVE,MATCH,Verified raw reconstitution event
EVT_00098,ind_prs07062024.pdf,BSOFT,DELETION,ACTIVE,ACTIVE,MATCH,Verified raw reconstitution event
EVT_00099,ind_prs07062024.pdf,MAPMYINDIA,DELETION,ACTIVE,ACTIVE,MATCH,Verified raw reconstitution event
EVT_00100,ind_prs07062024.pdf,CDSL,DELETION,ACTIVE,ACTIVE,MATCH,Verified raw reconstitution event
EVT_00101,ind_prs07062024.pdf,CYIENT,DELETION,ACTIVE,ACTIVE,MATCH,Verified raw reconstitution event
EVT_00102,ind_prs07062024.pdf,ECLERX,DELETION,ACTIVE,ACTIVE,MATCH,Verified raw reconstitution event
EVT_00103,ind_prs07062024.pdf,FACT,DELETION,ACTIVE,ACTIVE,MATCH,Verified raw reconstitution event
EVT_00104,ind_prs07062024.pdf,GICRE,DELETION,ACTIVE,ACTIVE,MATCH,Verified raw reconstitution event
EVT_00105,ind_prs07062024.pdf,MEDANTA,DELETION,ACTIVE,ACTIVE,MATCH,Verified raw reconstitution event
EVT_00106,ind_prs07062024.pdf,IRCON,DELETION,ACTIVE,ACTIVE,MATCH,Verified raw reconstitution event
EVT_00107,ind_prs07062024.pdf,ITI,DELETION,ACTIVE,ACTIVE,MATCH,Verified raw reconstitution event
EVT_00108,ind_prs07062024.pdf,JINDALSAW,DELETION,ACTIVE,ACTIVE,MATCH,Verified raw reconstitution event
EVT_00109,ind_prs07062024.pdf,JYOTHYLAB,DELETION,ACTIVE,ACTIVE,MATCH,Verified raw reconstitution event
EVT_00110,ind_prs07062024.pdf,KARURVYSYA,DELETION,ACTIVE,ACTIVE,MATCH,Verified raw reconstitution event
EVT_00111,ind_prs07062024.pdf,KAYNES,DELETION,ACTIVE,ACTIVE,MATCH,Verified raw reconstitution event
EVT_00112,ind_prs07062024.pdf,KPITTECH,DELETION,ACTIVE,ACTIVE,MATCH,Verified raw reconstitution event
EVT_00113,ind_prs07062024.pdf,LUPIN,DELETION,ACTIVE,ACTIVE,MATCH,Verified raw reconstitution event
EVT_00114,ind_prs07062024.pdf,MCX,DELETION,ACTIVE,ACTIVE,MATCH,Verified raw reconstitution event
EVT_00115,ind_prs07062024.pdf,NLCINDIA,DELETION,ACTIVE,ACTIVE,MATCH,Verified raw reconstitution event
EVT_00116,ind_prs07062024.pdf,PCBL,DELETION,ACTIVE,ACTIVE,MATCH,Verified raw reconstitution event
EVT_00117,ind_prs07062024.pdf,PNBHOUSING,DELETION,ACTIVE,ACTIVE,MATCH,Verified raw reconstitution event
EVT_00118,ind_prs07062024.pdf,POLYCAB,DELETION,ACTIVE,ACTIVE,MATCH,Verified raw reconstitution event
EVT_00119,ind_prs07062024.pdf,SAFARI,DELETION,ACTIVE,ACTIVE,MATCH,Verified raw reconstitution event
EVT_00120,ind_prs07062024.pdf,SHYAMMETL,DELETION,ACTIVE,ACTIVE,MATCH,Verified raw reconstitution event
EVT_00121,ind_prs07062024.pdf,SONATSOFTW,DELETION,ACTIVE,ACTIVE,MATCH,Verified raw reconstitution event
EVT_00122,ind_prs07062024.pdf,SUPREMEIND,DELETION,ACTIVE,ACTIVE,MATCH,Verified raw reconstitution event
EVT_00123,ind_prs07062024.pdf,TATAINVEST,DELETION,ACTIVE,ACTIVE,MATCH,Verified raw reconstitution event
EVT_00124,ind_prs07062024.pdf,NIACL,DELETION,ACTIVE,ACTIVE,MATCH,Verified raw reconstitution event
EVT_00125,ind_prs07062024.pdf,WELCORP,DELETION,ACTIVE,ACTIVE,MATCH,Verified raw reconstitution event
EVT_00126,ind_prs07062024.pdf,ZENSARTECH,DELETION,ACTIVE,ACTIVE,MATCH,Verified raw reconstitution event
EVT_00127,ind_prs07062024.pdf,ABB,ADDITION,ACTIVE,ACTIVE,MATCH,Verified raw reconstitution event
EVT_00128,ind_prs07062024.pdf,ADANIPORTS,ADDITION,ACTIVE,ACTIVE,MATCH,Verified raw reconstitution event
EVT_00129,ind_prs07062024.pdf,ADANIPOWER,ADDITION,ACTIVE,ACTIVE,MATCH,Verified raw reconstitution event
EVT_00130,ind_prs07062024.pdf,ANANDRATHI,ADDITION,ACTIVE,ACTIVE,MATCH,Verified raw reconstitution event
EVT_00131,ind_prs07062024.pdf,BAJAJ-AUTO,ADDITION,ACTIVE,ACTIVE,MATCH,Verified raw reconstitution event
EVT_00132,ind_prs07062024.pdf,BDL,ADDITION,ACTIVE,ACTIVE,MATCH,Verified raw reconstitution event
EVT_00133,ind_prs07062024.pdf,BEL,ADDITION,ACTIVE,ACTIVE,MATCH,Verified raw reconstitution event
EVT_00134,ind_prs07062024.pdf,CUMMINSIND,ADDITION,ACTIVE,ACTIVE,MATCH,Verified raw reconstitution event
EVT_00135,ind_prs07062024.pdf,DIXON,ADDITION,ACTIVE,ACTIVE,MATCH,Verified raw reconstitution event
EVT_00136,ind_prs07062024.pdf,EXIDEIND,ADDITION,ACTIVE,ACTIVE,MATCH,Verified raw reconstitution event
EVT_00137,ind_prs07062024.pdf,HBLPOWER,ADDITION,ACTIVE,ACTIVE,MATCH,Verified raw reconstitution event
EVT_00138,ind_prs07062024.pdf,HINDCOPPER,ADDITION,ACTIVE,ACTIVE,MATCH,Verified raw reconstitution event
EVT_00139,ind_prs07062024.pdf,POWERINDIA,ADDITION,ACTIVE,ACTIVE,MATCH,Verified raw reconstitution event
EVT_00140,ind_prs07062024.pdf,HUDCO,ADDITION,ACTIVE,ACTIVE,MATCH,Verified raw reconstitution event
EVT_00141,ind_prs07062024.pdf,JSL,ADDITION,ACTIVE,ACTIVE,MATCH,Verified raw reconstitution event
EVT_00142,ind_prs07062024.pdf,JWL,ADDITION,ACTIVE,ACTIVE,MATCH,Verified raw reconstitution event
EVT_00143,ind_prs07062024.pdf,KPIL,ADDITION,ACTIVE,ACTIVE,MATCH,Verified raw reconstitution event
EVT_00144,ind_prs07062024.pdf,M&M,ADDITION,ACTIVE,ACTIVE,MATCH,Verified raw reconstitution event
EVT_00145,ind_prs07062024.pdf,NATIONALUM,ADDITION,ACTIVE,ACTIVE,MATCH,Verified raw reconstitution event
EVT_00146,ind_prs07062024.pdf,NBCC,ADDITION,ACTIVE,ACTIVE,MATCH,Verified raw reconstitution event
EVT_00147,ind_prs07062024.pdf,NHPC,ADDITION,ACTIVE,ACTIVE,MATCH,Verified raw reconstitution event
EVT_00148,ind_prs07062024.pdf,OIL,ADDITION,ACTIVE,ACTIVE,MATCH,Verified raw reconstitution event
EVT_00149,ind_prs07062024.pdf,PNB,ADDITION,ACTIVE,ACTIVE,MATCH,Verified raw reconstitution event
EVT_00150,ind_prs07062024.pdf,RVNL,ADDITION,ACTIVE,ACTIVE,MATCH,Verified raw reconstitution event
EVT_00151,ind_prs07062024.pdf,MOTHERSON,ADDITION,ACTIVE,ACTIVE,MATCH,Verified raw reconstitution event
EVT_00152,ind_prs07062024.pdf,SIEMENS,ADDITION,ACTIVE,ACTIVE,MATCH,Verified raw reconstitution event
EVT_00153,ind_prs07062024.pdf,SOBHA,ADDITION,ACTIVE,ACTIVE,MATCH,Verified raw reconstitution event
EVT_00154,ind_prs07062024.pdf,TATAPOWER,ADDITION,ACTIVE,ACTIVE,MATCH,Verified raw reconstitution event
EVT_00155,ind_prs07062024.pdf,THERMAX,ADDITION,ACTIVE,ACTIVE,MATCH,Verified raw reconstitution event
EVT_00156,ind_prs07062024.pdf,TITAGARH,ADDITION,ACTIVE,ACTIVE,MATCH,Verified raw reconstitution event
EVT_00157,ind_prs07062024.pdf,ZYDUSLIFE,ADDITION,ACTIVE,ACTIVE,MATCH,Verified raw reconstitution event
EVT_00158,ind_prs07092020.pdf,ASAHIINDIA,DELETION,ACTIVE,ACTIVE,MATCH,Verified raw reconstitution event
EVT_00159,ind_prs07092020.pdf,JTEKTINDIA,DELETION,ACTIVE,ACTIVE,MATCH,Verified raw reconstitution event
EVT_00160,ind_prs07122023.pdf,AUROPHARMA,DELETION,ACTIVE,ACTIVE,MATCH,Verified raw reconstitution event
EVT_00161,ind_prs07122023.pdf,EXIDEIND,DELETION,ACTIVE,ACTIVE,MATCH,Verified raw reconstitution event
EVT_00162,ind_prs07122023.pdf,HINDZINC,DELETION,ACTIVE,ACTIVE,MATCH,Verified raw reconstitution event
EVT_00163,ind_prs07122023.pdf,JMFINANCIL,DELETION,ACTIVE,ACTIVE,MATCH,Verified raw reconstitution event
EVT_00164,ind_prs07122023.pdf,RAIN,DELETION,ACTIVE,ACTIVE,MATCH,Verified raw reconstitution event
EVT_00165,ind_prs07122023.pdf,SANOFI,DELETION,ACTIVE,ACTIVE,MATCH,Verified raw reconstitution event
EVT_00166,ind_prs07122023.pdf,DEEPAKFERT,ADDITION,ACTIVE,ACTIVE,MATCH,Verified raw reconstitution event
EVT_00167,ind_prs07122023.pdf,EIDPARRY,ADDITION,ACTIVE,ACTIVE,MATCH,Verified raw reconstitution event
EVT_00168,ind_prs07122023.pdf,HUDCO,ADDITION,ACTIVE,ACTIVE,MATCH,Verified raw reconstitution event
EVT_00169,ind_prs07122023.pdf,IDFC,ADDITION,ACTIVE,ACTIVE,MATCH,Verified raw reconstitution event
EVT_00170,ind_prs07122023.pdf,SBIN,ADDITION,ACTIVE,ACTIVE,MATCH,Verified raw reconstitution event
EVT_00171,ind_prs07122023.pdf,UPL,ADDITION,ACTIVE,ACTIVE,MATCH,Verified raw reconstitution event
EVT_00172,ind_prs07122023.pdf,ABCAPITAL,DELETION,ACTIVE,ACTIVE,MATCH,Verified raw reconstitution event
EVT_00173,ind_prs07122023.pdf,BANKBARODA,DELETION,ACTIVE,ACTIVE,MATCH,Verified raw reconstitution event
EVT_00174,ind_prs07122023.pdf,BANKINDIA,DELETION,ACTIVE,ACTIVE,MATCH,Verified raw reconstitution event
EVT_00175,ind_prs07122023.pdf,BRITANNIA,DELETION,ACTIVE,ACTIVE,MATCH,Verified raw reconstitution event
EVT_00176,ind_prs07122023.pdf,EQUITASBNK,DELETION,ACTIVE,ACTIVE,MATCH,Verified raw reconstitution event
EVT_00177,ind_prs07122023.pdf,FEDERALBNK,DELETION,ACTIVE,ACTIVE,MATCH,Verified raw reconstitution event
EVT_00178,ind_prs07122023.pdf,FINCABLES,DELETION,ACTIVE,ACTIVE,MATCH,Verified raw reconstitution event
EVT_00179,ind_prs07122023.pdf,JINDALSTEL,DELETION,ACTIVE,ACTIVE,MATCH,Verified raw reconstitution event
EVT_00180,ind_prs07122023.pdf,MRF,DELETION,ACTIVE,ACTIVE,MATCH,Verified raw reconstitution event
EVT_00181,ind_prs07122023.pdf,PNBHOUSING,DELETION,ACTIVE,ACTIVE,MATCH,Verified raw reconstitution event
EVT_00182,ind_prs07122023.pdf,RAYMOND,DELETION,ACTIVE,ACTIVE,MATCH,Verified raw reconstitution event
EVT_00183,ind_prs07122023.pdf,SONATSOFTW,DELETION,ACTIVE,ACTIVE,MATCH,Verified raw reconstitution event
EVT_00184,ind_prs07122023.pdf,TIINDIA,DELETION,ACTIVE,ACTIVE,MATCH,Verified raw reconstitution event
EVT_00185,ind_prs07122023.pdf,ANGELONE,ADDITION,ACTIVE,ACTIVE,MATCH,Verified raw reconstitution event
EVT_00186,ind_prs07122023.pdf,APARINDS,ADDITION,ACTIVE,ACTIVE,MATCH,Verified raw reconstitution event
EVT_00187,ind_prs07122023.pdf,AUROPHARMA,ADDITION,ACTIVE,ACTIVE,MATCH,Verified raw reconstitution event
EVT_00188,ind_prs07122023.pdf,BSOFT,ADDITION,ACTIVE,ACTIVE,MATCH,Verified raw reconstitution event
EVT_00189,ind_prs07122023.pdf,BSE,ADDITION,ACTIVE,ACTIVE,MATCH,Verified raw reconstitution event
EVT_00190,ind_prs07122023.pdf,KEI,ADDITION,ACTIVE,ACTIVE,MATCH,Verified raw reconstitution event
EVT_00191,ind_prs07122023.pdf,MCX,ADDITION,ACTIVE,ACTIVE,MATCH,Verified raw reconstitution event
EVT_00192,ind_prs07122023.pdf,PAYTM,ADDITION,ACTIVE,ACTIVE,MATCH,Verified raw reconstitution event
EVT_00193,ind_prs07122023.pdf,POLICYBZR,ADDITION,ACTIVE,ACTIVE,MATCH,Verified raw reconstitution event
EVT_00194,ind_prs07122023.pdf,PRESTIGE,ADDITION,ACTIVE,ACTIVE,MATCH,Verified raw reconstitution event
EVT_00195,ind_prs07122023.pdf,RVNL,ADDITION,ACTIVE,ACTIVE,MATCH,Verified raw reconstitution event
EVT_00196,ind_prs07122023.pdf,TRENT,ADDITION,ACTIVE,ACTIVE,MATCH,Verified raw reconstitution event
EVT_00197,ind_prs07122023.pdf,ZOMATO,ADDITION,ACTIVE,ACTIVE,MATCH,Verified raw reconstitution event
EVT_00198,ind_prs07122023.pdf,AWL,DELETION,ACTIVE,ACTIVE,MATCH,Verified raw reconstitution event
EVT_00199,ind_prs07122023.pdf,GNFC,DELETION,ACTIVE,ACTIVE,MATCH,Verified raw reconstitution event
EVT_00200,ind_prs07122023.pdf,IBULHSGFIN,DELETION,ACTIVE,ACTIVE,MATCH,Verified raw reconstitution event
EVT_00201,ind_prs07122023.pdf,PFC,DELETION,ACTIVE,ACTIVE,MATCH,Verified raw reconstitution event
EVT_00202,ind_prs07122023.pdf,BATAINDIA,DELETION,ACTIVE,ACTIVE,MATCH,Verified raw reconstitution event
EVT_00203,ind_prs07122023.pdf,BOSCHLTD,DELETION,ACTIVE,ACTIVE,MATCH,Verified raw reconstitution event
EVT_00204,ind_prs07122023.pdf,AXISBANK,DELETION,ACTIVE,ACTIVE,MATCH,Verified raw reconstitution event
EVT_00205,ind_prs07122023.pdf,SBICARD,DELETION,ACTIVE,ACTIVE,MATCH,Verified raw reconstitution event
EVT_00206,ind_prs08122021.pdf,BHEL,DELETION,ACTIVE,ACTIVE,MATCH,Verified raw reconstitution event
EVT_00207,ind_prs08122021.pdf,BSE,DELETION,ACTIVE,ACTIVE,MATCH,Verified raw reconstitution event
EVT_00208,ind_prs08122021.pdf,DCBBANK,DELETION,ACTIVE,ACTIVE,MATCH,Verified raw reconstitution event
EVT_00209,ind_prs08122021.pdf,ENGINERSIN,DELETION,ACTIVE,ACTIVE,MATCH,Verified raw reconstitution event
EVT_00210,ind_prs08122021.pdf,FSL,DELETION,ACTIVE,ACTIVE,MATCH,Verified raw reconstitution event
EVT_00211,ind_prs08122021.pdf,FRETAIL,DELETION,ACTIVE,ACTIVE,MATCH,Verified raw reconstitution event
EVT_00212,ind_prs08122021.pdf,GRAPHITE,DELETION,ACTIVE,ACTIVE,MATCH,Verified raw reconstitution event
EVT_00213,ind_prs08122021.pdf,HEG,DELETION,ACTIVE,ACTIVE,MATCH,Verified raw reconstitution event
EVT_00214,ind_prs08122021.pdf,IDFC,DELETION,ACTIVE,ACTIVE,MATCH,Verified raw reconstitution event
EVT_00215,ind_prs08122021.pdf,SCI,DELETION,ACTIVE,ACTIVE,MATCH,Verified raw reconstitution event
EVT_00216,ind_prs08122021.pdf,TATACHEM,DELETION,ACTIVE,ACTIVE,MATCH,Verified raw reconstitution event
EVT_00217,ind_prs08122021.pdf,TATAMOTORS,DELETION,ACTIVE,ACTIVE,MATCH,Verified raw reconstitution event
EVT_00218,ind_prs08122021.pdf,TATAPOWER,DELETION,ACTIVE,ACTIVE,MATCH,Verified raw reconstitution event
EVT_00219,ind_prs08122021.pdf,WELCORP,DELETION,ACTIVE,ACTIVE,MATCH,Verified raw reconstitution event
EVT_00220,ind_prs08122021.pdf,EDELWEISS,ADDITION,ACTIVE,ACTIVE,MATCH,Verified raw reconstitution event
EVT_00221,ind_prs08122021.pdf,EQUITAS,ADDITION,ACTIVE,ACTIVE,MATCH,Verified raw reconstitution event
EVT_00222,ind_prs08122021.pdf,HINDZINC,ADDITION,ACTIVE,ACTIVE,MATCH,Verified raw reconstitution event
EVT_00223,ind_prs08122021.pdf,INDIANB,ADDITION,ACTIVE,ACTIVE,MATCH,Verified raw reconstitution event
EVT_00224,ind_prs08122021.pdf,IRFC,ADDITION,ACTIVE,ACTIVE,MATCH,Verified raw reconstitution event
EVT_00225,ind_prs08122021.pdf,INDUSTOWER,ADDITION,ACTIVE,ACTIVE,MATCH,Verified raw reconstitution event
EVT_00226,ind_prs08122021.pdf,ITC,ADDITION,ACTIVE,ACTIVE,MATCH,Verified raw reconstitution event
EVT_00227,ind_prs08122021.pdf,JMFINANCIL,ADDITION,ACTIVE,ACTIVE,MATCH,Verified raw reconstitution event
EVT_00228,ind_prs08122021.pdf,PETRONET,ADDITION,ACTIVE,ACTIVE,MATCH,Verified raw reconstitution event
EVT_00229,ind_prs08122021.pdf,POLYPLEX,ADDITION,ACTIVE,ACTIVE,MATCH,Verified raw reconstitution event
EVT_00230,ind_prs08122021.pdf,POWERGRID,ADDITION,ACTIVE,ACTIVE,MATCH,Verified raw reconstitution event
EVT_00231,ind_prs08122021.pdf,REDINGTON,ADDITION,ACTIVE,ACTIVE,MATCH,Verified raw reconstitution event
EVT_00232,ind_prs08122021.pdf,UNIONBANK,ADDITION,ACTIVE,ACTIVE,MATCH,Verified raw reconstitution event
EVT_00233,ind_prs08122021.pdf,VEDL,ADDITION,ACTIVE,ACTIVE,MATCH,Verified raw reconstitution event
EVT_00234,ind_prs08122021.pdf,ADANIGREEN,DELETION,ACTIVE,ACTIVE,MATCH,Verified raw reconstitution event
EVT_00235,ind_prs08122021.pdf,BALRAMCHIN,DELETION,ACTIVE,ACTIVE,MATCH,Verified raw reconstitution event
EVT_00236,ind_prs08122021.pdf,DIVISLAB,DELETION,ACTIVE,ACTIVE,MATCH,Verified raw reconstitution event
EVT_00237,ind_prs08122021.pdf,INDIAMART,DELETION,ACTIVE,ACTIVE,MATCH,Verified raw reconstitution event
EVT_00238,ind_prs08122021.pdf,INTELLECT,DELETION,ACTIVE,ACTIVE,MATCH,Verified raw reconstitution event
EVT_00239,ind_prs08122021.pdf,JUBLFOOD,DELETION,ACTIVE,ACTIVE,MATCH,Verified raw reconstitution event
EVT_00240,ind_prs08122021.pdf,NAVINFLUOR,DELETION,ACTIVE,ACTIVE,MATCH,Verified raw reconstitution event
EVT_00241,ind_prs08122021.pdf,ANGELONE,ADDITION,ACTIVE,ACTIVE,MATCH,Verified raw reconstitution event
EVT_00242,ind_prs08122021.pdf,BSE,ADDITION,ACTIVE,ACTIVE,MATCH,Verified raw reconstitution event
EVT_00243,ind_prs08122021.pdf,CAMS,ADDITION,ACTIVE,ACTIVE,MATCH,Verified raw reconstitution event
EVT_00244,ind_prs08122021.pdf,HAPPSTMNDS,ADDITION,ACTIVE,ACTIVE,MATCH,Verified raw reconstitution event
EVT_00245,ind_prs08122021.pdf,IRCTC,ADDITION,ACTIVE,ACTIVE,MATCH,Verified raw reconstitution event
EVT_00246,ind_prs08122021.pdf,KEI,ADDITION,ACTIVE,ACTIVE,MATCH,Verified raw reconstitution event
EVT_00247,ind_prs08122021.pdf,LINDEINDIA,ADDITION,ACTIVE,ACTIVE,MATCH,Verified raw reconstitution event
EVT_00248,ind_prs08122021.pdf,RADICO,ADDITION,ACTIVE,ACTIVE,MATCH,Verified raw reconstitution event
EVT_00249,ind_prs08122021.pdf,BPCL,DELETION,ACTIVE,ACTIVE,MATCH,Verified raw reconstitution event
EVT_00250,ind_prs08122021.pdf,ESCORTS,DELETION,ACTIVE,ACTIVE,MATCH,Verified raw reconstitution event
EVT_00251,ind_prs08122021.pdf,NCC,DELETION,ACTIVE,ACTIVE,MATCH,Verified raw reconstitution event
EVT_00252,ind_prs08122021.pdf,HINDCOPPER,ADDITION,ACTIVE,ACTIVE,MATCH,Verified raw reconstitution event
EVT_00253,ind_prs08122021.pdf,IBREALEST,ADDITION,ACTIVE,ACTIVE,MATCH,Verified raw reconstitution event
EVT_00254,ind_prs08122021.pdf,NATIONALUM,ADDITION,ACTIVE,ACTIVE,MATCH,Verified raw reconstitution event
EVT_00255,ind_prs08122021.pdf,TATACHEM,ADDITION,ACTIVE,ACTIVE,MATCH,Verified raw reconstitution event
EVT_00256,ind_prs08122021.pdf,PFIZER,DELETION,ACTIVE,ACTIVE,MATCH,Verified raw reconstitution event
EVT_00257,ind_prs08122021.pdf,TATACONSUM,DELETION,ACTIVE,ACTIVE,MATCH,Verified raw reconstitution event
EVT_00258,ind_prs09012020.pdf,SUVEN,DELETION,ACTIVE,ACTIVE,MATCH,Verified raw reconstitution event
EVT_00259,ind_prs09012020.pdf,TATASTLBSL,DELETION,ACTIVE,ACTIVE,MATCH,Verified raw reconstitution event
EVT_00260,ind_prs09022023_1.pdf,INOXLEISUR,DELETION,ACTIVE,ACTIVE,MATCH,Verified raw reconstitution event
EVT_00261,ind_prs09022023_1.pdf,PPLPHARMA,DELETION,ACTIVE,ACTIVE,MATCH,Verified raw reconstitution event
EVT_00262,ind_prs09062023.pdf,EIDPARRY,DELETION,ACTIVE,ACTIVE,MATCH,Verified raw reconstitution event
EVT_00263,ind_prs09062023.pdf,MGL,DELETION,ACTIVE,ACTIVE,MATCH,Verified raw reconstitution event
EVT_00264,ind_prs09062023.pdf,POLYPLEX,DELETION,ACTIVE,ACTIVE,MATCH,Verified raw reconstitution event
EVT_00265,ind_prs09062023.pdf,SHRIRAMFIN,DELETION,ACTIVE,ACTIVE,MATCH,Verified raw reconstitution event
EVT_00266,ind_prs09062023.pdf,TV18BRDCST,DELETION,ACTIVE,ACTIVE,MATCH,Verified raw reconstitution event
EVT_00267,ind_prs09062023.pdf,VTL,DELETION,ACTIVE,ACTIVE,MATCH,Verified raw reconstitution event
EVT_00268,ind_prs09062023.pdf,BCG,ADDITION,ACTIVE,ACTIVE,MATCH,Verified raw reconstitution event
EVT_00269,ind_prs09062023.pdf,GSPL,ADDITION,ACTIVE,ACTIVE,MATCH,Verified raw reconstitution event
EVT_00270,ind_prs09062023.pdf,JMFINANCIL,ADDITION,ACTIVE,ACTIVE,MATCH,Verified raw reconstitution event
EVT_00271,ind_prs09062023.pdf,NMDC,ADDITION,ACTIVE,ACTIVE,MATCH,Verified raw reconstitution event
EVT_00272,ind_prs09062023.pdf,PEL,ADDITION,ACTIVE,ACTIVE,MATCH,Verified raw reconstitution event
EVT_00273,ind_prs09062023.pdf,SANOFI,ADDITION,ACTIVE,ACTIVE,MATCH,Verified raw reconstitution event
EVT_00274,ind_prs10062026.pdf,ANGELONE,REPLACEMENT,RESOLVED,SUBINDEX_ONLY,MISMATCH,"Page 8 of ind_prs10062026.pdf establishes Nifty500 Quality 50 sub-index adjustment, not parent Nifty 500 broad market change"
EVT_00275,ind_prs10062026.pdf,ASTRAZEN,REPLACEMENT,RESOLVED,SUBINDEX_ONLY,MISMATCH,"Page 8 of ind_prs10062026.pdf establishes Nifty500 Quality 50 sub-index adjustment, not parent Nifty 500 broad market change"
EVT_00276,ind_prs10062026.pdf,GLAXO,REPLACEMENT,RESOLVED,SUBINDEX_ONLY,MISMATCH,"Page 8 of ind_prs10062026.pdf establishes Nifty500 Quality 50 sub-index adjustment, not parent Nifty 500 broad market change"
EVT_00277,ind_prs10062026.pdf,INFY,ADDITION,ACTIVE,ACTIVE,MATCH,Verified raw reconstitution event
EVT_00278,ind_prs10062026.pdf,JSWDULUX,ADDITION,ACTIVE,ACTIVE,MATCH,Verified raw reconstitution event
EVT_00279,ind_prs10062026.pdf,SCHNEIDER,ADDITION,ACTIVE,ACTIVE,MATCH,Verified raw reconstitution event
EVT_00280,ind_prs10102024.pdf,TV18BRDCST,DELETION,ACTIVE,ACTIVE,MATCH,Verified raw reconstitution event
EVT_00281,ind_prs10102024.pdf,AKUMS,DELETION,ACTIVE,ACTIVE,MATCH,Verified raw reconstitution event
EVT_00282,ind_prs10102024_1.pdf,ABFRL,DELETION,ACTIVE,ACTIVE,MATCH,Verified raw reconstitution event
EVT_00283,ind_prs10102024_1.pdf,AFFLE,DELETION,ACTIVE,ACTIVE,MATCH,Verified raw reconstitution event
EVT_00284,ind_prs10102024_1.pdf,BEML,DELETION,ACTIVE,ACTIVE,MATCH,Verified raw reconstitution event
EVT_00285,ind_prs10102024_1.pdf,CAPLIPOINT,DELETION,ACTIVE,ACTIVE,MATCH,Verified raw reconstitution event
EVT_00286,ind_prs10102024_1.pdf,ERIS,DELETION,ACTIVE,ACTIVE,MATCH,Verified raw reconstitution event
EVT_00287,ind_prs10102024_1.pdf,GNFC,DELETION,ACTIVE,ACTIVE,MATCH,Verified raw reconstitution event
EVT_00288,ind_prs10102024_1.pdf,HBLPOWER,DELETION,ACTIVE,ACTIVE,MATCH,Verified raw reconstitution event
EVT_00289,ind_prs10102024_1.pdf,IRCTC,DELETION,ACTIVE,ACTIVE,MATCH,Verified raw reconstitution event
EVT_00290,ind_prs10102024_1.pdf,KNRCON,DELETION,ACTIVE,ACTIVE,MATCH,Verified raw reconstitution event
EVT_00291,ind_prs10102024_1.pdf,MAXHEALTH,DELETION,ACTIVE,ACTIVE,MATCH,Verified raw reconstitution event
EVT_00292,ind_prs10102024_1.pdf,MMTC,DELETION,ACTIVE,ACTIVE,MATCH,Verified raw reconstitution event
EVT_00293,ind_prs10102024_1.pdf,NH,DELETION,ACTIVE,ACTIVE,MATCH,Verified raw reconstitution event
EVT_00294,ind_prs10102024_1.pdf,RCF,DELETION,ACTIVE,ACTIVE,MATCH,Verified raw reconstitution event
EVT_00295,ind_prs10102024_1.pdf,SAIL,DELETION,ACTIVE,ACTIVE,MATCH,Verified raw reconstitution event
EVT_00296,ind_prs10102024_1.pdf,TATAELXSI,DELETION,ACTIVE,ACTIVE,MATCH,Verified raw reconstitution event
EVT_00297,ind_prs10102024_1.pdf,AKUMS,ADDITION,ACTIVE,ACTIVE,MATCH,Verified raw reconstitution event
EVT_00298,ind_prs10102024_1.pdf,INDIACEM,ADDITION,ACTIVE,ACTIVE,MATCH,Verified raw reconstitution event
EVT_00299,ind_prs10102024_1.pdf,JYOTICNC,ADDITION,ACTIVE,ACTIVE,MATCH,Verified raw reconstitution event
EVT_00300,ind_prs10102024_1.pdf,RVNL,ADDITION,ACTIVE,ACTIVE,MATCH,Verified raw reconstitution event
EVT_00301,ind_prs10102024_1.pdf,TBOTEK,ADDITION,ACTIVE,ACTIVE,MATCH,Verified raw reconstitution event
EVT_00302,ind_prs11072022.pdf,NMDC,DELETION,ACTIVE,ACTIVE,MATCH,Verified raw reconstitution event
EVT_00303,ind_prs11072022.pdf,PEL,DELETION,ACTIVE,ACTIVE,MATCH,Verified raw reconstitution event
EVT_00304,ind_prs11072022.pdf,SHRIRAMCIT,DELETION,ACTIVE,ACTIVE,MATCH,Verified raw reconstitution event
EVT_00305,ind_prs11072022.pdf,CAMPUS,ADDITION,ACTIVE,ACTIVE,MATCH,Verified raw reconstitution event
EVT_00306,ind_prs11072022.pdf,DELHIVERY,ADDITION,ACTIVE,ACTIVE,MATCH,Verified raw reconstitution event
EVT_00307,ind_prs11072022.pdf,LICI,ADDITION,ACTIVE,ACTIVE,MATCH,Verified raw reconstitution event
EVT_00308,ind_prs11122020.pdf,ASHOKLEY,DELETION,ACTIVE,ACTIVE,MATCH,Verified raw reconstitution event
EVT_00309,ind_prs11122020.pdf,CARERATING,DELETION,ACTIVE,ACTIVE,MATCH,Verified raw reconstitution event
EVT_00310,ind_prs11122020.pdf,DCMSHRIRAM,DELETION,ACTIVE,ACTIVE,MATCH,Verified raw reconstitution event
EVT_00311,ind_prs11122020.pdf,EDELWEISS,DELETION,ACTIVE,ACTIVE,MATCH,Verified raw reconstitution event
EVT_00312,ind_prs11122020.pdf,GHCL,DELETION,ACTIVE,ACTIVE,MATCH,Verified raw reconstitution event
EVT_00313,ind_prs11122020.pdf,HINDZINC,DELETION,ACTIVE,ACTIVE,MATCH,Verified raw reconstitution event
EVT_00314,ind_prs11122020.pdf,IIFL,DELETION,ACTIVE,ACTIVE,MATCH,Verified raw reconstitution event
EVT_00315,ind_prs11122020.pdf,IBREALEST,DELETION,ACTIVE,ACTIVE,MATCH,Verified raw reconstitution event
EVT_00316,ind_prs11122020.pdf,NLCINDIA,DELETION,ACTIVE,ACTIVE,MATCH,Verified raw reconstitution event
EVT_00317,ind_prs11122020.pdf,RAJESHEXPO,DELETION,ACTIVE,ACTIVE,MATCH,Verified raw reconstitution event
EVT_00318,ind_prs11122020.pdf,SJVN,DELETION,ACTIVE,ACTIVE,MATCH,Verified raw reconstitution event
EVT_00319,ind_prs11122020.pdf,BANKBARODA,ADDITION,ACTIVE,ACTIVE,MATCH,Verified raw reconstitution event
EVT_00320,ind_prs11122020.pdf,BANKINDIA,ADDITION,ACTIVE,ACTIVE,MATCH,Verified raw reconstitution event
EVT_00321,ind_prs11122020.pdf,FEDERALBNK,ADDITION,ACTIVE,ACTIVE,MATCH,Verified raw reconstitution event
EVT_00322,ind_prs11122020.pdf,FRETAIL,ADDITION,ACTIVE,ACTIVE,MATCH,Verified raw reconstitution event
EVT_00323,ind_prs11122020.pdf,GAIL,ADDITION,ACTIVE,ACTIVE,MATCH,Verified raw reconstitution event
EVT_00324,ind_prs11122020.pdf,GESHIP,ADDITION,ACTIVE,ACTIVE,MATCH,Verified raw reconstitution event
EVT_00325,ind_prs11122020.pdf,LICHSGFIN,ADDITION,ACTIVE,ACTIVE,MATCH,Verified raw reconstitution event
EVT_00326,ind_prs11122020.pdf,PNB,ADDITION,ACTIVE,ACTIVE,MATCH,Verified raw reconstitution event
EVT_00327,ind_prs11122020.pdf,TATACHEM,ADDITION,ACTIVE,ACTIVE,MATCH,Verified raw reconstitution event
EVT_00328,ind_prs11122020.pdf,TATAMOTORS,ADDITION,ACTIVE,ACTIVE,MATCH,Verified raw reconstitution event
EVT_00329,ind_prs11122020.pdf,WELCORP,ADDITION,ACTIVE,ACTIVE,MATCH,Verified raw reconstitution event
EVT_00330,ind_prs11122020.pdf,BHARTIARTL,DELETION,ACTIVE,ACTIVE,MATCH,Verified raw reconstitution event
EVT_00331,ind_prs11122020.pdf,IGL,DELETION,ACTIVE,ACTIVE,MATCH,Verified raw reconstitution event
EVT_00332,ind_prs11122020.pdf,MANAPPURAM,DELETION,ACTIVE,ACTIVE,MATCH,Verified raw reconstitution event
EVT_00333,ind_prs11122020.pdf,WHIRLPOOL,DELETION,ACTIVE,ACTIVE,MATCH,Verified raw reconstitution event
EVT_00334,ind_prs11122020.pdf,ADANIGAS,ADDITION,ACTIVE,ACTIVE,MATCH,Verified raw reconstitution event
EVT_00335,ind_prs11122020.pdf,AMBER,ADDITION,ACTIVE,ACTIVE,MATCH,Verified raw reconstitution event
EVT_00336,ind_prs11122020.pdf,BSOFT,ADDITION,ACTIVE,ACTIVE,MATCH,Verified raw reconstitution event
EVT_00337,ind_prs11122020.pdf,GMMPFAUDLR,ADDITION,ACTIVE,ACTIVE,MATCH,Verified raw reconstitution event
EVT_00338,ind_prs11122020.pdf,EQUITAS,DELETION,ACTIVE,ACTIVE,MATCH,Verified raw reconstitution event
EVT_00339,ind_prs11122020.pdf,HINDPETRO,DELETION,ACTIVE,ACTIVE,MATCH,Verified raw reconstitution event
EVT_00340,ind_prs11122020.pdf,GRASIM,DELETION,ACTIVE,ACTIVE,MATCH,Verified raw reconstitution event
EVT_00341,ind_prs11122020.pdf,VEDL,DELETION,ACTIVE,ACTIVE,MATCH,Verified raw reconstitution event
EVT_00342,ind_prs11122020.pdf,KOTAKBANK,DELETION,ACTIVE,ACTIVE,MATCH,Verified raw reconstitution event
EVT_00343,ind_prs11122020.pdf,PAGEIND,DELETION,ACTIVE,ACTIVE,MATCH,Verified raw reconstitution event
EVT_00344,ind_prs11122024.pdf,ABB,DELETION,ACTIVE,ACTIVE,MATCH,Verified raw reconstitution event
EVT_00345,ind_prs11122024.pdf,ADANIPORTS,DELETION,ACTIVE,ACTIVE,MATCH,Verified raw reconstitution event
EVT_00346,ind_prs11122024.pdf,ADANIPOWER,DELETION,ACTIVE,ACTIVE,MATCH,Verified raw reconstitution event
EVT_00347,ind_prs11122024.pdf,ANANDRATHI,DELETION,ACTIVE,ACTIVE,MATCH,Verified raw reconstitution event
EVT_00348,ind_prs11122024.pdf,APARINDS,DELETION,ACTIVE,ACTIVE,MATCH,Verified raw reconstitution event
EVT_00349,ind_prs11122024.pdf,BAJAJ-AUTO,DELETION,ACTIVE,ACTIVE,MATCH,Verified raw reconstitution event
EVT_00350,ind_prs11122024.pdf,BDL,DELETION,ACTIVE,ACTIVE,MATCH,Verified raw reconstitution event
EVT_00351,ind_prs11122024.pdf,BEL,DELETION,ACTIVE,ACTIVE,MATCH,Verified raw reconstitution event
EVT_00352,ind_prs11122024.pdf,BHEL,DELETION,ACTIVE,ACTIVE,MATCH,Verified raw reconstitution event
EVT_00353,ind_prs11122024.pdf,COCHINSHIP,DELETION,ACTIVE,ACTIVE,MATCH,Verified raw reconstitution event
EVT_00354,ind_prs11122024.pdf,CUMMINSIND,DELETION,ACTIVE,ACTIVE,MATCH,Verified raw reconstitution event
EVT_00355,ind_prs11122024.pdf,EXIDEIND,DELETION,ACTIVE,ACTIVE,MATCH,Verified raw reconstitution event
EVT_00356,ind_prs11122024.pdf,GPIL,DELETION,ACTIVE,ACTIVE,MATCH,Verified raw reconstitution event
EVT_00357,ind_prs11122024.pdf,HBLPOWER,DELETION,ACTIVE,ACTIVE,MATCH,Verified raw reconstitution event
EVT_00358,ind_prs11122024.pdf,HAL,DELETION,ACTIVE,ACTIVE,MATCH,Verified raw reconstitution event
EVT_00359,ind_prs11122024.pdf,HINDCOPPER,DELETION,ACTIVE,ACTIVE,MATCH,Verified raw reconstitution event
EVT_00360,ind_prs11122024.pdf,HUDCO,DELETION,ACTIVE,ACTIVE,MATCH,Verified raw reconstitution event
EVT_00361,ind_prs11122024.pdf,IRFC,DELETION,ACTIVE,ACTIVE,MATCH,Verified raw reconstitution event
EVT_00362,ind_prs11122024.pdf,JSL,DELETION,ACTIVE,ACTIVE,MATCH,Verified raw reconstitution event
EVT_00363,ind_prs11122024.pdf,JWL,DELETION,ACTIVE,ACTIVE,MATCH,Verified raw reconstitution event
EVT_00364,ind_prs11122024.pdf,KPIL,DELETION,ACTIVE,ACTIVE,MATCH,Verified raw reconstitution event
EVT_00365,ind_prs11122024.pdf,MRPL,DELETION,ACTIVE,ACTIVE,MATCH,Verified raw reconstitution event
EVT_00366,ind_prs11122024.pdf,NBCC,DELETION,ACTIVE,ACTIVE,MATCH,Verified raw reconstitution event
EVT_00367,ind_prs11122024.pdf,NHPC,DELETION,ACTIVE,ACTIVE,MATCH,Verified raw reconstitution event
EVT_00368,ind_prs11122024.pdf,PFC,DELETION,ACTIVE,ACTIVE,MATCH,Verified raw reconstitution event
EVT_00369,ind_prs11122024.pdf,PRESTIGE,DELETION,ACTIVE,ACTIVE,MATCH,Verified raw reconstitution event
EVT_00370,ind_prs11122024.pdf,PNB,DELETION,ACTIVE,ACTIVE,MATCH,Verified raw reconstitution event
EVT_00371,ind_prs11122024.pdf,RVNL,DELETION,ACTIVE,ACTIVE,MATCH,Verified raw reconstitution event
EVT_00372,ind_prs11122024.pdf,RECLTD,DELETION,ACTIVE,ACTIVE,MATCH,Verified raw reconstitution event
EVT_00373,ind_prs11122024.pdf,MOTHERSON,DELETION,ACTIVE,ACTIVE,MATCH,Verified raw reconstitution event
EVT_00374,ind_prs11122024.pdf,SJVN,DELETION,ACTIVE,ACTIVE,MATCH,Verified raw reconstitution event
EVT_00375,ind_prs11122024.pdf,SOBHA,DELETION,ACTIVE,ACTIVE,MATCH,Verified raw reconstitution event
EVT_00376,ind_prs11122024.pdf,SOLARINDS,DELETION,ACTIVE,ACTIVE,MATCH,Verified raw reconstitution event
EVT_00377,ind_prs11122024.pdf,SUZLON,DELETION,ACTIVE,ACTIVE,MATCH,Verified raw reconstitution event
EVT_00378,ind_prs11122024.pdf,TATAPOWER,DELETION,ACTIVE,ACTIVE,MATCH,Verified raw reconstitution event
EVT_00379,ind_prs11122024.pdf,THERMAX,DELETION,ACTIVE,ACTIVE,MATCH,Verified raw reconstitution event
EVT_00380,ind_prs11122024.pdf,TITAGARH,DELETION,ACTIVE,ACTIVE,MATCH,Verified raw reconstitution event
EVT_00381,ind_prs11122024.pdf,TORNTPOWER,DELETION,ACTIVE,ACTIVE,MATCH,Verified raw reconstitution event
EVT_00382,ind_prs11122024.pdf,ZYDUSLIFE,DELETION,ACTIVE,ACTIVE,MATCH,Verified raw reconstitution event
EVT_00383,ind_prs11122024.pdf,360ONE,ADDITION,ACTIVE,ACTIVE,MATCH,Verified raw reconstitution event
EVT_00384,ind_prs11122024.pdf,ABSLAMC,ADDITION,ACTIVE,ACTIVE,MATCH,Verified raw reconstitution event
EVT_00385,ind_prs11122024.pdf,AMBER,ADDITION,ACTIVE,ACTIVE,MATCH,Verified raw reconstitution event
EVT_00386,ind_prs11122024.pdf,ANANTRAJ,ADDITION,ACTIVE,ACTIVE,MATCH,Verified raw reconstitution event
EVT_00387,ind_prs11122024.pdf,CAPLIPOINT,ADDITION,ACTIVE,ACTIVE,MATCH,Verified raw reconstitution event
EVT_00388,ind_prs11122024.pdf,CHOLAHLDNG,ADDITION,ACTIVE,ACTIVE,MATCH,Verified raw reconstitution event
EVT_00389,ind_prs11122024.pdf,COFORGE,ADDITION,ACTIVE,ACTIVE,MATCH,Verified raw reconstitution event
EVT_00390,ind_prs11122024.pdf,COROMANDEL,ADDITION,ACTIVE,ACTIVE,MATCH,Verified raw reconstitution event
EVT_00391,ind_prs11122024.pdf,DEEPAKFERT,ADDITION,ACTIVE,ACTIVE,MATCH,Verified raw reconstitution event
EVT_00392,ind_prs11122024.pdf,DIVISLAB,ADDITION,ACTIVE,ACTIVE,MATCH,Verified raw reconstitution event
EVT_00393,ind_prs11122024.pdf,FSL,ADDITION,ACTIVE,ACTIVE,MATCH,Verified raw reconstitution event
EVT_00394,ind_prs11122024.pdf,FORTIS,ADDITION,ACTIVE,ACTIVE,MATCH,Verified raw reconstitution event
EVT_00395,ind_prs11122024.pdf,GLENMARK,ADDITION,ACTIVE,ACTIVE,MATCH,Verified raw reconstitution event
EVT_00396,ind_prs11122024.pdf,GODFRYPHLP,ADDITION,ACTIVE,ACTIVE,MATCH,Verified raw reconstitution event
EVT_00397,ind_prs11122024.pdf,HSCL,ADDITION,ACTIVE,ACTIVE,MATCH,Verified raw reconstitution event
EVT_00398,ind_prs11122024.pdf,INDIACEM,ADDITION,ACTIVE,ACTIVE,MATCH,Verified raw reconstitution event
EVT_00399,ind_prs11122024.pdf,INDHOTEL,ADDITION,ACTIVE,ACTIVE,MATCH,Verified raw reconstitution event
EVT_00400,ind_prs11122024.pdf,NAUKRI,ADDITION,ACTIVE,ACTIVE,MATCH,Verified raw reconstitution event
EVT_00401,ind_prs11122024.pdf,JUBLPHARMA,ADDITION,ACTIVE,ACTIVE,MATCH,Verified raw reconstitution event
EVT_00402,ind_prs11122024.pdf,KAYNES,ADDITION,ACTIVE,ACTIVE,MATCH,Verified raw reconstitution event
EVT_00403,ind_prs11122024.pdf,KEC,ADDITION,ACTIVE,ACTIVE,MATCH,Verified raw reconstitution event
EVT_00404,ind_prs11122024.pdf,KFINTECH,ADDITION,ACTIVE,ACTIVE,MATCH,Verified raw reconstitution event
EVT_00405,ind_prs11122024.pdf,LLOYDSME,ADDITION,ACTIVE,ACTIVE,MATCH,Verified raw reconstitution event
EVT_00406,ind_prs11122024.pdf,LUPIN,ADDITION,ACTIVE,ACTIVE,MATCH,Verified raw reconstitution event
EVT_00407,ind_prs11122024.pdf,MCX,ADDITION,ACTIVE,ACTIVE,MATCH,Verified raw reconstitution event
EVT_00408,ind_prs11122024.pdf,NATCOPHARM,ADDITION,ACTIVE,ACTIVE,MATCH,Verified raw reconstitution event
EVT_00409,ind_prs11122024.pdf,NETWEB,ADDITION,ACTIVE,ACTIVE,MATCH,Verified raw reconstitution event
EVT_00410,ind_prs11122024.pdf,OFSS,ADDITION,ACTIVE,ACTIVE,MATCH,Verified raw reconstitution event
EVT_00411,ind_prs11122024.pdf,POLICYBZR,ADDITION,ACTIVE,ACTIVE,MATCH,Verified raw reconstitution event
EVT_00412,ind_prs11122024.pdf,PCBL,ADDITION,ACTIVE,ACTIVE,MATCH,Verified raw reconstitution event
EVT_00413,ind_prs11122024.pdf,PERSISTENT,ADDITION,ACTIVE,ACTIVE,MATCH,Verified raw reconstitution event
EVT_00414,ind_prs11122024.pdf,PPLPHARMA,ADDITION,ACTIVE,ACTIVE,MATCH,Verified raw reconstitution event
EVT_00415,ind_prs11122024.pdf,POLYMED,ADDITION,ACTIVE,ACTIVE,MATCH,Verified raw reconstitution event
EVT_00416,ind_prs11122024.pdf,RADICO,ADDITION,ACTIVE,ACTIVE,MATCH,Verified raw reconstitution event
EVT_00417,ind_prs11122024.pdf,SUVENPHAR,ADDITION,ACTIVE,ACTIVE,MATCH,Verified raw reconstitution event
EVT_00418,ind_prs11122024.pdf,TECHM,ADDITION,ACTIVE,ACTIVE,MATCH,Verified raw reconstitution event
EVT_00419,ind_prs11122024.pdf,UNITDSPR,ADDITION,ACTIVE,ACTIVE,MATCH,Verified raw reconstitution event
EVT_00420,ind_prs11122024.pdf,VOLTAS,ADDITION,ACTIVE,ACTIVE,MATCH,Verified raw reconstitution event
EVT_00421,ind_prs11122024.pdf,ZOMATO,ADDITION,ACTIVE,ACTIVE,MATCH,Verified raw reconstitution event
EVT_00422,ind_prs11122025.pdf,SKFINDIA,DELETION,ACTIVE,ACTIVE,MATCH,Verified raw reconstitution event
EVT_00423,ind_prs11122025.pdf,JSWCEMENT,DELETION,ACTIVE,ACTIVE,MATCH,Verified raw reconstitution event
EVT_00424,ind_prs12032020.pdf,GAYAPROJ,DELETION,ACTIVE,ACTIVE,MATCH,Verified raw reconstitution event
EVT_00425,ind_prs12032020.pdf,SHILPAMED,DELETION,ACTIVE,ACTIVE,MATCH,Verified raw reconstitution event
EVT_00426,ind_prs12032026.pdf,AKUMS,DELETION,ACTIVE,ACTIVE,MATCH,Verified raw reconstitution event
EVT_00427,ind_prs12032026.pdf,APLLTD,DELETION,ACTIVE,ACTIVE,MATCH,Verified raw reconstitution event
EVT_00428,ind_prs12032026.pdf,ALKYLAMINE,DELETION,ACTIVE,ACTIVE,MATCH,Verified raw reconstitution event
EVT_00429,ind_prs12032026.pdf,ASTRAZEN,DELETION,ACTIVE,ACTIVE,MATCH,Verified raw reconstitution event
EVT_00430,ind_prs12032026.pdf,BASF,DELETION,ACTIVE,ACTIVE,MATCH,Verified raw reconstitution event
EVT_00431,ind_prs12032026.pdf,CAMPUS,DELETION,ACTIVE,ACTIVE,MATCH,Verified raw reconstitution event
EVT_00432,ind_prs12032026.pdf,GUJGASLTD,DELETION,ACTIVE,ACTIVE,MATCH,Verified raw reconstitution event
EVT_00433,ind_prs12032026.pdf,INOXINDIA,DELETION,ACTIVE,ACTIVE,MATCH,Verified raw reconstitution event
EVT_00434,ind_prs12032026.pdf,JYOTHYLAB,DELETION,ACTIVE,ACTIVE,MATCH,Verified raw reconstitution event
EVT_00435,ind_prs12032026.pdf,KIRLOSBROS,DELETION,ACTIVE,ACTIVE,MATCH,Verified raw reconstitution event
EVT_00436,ind_prs12032026.pdf,KSB,DELETION,ACTIVE,ACTIVE,MATCH,Verified raw reconstitution event
EVT_00437,ind_prs12032026.pdf,METROPOLIS,DELETION,ACTIVE,ACTIVE,MATCH,Verified raw reconstitution event
EVT_00438,ind_prs12032026.pdf,PGHH,DELETION,ACTIVE,ACTIVE,MATCH,Verified raw reconstitution event
EVT_00439,ind_prs12032026.pdf,RCF,DELETION,ACTIVE,ACTIVE,MATCH,Verified raw reconstitution event
EVT_00440,ind_prs12032026.pdf,RELINFRA,DELETION,ACTIVE,ACTIVE,MATCH,Verified raw reconstitution event
EVT_00441,ind_prs12032026.pdf,SUNDRMFAST,DELETION,ACTIVE,ACTIVE,MATCH,Verified raw reconstitution event
EVT_00442,ind_prs12032026.pdf,VGUARD,DELETION,ACTIVE,ACTIVE,MATCH,Verified raw reconstitution event
EVT_00443,ind_prs12032026.pdf,CPPLUS,ADDITION,ACTIVE,ACTIVE,MATCH,Verified raw reconstitution event
EVT_00444,ind_prs12032026.pdf,CEMPRO,ADDITION,ACTIVE,ACTIVE,MATCH,Verified raw reconstitution event
EVT_00445,ind_prs12032026.pdf,GABRIEL,ADDITION,ACTIVE,ACTIVE,MATCH,Verified raw reconstitution event
EVT_00446,ind_prs12032026.pdf,GALLANTT,ADDITION,ACTIVE,ACTIVE,MATCH,Verified raw reconstitution event
EVT_00447,ind_prs12032026.pdf,SPLPETRO,ADDITION,ACTIVE,ACTIVE,MATCH,Verified raw reconstitution event
EVT_00448,ind_prs12032026.pdf,TEGA,ADDITION,ACTIVE,ACTIVE,MATCH,Verified raw reconstitution event
EVT_00449,ind_prs12032026.pdf,TENNIND,ADDITION,ACTIVE,ACTIVE,MATCH,Verified raw reconstitution event
EVT_00450,ind_prs12032026.pdf,ZYDUSWELL,ADDITION,ACTIVE,ACTIVE,MATCH,Verified raw reconstitution event
EVT_00451,ind_prs13032025.pdf,ACI,DELETION,ACTIVE,ACTIVE,MATCH,Verified raw reconstitution event
EVT_00452,ind_prs13032025.pdf,AVANTIFEED,DELETION,ACTIVE,ACTIVE,MATCH,Verified raw reconstitution event
EVT_00453,ind_prs13032025.pdf,BALAMINES,DELETION,ACTIVE,ACTIVE,MATCH,Verified raw reconstitution event
EVT_00454,ind_prs13032025.pdf,CELLO,DELETION,ACTIVE,ACTIVE,MATCH,Verified raw reconstitution event
EVT_00455,ind_prs13032025.pdf,CIEINDIA,DELETION,ACTIVE,ACTIVE,MATCH,Verified raw reconstitution event
EVT_00456,ind_prs13032025.pdf,FINEORG,DELETION,ACTIVE,ACTIVE,MATCH,Verified raw reconstitution event
EVT_00457,ind_prs13032025.pdf,GRINDWELL,DELETION,ACTIVE,ACTIVE,MATCH,Verified raw reconstitution event
EVT_00458,ind_prs13032025.pdf,GAEL,DELETION,ACTIVE,ACTIVE,MATCH,Verified raw reconstitution event
EVT_00459,ind_prs13032025.pdf,GSFC,DELETION,ACTIVE,ACTIVE,MATCH,Verified raw reconstitution event
EVT_00460,ind_prs13032025.pdf,KSB,DELETION,ACTIVE,ACTIVE,MATCH,Verified raw reconstitution event
EVT_00461,ind_prs13032025.pdf,METROBRAND,DELETION,ACTIVE,ACTIVE,MATCH,Verified raw reconstitution event
EVT_00462,ind_prs13032025.pdf,NUVOCO,DELETION,ACTIVE,ACTIVE,MATCH,Verified raw reconstitution event
EVT_00463,ind_prs13032025.pdf,PGHH,DELETION,ACTIVE,ACTIVE,MATCH,Verified raw reconstitution event
EVT_00464,ind_prs13032025.pdf,RATNAMANI,DELETION,ACTIVE,ACTIVE,MATCH,Verified raw reconstitution event
EVT_00465,ind_prs13032025.pdf,SANOFI,DELETION,ACTIVE,ACTIVE,MATCH,Verified raw reconstitution event
EVT_00466,ind_prs13032025.pdf,SUNDRMFAST,DELETION,ACTIVE,ACTIVE,MATCH,Verified raw reconstitution event
EVT_00467,ind_prs13032025.pdf,TVSSCS,DELETION,ACTIVE,ACTIVE,MATCH,Verified raw reconstitution event
EVT_00468,ind_prs13032025.pdf,VINATIORGA,DELETION,ACTIVE,ACTIVE,MATCH,Verified raw reconstitution event
EVT_00469,ind_prs13032025.pdf,AFCONS,ADDITION,ACTIVE,ACTIVE,MATCH,Verified raw reconstitution event
EVT_00470,ind_prs13032025.pdf,ALIVUS,ADDITION,ACTIVE,ACTIVE,MATCH,Verified raw reconstitution event
EVT_00471,ind_prs13032025.pdf,FIRSTCRY,ADDITION,ACTIVE,ACTIVE,MATCH,Verified raw reconstitution event
EVT_00472,ind_prs13032025.pdf,HYUNDAI,ADDITION,ACTIVE,ACTIVE,MATCH,Verified raw reconstitution event
EVT_00473,ind_prs13032025.pdf,IGIL,ADDITION,ACTIVE,ACTIVE,MATCH,Verified raw reconstitution event
EVT_00474,ind_prs13032025.pdf,LTFOODS,ADDITION,ACTIVE,ACTIVE,MATCH,Verified raw reconstitution event
EVT_00475,ind_prs13032025.pdf,NAVA,ADDITION,ACTIVE,ACTIVE,MATCH,Verified raw reconstitution event
EVT_00476,ind_prs13032025.pdf,NEULANDLAB,ADDITION,ACTIVE,ACTIVE,MATCH,Verified raw reconstitution event
EVT_00477,ind_prs13032025.pdf,PGEL,ADDITION,ACTIVE,ACTIVE,MATCH,Verified raw reconstitution event
EVT_00478,ind_prs13032025.pdf,TARIL,ADDITION,ACTIVE,ACTIVE,MATCH,Verified raw reconstitution event
EVT_00479,ind_prs13032025.pdf,VMM,ADDITION,ACTIVE,ACTIVE,MATCH,Verified raw reconstitution event
EVT_00480,ind_prs13032025.pdf,WAAREEENER,ADDITION,ACTIVE,ACTIVE,MATCH,Verified raw reconstitution event
EVT_00481,ind_prs13072026_1.pdf,JBCHEPHARM,DELETION,ACTIVE,ACTIVE,MATCH,Verified raw reconstitution event
EVT_00482,ind_prs13072026_1.pdf,PFOCUS,DELETION,ACTIVE,ACTIVE,MATCH,Verified raw reconstitution event
EVT_00483,ind_prs15062021.pdf,MOTHERSUMI,DELETION,ACTIVE,ACTIVE,MATCH,Verified raw reconstitution event
EVT_00484,ind_prs15062021.pdf,GLAND,DELETION,ACTIVE,ACTIVE,MATCH,Verified raw reconstitution event
EVT_00485,ind_prs15062022.pdf,EQUITAS,DELETION,ACTIVE,ACTIVE,MATCH,Verified raw reconstitution event
EVT_00486,ind_prs15062022.pdf,GESHIP,DELETION,ACTIVE,ACTIVE,MATCH,Verified raw reconstitution event
EVT_00487,ind_prs15062022.pdf,GNFC,DELETION,ACTIVE,ACTIVE,MATCH,Verified raw reconstitution event
EVT_00488,ind_prs15062022.pdf,IRB,DELETION,ACTIVE,ACTIVE,MATCH,Verified raw reconstitution event
EVT_00489,ind_prs15062022.pdf,JMFINANCIL,DELETION,ACTIVE,ACTIVE,MATCH,Verified raw reconstitution event
EVT_00490,ind_prs15062022.pdf,UJJIVAN,DELETION,ACTIVE,ACTIVE,MATCH,Verified raw reconstitution event
EVT_00491,ind_prs15062022.pdf,AUROPHARMA,ADDITION,ACTIVE,ACTIVE,MATCH,Verified raw reconstitution event
EVT_00492,ind_prs15062022.pdf,MGL,ADDITION,ACTIVE,ACTIVE,MATCH,Verified raw reconstitution event
EVT_00493,ind_prs15062022.pdf,MANAPPURAM,ADDITION,ACTIVE,ACTIVE,MATCH,Verified raw reconstitution event
EVT_00494,ind_prs15062022.pdf,PFIZER,ADDITION,ACTIVE,ACTIVE,MATCH,Verified raw reconstitution event
EVT_00495,ind_prs15062022.pdf,RBLBANK,ADDITION,ACTIVE,ACTIVE,MATCH,Verified raw reconstitution event
EVT_00496,ind_prs15062022.pdf,SRTRANSFIN,ADDITION,ACTIVE,ACTIVE,MATCH,Verified raw reconstitution event
EVT_00497,ind_prs15092023.pdf,BASF,DELETION,ACTIVE,ACTIVE,MATCH,Verified raw reconstitution event
EVT_00498,ind_prs15092023.pdf,BPCL,DELETION,ACTIVE,ACTIVE,MATCH,Verified raw reconstitution event
EVT_00499,ind_prs15092023.pdf,BORORENEW,DELETION,ACTIVE,ACTIVE,MATCH,Verified raw reconstitution event
EVT_00500,ind_prs15092023.pdf,FINPIPE,DELETION,ACTIVE,ACTIVE,MATCH,Verified raw reconstitution event
EVT_00501,ind_prs15092023.pdf,GREENPANEL,DELETION,ACTIVE,ACTIVE,MATCH,Verified raw reconstitution event
EVT_00502,ind_prs15092023.pdf,HGS,DELETION,ACTIVE,ACTIVE,MATCH,Verified raw reconstitution event
EVT_00503,ind_prs15092023.pdf,HAL,DELETION,ACTIVE,ACTIVE,MATCH,Verified raw reconstitution event
EVT_00504,ind_prs15092023.pdf,IFBIND,DELETION,ACTIVE,ACTIVE,MATCH,Verified raw reconstitution event
EVT_00505,ind_prs15092023.pdf,NAUKRI,DELETION,ACTIVE,ACTIVE,MATCH,Verified raw reconstitution event
EVT_00506,ind_prs15092023.pdf,KENNAMET,DELETION,ACTIVE,ACTIVE,MATCH,Verified raw reconstitution event
EVT_00507,ind_prs15092023.pdf,NOCIL,DELETION,ACTIVE,ACTIVE,MATCH,Verified raw reconstitution event
EVT_00508,ind_prs15092023.pdf,TCIEXP,DELETION,ACTIVE,ACTIVE,MATCH,Verified raw reconstitution event
EVT_00509,ind_prs15092023.pdf,TCI,DELETION,ACTIVE,ACTIVE,MATCH,Verified raw reconstitution event
EVT_00510,ind_prs15092023.pdf,ALLCARGO,ADDITION,ACTIVE,ACTIVE,MATCH,Verified raw reconstitution event
EVT_00511,ind_prs15092023.pdf,CHAMBLFERT,ADDITION,ACTIVE,ACTIVE,MATCH,Verified raw reconstitution event
EVT_00512,ind_prs15092023.pdf,GILLETTE,ADDITION,ACTIVE,ACTIVE,MATCH,Verified raw reconstitution event
EVT_00513,ind_prs15092023.pdf,GLS,ADDITION,ACTIVE,ACTIVE,MATCH,Verified raw reconstitution event
EVT_00514,ind_prs15092023.pdf,GPIL,ADDITION,ACTIVE,ACTIVE,MATCH,Verified raw reconstitution event
EVT_00515,ind_prs15092023.pdf,HEG,ADDITION,ACTIVE,ACTIVE,MATCH,Verified raw reconstitution event
EVT_00516,ind_prs15092023.pdf,IRCON,ADDITION,ACTIVE,ACTIVE,MATCH,Verified raw reconstitution event
EVT_00517,ind_prs15092023.pdf,JINDALSAW,ADDITION,ACTIVE,ACTIVE,MATCH,Verified raw reconstitution event
EVT_00518,ind_prs15092023.pdf,KIRLFER,ADDITION,ACTIVE,ACTIVE,MATCH,Verified raw reconstitution event
EVT_00519,ind_prs15092023.pdf,PGHL,ADDITION,ACTIVE,ACTIVE,MATCH,Verified raw reconstitution event
EVT_00520,ind_prs15092023.pdf,SAFARI,ADDITION,ACTIVE,ACTIVE,MATCH,Verified raw reconstitution event
EVT_00521,ind_prs15092023.pdf,SYRMA,ADDITION,ACTIVE,ACTIVE,MATCH,Verified raw reconstitution event
EVT_00522,ind_prs15092023.pdf,USHAMART,ADDITION,ACTIVE,ACTIVE,MATCH,Verified raw reconstitution event
EVT_00523,ind_prs15092025.pdf,ALIVUS,DELETION,ACTIVE,ACTIVE,MATCH,Verified raw reconstitution event
EVT_00524,ind_prs15092025.pdf,APOLLOHOSP,DELETION,ACTIVE,ACTIVE,MATCH,Verified raw reconstitution event
EVT_00525,ind_prs15092025.pdf,COALINDIA,DELETION,ACTIVE,ACTIVE,MATCH,Verified raw reconstitution event
EVT_00526,ind_prs15092025.pdf,FINPIPE,DELETION,ACTIVE,ACTIVE,MATCH,Verified raw reconstitution event
EVT_00527,ind_prs15092025.pdf,NYKAA,DELETION,ACTIVE,ACTIVE,MATCH,Verified raw reconstitution event
EVT_00528,ind_prs15092025.pdf,IOC,DELETION,ACTIVE,ACTIVE,MATCH,Verified raw reconstitution event
EVT_00529,ind_prs15092025.pdf,KANSAINER,DELETION,ACTIVE,ACTIVE,MATCH,Verified raw reconstitution event
EVT_00530,ind_prs15092025.pdf,MAHSEAMLES,DELETION,ACTIVE,ACTIVE,MATCH,Verified raw reconstitution event
EVT_00531,ind_prs15092025.pdf,MANKIND,DELETION,ACTIVE,ACTIVE,MATCH,Verified raw reconstitution event
EVT_00532,ind_prs15092025.pdf,MASTEK,DELETION,ACTIVE,ACTIVE,MATCH,Verified raw reconstitution event
EVT_00533,ind_prs15092025.pdf,MINDACORP,DELETION,ACTIVE,ACTIVE,MATCH,Verified raw reconstitution event
EVT_00534,ind_prs15092025.pdf,RAYMOND,DELETION,ACTIVE,ACTIVE,MATCH,Verified raw reconstitution event
EVT_00535,ind_prs15092025.pdf,ROUTE,DELETION,ACTIVE,ACTIVE,MATCH,Verified raw reconstitution event
EVT_00536,ind_prs15092025.pdf,SWSOLAR,DELETION,ACTIVE,ACTIVE,MATCH,Verified raw reconstitution event
EVT_00537,ind_prs15092025.pdf,TANLA,DELETION,ACTIVE,ACTIVE,MATCH,Verified raw reconstitution event
EVT_00538,ind_prs15092025.pdf,ZFCVINDIA,DELETION,ACTIVE,ACTIVE,MATCH,Verified raw reconstitution event
EVT_00539,ind_prs15092025.pdf,AKZOINDIA,ADDITION,ACTIVE,ACTIVE,MATCH,Verified raw reconstitution event
EVT_00540,ind_prs15092025.pdf,BLUEJET,ADDITION,ACTIVE,ACTIVE,MATCH,Verified raw reconstitution event
EVT_00541,ind_prs15092025.pdf,EMCURE,ADDITION,ACTIVE,ACTIVE,MATCH,Verified raw reconstitution event
EVT_00542,ind_prs15092025.pdf,FORCEMOT,ADDITION,ACTIVE,ACTIVE,MATCH,Verified raw reconstitution event
EVT_00543,ind_prs15092025.pdf,GRAVITA,ADDITION,ACTIVE,ACTIVE,MATCH,Verified raw reconstitution event
EVT_00544,ind_prs15092025.pdf,HEXT,ADDITION,ACTIVE,ACTIVE,MATCH,Verified raw reconstitution event
EVT_00545,ind_prs15092025.pdf,HINDALCO,ADDITION,ACTIVE,ACTIVE,MATCH,Verified raw reconstitution event
EVT_00546,ind_prs15092025.pdf,INDUSTOWER,ADDITION,ACTIVE,ACTIVE,MATCH,Verified raw reconstitution event
EVT_00547,ind_prs15092025.pdf,JUBLPHARMA,ADDITION,ACTIVE,ACTIVE,MATCH,Verified raw reconstitution event
EVT_00548,ind_prs15092025.pdf,KSB,ADDITION,ACTIVE,ACTIVE,MATCH,Verified raw reconstitution event
EVT_00549,ind_prs15092025.pdf,NUVOCO,ADDITION,ACTIVE,ACTIVE,MATCH,Verified raw reconstitution event
EVT_00550,ind_prs15092025.pdf,PGHH,ADDITION,ACTIVE,ACTIVE,MATCH,Verified raw reconstitution event
EVT_00551,ind_prs15092025.pdf,SAILIFE,ADDITION,ACTIVE,ACTIVE,MATCH,Verified raw reconstitution event
EVT_00552,ind_prs15092025.pdf,SWIGGY,ADDITION,ACTIVE,ACTIVE,MATCH,Verified raw reconstitution event
EVT_00553,ind_prs15092025.pdf,TRIDENT,ADDITION,ACTIVE,ACTIVE,MATCH,Verified raw reconstitution event
EVT_00554,ind_prs15092025.pdf,WELSPUNLIV,ADDITION,ACTIVE,ACTIVE,MATCH,Verified raw reconstitution event
EVT_00555,ind_prs15092025.pdf,CGPOWER,DELETION,ACTIVE,ACTIVE,MATCH,Verified raw reconstitution event
EVT_00556,ind_prs15092025.pdf,SRF,DELETION,ACTIVE,ACTIVE,MATCH,Verified raw reconstitution event
EVT_00557,ind_prs15092025_1.pdf,PEL,DELETION,ACTIVE,ACTIVE,MATCH,Verified raw reconstitution event
EVT_00558,ind_prs15092025_1.pdf,RELINFRA,DELETION,ACTIVE,ACTIVE,MATCH,Verified raw reconstitution event
EVT_00559,ind_prs16092022.pdf,EQUITAS,DELETION,ACTIVE,ACTIVE,MATCH,Verified raw reconstitution event
EVT_00560,ind_prs16092022.pdf,SHOPERSTOP,DELETION,ACTIVE,ACTIVE,MATCH,Verified raw reconstitution event
EVT_00561,ind_prs17022023_1.pdf,ABSLAMC,DELETION,ACTIVE,ACTIVE,MATCH,Verified raw reconstitution event
EVT_00562,ind_prs17022023_1.pdf,ALOKINDS,DELETION,ACTIVE,ACTIVE,MATCH,Verified raw reconstitution event
EVT_00563,ind_prs17022023_1.pdf,ASTRAZEN,DELETION,ACTIVE,ACTIVE,MATCH,Verified raw reconstitution event
EVT_00564,ind_prs17022023_1.pdf,BHARATRAS,DELETION,ACTIVE,ACTIVE,MATCH,Verified raw reconstitution event
EVT_00565,ind_prs17022023_1.pdf,CAPLIPOINT,DELETION,ACTIVE,ACTIVE,MATCH,Verified raw reconstitution event
EVT_00566,ind_prs17022023_1.pdf,DHANI,DELETION,ACTIVE,ACTIVE,MATCH,Verified raw reconstitution event
EVT_00567,ind_prs17022023_1.pdf,DBL,DELETION,ACTIVE,ACTIVE,MATCH,Verified raw reconstitution event
EVT_00568,ind_prs17022023_1.pdf,HATSUN,DELETION,ACTIVE,ACTIVE,MATCH,Verified raw reconstitution event
EVT_00569,ind_prs17022023_1.pdf,INDOCO,DELETION,ACTIVE,ACTIVE,MATCH,Verified raw reconstitution event
EVT_00570,ind_prs17022023_1.pdf,MOIL,DELETION,ACTIVE,ACTIVE,MATCH,Verified raw reconstitution event
EVT_00571,ind_prs17022023_1.pdf,PRIVISCL,DELETION,ACTIVE,ACTIVE,MATCH,Verified raw reconstitution event
EVT_00572,ind_prs17022023_1.pdf,PGHL,DELETION,ACTIVE,ACTIVE,MATCH,Verified raw reconstitution event
EVT_00573,ind_prs17022023_1.pdf,SFL,DELETION,ACTIVE,ACTIVE,MATCH,Verified raw reconstitution event
EVT_00574,ind_prs17022023_1.pdf,SHILPAMED,DELETION,ACTIVE,ACTIVE,MATCH,Verified raw reconstitution event
EVT_00575,ind_prs17022023_1.pdf,SIS,DELETION,ACTIVE,ACTIVE,MATCH,Verified raw reconstitution event
EVT_00576,ind_prs17022023_1.pdf,SUDARSCHEM,DELETION,ACTIVE,ACTIVE,MATCH,Verified raw reconstitution event
EVT_00577,ind_prs17022023_1.pdf,SYMPHONY,DELETION,ACTIVE,ACTIVE,MATCH,Verified raw reconstitution event
EVT_00578,ind_prs17022023_1.pdf,TATACOFFEE,DELETION,ACTIVE,ACTIVE,MATCH,Verified raw reconstitution event
EVT_00579,ind_prs17022023_1.pdf,THYROCARE,DELETION,ACTIVE,ACTIVE,MATCH,Verified raw reconstitution event
EVT_00580,ind_prs17022023_1.pdf,WOCKPHARMA,DELETION,ACTIVE,ACTIVE,MATCH,Verified raw reconstitution event
EVT_00581,ind_prs17022023_1.pdf,AARTIIND,ADDITION,ACTIVE,ACTIVE,MATCH,Verified raw reconstitution event
EVT_00582,ind_prs17022023_1.pdf,ADANIPOWER,ADDITION,ACTIVE,ACTIVE,MATCH,Verified raw reconstitution event
EVT_00583,ind_prs17022023_1.pdf,APARINDS,ADDITION,ACTIVE,ACTIVE,MATCH,Verified raw reconstitution event
EVT_00584,ind_prs17022023_1.pdf,ACI,ADDITION,ACTIVE,ACTIVE,MATCH,Verified raw reconstitution event
EVT_00585,ind_prs17022023_1.pdf,BIKAJI,ADDITION,ACTIVE,ACTIVE,MATCH,Verified raw reconstitution event
EVT_00586,ind_prs17022023_1.pdf,BLS,ADDITION,ACTIVE,ACTIVE,MATCH,Verified raw reconstitution event
EVT_00587,ind_prs17022023_1.pdf,CRAFTSMAN,ADDITION,ACTIVE,ACTIVE,MATCH,Verified raw reconstitution event
EVT_00588,ind_prs17022023_1.pdf,DATAPATTNS,ADDITION,ACTIVE,ACTIVE,MATCH,Verified raw reconstitution event
EVT_00589,ind_prs17022023_1.pdf,FIVESTAR,ADDITION,ACTIVE,ACTIVE,MATCH,Verified raw reconstitution event
EVT_00590,ind_prs17022023_1.pdf,MEDANTA,ADDITION,ACTIVE,ACTIVE,MATCH,Verified raw reconstitution event
EVT_00591,ind_prs17022023_1.pdf,INGERRAND,ADDITION,ACTIVE,ACTIVE,MATCH,Verified raw reconstitution event
EVT_00592,ind_prs17022023_1.pdf,JINDWORLD,ADDITION,ACTIVE,ACTIVE,MATCH,Verified raw reconstitution event
EVT_00593,ind_prs17022023_1.pdf,KENNAMET,ADDITION,ACTIVE,ACTIVE,MATCH,Verified raw reconstitution event
EVT_00594,ind_prs17022023_1.pdf,RUSTOMJEE,ADDITION,ACTIVE,ACTIVE,MATCH,Verified raw reconstitution event
EVT_00595,ind_prs17022023_1.pdf,KFINTECH,ADDITION,ACTIVE,ACTIVE,MATCH,Verified raw reconstitution event
EVT_00596,ind_prs17022023_1.pdf,KSB,ADDITION,ACTIVE,ACTIVE,MATCH,Verified raw reconstitution event
EVT_00597,ind_prs17022023_1.pdf,MFL,ADDITION,ACTIVE,ACTIVE,MATCH,Verified raw reconstitution event
EVT_00598,ind_prs17022023_1.pdf,NMDC,ADDITION,ACTIVE,ACTIVE,MATCH,Verified raw reconstitution event
EVT_00599,ind_prs17022023_1.pdf,PEL,ADDITION,ACTIVE,ACTIVE,MATCH,Verified raw reconstitution event
EVT_00600,ind_prs17022023_1.pdf,TMB,ADDITION,ACTIVE,ACTIVE,MATCH,Verified raw reconstitution event
EVT_00601,ind_prs17032025.pdf,ISEC,DELETION,ACTIVE,ACTIVE,MATCH,Verified raw reconstitution event
EVT_00602,ind_prs17032025.pdf,RAYMONDLSL,DELETION,ACTIVE,ACTIVE,MATCH,Verified raw reconstitution event
EVT_00603,ind_prs17072026_1.pdf,ATGL,DELETION,ACTIVE,ACTIVE,MATCH,Verified raw reconstitution event
EVT_00604,ind_prs17072026_1.pdf,ELECON,DELETION,ACTIVE,ACTIVE,MATCH,Verified raw reconstitution event
EVT_00605,ind_prs17072026_1.pdf,TORNTPHARM,DELETION,ACTIVE,ACTIVE,MATCH,Verified raw reconstitution event
EVT_00606,ind_prs17072026_1.pdf,ACC,ADDITION,ACTIVE,ACTIVE,MATCH,Verified raw reconstitution event
EVT_00607,ind_prs17072026_1.pdf,AMBUJACEM,ADDITION,ACTIVE,ACTIVE,MATCH,Verified raw reconstitution event
EVT_00608,ind_prs17072026_1.pdf,HINDZINC,ADDITION,ACTIVE,ACTIVE,MATCH,Verified raw reconstitution event
EVT_00609,ind_prs17072026_1.pdf,LAURUSLABS,ADDITION,ACTIVE,ACTIVE,MATCH,Verified raw reconstitution event
EVT_00610,ind_prs17072026_1.pdf,TMCV,ADDITION,ACTIVE,ACTIVE,MATCH,Verified raw reconstitution event
EVT_00611,ind_prs17082023.pdf,BASF,DELETION,ACTIVE,ACTIVE,MATCH,Verified raw reconstitution event
EVT_00612,ind_prs17082023.pdf,GARFIBRES,DELETION,ACTIVE,ACTIVE,MATCH,Verified raw reconstitution event
EVT_00613,ind_prs17082023.pdf,GODREJAGRO,DELETION,ACTIVE,ACTIVE,MATCH,Verified raw reconstitution event
EVT_00614,ind_prs17082023.pdf,GREENPANEL,DELETION,ACTIVE,ACTIVE,MATCH,Verified raw reconstitution event
EVT_00615,ind_prs17082023.pdf,HIKAL,DELETION,ACTIVE,ACTIVE,MATCH,Verified raw reconstitution event
EVT_00616,ind_prs17082023.pdf,HGS,DELETION,ACTIVE,ACTIVE,MATCH,Verified raw reconstitution event
EVT_00617,ind_prs17082023.pdf,IFBIND,DELETION,ACTIVE,ACTIVE,MATCH,Verified raw reconstitution event
EVT_00618,ind_prs17082023.pdf,IBREALEST,DELETION,ACTIVE,ACTIVE,MATCH,Verified raw reconstitution event
EVT_00619,ind_prs17082023.pdf,JINDWORLD,DELETION,ACTIVE,ACTIVE,MATCH,Verified raw reconstitution event
EVT_00620,ind_prs17082023.pdf,KENNAMET,DELETION,ACTIVE,ACTIVE,MATCH,Verified raw reconstitution event
EVT_00621,ind_prs17082023.pdf,RUSTOMJEE,DELETION,ACTIVE,ACTIVE,MATCH,Verified raw reconstitution event
EVT_00622,ind_prs17082023.pdf,MAHLOG,DELETION,ACTIVE,ACTIVE,MATCH,Verified raw reconstitution event
EVT_00623,ind_prs17082023.pdf,NOCIL,DELETION,ACTIVE,ACTIVE,MATCH,Verified raw reconstitution event
EVT_00624,ind_prs17082023.pdf,TMB,DELETION,ACTIVE,ACTIVE,MATCH,Verified raw reconstitution event
EVT_00625,ind_prs17082023.pdf,TCIEXP,DELETION,ACTIVE,ACTIVE,MATCH,Verified raw reconstitution event
EVT_00626,ind_prs17082023.pdf,TCNSBRANDS,DELETION,ACTIVE,ACTIVE,MATCH,Verified raw reconstitution event
EVT_00627,ind_prs17082023.pdf,TCI,DELETION,ACTIVE,ACTIVE,MATCH,Verified raw reconstitution event
EVT_00628,ind_prs17082023.pdf,UFLEX,DELETION,ACTIVE,ACTIVE,MATCH,Verified raw reconstitution event
EVT_00629,ind_prs17082023.pdf,ALLCARGO,ADDITION,ACTIVE,ACTIVE,MATCH,Verified raw reconstitution event
EVT_00630,ind_prs17082023.pdf,ALOKINDS,ADDITION,ACTIVE,ACTIVE,MATCH,Verified raw reconstitution event
EVT_00631,ind_prs17082023.pdf,GILLETTE,ADDITION,ACTIVE,ACTIVE,MATCH,Verified raw reconstitution event
EVT_00632,ind_prs17082023.pdf,GLS,ADDITION,ACTIVE,ACTIVE,MATCH,Verified raw reconstitution event
EVT_00633,ind_prs17082023.pdf,GPIL,ADDITION,ACTIVE,ACTIVE,MATCH,Verified raw reconstitution event
EVT_00634,ind_prs17082023.pdf,IRCON,ADDITION,ACTIVE,ACTIVE,MATCH,Verified raw reconstitution event
EVT_00635,ind_prs17082023.pdf,JINDALSAW,ADDITION,ACTIVE,ACTIVE,MATCH,Verified raw reconstitution event
EVT_00636,ind_prs17082023.pdf,KAYNES,ADDITION,ACTIVE,ACTIVE,MATCH,Verified raw reconstitution event
EVT_00637,ind_prs17082023.pdf,KIRLFER,ADDITION,ACTIVE,ACTIVE,MATCH,Verified raw reconstitution event
EVT_00638,ind_prs17082023.pdf,MINDACORP,ADDITION,ACTIVE,ACTIVE,MATCH,Verified raw reconstitution event
EVT_00639,ind_prs17082023.pdf,PGHL,ADDITION,ACTIVE,ACTIVE,MATCH,Verified raw reconstitution event
EVT_00640,ind_prs17082023.pdf,SAFARI,ADDITION,ACTIVE,ACTIVE,MATCH,Verified raw reconstitution event
EVT_00641,ind_prs17082023.pdf,SAREGAMA,ADDITION,ACTIVE,ACTIVE,MATCH,Verified raw reconstitution event
EVT_00642,ind_prs17082023.pdf,SFL,ADDITION,ACTIVE,ACTIVE,MATCH,Verified raw reconstitution event
EVT_00643,ind_prs17082023.pdf,SYMPHONY,ADDITION,ACTIVE,ACTIVE,MATCH,Verified raw reconstitution event
EVT_00644,ind_prs17082023.pdf,SYRMA,ADDITION,ACTIVE,ACTIVE,MATCH,Verified raw reconstitution event
EVT_00645,ind_prs17082023.pdf,UJJIVANSFB,ADDITION,ACTIVE,ACTIVE,MATCH,Verified raw reconstitution event
EVT_00646,ind_prs17082023.pdf,USHAMART,ADDITION,ACTIVE,ACTIVE,MATCH,Verified raw reconstitution event
EVT_00647,ind_prs17092019.pdf,THOMASCOOK,DELETION,ACTIVE,ACTIVE,MATCH,Verified raw reconstitution event
EVT_00648,ind_prs17092019.pdf,IIFL,DELETION,ACTIVE,ACTIVE,MATCH,Verified raw reconstitution event
EVT_00649,ind_prs17102023.pdf,KIRLFER,DELETION,ACTIVE,ACTIVE,MATCH,Verified raw reconstitution event
EVT_00650,ind_prs17102023.pdf,CONCORDBIO,DELETION,ACTIVE,ACTIVE,MATCH,Verified raw reconstitution event
EVT_00651,ind_prs17102025.pdf,CENTURYPLY,DELETION,ACTIVE,ACTIVE,MATCH,Verified raw reconstitution event
EVT_00652,ind_prs17102025.pdf,HONASA,DELETION,ACTIVE,ACTIVE,MATCH,Verified raw reconstitution event
EVT_00653,ind_prs17102025.pdf,NATCOPHARM,DELETION,ACTIVE,ACTIVE,MATCH,Verified raw reconstitution event
EVT_00654,ind_prs17102025.pdf,OIL,DELETION,ACTIVE,ACTIVE,MATCH,Verified raw reconstitution event
EVT_00655,ind_prs17102025.pdf,POLYMED,DELETION,ACTIVE,ACTIVE,MATCH,Verified raw reconstitution event
EVT_00656,ind_prs17102025.pdf,RKFORGE,DELETION,ACTIVE,ACTIVE,MATCH,Verified raw reconstitution event
EVT_00657,ind_prs17102025.pdf,WAAREEENER,DELETION,ACTIVE,ACTIVE,MATCH,Verified raw reconstitution event
EVT_00658,ind_prs17102025.pdf,ABFRL,ADDITION,ACTIVE,ACTIVE,MATCH,Verified raw reconstitution event
EVT_00659,ind_prs17102025.pdf,ABLBL,ADDITION,ACTIVE,ACTIVE,MATCH,Verified raw reconstitution event
EVT_00660,ind_prs17102025.pdf,COHANCE,ADDITION,ACTIVE,ACTIVE,MATCH,Verified raw reconstitution event
EVT_00661,ind_prs17102025.pdf,INOXWIND,ADDITION,ACTIVE,ACTIVE,MATCH,Verified raw reconstitution event
EVT_00662,ind_prs17102025.pdf,NBCC,ADDITION,ACTIVE,ACTIVE,MATCH,Verified raw reconstitution event
EVT_00663,ind_prs17102025.pdf,RELINFRA,ADDITION,ACTIVE,ACTIVE,MATCH,Verified raw reconstitution event
EVT_00664,ind_prs17102025.pdf,SWANCORP,ADDITION,ACTIVE,ACTIVE,MATCH,Verified raw reconstitution event
EVT_00665,ind_prs17112025_1.pdf,VBL,DELETION,ACTIVE,ACTIVE,MATCH,Verified raw reconstitution event
EVT_00666,ind_prs17112025_1.pdf,RCF,DELETION,ACTIVE,ACTIVE,MATCH,Verified raw reconstitution event
EVT_00667,ind_prs18022025.pdf,RAJESHEXPO,DELETION,ACTIVE,ACTIVE,MATCH,Verified raw reconstitution event
EVT_00668,ind_prs18022025.pdf,SIEMENS,DELETION,ACTIVE,ACTIVE,MATCH,Verified raw reconstitution event
EVT_00669,ind_prs18022025.pdf,MANKIND,DELETION,ACTIVE,ACTIVE,MATCH,Verified raw reconstitution event
EVT_00670,ind_prs18022025.pdf,DIXON,DELETION,ACTIVE,ACTIVE,MATCH,Verified raw reconstitution event
EVT_00671,ind_prs18112020.pdf,INFIBEAM,DELETION,ACTIVE,ACTIVE,MATCH,Verified raw reconstitution event
EVT_00672,ind_prs18112020.pdf,MAHINDCIE,DELETION,ACTIVE,ACTIVE,MATCH,Verified raw reconstitution event
EVT_00673,ind_prs18122019.pdf,CGPOWER,DELETION,ACTIVE,ACTIVE,MATCH,Verified raw reconstitution event
EVT_00674,ind_prs18122019.pdf,COFFEEDAY,DELETION,ACTIVE,ACTIVE,MATCH,Verified raw reconstitution event
EVT_00675,ind_prs18122019.pdf,COX&KINGS,DELETION,ACTIVE,ACTIVE,MATCH,Verified raw reconstitution event
EVT_00676,ind_prs18122019.pdf,AFFLE,ADDITION,ACTIVE,ACTIVE,MATCH,Verified raw reconstitution event
EVT_00677,ind_prs18122019.pdf,MIDHANI,ADDITION,ACTIVE,ACTIVE,MATCH,Verified raw reconstitution event
EVT_00678,ind_prs18122019.pdf,RESPONIND,ADDITION,ACTIVE,ACTIVE,MATCH,Verified raw reconstitution event
EVT_00679,ind_prs19012024.pdf,JUBLPHARMA,ADDITION,ACTIVE,ACTIVE,MATCH,Verified raw reconstitution event
EVT_00680,ind_prs19012024.pdf,RCF,ADDITION,ACTIVE,ACTIVE,MATCH,Verified raw reconstitution event
EVT_00681,ind_prs19032024.pdf,"INDIAN RENEWABLE ENERGY DEV.
AGENCY LTD.",ADDITION,ACTIVE,ACTIVE,MATCH,Verified raw reconstitution event
EVT_00682,ind_prs19032024.pdf,BSE LTD.*,ADDITION,ACTIVE,ACTIVE,MATCH,Verified raw reconstitution event
EVT_00683,ind_prs19042023_1.pdf,BAJAJELEC,DELETION,ACTIVE,ACTIVE,MATCH,Verified raw reconstitution event
EVT_00684,ind_prs19042023_1.pdf,EDELWEISS,DELETION,ACTIVE,ACTIVE,MATCH,Verified raw reconstitution event
EVT_00685,ind_prs19042023_1.pdf,ERIS,DELETION,ACTIVE,ACTIVE,MATCH,Verified raw reconstitution event
EVT_00686,ind_prs19042023_1.pdf,NSLNISP,DELETION,ACTIVE,ACTIVE,MATCH,Verified raw reconstitution event
EVT_00687,ind_prs19122019.pdf,DEN,DELETION,ACTIVE,ACTIVE,MATCH,Verified raw reconstitution event
EVT_00688,ind_prs19122019.pdf,HATHWAY,DELETION,ACTIVE,ACTIVE,MATCH,Verified raw reconstitution event
EVT_00689,ind_prs19122019.pdf,KENNAMET,DELETION,ACTIVE,ACTIVE,MATCH,Verified raw reconstitution event
EVT_00690,ind_prs19122019.pdf,TASTYBITE,DELETION,ACTIVE,ACTIVE,MATCH,Verified raw reconstitution event
EVT_00691,ind_prs20022026_2.pdf,ENRIN,ADDITION,ACTIVE,ACTIVE,MATCH,Verified raw reconstitution event
EVT_00692,ind_prs20052026_1.pdf,CIEINDIA,ADDITION,ACTIVE,ACTIVE,MATCH,Verified raw reconstitution event
EVT_00693,ind_prs20102022_1.pdf,AFFLE,DELETION,ACTIVE,ACTIVE,MATCH,Verified raw reconstitution event
EVT_00694,ind_prs20102022_1.pdf,CAPLIPOINT,DELETION,ACTIVE,ACTIVE,MATCH,Verified raw reconstitution event
EVT_00695,ind_prs20102022_1.pdf,VARROC,DELETION,ACTIVE,ACTIVE,MATCH,Verified raw reconstitution event
EVT_00696,ind_prs20102022_1.pdf,ECLERX,ADDITION,ACTIVE,ACTIVE,MATCH,Verified raw reconstitution event
EVT_00697,ind_prs20102022_1.pdf,ENGINERSIN,ADDITION,ACTIVE,ACTIVE,MATCH,Verified raw reconstitution event
EVT_00698,ind_prs20102022_1.pdf,FINCABLES,ADDITION,ACTIVE,ACTIVE,MATCH,Verified raw reconstitution event
EVT_00699,ind_prs20102022_1.pdf,FLUOROCHEM,ADDITION,ACTIVE,ACTIVE,MATCH,Verified raw reconstitution event
EVT_00700,ind_prs20102022_1.pdf,HINDCOPPER,ADDITION,ACTIVE,ACTIVE,MATCH,Verified raw reconstitution event
EVT_00701,ind_prs20102022_1.pdf,IGL,ADDITION,ACTIVE,ACTIVE,MATCH,Verified raw reconstitution event
EVT_00702,ind_prs20102022_1.pdf,JSL,ADDITION,ACTIVE,ACTIVE,MATCH,Verified raw reconstitution event
EVT_00703,ind_prs20102022_1.pdf,JINDALSTEL,ADDITION,ACTIVE,ACTIVE,MATCH,Verified raw reconstitution event
EVT_00704,ind_prs20102022_1.pdf,NATCOPHARM,ADDITION,ACTIVE,ACTIVE,MATCH,Verified raw reconstitution event
EVT_00705,ind_prs20102022_1.pdf,OIL,ADDITION,ACTIVE,ACTIVE,MATCH,Verified raw reconstitution event
EVT_00706,ind_prs20102022_1.pdf,OLECTRA,ADDITION,ACTIVE,ACTIVE,MATCH,Verified raw reconstitution event
EVT_00707,ind_prs20102022_1.pdf,POLYMED,ADDITION,ACTIVE,ACTIVE,MATCH,Verified raw reconstitution event
EVT_00708,ind_prs20102022_1.pdf,RAJESHEXPO,ADDITION,ACTIVE,ACTIVE,MATCH,Verified raw reconstitution event
EVT_00709,ind_prs20102022_1.pdf,SCI,ADDITION,ACTIVE,ACTIVE,MATCH,Verified raw reconstitution event
EVT_00710,ind_prs20102022_1.pdf,SAIL,ADDITION,ACTIVE,ACTIVE,MATCH,Verified raw reconstitution event
EVT_00711,ind_prs20102022_1.pdf,SWSOLAR,ADDITION,ACTIVE,ACTIVE,MATCH,Verified raw reconstitution event
EVT_00712,ind_prs21022023.pdf,PPLPHARMA,ADDITION,ACTIVE,ACTIVE,MATCH,Verified raw reconstitution event
EVT_00713,ind_prs21022025.pdf,ACI,DELETION,ACTIVE,ACTIVE,MATCH,Verified raw reconstitution event
EVT_00714,ind_prs21022025.pdf,AVANTIFEED,DELETION,ACTIVE,ACTIVE,MATCH,Verified raw reconstitution event
EVT_00715,ind_prs21022025.pdf,BALAMINES,DELETION,ACTIVE,ACTIVE,MATCH,Verified raw reconstitution event
EVT_00716,ind_prs21022025.pdf,BIRLACORPN,DELETION,ACTIVE,ACTIVE,MATCH,Verified raw reconstitution event
EVT_00717,ind_prs21022025.pdf,CELLO,DELETION,ACTIVE,ACTIVE,MATCH,Verified raw reconstitution event
EVT_00718,ind_prs21022025.pdf,CHEMPLASTS,DELETION,ACTIVE,ACTIVE,MATCH,Verified raw reconstitution event
EVT_00719,ind_prs21022025.pdf,CIEINDIA,DELETION,ACTIVE,ACTIVE,MATCH,Verified raw reconstitution event
EVT_00720,ind_prs21022025.pdf,EASEMYTRIP,DELETION,ACTIVE,ACTIVE,MATCH,Verified raw reconstitution event
EVT_00721,ind_prs21022025.pdf,EQUITASBNK,DELETION,ACTIVE,ACTIVE,MATCH,Verified raw reconstitution event
EVT_00722,ind_prs21022025.pdf,FINEORG,DELETION,ACTIVE,ACTIVE,MATCH,Verified raw reconstitution event
EVT_00723,ind_prs21022025.pdf,GRINFRA,DELETION,ACTIVE,ACTIVE,MATCH,Verified raw reconstitution event
EVT_00724,ind_prs21022025.pdf,GRINDWELL,DELETION,ACTIVE,ACTIVE,MATCH,Verified raw reconstitution event
EVT_00725,ind_prs21022025.pdf,GAEL,DELETION,ACTIVE,ACTIVE,MATCH,Verified raw reconstitution event
EVT_00726,ind_prs21022025.pdf,GSFC,DELETION,ACTIVE,ACTIVE,MATCH,Verified raw reconstitution event
EVT_00727,ind_prs21022025.pdf,JKLAKSHMI,DELETION,ACTIVE,ACTIVE,MATCH,Verified raw reconstitution event
EVT_00728,ind_prs21022025.pdf,KSB,DELETION,ACTIVE,ACTIVE,MATCH,Verified raw reconstitution event
EVT_00729,ind_prs21022025.pdf,MAHLIFE,DELETION,ACTIVE,ACTIVE,MATCH,Verified raw reconstitution event
EVT_00730,ind_prs21022025.pdf,METROBRAND,DELETION,ACTIVE,ACTIVE,MATCH,Verified raw reconstitution event
EVT_00731,ind_prs21022025.pdf,NUVOCO,DELETION,ACTIVE,ACTIVE,MATCH,Verified raw reconstitution event
EVT_00732,ind_prs21022025.pdf,PGHH,DELETION,ACTIVE,ACTIVE,MATCH,Verified raw reconstitution event
EVT_00733,ind_prs21022025.pdf,RAJESHEXPO,DELETION,ACTIVE,ACTIVE,MATCH,Verified raw reconstitution event
EVT_00734,ind_prs21022025.pdf,RATNAMANI,DELETION,ACTIVE,ACTIVE,MATCH,Verified raw reconstitution event
EVT_00735,ind_prs21022025.pdf,SANOFI,DELETION,ACTIVE,ACTIVE,MATCH,Verified raw reconstitution event
EVT_00736,ind_prs21022025.pdf,SPARC,DELETION,ACTIVE,ACTIVE,MATCH,Verified raw reconstitution event
EVT_00737,ind_prs21022025.pdf,SUNDRMFAST,DELETION,ACTIVE,ACTIVE,MATCH,Verified raw reconstitution event
EVT_00738,ind_prs21022025.pdf,TVSSCS,DELETION,ACTIVE,ACTIVE,MATCH,Verified raw reconstitution event
EVT_00739,ind_prs21022025.pdf,UJJIVANSFB,DELETION,ACTIVE,ACTIVE,MATCH,Verified raw reconstitution event
EVT_00740,ind_prs21022025.pdf,VIPIND,DELETION,ACTIVE,ACTIVE,MATCH,Verified raw reconstitution event
EVT_00741,ind_prs21022025.pdf,VARROC,DELETION,ACTIVE,ACTIVE,MATCH,Verified raw reconstitution event
EVT_00742,ind_prs21022025.pdf,VINATIORGA,DELETION,ACTIVE,ACTIVE,MATCH,Verified raw reconstitution event
EVT_00743,ind_prs21022025.pdf,ACMESOLAR,ADDITION,ACTIVE,ACTIVE,MATCH,Verified raw reconstitution event
EVT_00744,ind_prs21022025.pdf,AFCONS,ADDITION,ACTIVE,ACTIVE,MATCH,Verified raw reconstitution event
EVT_00745,ind_prs21022025.pdf,ALIVUS,ADDITION,ACTIVE,ACTIVE,MATCH,Verified raw reconstitution event
EVT_00746,ind_prs21022025.pdf,AIIL,ADDITION,ACTIVE,ACTIVE,MATCH,Verified raw reconstitution event
EVT_00747,ind_prs21022025.pdf,BAJAJHFL,ADDITION,ACTIVE,ACTIVE,MATCH,Verified raw reconstitution event
EVT_00748,ind_prs21022025.pdf,FIRSTCRY,ADDITION,ACTIVE,ACTIVE,MATCH,Verified raw reconstitution event
EVT_00749,ind_prs21022025.pdf,DCMSHRIRAM,ADDITION,ACTIVE,ACTIVE,MATCH,Verified raw reconstitution event
EVT_00750,ind_prs21022025.pdf,GRAVITA,ADDITION,ACTIVE,ACTIVE,MATCH,Verified raw reconstitution event
EVT_00751,ind_prs21022025.pdf,HYUNDAI,ADDITION,ACTIVE,ACTIVE,MATCH,Verified raw reconstitution event
EVT_00752,ind_prs21022025.pdf,IGIL,ADDITION,ACTIVE,ACTIVE,MATCH,Verified raw reconstitution event
EVT_00753,ind_prs21022025.pdf,IKS,ADDITION,ACTIVE,ACTIVE,MATCH,Verified raw reconstitution event
EVT_00754,ind_prs21022025.pdf,JSWHL,ADDITION,ACTIVE,ACTIVE,MATCH,Verified raw reconstitution event
EVT_00755,ind_prs21022025.pdf,LTFOODS,ADDITION,ACTIVE,ACTIVE,MATCH,Verified raw reconstitution event
EVT_00756,ind_prs21022025.pdf,NAVA,ADDITION,ACTIVE,ACTIVE,MATCH,Verified raw reconstitution event
EVT_00757,ind_prs21022025.pdf,NEULANDLAB,ADDITION,ACTIVE,ACTIVE,MATCH,Verified raw reconstitution event
EVT_00758,ind_prs21022025.pdf,NIVABUPA,ADDITION,ACTIVE,ACTIVE,MATCH,Verified raw reconstitution event
EVT_00759,ind_prs21022025.pdf,NTPCGREEN,ADDITION,ACTIVE,ACTIVE,MATCH,Verified raw reconstitution event
EVT_00760,ind_prs21022025.pdf,OLAELEC,ADDITION,ACTIVE,ACTIVE,MATCH,Verified raw reconstitution event
EVT_00761,ind_prs21022025.pdf,PGEL,ADDITION,ACTIVE,ACTIVE,MATCH,Verified raw reconstitution event
EVT_00762,ind_prs21022025.pdf,PREMIERENE,ADDITION,ACTIVE,ACTIVE,MATCH,Verified raw reconstitution event
EVT_00763,ind_prs21022025.pdf,RPOWER,ADDITION,ACTIVE,ACTIVE,MATCH,Verified raw reconstitution event
EVT_00764,ind_prs21022025.pdf,SAGILITY,ADDITION,ACTIVE,ACTIVE,MATCH,Verified raw reconstitution event
EVT_00765,ind_prs21022025.pdf,SAILIFE,ADDITION,ACTIVE,ACTIVE,MATCH,Verified raw reconstitution event
EVT_00766,ind_prs21022025.pdf,SARDAEN,ADDITION,ACTIVE,ACTIVE,MATCH,Verified raw reconstitution event
EVT_00767,ind_prs21022025.pdf,SWIGGY,ADDITION,ACTIVE,ACTIVE,MATCH,Verified raw reconstitution event
EVT_00768,ind_prs21022025.pdf,TARIL,ADDITION,ACTIVE,ACTIVE,MATCH,Verified raw reconstitution event
EVT_00769,ind_prs21022025.pdf,VMM,ADDITION,ACTIVE,ACTIVE,MATCH,Verified raw reconstitution event
EVT_00770,ind_prs21022025.pdf,WAAREEENER,ADDITION,ACTIVE,ACTIVE,MATCH,Verified raw reconstitution event
EVT_00771,ind_prs21022025.pdf,WOCKPHARMA,ADDITION,ACTIVE,ACTIVE,MATCH,Verified raw reconstitution event
EVT_00772,ind_prs21022025.pdf,ZENTEC,ADDITION,ACTIVE,ACTIVE,MATCH,Verified raw reconstitution event
EVT_00773,ind_prs21042025_1.pdf,SAGILITY,ADDITION,ACTIVE,ACTIVE,MATCH,Verified raw reconstitution event
EVT_00774,ind_prs21042025_1.pdf,SUNDRMFAST,ADDITION,ACTIVE,ACTIVE,MATCH,Verified raw reconstitution event
EVT_00775,ind_prs21042025_1.pdf,VBL,ADDITION,ACTIVE,ACTIVE,MATCH,Verified raw reconstitution event
EVT_00776,ind_prs21062024_1.pdf,ABB,DELETION,ACTIVE,ACTIVE,MATCH,Verified raw reconstitution event
EVT_00777,ind_prs22042021.pdf,GHCL,DELETION,ACTIVE,ACTIVE,MATCH,Verified raw reconstitution event
EVT_00778,ind_prs22042021.pdf,TATASTLBSL,DELETION,ACTIVE,ACTIVE,MATCH,Verified raw reconstitution event
EVT_00779,ind_prs22042021.pdf,BURGERKING,DELETION,ACTIVE,ACTIVE,MATCH,Verified raw reconstitution event
EVT_00780,ind_prs22042021.pdf,INFIBEAM,DELETION,ACTIVE,ACTIVE,MATCH,Verified raw reconstitution event
EVT_00781,ind_prs22052024.pdf,ABBOTINDIA,DELETION,ACTIVE,ACTIVE,MATCH,Verified raw reconstitution event
EVT_00782,ind_prs22052024.pdf,ADANIENT,DELETION,ACTIVE,ACTIVE,MATCH,Verified raw reconstitution event
EVT_00783,ind_prs22052024.pdf,AIAENG,DELETION,ACTIVE,ACTIVE,MATCH,Verified raw reconstitution event
EVT_00784,ind_prs22052024.pdf,BIOCON,DELETION,ACTIVE,ACTIVE,MATCH,Verified raw reconstitution event
EVT_00785,ind_prs22052024.pdf,BIRLACORPN,DELETION,ACTIVE,ACTIVE,MATCH,Verified raw reconstitution event
EVT_00786,ind_prs22052024.pdf,CAMS,DELETION,ACTIVE,ACTIVE,MATCH,Verified raw reconstitution event
EVT_00787,ind_prs22052024.pdf,CONCOR,DELETION,ACTIVE,ACTIVE,MATCH,Verified raw reconstitution event
EVT_00788,ind_prs22052024.pdf,DIVISLAB,DELETION,ACTIVE,ACTIVE,MATCH,Verified raw reconstitution event
EVT_00789,ind_prs22052024.pdf,GRASIM,DELETION,ACTIVE,ACTIVE,MATCH,Verified raw reconstitution event
EVT_00790,ind_prs22052024.pdf,HONAUT,DELETION,ACTIVE,ACTIVE,MATCH,Verified raw reconstitution event
EVT_00791,ind_prs22052024.pdf,IRCON,DELETION,ACTIVE,ACTIVE,MATCH,Verified raw reconstitution event
EVT_00792,ind_prs22052024.pdf,JINDALSAW,DELETION,ACTIVE,ACTIVE,MATCH,Verified raw reconstitution event
EVT_00793,ind_prs22052024.pdf,JKLAKSHMI,DELETION,ACTIVE,ACTIVE,MATCH,Verified raw reconstitution event
EVT_00794,ind_prs22052024.pdf,JUBLPHARMA,DELETION,ACTIVE,ACTIVE,MATCH,Verified raw reconstitution event
EVT_00795,ind_prs22052024.pdf,LAURUSLABS,DELETION,ACTIVE,ACTIVE,MATCH,Verified raw reconstitution event
EVT_00796,ind_prs22052024.pdf,NMDC,DELETION,ACTIVE,ACTIVE,MATCH,Verified raw reconstitution event
EVT_00797,ind_prs22052024.pdf,PPLPHARMA,DELETION,ACTIVE,ACTIVE,MATCH,Verified raw reconstitution event
EVT_00798,ind_prs22052024.pdf,PNCINFRA,DELETION,ACTIVE,ACTIVE,MATCH,Verified raw reconstitution event
EVT_00799,ind_prs22052024.pdf,PRESTIGE,DELETION,ACTIVE,ACTIVE,MATCH,Verified raw reconstitution event
EVT_00800,ind_prs22052024.pdf,SUZLON,DELETION,ACTIVE,ACTIVE,MATCH,Verified raw reconstitution event
EVT_00801,ind_prs22052024.pdf,TATACOMM,DELETION,ACTIVE,ACTIVE,MATCH,Verified raw reconstitution event
EVT_00802,ind_prs22052024.pdf,TATASTEEL,DELETION,ACTIVE,ACTIVE,MATCH,Verified raw reconstitution event
EVT_00803,ind_prs22052024.pdf,TVSMOTOR,DELETION,ACTIVE,ACTIVE,MATCH,Verified raw reconstitution event
EVT_00804,ind_prs22052024.pdf,UPL,DELETION,ACTIVE,ACTIVE,MATCH,Verified raw reconstitution event
EVT_00805,ind_prs22052024.pdf,WELSPUNLIV,DELETION,ACTIVE,ACTIVE,MATCH,Verified raw reconstitution event
EVT_00806,ind_prs22052024.pdf,ATGL,ADDITION,ACTIVE,ACTIVE,MATCH,Verified raw reconstitution event
EVT_00807,ind_prs22052024.pdf,ABFRL,ADDITION,ACTIVE,ACTIVE,MATCH,Verified raw reconstitution event
EVT_00808,ind_prs22052024.pdf,AFFLE,ADDITION,ACTIVE,ACTIVE,MATCH,Verified raw reconstitution event
EVT_00809,ind_prs22052024.pdf,ASTERDM,ADDITION,ACTIVE,ACTIVE,MATCH,Verified raw reconstitution event
EVT_00810,ind_prs22052024.pdf,BATAINDIA,ADDITION,ACTIVE,ACTIVE,MATCH,Verified raw reconstitution event
EVT_00811,ind_prs22052024.pdf,CAPLIPOINT,ADDITION,ACTIVE,ACTIVE,MATCH,Verified raw reconstitution event
EVT_00812,ind_prs22052024.pdf,FDC,ADDITION,ACTIVE,ACTIVE,MATCH,Verified raw reconstitution event
EVT_00813,ind_prs22052024.pdf,FINCABLES,ADDITION,ACTIVE,ACTIVE,MATCH,Verified raw reconstitution event
EVT_00814,ind_prs22052024.pdf,FINPIPE,ADDITION,ACTIVE,ACTIVE,MATCH,Verified raw reconstitution event
EVT_00815,ind_prs22052024.pdf,FORTIS,ADDITION,ACTIVE,ACTIVE,MATCH,Verified raw reconstitution event
EVT_00816,ind_prs22052024.pdf,NYKAA,ADDITION,ACTIVE,ACTIVE,MATCH,Verified raw reconstitution event
EVT_00817,ind_prs22052024.pdf,INDUSTOWER,ADDITION,ACTIVE,ACTIVE,MATCH,Verified raw reconstitution event
EVT_00818,ind_prs22052024.pdf,LODHA,ADDITION,ACTIVE,ACTIVE,MATCH,Verified raw reconstitution event
EVT_00819,ind_prs22052024.pdf,MAXHEALTH,ADDITION,ACTIVE,ACTIVE,MATCH,Verified raw reconstitution event
EVT_00820,ind_prs22052024.pdf,MEDPLUS,ADDITION,ACTIVE,ACTIVE,MATCH,Verified raw reconstitution event
EVT_00821,ind_prs22052024.pdf,METROBRAND,ADDITION,ACTIVE,ACTIVE,MATCH,Verified raw reconstitution event
EVT_00822,ind_prs22052024.pdf,MINDACORP,ADDITION,ACTIVE,ACTIVE,MATCH,Verified raw reconstitution event
EVT_00823,ind_prs22052024.pdf,MMTC,ADDITION,ACTIVE,ACTIVE,MATCH,Verified raw reconstitution event
EVT_00824,ind_prs22052024.pdf,PRAJIND,ADDITION,ACTIVE,ACTIVE,MATCH,Verified raw reconstitution event
EVT_00825,ind_prs22052024.pdf,PRSMJOHNSN,ADDITION,ACTIVE,ACTIVE,MATCH,Verified raw reconstitution event
EVT_00826,ind_prs22052024.pdf,ROUTE,ADDITION,ACTIVE,ACTIVE,MATCH,Verified raw reconstitution event
EVT_00827,ind_prs22052024.pdf,SUNPHARMA,ADDITION,ACTIVE,ACTIVE,MATCH,Verified raw reconstitution event
EVT_00828,ind_prs22052024.pdf,TRENT,ADDITION,ACTIVE,ACTIVE,MATCH,Verified raw reconstitution event
EVT_00829,ind_prs22052024.pdf,ZENSARTECH,ADDITION,ACTIVE,ACTIVE,MATCH,Verified raw reconstitution event
EVT_00830,ind_prs22052024.pdf,ZYDUSLIFE,ADDITION,ACTIVE,ACTIVE,MATCH,Verified raw reconstitution event
EVT_00831,ind_prs22052024.pdf,COFORGE,ADDITION,ACTIVE,ACTIVE,MATCH,Verified raw reconstitution event
EVT_00832,ind_prs22052024.pdf,LUPIN,ADDITION,ACTIVE,ACTIVE,MATCH,Verified raw reconstitution event
EVT_00833,ind_prs22052024.pdf,SRF,ADDITION,ACTIVE,ACTIVE,MATCH,Verified raw reconstitution event
EVT_00834,ind_prs22052024.pdf,TIINDIA,ADDITION,ACTIVE,ACTIVE,MATCH,Verified raw reconstitution event
EVT_00835,ind_prs22082025.pdf,ALIVUS,DELETION,ACTIVE,ACTIVE,MATCH,Verified raw reconstitution event
EVT_00836,ind_prs22082025.pdf,GNFC,DELETION,ACTIVE,ACTIVE,MATCH,Verified raw reconstitution event
EVT_00837,ind_prs22082025.pdf,GPPL,DELETION,ACTIVE,ACTIVE,MATCH,Verified raw reconstitution event
EVT_00838,ind_prs22082025.pdf,JSWHL,DELETION,ACTIVE,ACTIVE,MATCH,Verified raw reconstitution event
EVT_00839,ind_prs22082025.pdf,JUSTDIAL,DELETION,ACTIVE,ACTIVE,MATCH,Verified raw reconstitution event
EVT_00840,ind_prs22082025.pdf,KANSAINER,DELETION,ACTIVE,ACTIVE,MATCH,Verified raw reconstitution event
EVT_00841,ind_prs22082025.pdf,KNRCON,DELETION,ACTIVE,ACTIVE,MATCH,Verified raw reconstitution event
EVT_00842,ind_prs22082025.pdf,MASTEK,DELETION,ACTIVE,ACTIVE,MATCH,Verified raw reconstitution event
EVT_00843,ind_prs22082025.pdf,NETWORK18,DELETION,ACTIVE,ACTIVE,MATCH,Verified raw reconstitution event
EVT_00844,ind_prs22082025.pdf,PNCINFRA,DELETION,ACTIVE,ACTIVE,MATCH,Verified raw reconstitution event
EVT_00845,ind_prs22082025.pdf,RTNINDIA,DELETION,ACTIVE,ACTIVE,MATCH,Verified raw reconstitution event
EVT_00846,ind_prs22082025.pdf,RAYMONDLSL,DELETION,ACTIVE,ACTIVE,MATCH,Verified raw reconstitution event
EVT_00847,ind_prs22082025.pdf,RAYMOND,DELETION,ACTIVE,ACTIVE,MATCH,Verified raw reconstitution event
EVT_00848,ind_prs22082025.pdf,ROUTE,DELETION,ACTIVE,ACTIVE,MATCH,Verified raw reconstitution event
EVT_00849,ind_prs22082025.pdf,RENUKA,DELETION,ACTIVE,ACTIVE,MATCH,Verified raw reconstitution event
EVT_00850,ind_prs22082025.pdf,SWSOLAR,DELETION,ACTIVE,ACTIVE,MATCH,Verified raw reconstitution event
EVT_00851,ind_prs22082025.pdf,TANLA,DELETION,ACTIVE,ACTIVE,MATCH,Verified raw reconstitution event
EVT_00852,ind_prs22082025.pdf,WESTLIFE,DELETION,ACTIVE,ACTIVE,MATCH,Verified raw reconstitution event
EVT_00853,ind_prs22082025.pdf,ABLBL,ADDITION,ACTIVE,ACTIVE,MATCH,Verified raw reconstitution event
EVT_00854,ind_prs22082025.pdf,AEGISVOPAK,ADDITION,ACTIVE,ACTIVE,MATCH,Verified raw reconstitution event
EVT_00855,ind_prs22082025.pdf,AKZOINDIA,ADDITION,ACTIVE,ACTIVE,MATCH,Verified raw reconstitution event
EVT_00856,ind_prs22082025.pdf,ATHERENERG,ADDITION,ACTIVE,ACTIVE,MATCH,Verified raw reconstitution event
EVT_00857,ind_prs22082025.pdf,BLUEJET,ADDITION,ACTIVE,ACTIVE,MATCH,Verified raw reconstitution event
EVT_00858,ind_prs22082025.pdf,CHOICEIN,ADDITION,ACTIVE,ACTIVE,MATCH,Verified raw reconstitution event
EVT_00859,ind_prs22082025.pdf,AGARWALEYE,ADDITION,ACTIVE,ACTIVE,MATCH,Verified raw reconstitution event
EVT_00860,ind_prs22082025.pdf,FORCEMOT,ADDITION,ACTIVE,ACTIVE,MATCH,Verified raw reconstitution event
EVT_00861,ind_prs22082025.pdf,HEXT,ADDITION,ACTIVE,ACTIVE,MATCH,Verified raw reconstitution event
EVT_00862,ind_prs22082025.pdf,ITCHOTELS,ADDITION,ACTIVE,ACTIVE,MATCH,Verified raw reconstitution event
EVT_00863,ind_prs22082025.pdf,KSB,ADDITION,ACTIVE,ACTIVE,MATCH,Verified raw reconstitution event
EVT_00864,ind_prs22082025.pdf,MAHSCOOTER,ADDITION,ACTIVE,ACTIVE,MATCH,Verified raw reconstitution event
EVT_00865,ind_prs22082025.pdf,NUVOCO,ADDITION,ACTIVE,ACTIVE,MATCH,Verified raw reconstitution event
EVT_00866,ind_prs22082025.pdf,ONESOURCE,ADDITION,ACTIVE,ACTIVE,MATCH,Verified raw reconstitution event
EVT_00867,ind_prs22082025.pdf,PGHH,ADDITION,ACTIVE,ACTIVE,MATCH,Verified raw reconstitution event
EVT_00868,ind_prs22082025.pdf,THELEELA,ADDITION,ACTIVE,ACTIVE,MATCH,Verified raw reconstitution event
EVT_00869,ind_prs22082025.pdf,ENRIN,ADDITION,ACTIVE,ACTIVE,MATCH,Verified raw reconstitution event
EVT_00870,ind_prs22082025.pdf,VENTIVE,ADDITION,ACTIVE,ACTIVE,MATCH,Verified raw reconstitution event
EVT_00871,ind_prs22082025_1.pdf,ABREL,DELETION,ACTIVE,ACTIVE,MATCH,Verified raw reconstitution event
EVT_00872,ind_prs22082025_1.pdf,AEGISLOG,DELETION,ACTIVE,ACTIVE,MATCH,Verified raw reconstitution event
EVT_00873,ind_prs22082025_1.pdf,INDIACEM,DELETION,ACTIVE,ACTIVE,MATCH,Verified raw reconstitution event
EVT_00874,ind_prs22082025_1.pdf,PIIND,DELETION,ACTIVE,ACTIVE,MATCH,Verified raw reconstitution event
EVT_00875,ind_prs22082025_1.pdf,SHREECEM,DELETION,ACTIVE,ACTIVE,MATCH,Verified raw reconstitution event
EVT_00876,ind_prs22082025_1.pdf,SONACOMS,DELETION,ACTIVE,ACTIVE,MATCH,Verified raw reconstitution event
EVT_00877,ind_prs22082025_1.pdf,MAXHEALTH,ADDITION,ACTIVE,ACTIVE,MATCH,Verified raw reconstitution event
EVT_00878,ind_prs22082025_1.pdf,RAYMOND,ADDITION,ACTIVE,ACTIVE,MATCH,Verified raw reconstitution event
EVT_00879,ind_prs22082025_1.pdf,TORNTPHARM,ADDITION,ACTIVE,ACTIVE,MATCH,Verified raw reconstitution event
EVT_00880,ind_prs22082025_1.pdf,TORNTPOWER,ADDITION,ACTIVE,ACTIVE,MATCH,Verified raw reconstitution event
EVT_00881,ind_prs22082025_1.pdf,WOCKPHARMA,ADDITION,ACTIVE,ACTIVE,MATCH,Verified raw reconstitution event
EVT_00882,ind_prs22102021.pdf,GMRINFRA,DELETION,ACTIVE,ACTIVE,MATCH,Verified raw reconstitution event
EVT_00883,ind_prs22102021.pdf,SONACOMS,DELETION,ACTIVE,ACTIVE,MATCH,Verified raw reconstitution event
EVT_00884,ind_prs22112024.pdf,NSLNISP,ADDITION,ACTIVE,ACTIVE,MATCH,Verified raw reconstitution event
EVT_00885,ind_prs22112024.pdf,SAIL,ADDITION,ACTIVE,ACTIVE,MATCH,Verified raw reconstitution event
EVT_00886,ind_prs22122022.pdf,SAREGAMA,DELETION,ACTIVE,ACTIVE,MATCH,Verified raw reconstitution event
EVT_00887,ind_prs22122022.pdf,RAINBOW,DELETION,ACTIVE,ACTIVE,MATCH,Verified raw reconstitution event
EVT_00888,ind_prs23022021.pdf,BOMDYEING,DELETION,ACTIVE,ACTIVE,MATCH,Verified raw reconstitution event
EVT_00889,ind_prs23022021.pdf,CARERATING,DELETION,ACTIVE,ACTIVE,MATCH,Verified raw reconstitution event
EVT_00890,ind_prs23022021.pdf,CHENNPETRO,DELETION,ACTIVE,ACTIVE,MATCH,Verified raw reconstitution event
EVT_00891,ind_prs23022021.pdf,DBCORP,DELETION,ACTIVE,ACTIVE,MATCH,Verified raw reconstitution event
EVT_00892,ind_prs23022021.pdf,ESABINDIA,DELETION,ACTIVE,ACTIVE,MATCH,Verified raw reconstitution event
EVT_00893,ind_prs23022021.pdf,GMDCLTD,DELETION,ACTIVE,ACTIVE,MATCH,Verified raw reconstitution event
EVT_00894,ind_prs23022021.pdf,HATHWAY,DELETION,ACTIVE,ACTIVE,MATCH,Verified raw reconstitution event
EVT_00895,ind_prs23022021.pdf,HERITGFOOD,DELETION,ACTIVE,ACTIVE,MATCH,Verified raw reconstitution event
EVT_00896,ind_prs23022021.pdf,ICRA,DELETION,ACTIVE,ACTIVE,MATCH,Verified raw reconstitution event
EVT_00897,ind_prs23022021.pdf,JAGRAN,DELETION,ACTIVE,ACTIVE,MATCH,Verified raw reconstitution event
EVT_00898,ind_prs23022021.pdf,JAICORPLTD,DELETION,ACTIVE,ACTIVE,MATCH,Verified raw reconstitution event
EVT_00899,ind_prs23022021.pdf,J&KBANK,DELETION,ACTIVE,ACTIVE,MATCH,Verified raw reconstitution event
EVT_00900,ind_prs23022021.pdf,KTKBANK,DELETION,ACTIVE,ACTIVE,MATCH,Verified raw reconstitution event
EVT_00901,ind_prs23022021.pdf,KOLTEPATIL,DELETION,ACTIVE,ACTIVE,MATCH,Verified raw reconstitution event
EVT_00902,ind_prs23022021.pdf,NAVNETEDUL,DELETION,ACTIVE,ACTIVE,MATCH,Verified raw reconstitution event
EVT_00903,ind_prs23022021.pdf,OMAXE,DELETION,ACTIVE,ACTIVE,MATCH,Verified raw reconstitution event
EVT_00904,ind_prs23022021.pdf,ORIENTCEM,DELETION,ACTIVE,ACTIVE,MATCH,Verified raw reconstitution event
EVT_00905,ind_prs23022021.pdf,PRAJIND,DELETION,ACTIVE,ACTIVE,MATCH,Verified raw reconstitution event
EVT_00906,ind_prs23022021.pdf,PSPPROJECT,DELETION,ACTIVE,ACTIVE,MATCH,Verified raw reconstitution event
EVT_00907,ind_prs23022021.pdf,PTC,DELETION,ACTIVE,ACTIVE,MATCH,Verified raw reconstitution event
EVT_00908,ind_prs23022021.pdf,SOUTHBANK,DELETION,ACTIVE,ACTIVE,MATCH,Verified raw reconstitution event
EVT_00909,ind_prs23022021.pdf,SWARAJENG,DELETION,ACTIVE,ACTIVE,MATCH,Verified raw reconstitution event
EVT_00910,ind_prs23022021.pdf,TVTODAY,DELETION,ACTIVE,ACTIVE,MATCH,Verified raw reconstitution event
EVT_00911,ind_prs23022021.pdf,VRLLOG,DELETION,ACTIVE,ACTIVE,MATCH,Verified raw reconstitution event
EVT_00912,ind_prs23022021.pdf,ANGELBRKG,ADDITION,ACTIVE,ACTIVE,MATCH,Verified raw reconstitution event
EVT_00913,ind_prs23022021.pdf,ASAHIINDIA,ADDITION,ACTIVE,ACTIVE,MATCH,Verified raw reconstitution event
EVT_00914,ind_prs23022021.pdf,BALAMINES,ADDITION,ACTIVE,ACTIVE,MATCH,Verified raw reconstitution event
EVT_00915,ind_prs23022021.pdf,CAMS,ADDITION,ACTIVE,ACTIVE,MATCH,Verified raw reconstitution event
EVT_00916,ind_prs23022021.pdf,HAPPSTMNDS,ADDITION,ACTIVE,ACTIVE,MATCH,Verified raw reconstitution event
EVT_00917,ind_prs23022021.pdf,HEMIPROP,ADDITION,ACTIVE,ACTIVE,MATCH,Verified raw reconstitution event
EVT_00918,ind_prs23022021.pdf,ICIL,ADDITION,ACTIVE,ACTIVE,MATCH,Verified raw reconstitution event
EVT_00919,ind_prs23022021.pdf,INTELLECT,ADDITION,ACTIVE,ACTIVE,MATCH,Verified raw reconstitution event
EVT_00920,ind_prs23022021.pdf,KPRMILL,ADDITION,ACTIVE,ACTIVE,MATCH,Verified raw reconstitution event
EVT_00921,ind_prs23022021.pdf,KPITTECH,ADDITION,ACTIVE,ACTIVE,MATCH,Verified raw reconstitution event
EVT_00922,ind_prs23022021.pdf,MAXHEALTH,ADDITION,ACTIVE,ACTIVE,MATCH,Verified raw reconstitution event
EVT_00923,ind_prs23022021.pdf,MAZDOCK,ADDITION,ACTIVE,ACTIVE,MATCH,Verified raw reconstitution event
EVT_00924,ind_prs23022021.pdf,PRINCEPIPE,ADDITION,ACTIVE,ACTIVE,MATCH,Verified raw reconstitution event
EVT_00925,ind_prs23022021.pdf,RESPONIND,ADDITION,ACTIVE,ACTIVE,MATCH,Verified raw reconstitution event
EVT_00926,ind_prs23022021.pdf,ROSSARI,ADDITION,ACTIVE,ACTIVE,MATCH,Verified raw reconstitution event
EVT_00927,ind_prs23022021.pdf,ROUTE,ADDITION,ACTIVE,ACTIVE,MATCH,Verified raw reconstitution event
EVT_00928,ind_prs23022021.pdf,SHARDACROP,ADDITION,ACTIVE,ACTIVE,MATCH,Verified raw reconstitution event
EVT_00929,ind_prs23022021.pdf,SPANDANA,ADDITION,ACTIVE,ACTIVE,MATCH,Verified raw reconstitution event
EVT_00930,ind_prs23022021.pdf,SUNCLAYLTD,ADDITION,ACTIVE,ACTIVE,MATCH,Verified raw reconstitution event
EVT_00931,ind_prs23022021.pdf,TANLA,ADDITION,ACTIVE,ACTIVE,MATCH,Verified raw reconstitution event
EVT_00932,ind_prs23022021.pdf,TRITURBINE,ADDITION,ACTIVE,ACTIVE,MATCH,Verified raw reconstitution event
EVT_00933,ind_prs23022021.pdf,UTIAMC,ADDITION,ACTIVE,ACTIVE,MATCH,Verified raw reconstitution event
EVT_00934,ind_prs23022021.pdf,VALIANTORG,ADDITION,ACTIVE,ACTIVE,MATCH,Verified raw reconstitution event
EVT_00935,ind_prs23022021.pdf,VEDL,ADDITION,ACTIVE,ACTIVE,MATCH,Verified raw reconstitution event
EVT_00936,ind_prs23022026.pdf,AKUMS,DELETION,ACTIVE,ACTIVE,MATCH,Verified raw reconstitution event
EVT_00937,ind_prs23022026.pdf,APLLTD,DELETION,ACTIVE,ACTIVE,MATCH,Verified raw reconstitution event
EVT_00938,ind_prs23022026.pdf,ALKYLAMINE,DELETION,ACTIVE,ACTIVE,MATCH,Verified raw reconstitution event
EVT_00939,ind_prs23022026.pdf,ALOKINDS,DELETION,ACTIVE,ACTIVE,MATCH,Verified raw reconstitution event
EVT_00940,ind_prs23022026.pdf,ASTRAZEN,DELETION,ACTIVE,ACTIVE,MATCH,Verified raw reconstitution event
EVT_00941,ind_prs23022026.pdf,BASF,DELETION,ACTIVE,ACTIVE,MATCH,Verified raw reconstitution event
EVT_00942,ind_prs23022026.pdf,CAMPUS,DELETION,ACTIVE,ACTIVE,MATCH,Verified raw reconstitution event
EVT_00943,ind_prs23022026.pdf,CENTURYPLY,DELETION,ACTIVE,ACTIVE,MATCH,Verified raw reconstitution event
EVT_00944,ind_prs23022026.pdf,CERA,DELETION,ACTIVE,ACTIVE,MATCH,Verified raw reconstitution event
EVT_00945,ind_prs23022026.pdf,AGARWALEYE,DELETION,ACTIVE,ACTIVE,MATCH,Verified raw reconstitution event
EVT_00946,ind_prs23022026.pdf,FINPIPE,DELETION,ACTIVE,ACTIVE,MATCH,Verified raw reconstitution event
EVT_00947,ind_prs23022026.pdf,GODREJAGRO,DELETION,ACTIVE,ACTIVE,MATCH,Verified raw reconstitution event
EVT_00948,ind_prs23022026.pdf,GUJGASLTD,DELETION,ACTIVE,ACTIVE,MATCH,Verified raw reconstitution event
EVT_00949,ind_prs23022026.pdf,HAPPSTMNDS,DELETION,ACTIVE,ACTIVE,MATCH,Verified raw reconstitution event
EVT_00950,ind_prs23022026.pdf,INOXINDIA,DELETION,ACTIVE,ACTIVE,MATCH,Verified raw reconstitution event
EVT_00951,ind_prs23022026.pdf,JYOTHYLAB,DELETION,ACTIVE,ACTIVE,MATCH,Verified raw reconstitution event
EVT_00952,ind_prs23022026.pdf,KIRLOSBROS,DELETION,ACTIVE,ACTIVE,MATCH,Verified raw reconstitution event
EVT_00953,ind_prs23022026.pdf,KSB,DELETION,ACTIVE,ACTIVE,MATCH,Verified raw reconstitution event
EVT_00954,ind_prs23022026.pdf,MAHSCOOTER,DELETION,ACTIVE,ACTIVE,MATCH,Verified raw reconstitution event
EVT_00955,ind_prs23022026.pdf,MAHSEAMLES,DELETION,ACTIVE,ACTIVE,MATCH,Verified raw reconstitution event
EVT_00956,ind_prs23022026.pdf,METROPOLIS,DELETION,ACTIVE,ACTIVE,MATCH,Verified raw reconstitution event
EVT_00957,ind_prs23022026.pdf,PRAJIND,DELETION,ACTIVE,ACTIVE,MATCH,Verified raw reconstitution event
EVT_00958,ind_prs23022026.pdf,PGHH,DELETION,ACTIVE,ACTIVE,MATCH,Verified raw reconstitution event
EVT_00959,ind_prs23022026.pdf,RCF,DELETION,ACTIVE,ACTIVE,MATCH,Verified raw reconstitution event
EVT_00960,ind_prs23022026.pdf,RELINFRA,DELETION,ACTIVE,ACTIVE,MATCH,Verified raw reconstitution event
EVT_00961,ind_prs23022026.pdf,SUNDRMFAST,DELETION,ACTIVE,ACTIVE,MATCH,Verified raw reconstitution event
EVT_00962,ind_prs23022026.pdf,TRIVENI,DELETION,ACTIVE,ACTIVE,MATCH,Verified raw reconstitution event
EVT_00963,ind_prs23022026.pdf,DBREALTY,DELETION,ACTIVE,ACTIVE,MATCH,Verified raw reconstitution event
EVT_00964,ind_prs23022026.pdf,MANYAVAR,DELETION,ACTIVE,ACTIVE,MATCH,Verified raw reconstitution event
EVT_00965,ind_prs23022026.pdf,VENTIVE,DELETION,ACTIVE,ACTIVE,MATCH,Verified raw reconstitution event
EVT_00966,ind_prs23022026.pdf,VGUARD,DELETION,ACTIVE,ACTIVE,MATCH,Verified raw reconstitution event
EVT_00967,ind_prs23022026.pdf,ACUTAAS,ADDITION,ACTIVE,ACTIVE,MATCH,Verified raw reconstitution event
EVT_00968,ind_prs23022026.pdf,CPPLUS,ADDITION,ACTIVE,ACTIVE,MATCH,Verified raw reconstitution event
EVT_00969,ind_prs23022026.pdf,ABDL,ADDITION,ACTIVE,ACTIVE,MATCH,Verified raw reconstitution event
EVT_00970,ind_prs23022026.pdf,ANTHEM,ADDITION,ACTIVE,ACTIVE,MATCH,Verified raw reconstitution event
EVT_00971,ind_prs23022026.pdf,ANURAS,ADDITION,ACTIVE,ACTIVE,MATCH,Verified raw reconstitution event
EVT_00972,ind_prs23022026.pdf,BELRISE,ADDITION,ACTIVE,ACTIVE,MATCH,Verified raw reconstitution event
EVT_00973,ind_prs23022026.pdf,GROWW,ADDITION,ACTIVE,ACTIVE,MATCH,Verified raw reconstitution event
EVT_00974,ind_prs23022026.pdf,CANHLIFE,ADDITION,ACTIVE,ACTIVE,MATCH,Verified raw reconstitution event
EVT_00975,ind_prs23022026.pdf,CARTRADE,ADDITION,ACTIVE,ACTIVE,MATCH,Verified raw reconstitution event
EVT_00976,ind_prs23022026.pdf,CEMPRO,ADDITION,ACTIVE,ACTIVE,MATCH,Verified raw reconstitution event
EVT_00977,ind_prs23022026.pdf,EMMVEE,ADDITION,ACTIVE,ACTIVE,MATCH,Verified raw reconstitution event
EVT_00978,ind_prs23022026.pdf,GABRIEL,ADDITION,ACTIVE,ACTIVE,MATCH,Verified raw reconstitution event
EVT_00979,ind_prs23022026.pdf,GALLANTT,ADDITION,ACTIVE,ACTIVE,MATCH,Verified raw reconstitution event
EVT_00980,ind_prs23022026.pdf,HDBFS,ADDITION,ACTIVE,ACTIVE,MATCH,Verified raw reconstitution event
EVT_00981,ind_prs23022026.pdf,ICICIAMC,ADDITION,ACTIVE,ACTIVE,MATCH,Verified raw reconstitution event
EVT_00982,ind_prs23022026.pdf,JAINREC,ADDITION,ACTIVE,ACTIVE,MATCH,Verified raw reconstitution event
EVT_00983,ind_prs23022026.pdf,LENSKART,ADDITION,ACTIVE,ACTIVE,MATCH,Verified raw reconstitution event
EVT_00984,ind_prs23022026.pdf,LGEINDIA,ADDITION,ACTIVE,ACTIVE,MATCH,Verified raw reconstitution event
EVT_00985,ind_prs23022026.pdf,MEESHO,ADDITION,ACTIVE,ACTIVE,MATCH,Verified raw reconstitution event
EVT_00986,ind_prs23022026.pdf,PARADEEP,ADDITION,ACTIVE,ACTIVE,MATCH,Verified raw reconstitution event
EVT_00987,ind_prs23022026.pdf,PWL,ADDITION,ACTIVE,ACTIVE,MATCH,Verified raw reconstitution event
EVT_00988,ind_prs23022026.pdf,PINELABS,ADDITION,ACTIVE,ACTIVE,MATCH,Verified raw reconstitution event
EVT_00989,ind_prs23022026.pdf,PIRAMALFIN,ADDITION,ACTIVE,ACTIVE,MATCH,Verified raw reconstitution event
EVT_00990,ind_prs23022026.pdf,SPLPETRO,ADDITION,ACTIVE,ACTIVE,MATCH,Verified raw reconstitution event
EVT_00991,ind_prs23022026.pdf,TATACAP,ADDITION,ACTIVE,ACTIVE,MATCH,Verified raw reconstitution event
EVT_00992,ind_prs23022026.pdf,TMCV,ADDITION,ACTIVE,ACTIVE,MATCH,Verified raw reconstitution event
EVT_00993,ind_prs23022026.pdf,TEGA,ADDITION,ACTIVE,ACTIVE,MATCH,Verified raw reconstitution event
EVT_00994,ind_prs23022026.pdf,TENNIND,ADDITION,ACTIVE,ACTIVE,MATCH,Verified raw reconstitution event
EVT_00995,ind_prs23022026.pdf,TRAVELFOOD,ADDITION,ACTIVE,ACTIVE,MATCH,Verified raw reconstitution event
EVT_00996,ind_prs23022026.pdf,URBANCO,ADDITION,ACTIVE,ACTIVE,MATCH,Verified raw reconstitution event
EVT_00997,ind_prs23022026.pdf,ZYDUSWELL,ADDITION,ACTIVE,ACTIVE,MATCH,Verified raw reconstitution event
EVT_00998,ind_prs23032020.pdf,GAYAPROJ,DELETION,ACTIVE,ACTIVE,MATCH,Verified raw reconstitution event
EVT_00999,ind_prs23032020.pdf,FLUOROCHEM,DELETION,ACTIVE,ACTIVE,MATCH,Verified raw reconstitution event
EVT_01000,ind_prs23082022.pdf,AARTIDRUGS,DELETION,ACTIVE,ACTIVE,MATCH,Verified raw reconstitution event
EVT_01001,ind_prs23082022.pdf,CROMPTON,DELETION,ACTIVE,ACTIVE,MATCH,Verified raw reconstitution event
EVT_01002,ind_prs23082022.pdf,GODREJAGRO,DELETION,ACTIVE,ACTIVE,MATCH,Verified raw reconstitution event
EVT_01003,ind_prs23082022.pdf,ROUTE,DELETION,ACTIVE,ACTIVE,MATCH,Verified raw reconstitution event
EVT_01004,ind_prs23082022.pdf,SUDARSCHEM,DELETION,ACTIVE,ACTIVE,MATCH,Verified raw reconstitution event
EVT_01005,ind_prs23082022.pdf,WELCORP,DELETION,ACTIVE,ACTIVE,MATCH,Verified raw reconstitution event
EVT_01006,ind_prs23082022.pdf,BORORENEW,ADDITION,ACTIVE,ACTIVE,MATCH,Verified raw reconstitution event
EVT_01007,ind_prs23082022.pdf,CLEAN,ADDITION,ACTIVE,ACTIVE,MATCH,Verified raw reconstitution event
EVT_01008,ind_prs23082022.pdf,GPPL,ADDITION,ACTIVE,ACTIVE,MATCH,Verified raw reconstitution event
EVT_01009,ind_prs23082022.pdf,NUVOCO,ADDITION,ACTIVE,ACTIVE,MATCH,Verified raw reconstitution event
EVT_01010,ind_prs23082022.pdf,SHREECEM,ADDITION,ACTIVE,ACTIVE,MATCH,Verified raw reconstitution event
EVT_01011,ind_prs23082022.pdf,SOBHA,ADDITION,ACTIVE,ACTIVE,MATCH,Verified raw reconstitution event
EVT_01012,ind_prs23082022.pdf,VIPIND,ADDITION,ACTIVE,ACTIVE,MATCH,Verified raw reconstitution event
EVT_01013,ind_prs23082022.pdf,ZENSARTECH,ADDITION,ACTIVE,ACTIVE,MATCH,Verified raw reconstitution event
EVT_01014,ind_prs23082022.pdf,ZFCVINDIA,ADDITION,ACTIVE,ACTIVE,MATCH,Verified raw reconstitution event
EVT_01015,ind_prs23082022.pdf,ZYDUSLIFE,ADDITION,ACTIVE,ACTIVE,MATCH,Verified raw reconstitution event
EVT_01016,ind_prs23082023.pdf,GPPL,DELETION,ACTIVE,ACTIVE,MATCH,Verified raw reconstitution event
EVT_01017,ind_prs23082023.pdf,MAHLIFE,DELETION,ACTIVE,ACTIVE,MATCH,Verified raw reconstitution event
EVT_01018,ind_prs23082023.pdf,MAHLOG,DELETION,ACTIVE,ACTIVE,MATCH,Verified raw reconstitution event
EVT_01019,ind_prs23082023.pdf,PFIZER,DELETION,ACTIVE,ACTIVE,MATCH,Verified raw reconstitution event
EVT_01020,ind_prs23082023.pdf,ZENSARTECH,DELETION,ACTIVE,ACTIVE,MATCH,Verified raw reconstitution event
EVT_01021,ind_prs23082023.pdf,ZYDUSLIFE,DELETION,ACTIVE,ACTIVE,MATCH,Verified raw reconstitution event
EVT_01022,ind_prs23082023.pdf,AEGISCHEM,ADDITION,ACTIVE,ACTIVE,MATCH,Verified raw reconstitution event
EVT_01023,ind_prs23082023.pdf,ACI,ADDITION,ACTIVE,ACTIVE,MATCH,Verified raw reconstitution event
EVT_01024,ind_prs23082023.pdf,BIOCON,ADDITION,ACTIVE,ACTIVE,MATCH,Verified raw reconstitution event
EVT_01025,ind_prs23082023.pdf,METROPOLIS,ADDITION,ACTIVE,ACTIVE,MATCH,Verified raw reconstitution event
EVT_01026,ind_prs23082023.pdf,THERMAX,ADDITION,ACTIVE,ACTIVE,MATCH,Verified raw reconstitution event
EVT_01027,ind_prs23082024.pdf,AETHER,DELETION,ACTIVE,ACTIVE,MATCH,Verified raw reconstitution event
EVT_01028,ind_prs23082024.pdf,ALLCARGO,DELETION,ACTIVE,ACTIVE,MATCH,Verified raw reconstitution event
EVT_01029,ind_prs23082024.pdf,ANURAS,DELETION,ACTIVE,ACTIVE,MATCH,Verified raw reconstitution event
EVT_01030,ind_prs23082024.pdf,BORORENEW,DELETION,ACTIVE,ACTIVE,MATCH,Verified raw reconstitution event
EVT_01031,ind_prs23082024.pdf,CSBBANK,DELETION,ACTIVE,ACTIVE,MATCH,Verified raw reconstitution event
EVT_01032,ind_prs23082024.pdf,DCMSHRIRAM,DELETION,ACTIVE,ACTIVE,MATCH,Verified raw reconstitution event
EVT_01033,ind_prs23082024.pdf,EPL,DELETION,ACTIVE,ACTIVE,MATCH,Verified raw reconstitution event
EVT_01034,ind_prs23082024.pdf,FDC,DELETION,ACTIVE,ACTIVE,MATCH,Verified raw reconstitution event
EVT_01035,ind_prs23082024.pdf,GLS,DELETION,ACTIVE,ACTIVE,MATCH,Verified raw reconstitution event
EVT_01036,ind_prs23082024.pdf,GMMPFAUDLR,DELETION,ACTIVE,ACTIVE,MATCH,Verified raw reconstitution event
EVT_01037,ind_prs23082024.pdf,HAPPYFORGE,DELETION,ACTIVE,ACTIVE,MATCH,Verified raw reconstitution event
EVT_01038,ind_prs23082024.pdf,INDIGOPNTS,DELETION,ACTIVE,ACTIVE,MATCH,Verified raw reconstitution event
EVT_01039,ind_prs23082024.pdf,JAIBALAJI,DELETION,ACTIVE,ACTIVE,MATCH,Verified raw reconstitution event
EVT_01040,ind_prs23082024.pdf,JKPAPER,DELETION,ACTIVE,ACTIVE,MATCH,Verified raw reconstitution event
EVT_01041,ind_prs23082024.pdf,KRBL,DELETION,ACTIVE,ACTIVE,MATCH,Verified raw reconstitution event
EVT_01042,ind_prs23082024.pdf,LXCHEM,DELETION,ACTIVE,ACTIVE,MATCH,Verified raw reconstitution event
EVT_01043,ind_prs23082024.pdf,MHRIL,DELETION,ACTIVE,ACTIVE,MATCH,Verified raw reconstitution event
EVT_01044,ind_prs23082024.pdf,MEDPLUS,DELETION,ACTIVE,ACTIVE,MATCH,Verified raw reconstitution event
EVT_01045,ind_prs23082024.pdf,MTARTECH,DELETION,ACTIVE,ACTIVE,MATCH,Verified raw reconstitution event
EVT_01046,ind_prs23082024.pdf,PRINCEPIPE,DELETION,ACTIVE,ACTIVE,MATCH,Verified raw reconstitution event
EVT_01047,ind_prs23082024.pdf,RBA,DELETION,ACTIVE,ACTIVE,MATCH,Verified raw reconstitution event
EVT_01048,ind_prs23082024.pdf,SAFARI,DELETION,ACTIVE,ACTIVE,MATCH,Verified raw reconstitution event
EVT_01049,ind_prs23082024.pdf,STLTECH,DELETION,ACTIVE,ACTIVE,MATCH,Verified raw reconstitution event
EVT_01050,ind_prs23082024.pdf,SUNTECK,DELETION,ACTIVE,ACTIVE,MATCH,Verified raw reconstitution event
EVT_01051,ind_prs23082024.pdf,TMB,DELETION,ACTIVE,ACTIVE,MATCH,Verified raw reconstitution event
EVT_01052,ind_prs23082024.pdf,VAIBHAVGBL,DELETION,ACTIVE,ACTIVE,MATCH,Verified raw reconstitution event
EVT_01053,ind_prs23082024.pdf,IDEA,DELETION,ACTIVE,ACTIVE,MATCH,Verified raw reconstitution event
EVT_01054,ind_prs23082024.pdf,AADHARHFC,ADDITION,ACTIVE,ACTIVE,MATCH,Verified raw reconstitution event
EVT_01055,ind_prs23082024.pdf,ABSLAMC,ADDITION,ACTIVE,ACTIVE,MATCH,Verified raw reconstitution event
EVT_01056,ind_prs23082024.pdf,ANANTRAJ,ADDITION,ACTIVE,ACTIVE,MATCH,Verified raw reconstitution event
EVT_01057,ind_prs23082024.pdf,BASF,ADDITION,ACTIVE,ACTIVE,MATCH,Verified raw reconstitution event
EVT_01058,ind_prs23082024.pdf,BHARTIHEXA,ADDITION,ACTIVE,ACTIVE,MATCH,Verified raw reconstitution event
EVT_01059,ind_prs23082024.pdf,GRINFRA,ADDITION,ACTIVE,ACTIVE,MATCH,Verified raw reconstitution event
EVT_01060,ind_prs23082024.pdf,GET&D,ADDITION,ACTIVE,ACTIVE,MATCH,Verified raw reconstitution event
EVT_01061,ind_prs23082024.pdf,GODIGIT,ADDITION,ACTIVE,ACTIVE,MATCH,Verified raw reconstitution event
EVT_01062,ind_prs23082024.pdf,GODREJAGRO,ADDITION,ACTIVE,ACTIVE,MATCH,Verified raw reconstitution event
EVT_01063,ind_prs23082024.pdf,IFCI,ADDITION,ACTIVE,ACTIVE,MATCH,Verified raw reconstitution event
EVT_01064,ind_prs23082024.pdf,INDGN,ADDITION,ACTIVE,ACTIVE,MATCH,Verified raw reconstitution event
EVT_01065,ind_prs23082024.pdf,IREDA,ADDITION,ACTIVE,ACTIVE,MATCH,Verified raw reconstitution event
EVT_01066,ind_prs23082024.pdf,INOXINDIA,ADDITION,ACTIVE,ACTIVE,MATCH,Verified raw reconstitution event
EVT_01067,ind_prs23082024.pdf,JPPOWER,ADDITION,ACTIVE,ACTIVE,MATCH,Verified raw reconstitution event
EVT_01068,ind_prs23082024.pdf,JKTYRE,ADDITION,ACTIVE,ACTIVE,MATCH,Verified raw reconstitution event
EVT_01069,ind_prs23082024.pdf,JYOTICNC,ADDITION,ACTIVE,ACTIVE,MATCH,Verified raw reconstitution event
EVT_01070,ind_prs23082024.pdf,KIRLOSBROS,ADDITION,ACTIVE,ACTIVE,MATCH,Verified raw reconstitution event
EVT_01071,ind_prs23082024.pdf,KIRLOSENG,ADDITION,ACTIVE,ACTIVE,MATCH,Verified raw reconstitution event
EVT_01072,ind_prs23082024.pdf,NETWEB,ADDITION,ACTIVE,ACTIVE,MATCH,Verified raw reconstitution event
EVT_01073,ind_prs23082024.pdf,NEWGEN,ADDITION,ACTIVE,ACTIVE,MATCH,Verified raw reconstitution event
EVT_01074,ind_prs23082024.pdf,PFIZER,ADDITION,ACTIVE,ACTIVE,MATCH,Verified raw reconstitution event
EVT_01075,ind_prs23082024.pdf,PTCIL,ADDITION,ACTIVE,ACTIVE,MATCH,Verified raw reconstitution event
EVT_01076,ind_prs23082024.pdf,SCI,ADDITION,ACTIVE,ACTIVE,MATCH,Verified raw reconstitution event
EVT_01077,ind_prs23082024.pdf,TBOTEK,ADDITION,ACTIVE,ACTIVE,MATCH,Verified raw reconstitution event
EVT_01078,ind_prs23082024.pdf,TECHNOE,ADDITION,ACTIVE,ACTIVE,MATCH,Verified raw reconstitution event
EVT_01079,ind_prs23082024.pdf,DBREALTY,ADDITION,ACTIVE,ACTIVE,MATCH,Verified raw reconstitution event
EVT_01080,ind_prs23082024.pdf,VINATIORGA,ADDITION,ACTIVE,ACTIVE,MATCH,Verified raw reconstitution event
EVT_01081,ind_prs23092024.pdf,AETHER,DELETION,ACTIVE,ACTIVE,MATCH,Verified raw reconstitution event
EVT_01082,ind_prs23092024.pdf,ALLCARGO,DELETION,ACTIVE,ACTIVE,MATCH,Verified raw reconstitution event
EVT_01083,ind_prs23092024.pdf,ANURAS,DELETION,ACTIVE,ACTIVE,MATCH,Verified raw reconstitution event
EVT_01084,ind_prs23092024.pdf,BEL,DELETION,ACTIVE,ACTIVE,MATCH,Verified raw reconstitution event
EVT_01085,ind_prs23092024.pdf,CLEAN,DELETION,ACTIVE,ACTIVE,MATCH,Verified raw reconstitution event
EVT_01086,ind_prs23092024.pdf,ENGINERSIN,DELETION,ACTIVE,ACTIVE,MATCH,Verified raw reconstitution event
EVT_01087,ind_prs23092024.pdf,EPL,DELETION,ACTIVE,ACTIVE,MATCH,Verified raw reconstitution event
EVT_01088,ind_prs23092024.pdf,FDC,DELETION,ACTIVE,ACTIVE,MATCH,Verified raw reconstitution event
EVT_01089,ind_prs23092024.pdf,GLS,DELETION,ACTIVE,ACTIVE,MATCH,Verified raw reconstitution event
EVT_01090,ind_prs23092024.pdf,GMMPFAUDLR,DELETION,ACTIVE,ACTIVE,MATCH,Verified raw reconstitution event
EVT_01091,ind_prs23092024.pdf,HAPPYFORGE,DELETION,ACTIVE,ACTIVE,MATCH,Verified raw reconstitution event
EVT_01092,ind_prs23092024.pdf,INDIGOPNTS,DELETION,ACTIVE,ACTIVE,MATCH,Verified raw reconstitution event
EVT_01093,ind_prs23092024.pdf,INDUSTOWER,DELETION,ACTIVE,ACTIVE,MATCH,Verified raw reconstitution event
EVT_01094,ind_prs23092024.pdf,JAIBALAJI,DELETION,ACTIVE,ACTIVE,MATCH,Verified raw reconstitution event
EVT_01095,ind_prs23092024.pdf,KAYNES,DELETION,ACTIVE,ACTIVE,MATCH,Verified raw reconstitution event
EVT_01096,ind_prs23092024.pdf,KFINTECH,DELETION,ACTIVE,ACTIVE,MATCH,Verified raw reconstitution event
EVT_01097,ind_prs23092024.pdf,KRBL,DELETION,ACTIVE,ACTIVE,MATCH,Verified raw reconstitution event
EVT_01098,ind_prs23092024.pdf,KIMS,DELETION,ACTIVE,ACTIVE,MATCH,Verified raw reconstitution event
EVT_01099,ind_prs23092024.pdf,LXCHEM,DELETION,ACTIVE,ACTIVE,MATCH,Verified raw reconstitution event
EVT_01100,ind_prs23092024.pdf,MEDPLUS,DELETION,ACTIVE,ACTIVE,MATCH,Verified raw reconstitution event
EVT_01101,ind_prs23092024.pdf,PCBL,DELETION,ACTIVE,ACTIVE,MATCH,Verified raw reconstitution event
EVT_01102,ind_prs23092024.pdf,PRINCEPIPE,DELETION,ACTIVE,ACTIVE,MATCH,Verified raw reconstitution event
EVT_01103,ind_prs23092024.pdf,RITES,DELETION,ACTIVE,ACTIVE,MATCH,Verified raw reconstitution event
EVT_01104,ind_prs23092024.pdf,SAFARI,DELETION,ACTIVE,ACTIVE,MATCH,Verified raw reconstitution event
EVT_01105,ind_prs23092024.pdf,VAIBHAVGBL,DELETION,ACTIVE,ACTIVE,MATCH,Verified raw reconstitution event
EVT_01106,ind_prs23092024.pdf,MANYAVAR,DELETION,ACTIVE,ACTIVE,MATCH,Verified raw reconstitution event
EVT_01107,ind_prs23092024.pdf,ZENSARTECH,DELETION,ACTIVE,ACTIVE,MATCH,Verified raw reconstitution event
EVT_01108,ind_prs23092024.pdf,ANANTRAJ,ADDITION,ACTIVE,ACTIVE,MATCH,Verified raw reconstitution event
EVT_01109,ind_prs23092024.pdf,BASF,ADDITION,ACTIVE,ACTIVE,MATCH,Verified raw reconstitution event
EVT_01110,ind_prs23092024.pdf,BPCL,ADDITION,ACTIVE,ACTIVE,MATCH,Verified raw reconstitution event
EVT_01111,ind_prs23092024.pdf,BBTC,ADDITION,ACTIVE,ACTIVE,MATCH,Verified raw reconstitution event
EVT_01112,ind_prs23092024.pdf,GET&D,ADDITION,ACTIVE,ACTIVE,MATCH,Verified raw reconstitution event
EVT_01113,ind_prs23092024.pdf,IOC,ADDITION,ACTIVE,ACTIVE,MATCH,Verified raw reconstitution event
EVT_01114,ind_prs23092024.pdf,INOXINDIA,ADDITION,ACTIVE,ACTIVE,MATCH,Verified raw reconstitution event
EVT_01115,ind_prs23092024.pdf,KIRLOSBROS,ADDITION,ACTIVE,ACTIVE,MATCH,Verified raw reconstitution event
EVT_01116,ind_prs23092024.pdf,NETWEB,ADDITION,ACTIVE,ACTIVE,MATCH,Verified raw reconstitution event
EVT_01117,ind_prs23092024.pdf,RKFORGE,ADDITION,ACTIVE,ACTIVE,MATCH,Verified raw reconstitution event
EVT_01118,ind_prs23092024.pdf,SCI,ADDITION,ACTIVE,ACTIVE,MATCH,Verified raw reconstitution event
EVT_01119,ind_prs23092024.pdf,SWSOLAR,ADDITION,ACTIVE,ACTIVE,MATCH,Verified raw reconstitution event
EVT_01120,ind_prs23092024.pdf,SUZLON,ADDITION,ACTIVE,ACTIVE,MATCH,Verified raw reconstitution event
EVT_01121,ind_prs23092024.pdf,VINATIORGA,ADDITION,ACTIVE,ACTIVE,MATCH,Verified raw reconstitution event
EVT_01122,ind_prs23092024.pdf,CUMMINSIND,DELETION,ACTIVE,ACTIVE,MATCH,Verified raw reconstitution event
EVT_01123,ind_prs24022022_1.pdf,ALEMBICLTD,DELETION,ACTIVE,ACTIVE,MATCH,Verified raw reconstitution event
EVT_01124,ind_prs24022022_1.pdf,ASHOKA,DELETION,ACTIVE,ACTIVE,MATCH,Verified raw reconstitution event
EVT_01125,ind_prs24022022_1.pdf,BAJAJCON,DELETION,ACTIVE,ACTIVE,MATCH,Verified raw reconstitution event
EVT_01126,ind_prs24022022_1.pdf,BHARATRAS,DELETION,ACTIVE,ACTIVE,MATCH,Verified raw reconstitution event
EVT_01127,ind_prs24022022_1.pdf,CGCL,DELETION,ACTIVE,ACTIVE,MATCH,Verified raw reconstitution event
EVT_01128,ind_prs24022022_1.pdf,DCBBANK,DELETION,ACTIVE,ACTIVE,MATCH,Verified raw reconstitution event
EVT_01129,ind_prs24022022_1.pdf,DHANUKA,DELETION,ACTIVE,ACTIVE,MATCH,Verified raw reconstitution event
EVT_01130,ind_prs24022022_1.pdf,FRETAIL,DELETION,ACTIVE,ACTIVE,MATCH,Verified raw reconstitution event
EVT_01131,ind_prs24022022_1.pdf,GILLETTE,DELETION,ACTIVE,ACTIVE,MATCH,Verified raw reconstitution event
EVT_01132,ind_prs24022022_1.pdf,GREAVESCOT,DELETION,ACTIVE,ACTIVE,MATCH,Verified raw reconstitution event
EVT_01133,ind_prs24022022_1.pdf,HEIDELBERG,DELETION,ACTIVE,ACTIVE,MATCH,Verified raw reconstitution event
EVT_01134,ind_prs24022022_1.pdf,INGERRAND,DELETION,ACTIVE,ACTIVE,MATCH,Verified raw reconstitution event
EVT_01135,ind_prs24022022_1.pdf,IOLCP,DELETION,ACTIVE,ACTIVE,MATCH,Verified raw reconstitution event
EVT_01136,ind_prs24022022_1.pdf,JINDALSAW,DELETION,ACTIVE,ACTIVE,MATCH,Verified raw reconstitution event
EVT_01137,ind_prs24022022_1.pdf,JKTYRE,DELETION,ACTIVE,ACTIVE,MATCH,Verified raw reconstitution event
EVT_01138,ind_prs24022022_1.pdf,JCHAC,DELETION,ACTIVE,ACTIVE,MATCH,Verified raw reconstitution event
EVT_01139,ind_prs24022022_1.pdf,KSCL,DELETION,ACTIVE,ACTIVE,MATCH,Verified raw reconstitution event
EVT_01140,ind_prs24022022_1.pdf,KSB,DELETION,ACTIVE,ACTIVE,MATCH,Verified raw reconstitution event
EVT_01141,ind_prs24022022_1.pdf,LAOPALA,DELETION,ACTIVE,ACTIVE,MATCH,Verified raw reconstitution event
EVT_01142,ind_prs24022022_1.pdf,LEMONTREE,DELETION,ACTIVE,ACTIVE,MATCH,Verified raw reconstitution event
EVT_01143,ind_prs24022022_1.pdf,MINDACORP,DELETION,ACTIVE,ACTIVE,MATCH,Verified raw reconstitution event
EVT_01144,ind_prs24022022_1.pdf,MIDHANI,DELETION,ACTIVE,ACTIVE,MATCH,Verified raw reconstitution event
EVT_01145,ind_prs24022022_1.pdf,NFL,DELETION,ACTIVE,ACTIVE,MATCH,Verified raw reconstitution event
EVT_01146,ind_prs24022022_1.pdf,NILKAMAL,DELETION,ACTIVE,ACTIVE,MATCH,Verified raw reconstitution event
EVT_01147,ind_prs24022022_1.pdf,SCHNEIDER,DELETION,ACTIVE,ACTIVE,MATCH,Verified raw reconstitution event
EVT_01148,ind_prs24022022_1.pdf,SHARDACROP,DELETION,ACTIVE,ACTIVE,MATCH,Verified raw reconstitution event
EVT_01149,ind_prs24022022_1.pdf,SPANDANA,DELETION,ACTIVE,ACTIVE,MATCH,Verified raw reconstitution event
EVT_01150,ind_prs24022022_1.pdf,STARCEMENT,DELETION,ACTIVE,ACTIVE,MATCH,Verified raw reconstitution event
EVT_01151,ind_prs24022022_1.pdf,TASTYBITE,DELETION,ACTIVE,ACTIVE,MATCH,Verified raw reconstitution event
EVT_01152,ind_prs24022022_1.pdf,UJJIVAN,DELETION,ACTIVE,ACTIVE,MATCH,Verified raw reconstitution event
EVT_01153,ind_prs24022022_1.pdf,UJJIVANSFB,DELETION,ACTIVE,ACTIVE,MATCH,Verified raw reconstitution event
EVT_01154,ind_prs24022022_1.pdf,VALIANTORG,DELETION,ACTIVE,ACTIVE,MATCH,Verified raw reconstitution event
EVT_01155,ind_prs24022022_1.pdf,ABSLAMC,ADDITION,ACTIVE,ACTIVE,MATCH,Verified raw reconstitution event
EVT_01156,ind_prs24022022_1.pdf,ALLCARGO,ADDITION,ACTIVE,ACTIVE,MATCH,Verified raw reconstitution event
EVT_01157,ind_prs24022022_1.pdf,APTUS,ADDITION,ACTIVE,ACTIVE,MATCH,Verified raw reconstitution event
EVT_01158,ind_prs24022022_1.pdf,BORORENEW,ADDITION,ACTIVE,ACTIVE,MATCH,Verified raw reconstitution event
EVT_01159,ind_prs24022022_1.pdf,BCG,ADDITION,ACTIVE,ACTIVE,MATCH,Verified raw reconstitution event
EVT_01160,ind_prs24022022_1.pdf,MAPMYINDIA,ADDITION,ACTIVE,ACTIVE,MATCH,Verified raw reconstitution event
EVT_01161,ind_prs24022022_1.pdf,CHEMPLASTS,ADDITION,ACTIVE,ACTIVE,MATCH,Verified raw reconstitution event
EVT_01162,ind_prs24022022_1.pdf,CLEAN,ADDITION,ACTIVE,ACTIVE,MATCH,Verified raw reconstitution event
EVT_01163,ind_prs24022022_1.pdf,DEVYANI,ADDITION,ACTIVE,ACTIVE,MATCH,Verified raw reconstitution event
EVT_01164,ind_prs24022022_1.pdf,EASEMYTRIP,ADDITION,ACTIVE,ACTIVE,MATCH,Verified raw reconstitution event
EVT_01165,ind_prs24022022_1.pdf,NYKAA,ADDITION,ACTIVE,ACTIVE,MATCH,Verified raw reconstitution event
EVT_01166,ind_prs24022022_1.pdf,GRINFRA,ADDITION,ACTIVE,ACTIVE,MATCH,Verified raw reconstitution event
EVT_01167,ind_prs24022022_1.pdf,GLS,ADDITION,ACTIVE,ACTIVE,MATCH,Verified raw reconstitution event
EVT_01168,ind_prs24022022_1.pdf,GOCOLORS,ADDITION,ACTIVE,ACTIVE,MATCH,Verified raw reconstitution event
EVT_01169,ind_prs24022022_1.pdf,HLEGLAS,ADDITION,ACTIVE,ACTIVE,MATCH,Verified raw reconstitution event
EVT_01170,ind_prs24022022_1.pdf,KIMS,ADDITION,ACTIVE,ACTIVE,MATCH,Verified raw reconstitution event
EVT_01171,ind_prs24022022_1.pdf,LATENTVIEW,ADDITION,ACTIVE,ACTIVE,MATCH,Verified raw reconstitution event
EVT_01172,ind_prs24022022_1.pdf,MEDPLUS,ADDITION,ACTIVE,ACTIVE,MATCH,Verified raw reconstitution event
EVT_01173,ind_prs24022022_1.pdf,METROBRAND,ADDITION,ACTIVE,ACTIVE,MATCH,Verified raw reconstitution event
EVT_01174,ind_prs24022022_1.pdf,NUVOCO,ADDITION,ACTIVE,ACTIVE,MATCH,Verified raw reconstitution event
EVT_01175,ind_prs24022022_1.pdf,PAYTM,ADDITION,ACTIVE,ACTIVE,MATCH,Verified raw reconstitution event
EVT_01176,ind_prs24022022_1.pdf,POLICYBZR,ADDITION,ACTIVE,ACTIVE,MATCH,Verified raw reconstitution event
EVT_01177,ind_prs24022022_1.pdf,PRIVISCL,ADDITION,ACTIVE,ACTIVE,MATCH,Verified raw reconstitution event
EVT_01178,ind_prs24022022_1.pdf,RTNINDIA,ADDITION,ACTIVE,ACTIVE,MATCH,Verified raw reconstitution event
EVT_01179,ind_prs24022022_1.pdf,SAPPHIRE,ADDITION,ACTIVE,ACTIVE,MATCH,Verified raw reconstitution event
EVT_01180,ind_prs24022022_1.pdf,SAREGAMA,ADDITION,ACTIVE,ACTIVE,MATCH,Verified raw reconstitution event
EVT_01181,ind_prs24022022_1.pdf,RENUKA,ADDITION,ACTIVE,ACTIVE,MATCH,Verified raw reconstitution event
EVT_01182,ind_prs24022022_1.pdf,SHYAMMETL,ADDITION,ACTIVE,ACTIVE,MATCH,Verified raw reconstitution event
EVT_01183,ind_prs24022022_1.pdf,STARHEALTH,ADDITION,ACTIVE,ACTIVE,MATCH,Verified raw reconstitution event
EVT_01184,ind_prs24022022_1.pdf,TATAINVEST,ADDITION,ACTIVE,ACTIVE,MATCH,Verified raw reconstitution event
EVT_01185,ind_prs24022022_1.pdf,VIJAYA,ADDITION,ACTIVE,ACTIVE,MATCH,Verified raw reconstitution event
EVT_01186,ind_prs24022022_1.pdf,ZOMATO,ADDITION,ACTIVE,ACTIVE,MATCH,Verified raw reconstitution event
EVT_01187,ind_prs24042024.pdf,BCG,DELETION,ACTIVE,ACTIVE,MATCH,Verified raw reconstitution event
EVT_01188,ind_prs24042024.pdf,IIFL,DELETION,ACTIVE,ACTIVE,MATCH,Verified raw reconstitution event
EVT_01189,ind_prs24052022.pdf,JSLHISAR,DELETION,ACTIVE,ACTIVE,MATCH,Verified raw reconstitution event
EVT_01190,ind_prs24052022.pdf,TRIVENI,DELETION,ACTIVE,ACTIVE,MATCH,Verified raw reconstitution event
EVT_01191,ind_prs24072023.pdf,ATGL,DELETION,ACTIVE,ACTIVE,MATCH,Verified raw reconstitution event
EVT_01192,ind_prs24072023.pdf,AWL,DELETION,ACTIVE,ACTIVE,MATCH,Verified raw reconstitution event
EVT_01193,ind_prs24072023.pdf,BALKRISIND,DELETION,ACTIVE,ACTIVE,MATCH,Verified raw reconstitution event
EVT_01194,ind_prs24072023.pdf,GLAXO,DELETION,ACTIVE,ACTIVE,MATCH,Verified raw reconstitution event
EVT_01195,ind_prs24072023.pdf,SWSOLAR,DELETION,ACTIVE,ACTIVE,MATCH,Verified raw reconstitution event
EVT_01196,ind_prs24072023.pdf,CROMPTON,ADDITION,ACTIVE,ACTIVE,MATCH,Verified raw reconstitution event
EVT_01197,ind_prs24072023.pdf,TATACHEM,ADDITION,ACTIVE,ACTIVE,MATCH,Verified raw reconstitution event
EVT_01198,ind_prs24072024.pdf,AMBUJACEM,DELETION,ACTIVE,ACTIVE,MATCH,Verified raw reconstitution event
EVT_01199,ind_prs24072024.pdf,CERA,DELETION,ACTIVE,ACTIVE,MATCH,Verified raw reconstitution event
EVT_01200,ind_prs24072024.pdf,LALPATHLAB,DELETION,ACTIVE,ACTIVE,MATCH,Verified raw reconstitution event
EVT_01201,ind_prs24072024.pdf,INFY,DELETION,ACTIVE,ACTIVE,MATCH,Verified raw reconstitution event
EVT_01202,ind_prs24072024.pdf,WIPRO,DELETION,ACTIVE,ACTIVE,MATCH,Verified raw reconstitution event
EVT_01203,ind_prs24072024.pdf,DALBHARAT,ADDITION,ACTIVE,ACTIVE,MATCH,Verified raw reconstitution event
EVT_01204,ind_prs24072024.pdf,GODREJCP,DELETION,ACTIVE,ACTIVE,MATCH,Verified raw reconstitution event
EVT_01205,ind_prs24072024.pdf,PERSISTENT,DELETION,ACTIVE,ACTIVE,MATCH,Verified raw reconstitution event
EVT_01206,ind_prs24072025.pdf,ACC,DELETION,ACTIVE,ACTIVE,MATCH,Verified raw reconstitution event
EVT_01207,ind_prs24072025.pdf,IGIL,DELETION,ACTIVE,ACTIVE,MATCH,Verified raw reconstitution event
EVT_01208,ind_prs24072025.pdf,INFY,DELETION,ACTIVE,ACTIVE,MATCH,Verified raw reconstitution event
EVT_01209,ind_prs24072025.pdf,JINDALSAW,DELETION,ACTIVE,ACTIVE,MATCH,Verified raw reconstitution event
EVT_01210,ind_prs24072025.pdf,TATAMOTORS,DELETION,ACTIVE,ACTIVE,MATCH,Verified raw reconstitution event
EVT_01211,ind_prs24072025.pdf,JSLL,DELETION,ACTIVE,ACTIVE,MATCH,Verified raw reconstitution event
EVT_01212,ind_prs26072022.pdf,BRITANNIA,DELETION,ACTIVE,ACTIVE,MATCH,Verified raw reconstitution event
EVT_01213,ind_prs26072022.pdf,NMDC,DELETION,ACTIVE,ACTIVE,MATCH,Verified raw reconstitution event
EVT_01214,ind_prs26072022.pdf,TATASTLLP,DELETION,ACTIVE,ACTIVE,MATCH,Verified raw reconstitution event
EVT_01215,ind_prs26072022.pdf,BALAMINES,ADDITION,ACTIVE,ACTIVE,MATCH,Verified raw reconstitution event
EVT_01216,ind_prs26072022.pdf,CHEMPLASTS,ADDITION,ACTIVE,ACTIVE,MATCH,Verified raw reconstitution event
EVT_01217,ind_prs26072022.pdf,LALPATHLAB,ADDITION,ACTIVE,ACTIVE,MATCH,Verified raw reconstitution event
EVT_01218,ind_prs26072022.pdf,INFIBEAM,ADDITION,ACTIVE,ACTIVE,MATCH,Verified raw reconstitution event
EVT_01219,ind_prs26072022.pdf,LAXMIMACH,ADDITION,ACTIVE,ACTIVE,MATCH,Verified raw reconstitution event
EVT_01220,ind_prs26072022.pdf,PERSISTENT,ADDITION,ACTIVE,ACTIVE,MATCH,Verified raw reconstitution event
EVT_01221,ind_prs26072022.pdf,SYNGENE,ADDITION,ACTIVE,ACTIVE,MATCH,Verified raw reconstitution event
EVT_01222,ind_prs26072022.pdf,TATASTEEL,ADDITION,ACTIVE,ACTIVE,MATCH,Verified raw reconstitution event
EVT_01223,ind_prs26072022.pdf,TRIDENT,ADDITION,ACTIVE,ACTIVE,MATCH,Verified raw reconstitution event
EVT_01224,ind_prs26072022.pdf,WIPRO,ADDITION,ACTIVE,ACTIVE,MATCH,Verified raw reconstitution event
EVT_01225,ind_prs26072022.pdf,VOLTAS,DELETION,ACTIVE,ACTIVE,MATCH,Verified raw reconstitution event
EVT_01226,ind_prs26102020.pdf,ALLCARGO,DELETION,ACTIVE,ACTIVE,MATCH,Verified raw reconstitution event
EVT_01227,ind_prs26102020.pdf,NETWORK18,DELETION,ACTIVE,ACTIVE,MATCH,Verified raw reconstitution event
EVT_01228,ind_prs27042017.pdf,ABIRLANUVO,DELETION,ACTIVE,ACTIVE,MATCH,Verified raw reconstitution event
EVT_01229,ind_prs27042017.pdf,GRASIM,DELETION,ACTIVE,ACTIVE,MATCH,Verified raw reconstitution event
EVT_01230,ind_prs27042017.pdf,TUBEINVEST,DELETION,ACTIVE,ACTIVE,MATCH,Verified raw reconstitution event
EVT_01231,ind_prs27042017.pdf,LAURUSLABS,ADDITION,ACTIVE,ACTIVE,MATCH,Verified raw reconstitution event
EVT_01232,ind_prs27042017.pdf,PNBHOUSING,ADDITION,ACTIVE,ACTIVE,MATCH,Verified raw reconstitution event
EVT_01233,ind_prs27042017.pdf,VBL,ADDITION,ACTIVE,ACTIVE,MATCH,Verified raw reconstitution event
EVT_01234,ind_prs28022024.pdf,AARTIDRUGS,DELETION,ACTIVE,ACTIVE,MATCH,Verified raw reconstitution event
EVT_01235,ind_prs28022024.pdf,BCG,DELETION,ACTIVE,ACTIVE,MATCH,Verified raw reconstitution event
EVT_01236,ind_prs28022024.pdf,DELTACORP,DELETION,ACTIVE,ACTIVE,MATCH,Verified raw reconstitution event
EVT_01237,ind_prs28022024.pdf,EPIGRAL,DELETION,ACTIVE,ACTIVE,MATCH,Verified raw reconstitution event
EVT_01238,ind_prs28022024.pdf,GRINFRA,DELETION,ACTIVE,ACTIVE,MATCH,Verified raw reconstitution event
EVT_01239,ind_prs28022024.pdf,GALAXYSURF,DELETION,ACTIVE,ACTIVE,MATCH,Verified raw reconstitution event
EVT_01240,ind_prs28022024.pdf,GOCOLORS,DELETION,ACTIVE,ACTIVE,MATCH,Verified raw reconstitution event
EVT_01241,ind_prs28022024.pdf,GUJALKALI,DELETION,ACTIVE,ACTIVE,MATCH,Verified raw reconstitution event
EVT_01242,ind_prs28022024.pdf,HLEGLAS,DELETION,ACTIVE,ACTIVE,MATCH,Verified raw reconstitution event
EVT_01243,ind_prs28022024.pdf,INFIBEAM,DELETION,ACTIVE,ACTIVE,MATCH,Verified raw reconstitution event
EVT_01244,ind_prs28022024.pdf,INGERRAND,DELETION,ACTIVE,ACTIVE,MATCH,Verified raw reconstitution event
EVT_01245,ind_prs28022024.pdf,JAMNAAUTO,DELETION,ACTIVE,ACTIVE,MATCH,Verified raw reconstitution event
EVT_01246,ind_prs28022024.pdf,LAXMIMACH,DELETION,ACTIVE,ACTIVE,MATCH,Verified raw reconstitution event
EVT_01247,ind_prs28022024.pdf,LUXIND,DELETION,ACTIVE,ACTIVE,MATCH,Verified raw reconstitution event
EVT_01248,ind_prs28022024.pdf,NAZARA,DELETION,ACTIVE,ACTIVE,MATCH,Verified raw reconstitution event
EVT_01249,ind_prs28022024.pdf,ORIENTELEC,DELETION,ACTIVE,ACTIVE,MATCH,Verified raw reconstitution event
EVT_01250,ind_prs28022024.pdf,PFIZER,DELETION,ACTIVE,ACTIVE,MATCH,Verified raw reconstitution event
EVT_01251,ind_prs28022024.pdf,POLYPLEX,DELETION,ACTIVE,ACTIVE,MATCH,Verified raw reconstitution event
EVT_01252,ind_prs28022024.pdf,PGHL,DELETION,ACTIVE,ACTIVE,MATCH,Verified raw reconstitution event
EVT_01253,ind_prs28022024.pdf,RAIN,DELETION,ACTIVE,ACTIVE,MATCH,Verified raw reconstitution event
EVT_01254,ind_prs28022024.pdf,RALLIS,DELETION,ACTIVE,ACTIVE,MATCH,Verified raw reconstitution event
EVT_01255,ind_prs28022024.pdf,RELAXO,DELETION,ACTIVE,ACTIVE,MATCH,Verified raw reconstitution event
EVT_01256,ind_prs28022024.pdf,ROSSARI,DELETION,ACTIVE,ACTIVE,MATCH,Verified raw reconstitution event
EVT_01257,ind_prs28022024.pdf,SHARDACROP,DELETION,ACTIVE,ACTIVE,MATCH,Verified raw reconstitution event
EVT_01258,ind_prs28022024.pdf,SFL,DELETION,ACTIVE,ACTIVE,MATCH,Verified raw reconstitution event
EVT_01259,ind_prs28022024.pdf,SHOPERSTOP,DELETION,ACTIVE,ACTIVE,MATCH,Verified raw reconstitution event
EVT_01260,ind_prs28022024.pdf,SUPRAJIT,DELETION,ACTIVE,ACTIVE,MATCH,Verified raw reconstitution event
EVT_01261,ind_prs28022024.pdf,SYMPHONY,DELETION,ACTIVE,ACTIVE,MATCH,Verified raw reconstitution event
EVT_01262,ind_prs28022024.pdf,TEAMLEASE,DELETION,ACTIVE,ACTIVE,MATCH,Verified raw reconstitution event
EVT_01263,ind_prs28022024.pdf,TTKPRESTIG,DELETION,ACTIVE,ACTIVE,MATCH,Verified raw reconstitution event
EVT_01264,ind_prs28022024.pdf,VGUARD,DELETION,ACTIVE,ACTIVE,MATCH,Verified raw reconstitution event
EVT_01265,ind_prs28022024.pdf,VINATIORGA,DELETION,ACTIVE,ACTIVE,MATCH,Verified raw reconstitution event
EVT_01266,ind_prs28022024.pdf,VMART,DELETION,ACTIVE,ACTIVE,MATCH,Verified raw reconstitution event
EVT_01267,ind_prs28022024.pdf,ZYDUSWELL,DELETION,ACTIVE,ACTIVE,MATCH,Verified raw reconstitution event
EVT_01268,ind_prs28022024.pdf,ACE,ADDITION,ACTIVE,ACTIVE,MATCH,Verified raw reconstitution event
EVT_01269,ind_prs28022024.pdf,ANANDRATHI,ADDITION,ACTIVE,ACTIVE,MATCH,Verified raw reconstitution event
EVT_01270,ind_prs28022024.pdf,ASTRAZEN,ADDITION,ACTIVE,ACTIVE,MATCH,Verified raw reconstitution event
EVT_01271,ind_prs28022024.pdf,CAPLIPOINT,ADDITION,ACTIVE,ACTIVE,MATCH,Verified raw reconstitution event
EVT_01272,ind_prs28022024.pdf,CELLO,ADDITION,ACTIVE,ACTIVE,MATCH,Verified raw reconstitution event
EVT_01273,ind_prs28022024.pdf,CHENNPETRO,ADDITION,ACTIVE,ACTIVE,MATCH,Verified raw reconstitution event
EVT_01274,ind_prs28022024.pdf,DOMS,ADDITION,ACTIVE,ACTIVE,MATCH,Verified raw reconstitution event
EVT_01275,ind_prs28022024.pdf,ELECON,ADDITION,ACTIVE,ACTIVE,MATCH,Verified raw reconstitution event
EVT_01276,ind_prs28022024.pdf,GRSE,ADDITION,ACTIVE,ACTIVE,MATCH,Verified raw reconstitution event
EVT_01277,ind_prs28022024.pdf,GMDCLTD,ADDITION,ACTIVE,ACTIVE,MATCH,Verified raw reconstitution event
EVT_01278,ind_prs28022024.pdf,HAPPYFORGE,ADDITION,ACTIVE,ACTIVE,MATCH,Verified raw reconstitution event
EVT_01279,ind_prs28022024.pdf,HBLPOWER,ADDITION,ACTIVE,ACTIVE,MATCH,Verified raw reconstitution event
EVT_01280,ind_prs28022024.pdf,HSCL,ADDITION,ACTIVE,ACTIVE,MATCH,Verified raw reconstitution event
EVT_01281,ind_prs28022024.pdf,HONASA,ADDITION,ACTIVE,ACTIVE,MATCH,Verified raw reconstitution event
EVT_01282,ind_prs28022024.pdf,IREDA,ADDITION,ACTIVE,ACTIVE,MATCH,Verified raw reconstitution event
EVT_01283,ind_prs28022024.pdf,INOXWIND,ADDITION,ACTIVE,ACTIVE,MATCH,Verified raw reconstitution event
EVT_01284,ind_prs28022024.pdf,JAIBALAJI,ADDITION,ACTIVE,ACTIVE,MATCH,Verified raw reconstitution event
EVT_01285,ind_prs28022024.pdf,J&KBANK,ADDITION,ACTIVE,ACTIVE,MATCH,Verified raw reconstitution event
EVT_01286,ind_prs28022024.pdf,JIOFIN,ADDITION,ACTIVE,ACTIVE,MATCH,Verified raw reconstitution event
EVT_01287,ind_prs28022024.pdf,JSWINFRA,ADDITION,ACTIVE,ACTIVE,MATCH,Verified raw reconstitution event
EVT_01288,ind_prs28022024.pdf,JWL,ADDITION,ACTIVE,ACTIVE,MATCH,Verified raw reconstitution event
EVT_01289,ind_prs28022024.pdf,LLOYDSME,ADDITION,ACTIVE,ACTIVE,MATCH,Verified raw reconstitution event
EVT_01290,ind_prs28022024.pdf,MAHSEAMLES,ADDITION,ACTIVE,ACTIVE,MATCH,Verified raw reconstitution event
EVT_01291,ind_prs28022024.pdf,NUVAMA,ADDITION,ACTIVE,ACTIVE,MATCH,Verified raw reconstitution event
EVT_01292,ind_prs28022024.pdf,RRKABEL,ADDITION,ACTIVE,ACTIVE,MATCH,Verified raw reconstitution event
EVT_01293,ind_prs28022024.pdf,RAILTEL,ADDITION,ACTIVE,ACTIVE,MATCH,Verified raw reconstitution event
EVT_01294,ind_prs28022024.pdf,RKFORGE,ADDITION,ACTIVE,ACTIVE,MATCH,Verified raw reconstitution event
EVT_01295,ind_prs28022024.pdf,SBFC,ADDITION,ACTIVE,ACTIVE,MATCH,Verified raw reconstitution event
EVT_01296,ind_prs28022024.pdf,SCHNEIDER,ADDITION,ACTIVE,ACTIVE,MATCH,Verified raw reconstitution event
EVT_01297,ind_prs28022024.pdf,SIGNATURE,ADDITION,ACTIVE,ACTIVE,MATCH,Verified raw reconstitution event
EVT_01298,ind_prs28022024.pdf,TMB,ADDITION,ACTIVE,ACTIVE,MATCH,Verified raw reconstitution event
EVT_01299,ind_prs28022024.pdf,TATATECH,ADDITION,ACTIVE,ACTIVE,MATCH,Verified raw reconstitution event
EVT_01300,ind_prs28022024.pdf,TITAGARH,ADDITION,ACTIVE,ACTIVE,MATCH,Verified raw reconstitution event
EVT_01301,ind_prs28022024.pdf,TVSSCS,ADDITION,ACTIVE,ACTIVE,MATCH,Verified raw reconstitution event
EVT_01302,ind_prs29082017.pdf,RELCAPITAL,DELETION,ACTIVE,ACTIVE,MATCH,Verified raw reconstitution event
EVT_01303,ind_prs29082017.pdf,MFSL,DELETION,ACTIVE,ACTIVE,MATCH,Verified raw reconstitution event
EVT_01304,ind_prs31082018.pdf,KPIT,DELETION,ACTIVE,ACTIVE,MATCH,Verified raw reconstitution event
EVT_01305,ind_prs31082018.pdf,SHILPAMED,DELETION,ACTIVE,ACTIVE,MATCH,Verified raw reconstitution event
EVT_DER_0001,ind_prs10062026.pdf,ANGELONE,DELETION,ACTIVE,ACTIVE,MATCH,Derived outgoing deletion from replacement REP_001
EVT_DER_0002,ind_prs10062026.pdf,INFY,ADDITION,ACTIVE,ACTIVE,MATCH,Derived incoming addition from replacement REP_001
EVT_DER_0003,ind_prs10062026.pdf,ASTRAZEN,DELETION,ACTIVE,ACTIVE,MATCH,Derived outgoing deletion from replacement REP_002
EVT_DER_0004,ind_prs10062026.pdf,JSWDULUX,ADDITION,ACTIVE,ACTIVE,MATCH,Derived incoming addition from replacement REP_002
EVT_DER_0005,ind_prs10062026.pdf,GLAXO,DELETION,ACTIVE,ACTIVE,MATCH,Derived outgoing deletion from replacement REP_003
EVT_DER_0006,ind_prs10062026.pdf,SCHNEIDER,ADDITION,ACTIVE,ACTIVE,MATCH,Derived incoming addition from replacement REP_003
