event,symbol,event_type,status,reason,source
PEVT_00001,TECHNO,DELETION,CONSUMED_IN_ENGINE,Valid parent broad-market Nifty 500 reconstitution event,ind_prs01082018.pdf
PEVT_00002,BDL,DELETION,CONSUMED_IN_ENGINE,Valid parent broad-market Nifty 500 reconstitution event,ind_prs01082018.pdf
PEVT_00003,ADVENZYMES,DELETION,CONSUMED_IN_ENGINE,Valid parent broad-market Nifty 500 reconstitution event,ind_prs01092022.pdf
PEVT_00004,ERIS,DELETION,CONSUMED_IN_ENGINE,Valid parent broad-market Nifty 500 reconstitution event,ind_prs01092022.pdf
PEVT_00005,GLS,DELETION,CONSUMED_IN_ENGINE,Valid parent broad-market Nifty 500 reconstitution event,ind_prs01092022.pdf
PEVT_00006,HATHWAY,DELETION,CONSUMED_IN_ENGINE,Valid parent broad-market Nifty 500 reconstitution event,ind_prs01092022.pdf
PEVT_00007,HEMIPROP,DELETION,CONSUMED_IN_ENGINE,Valid parent broad-market Nifty 500 reconstitution event,ind_prs01092022.pdf
PEVT_00008,ICIL,DELETION,CONSUMED_IN_ENGINE,Valid parent broad-market Nifty 500 reconstitution event,ind_prs01092022.pdf
PEVT_00009,IRCON,DELETION,CONSUMED_IN_ENGINE,Valid parent broad-market Nifty 500 reconstitution event,ind_prs01092022.pdf
PEVT_00010,MINDTREE,DELETION,CONSUMED_IN_ENGINE,Valid parent broad-market Nifty 500 reconstitution event,ind_prs01092022.pdf
PEVT_00011,NESCO,DELETION,CONSUMED_IN_ENGINE,Valid parent broad-market Nifty 500 reconstitution event,ind_prs01092022.pdf
PEVT_00012,RAILTEL,DELETION,CONSUMED_IN_ENGINE,Valid parent broad-market Nifty 500 reconstitution event,ind_prs01092022.pdf
PEVT_00013,SEQUENT,DELETION,CONSUMED_IN_ENGINE,Valid parent broad-market Nifty 500 reconstitution event,ind_prs01092022.pdf
PEVT_00014,SOLARA,DELETION,CONSUMED_IN_ENGINE,Valid parent broad-market Nifty 500 reconstitution event,ind_prs01092022.pdf
PEVT_00015,SPICEJET,DELETION,CONSUMED_IN_ENGINE,Valid parent broad-market Nifty 500 reconstitution event,ind_prs01092022.pdf
PEVT_00016,STAR,DELETION,CONSUMED_IN_ENGINE,Valid parent broad-market Nifty 500 reconstitution event,ind_prs01092022.pdf
PEVT_00017,TATASTLLP,DELETION,CONSUMED_IN_ENGINE,Valid parent broad-market Nifty 500 reconstitution event,ind_prs01092022.pdf
PEVT_00018,UCOBANK,DELETION,CONSUMED_IN_ENGINE,Valid parent broad-market Nifty 500 reconstitution event,ind_prs01092022.pdf
PEVT_00019,VAKRANGEE,DELETION,CONSUMED_IN_ENGINE,Valid parent broad-market Nifty 500 reconstitution event,ind_prs01092022.pdf
PEVT_00020,VENKEYS,DELETION,CONSUMED_IN_ENGINE,Valid parent broad-market Nifty 500 reconstitution event,ind_prs01092022.pdf
PEVT_00021,AWL,ADDITION,CONSUMED_IN_ENGINE,Valid parent broad-market Nifty 500 reconstitution event,ind_prs01092022.pdf
PEVT_00022,AETHER,ADDITION,CONSUMED_IN_ENGINE,Valid parent broad-market Nifty 500 reconstitution event,ind_prs01092022.pdf
PEVT_00023,BHARATRAS,ADDITION,CONSUMED_IN_ENGINE,Valid parent broad-market Nifty 500 reconstitution event,ind_prs01092022.pdf
PEVT_00024,DEEPAKFERT,ADDITION,CONSUMED_IN_ENGINE,Valid parent broad-market Nifty 500 reconstitution event,ind_prs01092022.pdf
PEVT_00025,GREENPANEL,ADDITION,CONSUMED_IN_ENGINE,Valid parent broad-market Nifty 500 reconstitution event,ind_prs01092022.pdf
PEVT_00026,JBMA,ADDITION,CONSUMED_IN_ENGINE,Valid parent broad-market Nifty 500 reconstitution event,ind_prs01092022.pdf
PEVT_00027,MAHLIFE,ADDITION,CONSUMED_IN_ENGINE,Valid parent broad-market Nifty 500 reconstitution event,ind_prs01092022.pdf
PEVT_00028,MSUMI,ADDITION,CONSUMED_IN_ENGINE,Valid parent broad-market Nifty 500 reconstitution event,ind_prs01092022.pdf
PEVT_00029,NIITLTD,ADDITION,CONSUMED_IN_ENGINE,Valid parent broad-market Nifty 500 reconstitution event,ind_prs01092022.pdf
PEVT_00030,OLECTRA,ADDITION,CONSUMED_IN_ENGINE,Valid parent broad-market Nifty 500 reconstitution event,ind_prs01092022.pdf
PEVT_00031,PATANJALI,ADDITION,CONSUMED_IN_ENGINE,Valid parent broad-market Nifty 500 reconstitution event,ind_prs01092022.pdf
PEVT_00032,RAYMOND,ADDITION,CONSUMED_IN_ENGINE,Valid parent broad-market Nifty 500 reconstitution event,ind_prs01092022.pdf
PEVT_00033,MOTHERSON,ADDITION,CONSUMED_IN_ENGINE,Valid parent broad-market Nifty 500 reconstitution event,ind_prs01092022.pdf
PEVT_00034,SHARDACROP,ADDITION,CONSUMED_IN_ENGINE,Valid parent broad-market Nifty 500 reconstitution event,ind_prs01092022.pdf
PEVT_00035,SWANENERGY,ADDITION,CONSUMED_IN_ENGINE,Valid parent broad-market Nifty 500 reconstitution event,ind_prs01092022.pdf
PEVT_00036,TEJASNET,ADDITION,CONSUMED_IN_ENGINE,Valid parent broad-market Nifty 500 reconstitution event,ind_prs01092022.pdf
PEVT_00037,TCI,ADDITION,CONSUMED_IN_ENGINE,Valid parent broad-market Nifty 500 reconstitution event,ind_prs01092022.pdf
PEVT_00038,MANYAVAR,ADDITION,CONSUMED_IN_ENGINE,Valid parent broad-market Nifty 500 reconstitution event,ind_prs01092022.pdf
PEVT_00039,VEDL,DELETION,CONSUMED_IN_ENGINE,Valid parent broad-market Nifty 500 reconstitution event,ind_prs02072020_1.pdf
PEVT_00040,SBICARD,DELETION,CONSUMED_IN_ENGINE,Valid parent broad-market Nifty 500 reconstitution event,ind_prs02072020_1.pdf
PEVT_00041,QUESS,DELETION,CONSUMED_IN_ENGINE,Valid parent broad-market Nifty 500 reconstitution event,ind_prs04042025_2.pdf
PEVT_00042,SUNDRMFAST,DELETION,CONSUMED_IN_ENGINE,Valid parent broad-market Nifty 500 reconstitution event,ind_prs04042025_2.pdf
PEVT_00043,GSPL,DELETION,CONSUMED_IN_ENGINE,Valid parent broad-market Nifty 500 reconstitution event,ind_prs04052026.pdf
PEVT_00044,CIEINDIA,DELETION,CONSUMED_IN_ENGINE,Valid parent broad-market Nifty 500 reconstitution event,ind_prs04052026.pdf
PEVT_00045,HDFC,DELETION,CONSUMED_IN_ENGINE,Valid parent broad-market Nifty 500 reconstitution event,ind_prs04072023.pdf
PEVT_00046,MANKIND,DELETION,CONSUMED_IN_ENGINE,Valid parent broad-market Nifty 500 reconstitution event,ind_prs04072023.pdf
PEVT_00047,IDFC,DELETION,CONSUMED_IN_ENGINE,Valid parent broad-market Nifty 500 reconstitution event,ind_prs04102024.pdf
PEVT_00048,EMCURE,DELETION,CONSUMED_IN_ENGINE,Valid parent broad-market Nifty 500 reconstitution event,ind_prs04102024.pdf
PEVT_00049,AARTIIND,DELETION,CONSUMED_IN_ENGINE,Valid parent broad-market Nifty 500 reconstitution event,ind_prs05042022.pdf
PEVT_00050,GMRINFRA,DELETION,CONSUMED_IN_ENGINE,Valid parent broad-market Nifty 500 reconstitution event,ind_prs05042022.pdf
PEVT_00051,BEML,DELETION,CONSUMED_IN_ENGINE,Valid parent broad-market Nifty 500 reconstitution event,ind_prs05042022_1.pdf
PEVT_00052,CGCL,DELETION,CONSUMED_IN_ENGINE,Valid parent broad-market Nifty 500 reconstitution event,ind_prs05042022_1.pdf
PEVT_00053,VIDEOIND,DELETION,CONSUMED_IN_ENGINE,Valid parent broad-market Nifty 500 reconstitution event,ind_prs06032018.pdf
PEVT_00054,ERIS,DELETION,CONSUMED_IN_ENGINE,Valid parent broad-market Nifty 500 reconstitution event,ind_prs06032018.pdf
PEVT_00056,BHARATRAS,DELETION,CONSUMED_IN_ENGINE,Valid parent broad-market Nifty 500 reconstitution event,ind_prs06032023.pdf
PEVT_00057,INDOCO,DELETION,CONSUMED_IN_ENGINE,Valid parent broad-market Nifty 500 reconstitution event,ind_prs06032023.pdf
PEVT_00058,PGHL,DELETION,CONSUMED_IN_ENGINE,Valid parent broad-market Nifty 500 reconstitution event,ind_prs06032023.pdf
PEVT_00059,SFL,DELETION,CONSUMED_IN_ENGINE,Valid parent broad-market Nifty 500 reconstitution event,ind_prs06032023.pdf
PEVT_00060,TATACOFFEE,DELETION,CONSUMED_IN_ENGINE,Valid parent broad-market Nifty 500 reconstitution event,ind_prs06032023.pdf
PEVT_00061,THYROCARE,DELETION,CONSUMED_IN_ENGINE,Valid parent broad-market Nifty 500 reconstitution event,ind_prs06032023.pdf
PEVT_00062,APARINDS,ADDITION,CONSUMED_IN_ENGINE,Valid parent broad-market Nifty 500 reconstitution event,ind_prs06032023.pdf
PEVT_00063,BIKAJI,ADDITION,CONSUMED_IN_ENGINE,Valid parent broad-market Nifty 500 reconstitution event,ind_prs06032023.pdf
PEVT_00064,MEDANTA,ADDITION,CONSUMED_IN_ENGINE,Valid parent broad-market Nifty 500 reconstitution event,ind_prs06032023.pdf
PEVT_00065,INGERRAND,ADDITION,CONSUMED_IN_ENGINE,Valid parent broad-market Nifty 500 reconstitution event,ind_prs06032023.pdf
PEVT_00066,KENNAMET,ADDITION,CONSUMED_IN_ENGINE,Valid parent broad-market Nifty 500 reconstitution event,ind_prs06032023.pdf
PEVT_00067,KFINTECH,ADDITION,CONSUMED_IN_ENGINE,Valid parent broad-market Nifty 500 reconstitution event,ind_prs06032023.pdf
PEVT_00068,KSB,ADDITION,CONSUMED_IN_ENGINE,Valid parent broad-market Nifty 500 reconstitution event,ind_prs06032023.pdf
PEVT_00069,NMDC,ADDITION,CONSUMED_IN_ENGINE,Valid parent broad-market Nifty 500 reconstitution event,ind_prs06032023.pdf
PEVT_00070,SUPPETRO,DELETION,CONSUMED_IN_ENGINE,Valid parent broad-market Nifty 500 reconstitution event,ind_prs06042022.pdf
PEVT_00071,MTARTECH,DELETION,CONSUMED_IN_ENGINE,Valid parent broad-market Nifty 500 reconstitution event,ind_prs06042022.pdf
PEVT_00072,ABSLAMC,DELETION,CONSUMED_IN_ENGINE,Valid parent broad-market Nifty 500 reconstitution event,ind_prs06062025.pdf
PEVT_00073,MSUMI,DELETION,CONSUMED_IN_ENGINE,Valid parent broad-market Nifty 500 reconstitution event,ind_prs06062025.pdf
PEVT_00074,PETRONET,DELETION,CONSUMED_IN_ENGINE,Valid parent broad-market Nifty 500 reconstitution event,ind_prs06062025.pdf
PEVT_00075,RTNINDIA,DELETION,CONSUMED_IN_ENGINE,Valid parent broad-market Nifty 500 reconstitution event,ind_prs06062025.pdf
PEVT_00076,TATAMOTORS,DELETION,CONSUMED_IN_ENGINE,Valid parent broad-market Nifty 500 reconstitution event,ind_prs06062025.pdf
PEVT_00077,VBL,DELETION,CONSUMED_IN_ENGINE,Valid parent broad-market Nifty 500 reconstitution event,ind_prs06062025.pdf
PEVT_00078,ABB,ADDITION,CONSUMED_IN_ENGINE,Valid parent broad-market Nifty 500 reconstitution event,ind_prs06062025.pdf
PEVT_00079,ANANDRATHI,ADDITION,CONSUMED_IN_ENGINE,Valid parent broad-market Nifty 500 reconstitution event,ind_prs06062025.pdf
PEVT_00080,BRITANNIA,ADDITION,CONSUMED_IN_ENGINE,Valid parent broad-market Nifty 500 reconstitution event,ind_prs06062025.pdf
PEVT_00081,CRISIL,ADDITION,CONSUMED_IN_ENGINE,Valid parent broad-market Nifty 500 reconstitution event,ind_prs06062025.pdf
PEVT_00082,SUZLON,ADDITION,CONSUMED_IN_ENGINE,Valid parent broad-market Nifty 500 reconstitution event,ind_prs06062025.pdf
PEVT_00083,ZENTEC,ADDITION,CONSUMED_IN_ENGINE,Valid parent broad-market Nifty 500 reconstitution event,ind_prs06062025.pdf
PEVT_00084,ALLCARGO,DELETION,CONSUMED_IN_ENGINE,Valid parent broad-market Nifty 500 reconstitution event,ind_prs06122022.pdf
PEVT_00085,NIITLTD,DELETION,CONSUMED_IN_ENGINE,Valid parent broad-market Nifty 500 reconstitution event,ind_prs06122022.pdf
PEVT_00086,SCI,DELETION,CONSUMED_IN_ENGINE,Valid parent broad-market Nifty 500 reconstitution event,ind_prs06122022.pdf
PEVT_00087,BEML,ADDITION,CONSUMED_IN_ENGINE,Valid parent broad-market Nifty 500 reconstitution event,ind_prs06122022.pdf
PEVT_00088,LEMONTREE,ADDITION,CONSUMED_IN_ENGINE,Valid parent broad-market Nifty 500 reconstitution event,ind_prs06122022.pdf
PEVT_00089,UCOBANK,ADDITION,CONSUMED_IN_ENGINE,Valid parent broad-market Nifty 500 reconstitution event,ind_prs06122022.pdf
PEVT_00090,SBBJ,DELETION,CONSUMED_IN_ENGINE,Valid parent broad-market Nifty 500 reconstitution event,ind_prs07032017.pdf
PEVT_00091,MYSOREBANK,DELETION,CONSUMED_IN_ENGINE,Valid parent broad-market Nifty 500 reconstitution event,ind_prs07032017.pdf
PEVT_00092,SBT,DELETION,CONSUMED_IN_ENGINE,Valid parent broad-market Nifty 500 reconstitution event,ind_prs07032017.pdf
PEVT_00093,FRETAIL,ADDITION,CONSUMED_IN_ENGINE,Valid parent broad-market Nifty 500 reconstitution event,ind_prs07032017.pdf
PEVT_00094,MAXINDIA,ADDITION,CONSUMED_IN_ENGINE,Valid parent broad-market Nifty 500 reconstitution event,ind_prs07032017.pdf
PEVT_00095,MGL,ADDITION,CONSUMED_IN_ENGINE,Valid parent broad-market Nifty 500 reconstitution event,ind_prs07032017.pdf
PEVT_00097,AUROPHARMA,DELETION,CONSUMED_IN_ENGINE,Valid parent broad-market Nifty 500 reconstitution event,ind_prs07062024.pdf
PEVT_00098,BSOFT,DELETION,CONSUMED_IN_ENGINE,Valid parent broad-market Nifty 500 reconstitution event,ind_prs07062024.pdf
PEVT_00099,MAPMYINDIA,DELETION,CONSUMED_IN_ENGINE,Valid parent broad-market Nifty 500 reconstitution event,ind_prs07062024.pdf
PEVT_00100,CDSL,DELETION,CONSUMED_IN_ENGINE,Valid parent broad-market Nifty 500 reconstitution event,ind_prs07062024.pdf
PEVT_00101,CYIENT,DELETION,CONSUMED_IN_ENGINE,Valid parent broad-market Nifty 500 reconstitution event,ind_prs07062024.pdf
PEVT_00102,ECLERX,DELETION,CONSUMED_IN_ENGINE,Valid parent broad-market Nifty 500 reconstitution event,ind_prs07062024.pdf
PEVT_00103,FACT,DELETION,CONSUMED_IN_ENGINE,Valid parent broad-market Nifty 500 reconstitution event,ind_prs07062024.pdf
PEVT_00104,GICRE,DELETION,CONSUMED_IN_ENGINE,Valid parent broad-market Nifty 500 reconstitution event,ind_prs07062024.pdf
PEVT_00105,MEDANTA,DELETION,CONSUMED_IN_ENGINE,Valid parent broad-market Nifty 500 reconstitution event,ind_prs07062024.pdf
PEVT_00106,IRCON,DELETION,CONSUMED_IN_ENGINE,Valid parent broad-market Nifty 500 reconstitution event,ind_prs07062024.pdf
PEVT_00107,ITI,DELETION,CONSUMED_IN_ENGINE,Valid parent broad-market Nifty 500 reconstitution event,ind_prs07062024.pdf
PEVT_00108,JINDALSAW,DELETION,CONSUMED_IN_ENGINE,Valid parent broad-market Nifty 500 reconstitution event,ind_prs07062024.pdf
PEVT_00109,JYOTHYLAB,DELETION,CONSUMED_IN_ENGINE,Valid parent broad-market Nifty 500 reconstitution event,ind_prs07062024.pdf
PEVT_00110,KARURVYSYA,DELETION,CONSUMED_IN_ENGINE,Valid parent broad-market Nifty 500 reconstitution event,ind_prs07062024.pdf
PEVT_00111,KAYNES,DELETION,CONSUMED_IN_ENGINE,Valid parent broad-market Nifty 500 reconstitution event,ind_prs07062024.pdf
PEVT_00112,KPITTECH,DELETION,CONSUMED_IN_ENGINE,Valid parent broad-market Nifty 500 reconstitution event,ind_prs07062024.pdf
PEVT_00113,LUPIN,DELETION,CONSUMED_IN_ENGINE,Valid parent broad-market Nifty 500 reconstitution event,ind_prs07062024.pdf
PEVT_00114,MCX,DELETION,CONSUMED_IN_ENGINE,Valid parent broad-market Nifty 500 reconstitution event,ind_prs07062024.pdf
PEVT_00115,NLCINDIA,DELETION,CONSUMED_IN_ENGINE,Valid parent broad-market Nifty 500 reconstitution event,ind_prs07062024.pdf
PEVT_00116,PCBL,DELETION,CONSUMED_IN_ENGINE,Valid parent broad-market Nifty 500 reconstitution event,ind_prs07062024.pdf
PEVT_00117,PNBHOUSING,DELETION,CONSUMED_IN_ENGINE,Valid parent broad-market Nifty 500 reconstitution event,ind_prs07062024.pdf
PEVT_00118,POLYCAB,DELETION,CONSUMED_IN_ENGINE,Valid parent broad-market Nifty 500 reconstitution event,ind_prs07062024.pdf
PEVT_00119,SAFARI,DELETION,CONSUMED_IN_ENGINE,Valid parent broad-market Nifty 500 reconstitution event,ind_prs07062024.pdf
PEVT_00120,SHYAMMETL,DELETION,CONSUMED_IN_ENGINE,Valid parent broad-market Nifty 500 reconstitution event,ind_prs07062024.pdf
PEVT_00121,SONATSOFTW,DELETION,CONSUMED_IN_ENGINE,Valid parent broad-market Nifty 500 reconstitution event,ind_prs07062024.pdf
PEVT_00122,SUPREMEIND,DELETION,CONSUMED_IN_ENGINE,Valid parent broad-market Nifty 500 reconstitution event,ind_prs07062024.pdf
PEVT_00123,TATAINVEST,DELETION,CONSUMED_IN_ENGINE,Valid parent broad-market Nifty 500 reconstitution event,ind_prs07062024.pdf
PEVT_00124,NIACL,DELETION,CONSUMED_IN_ENGINE,Valid parent broad-market Nifty 500 reconstitution event,ind_prs07062024.pdf
PEVT_00125,WELCORP,DELETION,CONSUMED_IN_ENGINE,Valid parent broad-market Nifty 500 reconstitution event,ind_prs07062024.pdf
PEVT_00126,ZENSARTECH,DELETION,CONSUMED_IN_ENGINE,Valid parent broad-market Nifty 500 reconstitution event,ind_prs07062024.pdf
PEVT_00127,ABB,ADDITION,CONSUMED_IN_ENGINE,Valid parent broad-market Nifty 500 reconstitution event,ind_prs07062024.pdf
PEVT_00128,ADANIPORTS,ADDITION,CONSUMED_IN_ENGINE,Valid parent broad-market Nifty 500 reconstitution event,ind_prs07062024.pdf
PEVT_00129,ADANIPOWER,ADDITION,CONSUMED_IN_ENGINE,Valid parent broad-market Nifty 500 reconstitution event,ind_prs07062024.pdf
PEVT_00130,ANANDRATHI,ADDITION,CONSUMED_IN_ENGINE,Valid parent broad-market Nifty 500 reconstitution event,ind_prs07062024.pdf
PEVT_00131,BAJAJ-AUTO,ADDITION,CONSUMED_IN_ENGINE,Valid parent broad-market Nifty 500 reconstitution event,ind_prs07062024.pdf
PEVT_00132,BDL,ADDITION,CONSUMED_IN_ENGINE,Valid parent broad-market Nifty 500 reconstitution event,ind_prs07062024.pdf
PEVT_00133,BEL,ADDITION,CONSUMED_IN_ENGINE,Valid parent broad-market Nifty 500 reconstitution event,ind_prs07062024.pdf
PEVT_00134,CUMMINSIND,ADDITION,CONSUMED_IN_ENGINE,Valid parent broad-market Nifty 500 reconstitution event,ind_prs07062024.pdf
PEVT_00135,DIXON,ADDITION,CONSUMED_IN_ENGINE,Valid parent broad-market Nifty 500 reconstitution event,ind_prs07062024.pdf
PEVT_00136,EXIDEIND,ADDITION,CONSUMED_IN_ENGINE,Valid parent broad-market Nifty 500 reconstitution event,ind_prs07062024.pdf
PEVT_00137,HBLPOWER,ADDITION,CONSUMED_IN_ENGINE,Valid parent broad-market Nifty 500 reconstitution event,ind_prs07062024.pdf
PEVT_00138,HINDCOPPER,ADDITION,CONSUMED_IN_ENGINE,Valid parent broad-market Nifty 500 reconstitution event,ind_prs07062024.pdf
PEVT_00139,POWERINDIA,ADDITION,CONSUMED_IN_ENGINE,Valid parent broad-market Nifty 500 reconstitution event,ind_prs07062024.pdf
PEVT_00140,HUDCO,ADDITION,CONSUMED_IN_ENGINE,Valid parent broad-market Nifty 500 reconstitution event,ind_prs07062024.pdf
PEVT_00141,JSL,ADDITION,CONSUMED_IN_ENGINE,Valid parent broad-market Nifty 500 reconstitution event,ind_prs07062024.pdf
PEVT_00142,JWL,ADDITION,CONSUMED_IN_ENGINE,Valid parent broad-market Nifty 500 reconstitution event,ind_prs07062024.pdf
PEVT_00143,KPIL,ADDITION,CONSUMED_IN_ENGINE,Valid parent broad-market Nifty 500 reconstitution event,ind_prs07062024.pdf
PEVT_00144,M&M,ADDITION,CONSUMED_IN_ENGINE,Valid parent broad-market Nifty 500 reconstitution event,ind_prs07062024.pdf
PEVT_00145,NATIONALUM,ADDITION,CONSUMED_IN_ENGINE,Valid parent broad-market Nifty 500 reconstitution event,ind_prs07062024.pdf
PEVT_00146,NBCC,ADDITION,CONSUMED_IN_ENGINE,Valid parent broad-market Nifty 500 reconstitution event,ind_prs07062024.pdf
PEVT_00147,NHPC,ADDITION,CONSUMED_IN_ENGINE,Valid parent broad-market Nifty 500 reconstitution event,ind_prs07062024.pdf
PEVT_00148,OIL,ADDITION,CONSUMED_IN_ENGINE,Valid parent broad-market Nifty 500 reconstitution event,ind_prs07062024.pdf
PEVT_00149,PNB,ADDITION,CONSUMED_IN_ENGINE,Valid parent broad-market Nifty 500 reconstitution event,ind_prs07062024.pdf
PEVT_00150,RVNL,ADDITION,CONSUMED_IN_ENGINE,Valid parent broad-market Nifty 500 reconstitution event,ind_prs07062024.pdf
PEVT_00151,MOTHERSON,ADDITION,CONSUMED_IN_ENGINE,Valid parent broad-market Nifty 500 reconstitution event,ind_prs07062024.pdf
PEVT_00152,SIEMENS,ADDITION,CONSUMED_IN_ENGINE,Valid parent broad-market Nifty 500 reconstitution event,ind_prs07062024.pdf
PEVT_00153,SOBHA,ADDITION,CONSUMED_IN_ENGINE,Valid parent broad-market Nifty 500 reconstitution event,ind_prs07062024.pdf
PEVT_00154,TATAPOWER,ADDITION,CONSUMED_IN_ENGINE,Valid parent broad-market Nifty 500 reconstitution event,ind_prs07062024.pdf
PEVT_00155,THERMAX,ADDITION,CONSUMED_IN_ENGINE,Valid parent broad-market Nifty 500 reconstitution event,ind_prs07062024.pdf
PEVT_00156,TITAGARH,ADDITION,CONSUMED_IN_ENGINE,Valid parent broad-market Nifty 500 reconstitution event,ind_prs07062024.pdf
PEVT_00157,ZYDUSLIFE,ADDITION,CONSUMED_IN_ENGINE,Valid parent broad-market Nifty 500 reconstitution event,ind_prs07062024.pdf
PEVT_00158,ASAHIINDIA,DELETION,CONSUMED_IN_ENGINE,Valid parent broad-market Nifty 500 reconstitution event,ind_prs07092020.pdf
PEVT_00159,JTEKTINDIA,DELETION,CONSUMED_IN_ENGINE,Valid parent broad-market Nifty 500 reconstitution event,ind_prs07092020.pdf
PEVT_00160,AUROPHARMA,DELETION,CONSUMED_IN_ENGINE,Valid parent broad-market Nifty 500 reconstitution event,ind_prs07122023.pdf
PEVT_00161,EXIDEIND,DELETION,CONSUMED_IN_ENGINE,Valid parent broad-market Nifty 500 reconstitution event,ind_prs07122023.pdf
PEVT_00162,HINDZINC,DELETION,CONSUMED_IN_ENGINE,Valid parent broad-market Nifty 500 reconstitution event,ind_prs07122023.pdf
PEVT_00163,JMFINANCIL,DELETION,CONSUMED_IN_ENGINE,Valid parent broad-market Nifty 500 reconstitution event,ind_prs07122023.pdf
PEVT_00164,RAIN,DELETION,CONSUMED_IN_ENGINE,Valid parent broad-market Nifty 500 reconstitution event,ind_prs07122023.pdf
PEVT_00165,SANOFI,DELETION,CONSUMED_IN_ENGINE,Valid parent broad-market Nifty 500 reconstitution event,ind_prs07122023.pdf
PEVT_00166,DEEPAKFERT,ADDITION,CONSUMED_IN_ENGINE,Valid parent broad-market Nifty 500 reconstitution event,ind_prs07122023.pdf
PEVT_00167,EIDPARRY,ADDITION,CONSUMED_IN_ENGINE,Valid parent broad-market Nifty 500 reconstitution event,ind_prs07122023.pdf
PEVT_00168,HUDCO,ADDITION,CONSUMED_IN_ENGINE,Valid parent broad-market Nifty 500 reconstitution event,ind_prs07122023.pdf
PEVT_00169,IDFC,ADDITION,CONSUMED_IN_ENGINE,Valid parent broad-market Nifty 500 reconstitution event,ind_prs07122023.pdf
PEVT_00170,SBIN,ADDITION,CONSUMED_IN_ENGINE,Valid parent broad-market Nifty 500 reconstitution event,ind_prs07122023.pdf
PEVT_00171,UPL,ADDITION,CONSUMED_IN_ENGINE,Valid parent broad-market Nifty 500 reconstitution event,ind_prs07122023.pdf
PEVT_00172,ABCAPITAL,DELETION,CONSUMED_IN_ENGINE,Valid parent broad-market Nifty 500 reconstitution event,ind_prs07122023.pdf
PEVT_00173,BANKBARODA,DELETION,CONSUMED_IN_ENGINE,Valid parent broad-market Nifty 500 reconstitution event,ind_prs07122023.pdf
PEVT_00174,BANKINDIA,DELETION,CONSUMED_IN_ENGINE,Valid parent broad-market Nifty 500 reconstitution event,ind_prs07122023.pdf
PEVT_00175,BRITANNIA,DELETION,CONSUMED_IN_ENGINE,Valid parent broad-market Nifty 500 reconstitution event,ind_prs07122023.pdf
PEVT_00176,EQUITASBNK,DELETION,CONSUMED_IN_ENGINE,Valid parent broad-market Nifty 500 reconstitution event,ind_prs07122023.pdf
PEVT_00177,FEDERALBNK,DELETION,CONSUMED_IN_ENGINE,Valid parent broad-market Nifty 500 reconstitution event,ind_prs07122023.pdf
PEVT_00178,FINCABLES,DELETION,CONSUMED_IN_ENGINE,Valid parent broad-market Nifty 500 reconstitution event,ind_prs07122023.pdf
PEVT_00179,JINDALSTEL,DELETION,CONSUMED_IN_ENGINE,Valid parent broad-market Nifty 500 reconstitution event,ind_prs07122023.pdf
PEVT_00180,MRF,DELETION,CONSUMED_IN_ENGINE,Valid parent broad-market Nifty 500 reconstitution event,ind_prs07122023.pdf
PEVT_00181,PNBHOUSING,DELETION,CONSUMED_IN_ENGINE,Valid parent broad-market Nifty 500 reconstitution event,ind_prs07122023.pdf
PEVT_00182,RAYMOND,DELETION,CONSUMED_IN_ENGINE,Valid parent broad-market Nifty 500 reconstitution event,ind_prs07122023.pdf
PEVT_00183,SONATSOFTW,DELETION,CONSUMED_IN_ENGINE,Valid parent broad-market Nifty 500 reconstitution event,ind_prs07122023.pdf
PEVT_00184,TIINDIA,DELETION,CONSUMED_IN_ENGINE,Valid parent broad-market Nifty 500 reconstitution event,ind_prs07122023.pdf
PEVT_00186,APARINDS,ADDITION,CONSUMED_IN_ENGINE,Valid parent broad-market Nifty 500 reconstitution event,ind_prs07122023.pdf
PEVT_00187,AUROPHARMA,ADDITION,CONSUMED_IN_ENGINE,Valid parent broad-market Nifty 500 reconstitution event,ind_prs07122023.pdf
PEVT_00188,BSOFT,ADDITION,CONSUMED_IN_ENGINE,Valid parent broad-market Nifty 500 reconstitution event,ind_prs07122023.pdf
PEVT_00189,BSE,ADDITION,CONSUMED_IN_ENGINE,Valid parent broad-market Nifty 500 reconstitution event,ind_prs07122023.pdf
PEVT_00190,KEI,ADDITION,CONSUMED_IN_ENGINE,Valid parent broad-market Nifty 500 reconstitution event,ind_prs07122023.pdf
PEVT_00191,MCX,ADDITION,CONSUMED_IN_ENGINE,Valid parent broad-market Nifty 500 reconstitution event,ind_prs07122023.pdf
PEVT_00192,PAYTM,ADDITION,CONSUMED_IN_ENGINE,Valid parent broad-market Nifty 500 reconstitution event,ind_prs07122023.pdf
PEVT_00193,POLICYBZR,ADDITION,CONSUMED_IN_ENGINE,Valid parent broad-market Nifty 500 reconstitution event,ind_prs07122023.pdf
PEVT_00194,PRESTIGE,ADDITION,CONSUMED_IN_ENGINE,Valid parent broad-market Nifty 500 reconstitution event,ind_prs07122023.pdf
PEVT_00195,RVNL,ADDITION,CONSUMED_IN_ENGINE,Valid parent broad-market Nifty 500 reconstitution event,ind_prs07122023.pdf
PEVT_00196,TRENT,ADDITION,CONSUMED_IN_ENGINE,Valid parent broad-market Nifty 500 reconstitution event,ind_prs07122023.pdf
PEVT_00197,ZOMATO,ADDITION,CONSUMED_IN_ENGINE,Valid parent broad-market Nifty 500 reconstitution event,ind_prs07122023.pdf
PEVT_00198,AWL,DELETION,CONSUMED_IN_ENGINE,Valid parent broad-market Nifty 500 reconstitution event,ind_prs07122023.pdf
PEVT_00199,GNFC,DELETION,CONSUMED_IN_ENGINE,Valid parent broad-market Nifty 500 reconstitution event,ind_prs07122023.pdf
PEVT_00200,IBULHSGFIN,DELETION,CONSUMED_IN_ENGINE,Valid parent broad-market Nifty 500 reconstitution event,ind_prs07122023.pdf
PEVT_00201,PFC,DELETION,CONSUMED_IN_ENGINE,Valid parent broad-market Nifty 500 reconstitution event,ind_prs07122023.pdf
PEVT_00202,BATAINDIA,DELETION,CONSUMED_IN_ENGINE,Valid parent broad-market Nifty 500 reconstitution event,ind_prs07122023.pdf
PEVT_00203,BOSCHLTD,DELETION,CONSUMED_IN_ENGINE,Valid parent broad-market Nifty 500 reconstitution event,ind_prs07122023.pdf
PEVT_00204,AXISBANK,DELETION,CONSUMED_IN_ENGINE,Valid parent broad-market Nifty 500 reconstitution event,ind_prs07122023.pdf
PEVT_00205,SBICARD,DELETION,CONSUMED_IN_ENGINE,Valid parent broad-market Nifty 500 reconstitution event,ind_prs07122023.pdf
PEVT_00206,BHEL,DELETION,CONSUMED_IN_ENGINE,Valid parent broad-market Nifty 500 reconstitution event,ind_prs08122021.pdf
PEVT_00207,BSE,DELETION,CONSUMED_IN_ENGINE,Valid parent broad-market Nifty 500 reconstitution event,ind_prs08122021.pdf
PEVT_00208,DCBBANK,DELETION,CONSUMED_IN_ENGINE,Valid parent broad-market Nifty 500 reconstitution event,ind_prs08122021.pdf
PEVT_00209,ENGINERSIN,DELETION,CONSUMED_IN_ENGINE,Valid parent broad-market Nifty 500 reconstitution event,ind_prs08122021.pdf
PEVT_00210,FSL,DELETION,CONSUMED_IN_ENGINE,Valid parent broad-market Nifty 500 reconstitution event,ind_prs08122021.pdf
PEVT_00211,FRETAIL,DELETION,CONSUMED_IN_ENGINE,Valid parent broad-market Nifty 500 reconstitution event,ind_prs08122021.pdf
PEVT_00212,GRAPHITE,DELETION,CONSUMED_IN_ENGINE,Valid parent broad-market Nifty 500 reconstitution event,ind_prs08122021.pdf
PEVT_00213,HEG,DELETION,CONSUMED_IN_ENGINE,Valid parent broad-market Nifty 500 reconstitution event,ind_prs08122021.pdf
PEVT_00214,IDFC,DELETION,CONSUMED_IN_ENGINE,Valid parent broad-market Nifty 500 reconstitution event,ind_prs08122021.pdf
PEVT_00215,SCI,DELETION,CONSUMED_IN_ENGINE,Valid parent broad-market Nifty 500 reconstitution event,ind_prs08122021.pdf
PEVT_00216,TATACHEM,DELETION,CONSUMED_IN_ENGINE,Valid parent broad-market Nifty 500 reconstitution event,ind_prs08122021.pdf
PEVT_00217,TATAMOTORS,DELETION,CONSUMED_IN_ENGINE,Valid parent broad-market Nifty 500 reconstitution event,ind_prs08122021.pdf
PEVT_00218,TATAPOWER,DELETION,CONSUMED_IN_ENGINE,Valid parent broad-market Nifty 500 reconstitution event,ind_prs08122021.pdf
PEVT_00219,WELCORP,DELETION,CONSUMED_IN_ENGINE,Valid parent broad-market Nifty 500 reconstitution event,ind_prs08122021.pdf
PEVT_00220,EDELWEISS,ADDITION,CONSUMED_IN_ENGINE,Valid parent broad-market Nifty 500 reconstitution event,ind_prs08122021.pdf
PEVT_00221,EQUITAS,ADDITION,CONSUMED_IN_ENGINE,Valid parent broad-market Nifty 500 reconstitution event,ind_prs08122021.pdf
PEVT_00222,HINDZINC,ADDITION,CONSUMED_IN_ENGINE,Valid parent broad-market Nifty 500 reconstitution event,ind_prs08122021.pdf
PEVT_00223,INDIANB,ADDITION,CONSUMED_IN_ENGINE,Valid parent broad-market Nifty 500 reconstitution event,ind_prs08122021.pdf
PEVT_00224,IRFC,ADDITION,CONSUMED_IN_ENGINE,Valid parent broad-market Nifty 500 reconstitution event,ind_prs08122021.pdf
PEVT_00225,INDUSTOWER,ADDITION,CONSUMED_IN_ENGINE,Valid parent broad-market Nifty 500 reconstitution event,ind_prs08122021.pdf
PEVT_00226,ITC,ADDITION,CONSUMED_IN_ENGINE,Valid parent broad-market Nifty 500 reconstitution event,ind_prs08122021.pdf
PEVT_00227,JMFINANCIL,ADDITION,CONSUMED_IN_ENGINE,Valid parent broad-market Nifty 500 reconstitution event,ind_prs08122021.pdf
PEVT_00228,PETRONET,ADDITION,CONSUMED_IN_ENGINE,Valid parent broad-market Nifty 500 reconstitution event,ind_prs08122021.pdf
PEVT_00229,POLYPLEX,ADDITION,CONSUMED_IN_ENGINE,Valid parent broad-market Nifty 500 reconstitution event,ind_prs08122021.pdf
PEVT_00230,POWERGRID,ADDITION,CONSUMED_IN_ENGINE,Valid parent broad-market Nifty 500 reconstitution event,ind_prs08122021.pdf
PEVT_00231,REDINGTON,ADDITION,CONSUMED_IN_ENGINE,Valid parent broad-market Nifty 500 reconstitution event,ind_prs08122021.pdf
PEVT_00232,UNIONBANK,ADDITION,CONSUMED_IN_ENGINE,Valid parent broad-market Nifty 500 reconstitution event,ind_prs08122021.pdf
PEVT_00233,VEDL,ADDITION,CONSUMED_IN_ENGINE,Valid parent broad-market Nifty 500 reconstitution event,ind_prs08122021.pdf
PEVT_00234,ADANIGREEN,DELETION,CONSUMED_IN_ENGINE,Valid parent broad-market Nifty 500 reconstitution event,ind_prs08122021.pdf
PEVT_00235,BALRAMCHIN,DELETION,CONSUMED_IN_ENGINE,Valid parent broad-market Nifty 500 reconstitution event,ind_prs08122021.pdf
PEVT_00236,DIVISLAB,DELETION,CONSUMED_IN_ENGINE,Valid parent broad-market Nifty 500 reconstitution event,ind_prs08122021.pdf
PEVT_00237,INDIAMART,DELETION,CONSUMED_IN_ENGINE,Valid parent broad-market Nifty 500 reconstitution event,ind_prs08122021.pdf
PEVT_00238,INTELLECT,DELETION,CONSUMED_IN_ENGINE,Valid parent broad-market Nifty 500 reconstitution event,ind_prs08122021.pdf
PEVT_00239,JUBLFOOD,DELETION,CONSUMED_IN_ENGINE,Valid parent broad-market Nifty 500 reconstitution event,ind_prs08122021.pdf
PEVT_00240,NAVINFLUOR,DELETION,CONSUMED_IN_ENGINE,Valid parent broad-market Nifty 500 reconstitution event,ind_prs08122021.pdf
PEVT_00242,BSE,ADDITION,CONSUMED_IN_ENGINE,Valid parent broad-market Nifty 500 reconstitution event,ind_prs08122021.pdf
PEVT_00243,CAMS,ADDITION,CONSUMED_IN_ENGINE,Valid parent broad-market Nifty 500 reconstitution event,ind_prs08122021.pdf
PEVT_00244,HAPPSTMNDS,ADDITION,CONSUMED_IN_ENGINE,Valid parent broad-market Nifty 500 reconstitution event,ind_prs08122021.pdf
PEVT_00245,IRCTC,ADDITION,CONSUMED_IN_ENGINE,Valid parent broad-market Nifty 500 reconstitution event,ind_prs08122021.pdf
PEVT_00246,KEI,ADDITION,CONSUMED_IN_ENGINE,Valid parent broad-market Nifty 500 reconstitution event,ind_prs08122021.pdf
PEVT_00247,LINDEINDIA,ADDITION,CONSUMED_IN_ENGINE,Valid parent broad-market Nifty 500 reconstitution event,ind_prs08122021.pdf
PEVT_00248,RADICO,ADDITION,CONSUMED_IN_ENGINE,Valid parent broad-market Nifty 500 reconstitution event,ind_prs08122021.pdf
PEVT_00249,BPCL,DELETION,CONSUMED_IN_ENGINE,Valid parent broad-market Nifty 500 reconstitution event,ind_prs08122021.pdf
PEVT_00250,ESCORTS,DELETION,CONSUMED_IN_ENGINE,Valid parent broad-market Nifty 500 reconstitution event,ind_prs08122021.pdf
PEVT_00251,NCC,DELETION,CONSUMED_IN_ENGINE,Valid parent broad-market Nifty 500 reconstitution event,ind_prs08122021.pdf
PEVT_00252,HINDCOPPER,ADDITION,CONSUMED_IN_ENGINE,Valid parent broad-market Nifty 500 reconstitution event,ind_prs08122021.pdf
PEVT_00253,IBREALEST,ADDITION,CONSUMED_IN_ENGINE,Valid parent broad-market Nifty 500 reconstitution event,ind_prs08122021.pdf
PEVT_00254,NATIONALUM,ADDITION,CONSUMED_IN_ENGINE,Valid parent broad-market Nifty 500 reconstitution event,ind_prs08122021.pdf
PEVT_00255,TATACHEM,ADDITION,CONSUMED_IN_ENGINE,Valid parent broad-market Nifty 500 reconstitution event,ind_prs08122021.pdf
PEVT_00256,PFIZER,DELETION,CONSUMED_IN_ENGINE,Valid parent broad-market Nifty 500 reconstitution event,ind_prs08122021.pdf
PEVT_00257,TATACONSUM,DELETION,CONSUMED_IN_ENGINE,Valid parent broad-market Nifty 500 reconstitution event,ind_prs08122021.pdf
PEVT_00258,SUVEN,DELETION,CONSUMED_IN_ENGINE,Valid parent broad-market Nifty 500 reconstitution event,ind_prs09012020.pdf
PEVT_00259,TATASTLBSL,DELETION,CONSUMED_IN_ENGINE,Valid parent broad-market Nifty 500 reconstitution event,ind_prs09012020.pdf
PEVT_00260,INOXLEISUR,DELETION,CONSUMED_IN_ENGINE,Valid parent broad-market Nifty 500 reconstitution event,ind_prs09022023_1.pdf
PEVT_00261,PPLPHARMA,DELETION,CONSUMED_IN_ENGINE,Valid parent broad-market Nifty 500 reconstitution event,ind_prs09022023_1.pdf
PEVT_00262,EIDPARRY,DELETION,CONSUMED_IN_ENGINE,Valid parent broad-market Nifty 500 reconstitution event,ind_prs09062023.pdf
PEVT_00263,MGL,DELETION,CONSUMED_IN_ENGINE,Valid parent broad-market Nifty 500 reconstitution event,ind_prs09062023.pdf
PEVT_00264,POLYPLEX,DELETION,CONSUMED_IN_ENGINE,Valid parent broad-market Nifty 500 reconstitution event,ind_prs09062023.pdf
PEVT_00265,SHRIRAMFIN,DELETION,CONSUMED_IN_ENGINE,Valid parent broad-market Nifty 500 reconstitution event,ind_prs09062023.pdf
PEVT_00266,TV18BRDCST,DELETION,CONSUMED_IN_ENGINE,Valid parent broad-market Nifty 500 reconstitution event,ind_prs09062023.pdf
PEVT_00267,VTL,DELETION,CONSUMED_IN_ENGINE,Valid parent broad-market Nifty 500 reconstitution event,ind_prs09062023.pdf
PEVT_00268,BCG,ADDITION,CONSUMED_IN_ENGINE,Valid parent broad-market Nifty 500 reconstitution event,ind_prs09062023.pdf
PEVT_00269,GSPL,ADDITION,CONSUMED_IN_ENGINE,Valid parent broad-market Nifty 500 reconstitution event,ind_prs09062023.pdf
PEVT_00270,JMFINANCIL,ADDITION,CONSUMED_IN_ENGINE,Valid parent broad-market Nifty 500 reconstitution event,ind_prs09062023.pdf
PEVT_00271,NMDC,ADDITION,CONSUMED_IN_ENGINE,Valid parent broad-market Nifty 500 reconstitution event,ind_prs09062023.pdf
PEVT_00272,PEL,ADDITION,CONSUMED_IN_ENGINE,Valid parent broad-market Nifty 500 reconstitution event,ind_prs09062023.pdf
PEVT_00273,SANOFI,ADDITION,CONSUMED_IN_ENGINE,Valid parent broad-market Nifty 500 reconstitution event,ind_prs09062023.pdf
PEVT_00277,INFY,ADDITION,CONSUMED_IN_ENGINE,Valid parent broad-market Nifty 500 reconstitution event,ind_prs10062026.pdf
PEVT_00278,JSWDULUX,ADDITION,CONSUMED_IN_ENGINE,Valid parent broad-market Nifty 500 reconstitution event,ind_prs10062026.pdf
PEVT_00279,SCHNEIDER,ADDITION,CONSUMED_IN_ENGINE,Valid parent broad-market Nifty 500 reconstitution event,ind_prs10062026.pdf
PEVT_00280,TV18BRDCST,DELETION,CONSUMED_IN_ENGINE,Valid parent broad-market Nifty 500 reconstitution event,ind_prs10102024.pdf
PEVT_00281,AKUMS,DELETION,CONSUMED_IN_ENGINE,Valid parent broad-market Nifty 500 reconstitution event,ind_prs10102024.pdf
PEVT_00282,ABFRL,DELETION,CONSUMED_IN_ENGINE,Valid parent broad-market Nifty 500 reconstitution event,ind_prs10102024_1.pdf
PEVT_00283,AFFLE,DELETION,CONSUMED_IN_ENGINE,Valid parent broad-market Nifty 500 reconstitution event,ind_prs10102024_1.pdf
PEVT_00284,BEML,DELETION,CONSUMED_IN_ENGINE,Valid parent broad-market Nifty 500 reconstitution event,ind_prs10102024_1.pdf
PEVT_00285,CAPLIPOINT,DELETION,CONSUMED_IN_ENGINE,Valid parent broad-market Nifty 500 reconstitution event,ind_prs10102024_1.pdf
PEVT_00286,ERIS,DELETION,CONSUMED_IN_ENGINE,Valid parent broad-market Nifty 500 reconstitution event,ind_prs10102024_1.pdf
PEVT_00287,GNFC,DELETION,CONSUMED_IN_ENGINE,Valid parent broad-market Nifty 500 reconstitution event,ind_prs10102024_1.pdf
PEVT_00288,HBLPOWER,DELETION,CONSUMED_IN_ENGINE,Valid parent broad-market Nifty 500 reconstitution event,ind_prs10102024_1.pdf
PEVT_00289,IRCTC,DELETION,CONSUMED_IN_ENGINE,Valid parent broad-market Nifty 500 reconstitution event,ind_prs10102024_1.pdf
PEVT_00290,KNRCON,DELETION,CONSUMED_IN_ENGINE,Valid parent broad-market Nifty 500 reconstitution event,ind_prs10102024_1.pdf
PEVT_00291,MAXHEALTH,DELETION,CONSUMED_IN_ENGINE,Valid parent broad-market Nifty 500 reconstitution event,ind_prs10102024_1.pdf
PEVT_00292,MMTC,DELETION,CONSUMED_IN_ENGINE,Valid parent broad-market Nifty 500 reconstitution event,ind_prs10102024_1.pdf
PEVT_00293,NH,DELETION,CONSUMED_IN_ENGINE,Valid parent broad-market Nifty 500 reconstitution event,ind_prs10102024_1.pdf
PEVT_00294,RCF,DELETION,CONSUMED_IN_ENGINE,Valid parent broad-market Nifty 500 reconstitution event,ind_prs10102024_1.pdf
PEVT_00295,SAIL,DELETION,CONSUMED_IN_ENGINE,Valid parent broad-market Nifty 500 reconstitution event,ind_prs10102024_1.pdf
PEVT_00296,TATAELXSI,DELETION,CONSUMED_IN_ENGINE,Valid parent broad-market Nifty 500 reconstitution event,ind_prs10102024_1.pdf
PEVT_00297,AKUMS,ADDITION,CONSUMED_IN_ENGINE,Valid parent broad-market Nifty 500 reconstitution event,ind_prs10102024_1.pdf
PEVT_00298,INDIACEM,ADDITION,CONSUMED_IN_ENGINE,Valid parent broad-market Nifty 500 reconstitution event,ind_prs10102024_1.pdf
PEVT_00299,JYOTICNC,ADDITION,CONSUMED_IN_ENGINE,Valid parent broad-market Nifty 500 reconstitution event,ind_prs10102024_1.pdf
PEVT_00300,RVNL,ADDITION,CONSUMED_IN_ENGINE,Valid parent broad-market Nifty 500 reconstitution event,ind_prs10102024_1.pdf
PEVT_00301,TBOTEK,ADDITION,CONSUMED_IN_ENGINE,Valid parent broad-market Nifty 500 reconstitution event,ind_prs10102024_1.pdf
PEVT_00302,NMDC,DELETION,CONSUMED_IN_ENGINE,Valid parent broad-market Nifty 500 reconstitution event,ind_prs11072022.pdf
PEVT_00303,PEL,DELETION,CONSUMED_IN_ENGINE,Valid parent broad-market Nifty 500 reconstitution event,ind_prs11072022.pdf
PEVT_00304,SHRIRAMCIT,DELETION,CONSUMED_IN_ENGINE,Valid parent broad-market Nifty 500 reconstitution event,ind_prs11072022.pdf
PEVT_00305,CAMPUS,ADDITION,CONSUMED_IN_ENGINE,Valid parent broad-market Nifty 500 reconstitution event,ind_prs11072022.pdf
PEVT_00306,DELHIVERY,ADDITION,CONSUMED_IN_ENGINE,Valid parent broad-market Nifty 500 reconstitution event,ind_prs11072022.pdf
PEVT_00307,LICI,ADDITION,CONSUMED_IN_ENGINE,Valid parent broad-market Nifty 500 reconstitution event,ind_prs11072022.pdf
PEVT_00308,ASHOKLEY,DELETION,CONSUMED_IN_ENGINE,Valid parent broad-market Nifty 500 reconstitution event,ind_prs11122020.pdf
PEVT_00309,CARERATING,DELETION,CONSUMED_IN_ENGINE,Valid parent broad-market Nifty 500 reconstitution event,ind_prs11122020.pdf
PEVT_00310,DCMSHRIRAM,DELETION,CONSUMED_IN_ENGINE,Valid parent broad-market Nifty 500 reconstitution event,ind_prs11122020.pdf
PEVT_00311,EDELWEISS,DELETION,CONSUMED_IN_ENGINE,Valid parent broad-market Nifty 500 reconstitution event,ind_prs11122020.pdf
PEVT_00312,GHCL,DELETION,CONSUMED_IN_ENGINE,Valid parent broad-market Nifty 500 reconstitution event,ind_prs11122020.pdf
PEVT_00313,HINDZINC,DELETION,CONSUMED_IN_ENGINE,Valid parent broad-market Nifty 500 reconstitution event,ind_prs11122020.pdf
PEVT_00314,IIFL,DELETION,CONSUMED_IN_ENGINE,Valid parent broad-market Nifty 500 reconstitution event,ind_prs11122020.pdf
PEVT_00315,IBREALEST,DELETION,CONSUMED_IN_ENGINE,Valid parent broad-market Nifty 500 reconstitution event,ind_prs11122020.pdf
PEVT_00316,NLCINDIA,DELETION,CONSUMED_IN_ENGINE,Valid parent broad-market Nifty 500 reconstitution event,ind_prs11122020.pdf
PEVT_00317,RAJESHEXPO,DELETION,CONSUMED_IN_ENGINE,Valid parent broad-market Nifty 500 reconstitution event,ind_prs11122020.pdf
PEVT_00318,SJVN,DELETION,CONSUMED_IN_ENGINE,Valid parent broad-market Nifty 500 reconstitution event,ind_prs11122020.pdf
PEVT_00319,BANKBARODA,ADDITION,CONSUMED_IN_ENGINE,Valid parent broad-market Nifty 500 reconstitution event,ind_prs11122020.pdf
PEVT_00320,BANKINDIA,ADDITION,CONSUMED_IN_ENGINE,Valid parent broad-market Nifty 500 reconstitution event,ind_prs11122020.pdf
PEVT_00321,FEDERALBNK,ADDITION,CONSUMED_IN_ENGINE,Valid parent broad-market Nifty 500 reconstitution event,ind_prs11122020.pdf
PEVT_00322,FRETAIL,ADDITION,CONSUMED_IN_ENGINE,Valid parent broad-market Nifty 500 reconstitution event,ind_prs11122020.pdf
PEVT_00323,GAIL,ADDITION,CONSUMED_IN_ENGINE,Valid parent broad-market Nifty 500 reconstitution event,ind_prs11122020.pdf
PEVT_00324,GESHIP,ADDITION,CONSUMED_IN_ENGINE,Valid parent broad-market Nifty 500 reconstitution event,ind_prs11122020.pdf
PEVT_00325,LICHSGFIN,ADDITION,CONSUMED_IN_ENGINE,Valid parent broad-market Nifty 500 reconstitution event,ind_prs11122020.pdf
PEVT_00326,PNB,ADDITION,CONSUMED_IN_ENGINE,Valid parent broad-market Nifty 500 reconstitution event,ind_prs11122020.pdf
PEVT_00327,TATACHEM,ADDITION,CONSUMED_IN_ENGINE,Valid parent broad-market Nifty 500 reconstitution event,ind_prs11122020.pdf
PEVT_00328,TATAMOTORS,ADDITION,CONSUMED_IN_ENGINE,Valid parent broad-market Nifty 500 reconstitution event,ind_prs11122020.pdf
PEVT_00329,WELCORP,ADDITION,CONSUMED_IN_ENGINE,Valid parent broad-market Nifty 500 reconstitution event,ind_prs11122020.pdf
PEVT_00330,BHARTIARTL,DELETION,CONSUMED_IN_ENGINE,Valid parent broad-market Nifty 500 reconstitution event,ind_prs11122020.pdf
PEVT_00331,IGL,DELETION,CONSUMED_IN_ENGINE,Valid parent broad-market Nifty 500 reconstitution event,ind_prs11122020.pdf
PEVT_00332,MANAPPURAM,DELETION,CONSUMED_IN_ENGINE,Valid parent broad-market Nifty 500 reconstitution event,ind_prs11122020.pdf
PEVT_00333,WHIRLPOOL,DELETION,CONSUMED_IN_ENGINE,Valid parent broad-market Nifty 500 reconstitution event,ind_prs11122020.pdf
PEVT_00334,ADANIGAS,ADDITION,CONSUMED_IN_ENGINE,Valid parent broad-market Nifty 500 reconstitution event,ind_prs11122020.pdf
PEVT_00335,AMBER,ADDITION,CONSUMED_IN_ENGINE,Valid parent broad-market Nifty 500 reconstitution event,ind_prs11122020.pdf
PEVT_00336,BSOFT,ADDITION,CONSUMED_IN_ENGINE,Valid parent broad-market Nifty 500 reconstitution event,ind_prs11122020.pdf
PEVT_00337,GMMPFAUDLR,ADDITION,CONSUMED_IN_ENGINE,Valid parent broad-market Nifty 500 reconstitution event,ind_prs11122020.pdf
PEVT_00338,EQUITAS,DELETION,CONSUMED_IN_ENGINE,Valid parent broad-market Nifty 500 reconstitution event,ind_prs11122020.pdf
PEVT_00339,HINDPETRO,DELETION,CONSUMED_IN_ENGINE,Valid parent broad-market Nifty 500 reconstitution event,ind_prs11122020.pdf
PEVT_00340,GRASIM,DELETION,CONSUMED_IN_ENGINE,Valid parent broad-market Nifty 500 reconstitution event,ind_prs11122020.pdf
PEVT_00341,VEDL,DELETION,CONSUMED_IN_ENGINE,Valid parent broad-market Nifty 500 reconstitution event,ind_prs11122020.pdf
PEVT_00342,KOTAKBANK,DELETION,CONSUMED_IN_ENGINE,Valid parent broad-market Nifty 500 reconstitution event,ind_prs11122020.pdf
PEVT_00343,PAGEIND,DELETION,CONSUMED_IN_ENGINE,Valid parent broad-market Nifty 500 reconstitution event,ind_prs11122020.pdf
PEVT_00344,ABB,DELETION,CONSUMED_IN_ENGINE,Valid parent broad-market Nifty 500 reconstitution event,ind_prs11122024.pdf
PEVT_00345,ADANIPORTS,DELETION,CONSUMED_IN_ENGINE,Valid parent broad-market Nifty 500 reconstitution event,ind_prs11122024.pdf
PEVT_00346,ADANIPOWER,DELETION,CONSUMED_IN_ENGINE,Valid parent broad-market Nifty 500 reconstitution event,ind_prs11122024.pdf
PEVT_00347,ANANDRATHI,DELETION,CONSUMED_IN_ENGINE,Valid parent broad-market Nifty 500 reconstitution event,ind_prs11122024.pdf
PEVT_00348,APARINDS,DELETION,CONSUMED_IN_ENGINE,Valid parent broad-market Nifty 500 reconstitution event,ind_prs11122024.pdf
PEVT_00349,BAJAJ-AUTO,DELETION,CONSUMED_IN_ENGINE,Valid parent broad-market Nifty 500 reconstitution event,ind_prs11122024.pdf
PEVT_00350,BDL,DELETION,CONSUMED_IN_ENGINE,Valid parent broad-market Nifty 500 reconstitution event,ind_prs11122024.pdf
PEVT_00351,BEL,DELETION,CONSUMED_IN_ENGINE,Valid parent broad-market Nifty 500 reconstitution event,ind_prs11122024.pdf
PEVT_00352,BHEL,DELETION,CONSUMED_IN_ENGINE,Valid parent broad-market Nifty 500 reconstitution event,ind_prs11122024.pdf
PEVT_00353,COCHINSHIP,DELETION,CONSUMED_IN_ENGINE,Valid parent broad-market Nifty 500 reconstitution event,ind_prs11122024.pdf
PEVT_00354,CUMMINSIND,DELETION,CONSUMED_IN_ENGINE,Valid parent broad-market Nifty 500 reconstitution event,ind_prs11122024.pdf
PEVT_00355,EXIDEIND,DELETION,CONSUMED_IN_ENGINE,Valid parent broad-market Nifty 500 reconstitution event,ind_prs11122024.pdf
PEVT_00356,GPIL,DELETION,CONSUMED_IN_ENGINE,Valid parent broad-market Nifty 500 reconstitution event,ind_prs11122024.pdf
PEVT_00357,HBLPOWER,DELETION,CONSUMED_IN_ENGINE,Valid parent broad-market Nifty 500 reconstitution event,ind_prs11122024.pdf
PEVT_00358,HAL,DELETION,CONSUMED_IN_ENGINE,Valid parent broad-market Nifty 500 reconstitution event,ind_prs11122024.pdf
PEVT_00359,HINDCOPPER,DELETION,CONSUMED_IN_ENGINE,Valid parent broad-market Nifty 500 reconstitution event,ind_prs11122024.pdf
PEVT_00360,HUDCO,DELETION,CONSUMED_IN_ENGINE,Valid parent broad-market Nifty 500 reconstitution event,ind_prs11122024.pdf
PEVT_00361,IRFC,DELETION,CONSUMED_IN_ENGINE,Valid parent broad-market Nifty 500 reconstitution event,ind_prs11122024.pdf
PEVT_00362,JSL,DELETION,CONSUMED_IN_ENGINE,Valid parent broad-market Nifty 500 reconstitution event,ind_prs11122024.pdf
PEVT_00363,JWL,DELETION,CONSUMED_IN_ENGINE,Valid parent broad-market Nifty 500 reconstitution event,ind_prs11122024.pdf
PEVT_00364,KPIL,DELETION,CONSUMED_IN_ENGINE,Valid parent broad-market Nifty 500 reconstitution event,ind_prs11122024.pdf
PEVT_00365,MRPL,DELETION,CONSUMED_IN_ENGINE,Valid parent broad-market Nifty 500 reconstitution event,ind_prs11122024.pdf
PEVT_00366,NBCC,DELETION,CONSUMED_IN_ENGINE,Valid parent broad-market Nifty 500 reconstitution event,ind_prs11122024.pdf
PEVT_00367,NHPC,DELETION,CONSUMED_IN_ENGINE,Valid parent broad-market Nifty 500 reconstitution event,ind_prs11122024.pdf
PEVT_00368,PFC,DELETION,CONSUMED_IN_ENGINE,Valid parent broad-market Nifty 500 reconstitution event,ind_prs11122024.pdf
PEVT_00369,PRESTIGE,DELETION,CONSUMED_IN_ENGINE,Valid parent broad-market Nifty 500 reconstitution event,ind_prs11122024.pdf
PEVT_00370,PNB,DELETION,CONSUMED_IN_ENGINE,Valid parent broad-market Nifty 500 reconstitution event,ind_prs11122024.pdf
PEVT_00371,RVNL,DELETION,CONSUMED_IN_ENGINE,Valid parent broad-market Nifty 500 reconstitution event,ind_prs11122024.pdf
PEVT_00372,RECLTD,DELETION,CONSUMED_IN_ENGINE,Valid parent broad-market Nifty 500 reconstitution event,ind_prs11122024.pdf
PEVT_00373,MOTHERSON,DELETION,CONSUMED_IN_ENGINE,Valid parent broad-market Nifty 500 reconstitution event,ind_prs11122024.pdf
PEVT_00374,SJVN,DELETION,CONSUMED_IN_ENGINE,Valid parent broad-market Nifty 500 reconstitution event,ind_prs11122024.pdf
PEVT_00375,SOBHA,DELETION,CONSUMED_IN_ENGINE,Valid parent broad-market Nifty 500 reconstitution event,ind_prs11122024.pdf
PEVT_00376,SOLARINDS,DELETION,CONSUMED_IN_ENGINE,Valid parent broad-market Nifty 500 reconstitution event,ind_prs11122024.pdf
PEVT_00377,SUZLON,DELETION,CONSUMED_IN_ENGINE,Valid parent broad-market Nifty 500 reconstitution event,ind_prs11122024.pdf
PEVT_00378,TATAPOWER,DELETION,CONSUMED_IN_ENGINE,Valid parent broad-market Nifty 500 reconstitution event,ind_prs11122024.pdf
PEVT_00379,THERMAX,DELETION,CONSUMED_IN_ENGINE,Valid parent broad-market Nifty 500 reconstitution event,ind_prs11122024.pdf
PEVT_00380,TITAGARH,DELETION,CONSUMED_IN_ENGINE,Valid parent broad-market Nifty 500 reconstitution event,ind_prs11122024.pdf
PEVT_00381,TORNTPOWER,DELETION,CONSUMED_IN_ENGINE,Valid parent broad-market Nifty 500 reconstitution event,ind_prs11122024.pdf
PEVT_00382,ZYDUSLIFE,DELETION,CONSUMED_IN_ENGINE,Valid parent broad-market Nifty 500 reconstitution event,ind_prs11122024.pdf
PEVT_00383,360ONE,ADDITION,CONSUMED_IN_ENGINE,Valid parent broad-market Nifty 500 reconstitution event,ind_prs11122024.pdf
PEVT_00384,ABSLAMC,ADDITION,CONSUMED_IN_ENGINE,Valid parent broad-market Nifty 500 reconstitution event,ind_prs11122024.pdf
PEVT_00385,AMBER,ADDITION,CONSUMED_IN_ENGINE,Valid parent broad-market Nifty 500 reconstitution event,ind_prs11122024.pdf
PEVT_00386,ANANTRAJ,ADDITION,CONSUMED_IN_ENGINE,Valid parent broad-market Nifty 500 reconstitution event,ind_prs11122024.pdf
PEVT_00387,CAPLIPOINT,ADDITION,CONSUMED_IN_ENGINE,Valid parent broad-market Nifty 500 reconstitution event,ind_prs11122024.pdf
PEVT_00388,CHOLAHLDNG,ADDITION,CONSUMED_IN_ENGINE,Valid parent broad-market Nifty 500 reconstitution event,ind_prs11122024.pdf
PEVT_00389,COFORGE,ADDITION,CONSUMED_IN_ENGINE,Valid parent broad-market Nifty 500 reconstitution event,ind_prs11122024.pdf
PEVT_00390,COROMANDEL,ADDITION,CONSUMED_IN_ENGINE,Valid parent broad-market Nifty 500 reconstitution event,ind_prs11122024.pdf
PEVT_00391,DEEPAKFERT,ADDITION,CONSUMED_IN_ENGINE,Valid parent broad-market Nifty 500 reconstitution event,ind_prs11122024.pdf
PEVT_00392,DIVISLAB,ADDITION,CONSUMED_IN_ENGINE,Valid parent broad-market Nifty 500 reconstitution event,ind_prs11122024.pdf
PEVT_00393,FSL,ADDITION,CONSUMED_IN_ENGINE,Valid parent broad-market Nifty 500 reconstitution event,ind_prs11122024.pdf
PEVT_00394,FORTIS,ADDITION,CONSUMED_IN_ENGINE,Valid parent broad-market Nifty 500 reconstitution event,ind_prs11122024.pdf
PEVT_00395,GLENMARK,ADDITION,CONSUMED_IN_ENGINE,Valid parent broad-market Nifty 500 reconstitution event,ind_prs11122024.pdf
PEVT_00396,GODFRYPHLP,ADDITION,CONSUMED_IN_ENGINE,Valid parent broad-market Nifty 500 reconstitution event,ind_prs11122024.pdf
PEVT_00397,HSCL,ADDITION,CONSUMED_IN_ENGINE,Valid parent broad-market Nifty 500 reconstitution event,ind_prs11122024.pdf
PEVT_00398,INDIACEM,ADDITION,CONSUMED_IN_ENGINE,Valid parent broad-market Nifty 500 reconstitution event,ind_prs11122024.pdf
PEVT_00399,INDHOTEL,ADDITION,CONSUMED_IN_ENGINE,Valid parent broad-market Nifty 500 reconstitution event,ind_prs11122024.pdf
PEVT_00400,NAUKRI,ADDITION,CONSUMED_IN_ENGINE,Valid parent broad-market Nifty 500 reconstitution event,ind_prs11122024.pdf
PEVT_00401,JUBLPHARMA,ADDITION,CONSUMED_IN_ENGINE,Valid parent broad-market Nifty 500 reconstitution event,ind_prs11122024.pdf
PEVT_00402,KAYNES,ADDITION,CONSUMED_IN_ENGINE,Valid parent broad-market Nifty 500 reconstitution event,ind_prs11122024.pdf
PEVT_00403,KEC,ADDITION,CONSUMED_IN_ENGINE,Valid parent broad-market Nifty 500 reconstitution event,ind_prs11122024.pdf
PEVT_00404,KFINTECH,ADDITION,CONSUMED_IN_ENGINE,Valid parent broad-market Nifty 500 reconstitution event,ind_prs11122024.pdf
PEVT_00405,LLOYDSME,ADDITION,CONSUMED_IN_ENGINE,Valid parent broad-market Nifty 500 reconstitution event,ind_prs11122024.pdf
PEVT_00406,LUPIN,ADDITION,CONSUMED_IN_ENGINE,Valid parent broad-market Nifty 500 reconstitution event,ind_prs11122024.pdf
PEVT_00407,MCX,ADDITION,CONSUMED_IN_ENGINE,Valid parent broad-market Nifty 500 reconstitution event,ind_prs11122024.pdf
PEVT_00408,NATCOPHARM,ADDITION,CONSUMED_IN_ENGINE,Valid parent broad-market Nifty 500 reconstitution event,ind_prs11122024.pdf
PEVT_00409,NETWEB,ADDITION,CONSUMED_IN_ENGINE,Valid parent broad-market Nifty 500 reconstitution event,ind_prs11122024.pdf
PEVT_00410,OFSS,ADDITION,CONSUMED_IN_ENGINE,Valid parent broad-market Nifty 500 reconstitution event,ind_prs11122024.pdf
PEVT_00411,POLICYBZR,ADDITION,CONSUMED_IN_ENGINE,Valid parent broad-market Nifty 500 reconstitution event,ind_prs11122024.pdf
PEVT_00412,PCBL,ADDITION,CONSUMED_IN_ENGINE,Valid parent broad-market Nifty 500 reconstitution event,ind_prs11122024.pdf
PEVT_00413,PERSISTENT,ADDITION,CONSUMED_IN_ENGINE,Valid parent broad-market Nifty 500 reconstitution event,ind_prs11122024.pdf
PEVT_00414,PPLPHARMA,ADDITION,CONSUMED_IN_ENGINE,Valid parent broad-market Nifty 500 reconstitution event,ind_prs11122024.pdf
PEVT_00415,POLYMED,ADDITION,CONSUMED_IN_ENGINE,Valid parent broad-market Nifty 500 reconstitution event,ind_prs11122024.pdf
PEVT_00416,RADICO,ADDITION,CONSUMED_IN_ENGINE,Valid parent broad-market Nifty 500 reconstitution event,ind_prs11122024.pdf
PEVT_00417,SUVENPHAR,ADDITION,CONSUMED_IN_ENGINE,Valid parent broad-market Nifty 500 reconstitution event,ind_prs11122024.pdf
PEVT_00418,TECHM,ADDITION,CONSUMED_IN_ENGINE,Valid parent broad-market Nifty 500 reconstitution event,ind_prs11122024.pdf
PEVT_00419,UNITDSPR,ADDITION,CONSUMED_IN_ENGINE,Valid parent broad-market Nifty 500 reconstitution event,ind_prs11122024.pdf
PEVT_00420,VOLTAS,ADDITION,CONSUMED_IN_ENGINE,Valid parent broad-market Nifty 500 reconstitution event,ind_prs11122024.pdf
PEVT_00421,ZOMATO,ADDITION,CONSUMED_IN_ENGINE,Valid parent broad-market Nifty 500 reconstitution event,ind_prs11122024.pdf
PEVT_00422,SKFINDIA,DELETION,CONSUMED_IN_ENGINE,Valid parent broad-market Nifty 500 reconstitution event,ind_prs11122025.pdf
PEVT_00423,JSWCEMENT,DELETION,CONSUMED_IN_ENGINE,Valid parent broad-market Nifty 500 reconstitution event,ind_prs11122025.pdf
PEVT_00424,GAYAPROJ,DELETION,CONSUMED_IN_ENGINE,Valid parent broad-market Nifty 500 reconstitution event,ind_prs12032020.pdf
PEVT_00425,SHILPAMED,DELETION,CONSUMED_IN_ENGINE,Valid parent broad-market Nifty 500 reconstitution event,ind_prs12032020.pdf
PEVT_00426,AKUMS,DELETION,CONSUMED_IN_ENGINE,Valid parent broad-market Nifty 500 reconstitution event,ind_prs12032026.pdf
PEVT_00427,APLLTD,DELETION,CONSUMED_IN_ENGINE,Valid parent broad-market Nifty 500 reconstitution event,ind_prs12032026.pdf
PEVT_00428,ALKYLAMINE,DELETION,CONSUMED_IN_ENGINE,Valid parent broad-market Nifty 500 reconstitution event,ind_prs12032026.pdf
PEVT_00430,BASF,DELETION,CONSUMED_IN_ENGINE,Valid parent broad-market Nifty 500 reconstitution event,ind_prs12032026.pdf
PEVT_00431,CAMPUS,DELETION,CONSUMED_IN_ENGINE,Valid parent broad-market Nifty 500 reconstitution event,ind_prs12032026.pdf
PEVT_00432,GUJGASLTD,DELETION,CONSUMED_IN_ENGINE,Valid parent broad-market Nifty 500 reconstitution event,ind_prs12032026.pdf
PEVT_00433,INOXINDIA,DELETION,CONSUMED_IN_ENGINE,Valid parent broad-market Nifty 500 reconstitution event,ind_prs12032026.pdf
PEVT_00434,JYOTHYLAB,DELETION,CONSUMED_IN_ENGINE,Valid parent broad-market Nifty 500 reconstitution event,ind_prs12032026.pdf
PEVT_00435,KIRLOSBROS,DELETION,CONSUMED_IN_ENGINE,Valid parent broad-market Nifty 500 reconstitution event,ind_prs12032026.pdf
PEVT_00436,KSB,DELETION,CONSUMED_IN_ENGINE,Valid parent broad-market Nifty 500 reconstitution event,ind_prs12032026.pdf
PEVT_00437,METROPOLIS,DELETION,CONSUMED_IN_ENGINE,Valid parent broad-market Nifty 500 reconstitution event,ind_prs12032026.pdf
PEVT_00438,PGHH,DELETION,CONSUMED_IN_ENGINE,Valid parent broad-market Nifty 500 reconstitution event,ind_prs12032026.pdf
PEVT_00439,RCF,DELETION,CONSUMED_IN_ENGINE,Valid parent broad-market Nifty 500 reconstitution event,ind_prs12032026.pdf
PEVT_00440,RELINFRA,DELETION,CONSUMED_IN_ENGINE,Valid parent broad-market Nifty 500 reconstitution event,ind_prs12032026.pdf
PEVT_00441,SUNDRMFAST,DELETION,CONSUMED_IN_ENGINE,Valid parent broad-market Nifty 500 reconstitution event,ind_prs12032026.pdf
PEVT_00442,VGUARD,DELETION,CONSUMED_IN_ENGINE,Valid parent broad-market Nifty 500 reconstitution event,ind_prs12032026.pdf
PEVT_00443,CPPLUS,ADDITION,CONSUMED_IN_ENGINE,Valid parent broad-market Nifty 500 reconstitution event,ind_prs12032026.pdf
PEVT_00444,CEMPRO,ADDITION,CONSUMED_IN_ENGINE,Valid parent broad-market Nifty 500 reconstitution event,ind_prs12032026.pdf
PEVT_00445,GABRIEL,ADDITION,CONSUMED_IN_ENGINE,Valid parent broad-market Nifty 500 reconstitution event,ind_prs12032026.pdf
PEVT_00446,GALLANTT,ADDITION,CONSUMED_IN_ENGINE,Valid parent broad-market Nifty 500 reconstitution event,ind_prs12032026.pdf
PEVT_00447,SPLPETRO,ADDITION,CONSUMED_IN_ENGINE,Valid parent broad-market Nifty 500 reconstitution event,ind_prs12032026.pdf
PEVT_00448,TEGA,ADDITION,CONSUMED_IN_ENGINE,Valid parent broad-market Nifty 500 reconstitution event,ind_prs12032026.pdf
PEVT_00449,TENNIND,ADDITION,CONSUMED_IN_ENGINE,Valid parent broad-market Nifty 500 reconstitution event,ind_prs12032026.pdf
PEVT_00450,ZYDUSWELL,ADDITION,CONSUMED_IN_ENGINE,Valid parent broad-market Nifty 500 reconstitution event,ind_prs12032026.pdf
PEVT_00451,ACI,DELETION,CONSUMED_IN_ENGINE,Valid parent broad-market Nifty 500 reconstitution event,ind_prs13032025.pdf
PEVT_00452,AVANTIFEED,DELETION,CONSUMED_IN_ENGINE,Valid parent broad-market Nifty 500 reconstitution event,ind_prs13032025.pdf
PEVT_00453,BALAMINES,DELETION,CONSUMED_IN_ENGINE,Valid parent broad-market Nifty 500 reconstitution event,ind_prs13032025.pdf
PEVT_00454,CELLO,DELETION,CONSUMED_IN_ENGINE,Valid parent broad-market Nifty 500 reconstitution event,ind_prs13032025.pdf
PEVT_00455,CIEINDIA,DELETION,CONSUMED_IN_ENGINE,Valid parent broad-market Nifty 500 reconstitution event,ind_prs13032025.pdf
PEVT_00456,FINEORG,DELETION,CONSUMED_IN_ENGINE,Valid parent broad-market Nifty 500 reconstitution event,ind_prs13032025.pdf
PEVT_00457,GRINDWELL,DELETION,CONSUMED_IN_ENGINE,Valid parent broad-market Nifty 500 reconstitution event,ind_prs13032025.pdf
PEVT_00458,GAEL,DELETION,CONSUMED_IN_ENGINE,Valid parent broad-market Nifty 500 reconstitution event,ind_prs13032025.pdf
PEVT_00459,GSFC,DELETION,CONSUMED_IN_ENGINE,Valid parent broad-market Nifty 500 reconstitution event,ind_prs13032025.pdf
PEVT_00460,KSB,DELETION,CONSUMED_IN_ENGINE,Valid parent broad-market Nifty 500 reconstitution event,ind_prs13032025.pdf
PEVT_00461,METROBRAND,DELETION,CONSUMED_IN_ENGINE,Valid parent broad-market Nifty 500 reconstitution event,ind_prs13032025.pdf
PEVT_00462,NUVOCO,DELETION,CONSUMED_IN_ENGINE,Valid parent broad-market Nifty 500 reconstitution event,ind_prs13032025.pdf
PEVT_00463,PGHH,DELETION,CONSUMED_IN_ENGINE,Valid parent broad-market Nifty 500 reconstitution event,ind_prs13032025.pdf
PEVT_00464,RATNAMANI,DELETION,CONSUMED_IN_ENGINE,Valid parent broad-market Nifty 500 reconstitution event,ind_prs13032025.pdf
PEVT_00465,SANOFI,DELETION,CONSUMED_IN_ENGINE,Valid parent broad-market Nifty 500 reconstitution event,ind_prs13032025.pdf
PEVT_00466,SUNDRMFAST,DELETION,CONSUMED_IN_ENGINE,Valid parent broad-market Nifty 500 reconstitution event,ind_prs13032025.pdf
PEVT_00467,TVSSCS,DELETION,CONSUMED_IN_ENGINE,Valid parent broad-market Nifty 500 reconstitution event,ind_prs13032025.pdf
PEVT_00468,VINATIORGA,DELETION,CONSUMED_IN_ENGINE,Valid parent broad-market Nifty 500 reconstitution event,ind_prs13032025.pdf
PEVT_00469,AFCONS,ADDITION,CONSUMED_IN_ENGINE,Valid parent broad-market Nifty 500 reconstitution event,ind_prs13032025.pdf
PEVT_00470,ALIVUS,ADDITION,CONSUMED_IN_ENGINE,Valid parent broad-market Nifty 500 reconstitution event,ind_prs13032025.pdf
PEVT_00471,FIRSTCRY,ADDITION,CONSUMED_IN_ENGINE,Valid parent broad-market Nifty 500 reconstitution event,ind_prs13032025.pdf
PEVT_00472,HYUNDAI,ADDITION,CONSUMED_IN_ENGINE,Valid parent broad-market Nifty 500 reconstitution event,ind_prs13032025.pdf
PEVT_00473,IGIL,ADDITION,CONSUMED_IN_ENGINE,Valid parent broad-market Nifty 500 reconstitution event,ind_prs13032025.pdf
PEVT_00474,LTFOODS,ADDITION,CONSUMED_IN_ENGINE,Valid parent broad-market Nifty 500 reconstitution event,ind_prs13032025.pdf
PEVT_00475,NAVA,ADDITION,CONSUMED_IN_ENGINE,Valid parent broad-market Nifty 500 reconstitution event,ind_prs13032025.pdf
PEVT_00476,NEULANDLAB,ADDITION,CONSUMED_IN_ENGINE,Valid parent broad-market Nifty 500 reconstitution event,ind_prs13032025.pdf
PEVT_00477,PGEL,ADDITION,CONSUMED_IN_ENGINE,Valid parent broad-market Nifty 500 reconstitution event,ind_prs13032025.pdf
PEVT_00478,TARIL,ADDITION,CONSUMED_IN_ENGINE,Valid parent broad-market Nifty 500 reconstitution event,ind_prs13032025.pdf
PEVT_00479,VMM,ADDITION,CONSUMED_IN_ENGINE,Valid parent broad-market Nifty 500 reconstitution event,ind_prs13032025.pdf
PEVT_00480,WAAREEENER,ADDITION,CONSUMED_IN_ENGINE,Valid parent broad-market Nifty 500 reconstitution event,ind_prs13032025.pdf
PEVT_00481,JBCHEPHARM,DELETION,CONSUMED_IN_ENGINE,Valid parent broad-market Nifty 500 reconstitution event,ind_prs13072026_1.pdf
PEVT_00482,PFOCUS,DELETION,CONSUMED_IN_ENGINE,Valid parent broad-market Nifty 500 reconstitution event,ind_prs13072026_1.pdf
PEVT_00483,MOTHERSUMI,DELETION,CONSUMED_IN_ENGINE,Valid parent broad-market Nifty 500 reconstitution event,ind_prs15062021.pdf
PEVT_00484,GLAND,DELETION,CONSUMED_IN_ENGINE,Valid parent broad-market Nifty 500 reconstitution event,ind_prs15062021.pdf
PEVT_00485,EQUITAS,DELETION,CONSUMED_IN_ENGINE,Valid parent broad-market Nifty 500 reconstitution event,ind_prs15062022.pdf
PEVT_00486,GESHIP,DELETION,CONSUMED_IN_ENGINE,Valid parent broad-market Nifty 500 reconstitution event,ind_prs15062022.pdf
PEVT_00487,GNFC,DELETION,CONSUMED_IN_ENGINE,Valid parent broad-market Nifty 500 reconstitution event,ind_prs15062022.pdf
PEVT_00488,IRB,DELETION,CONSUMED_IN_ENGINE,Valid parent broad-market Nifty 500 reconstitution event,ind_prs15062022.pdf
PEVT_00489,JMFINANCIL,DELETION,CONSUMED_IN_ENGINE,Valid parent broad-market Nifty 500 reconstitution event,ind_prs15062022.pdf
PEVT_00490,UJJIVAN,DELETION,CONSUMED_IN_ENGINE,Valid parent broad-market Nifty 500 reconstitution event,ind_prs15062022.pdf
PEVT_00491,AUROPHARMA,ADDITION,CONSUMED_IN_ENGINE,Valid parent broad-market Nifty 500 reconstitution event,ind_prs15062022.pdf
PEVT_00492,MGL,ADDITION,CONSUMED_IN_ENGINE,Valid parent broad-market Nifty 500 reconstitution event,ind_prs15062022.pdf
PEVT_00493,MANAPPURAM,ADDITION,CONSUMED_IN_ENGINE,Valid parent broad-market Nifty 500 reconstitution event,ind_prs15062022.pdf
PEVT_00494,PFIZER,ADDITION,CONSUMED_IN_ENGINE,Valid parent broad-market Nifty 500 reconstitution event,ind_prs15062022.pdf
PEVT_00495,RBLBANK,ADDITION,CONSUMED_IN_ENGINE,Valid parent broad-market Nifty 500 reconstitution event,ind_prs15062022.pdf
PEVT_00496,SRTRANSFIN,ADDITION,CONSUMED_IN_ENGINE,Valid parent broad-market Nifty 500 reconstitution event,ind_prs15062022.pdf
PEVT_00497,BASF,DELETION,CONSUMED_IN_ENGINE,Valid parent broad-market Nifty 500 reconstitution event,ind_prs15092023.pdf
PEVT_00498,BPCL,DELETION,CONSUMED_IN_ENGINE,Valid parent broad-market Nifty 500 reconstitution event,ind_prs15092023.pdf
PEVT_00499,BORORENEW,DELETION,CONSUMED_IN_ENGINE,Valid parent broad-market Nifty 500 reconstitution event,ind_prs15092023.pdf
PEVT_00500,FINPIPE,DELETION,CONSUMED_IN_ENGINE,Valid parent broad-market Nifty 500 reconstitution event,ind_prs15092023.pdf
PEVT_00501,GREENPANEL,DELETION,CONSUMED_IN_ENGINE,Valid parent broad-market Nifty 500 reconstitution event,ind_prs15092023.pdf
PEVT_00502,HGS,DELETION,CONSUMED_IN_ENGINE,Valid parent broad-market Nifty 500 reconstitution event,ind_prs15092023.pdf
PEVT_00503,HAL,DELETION,CONSUMED_IN_ENGINE,Valid parent broad-market Nifty 500 reconstitution event,ind_prs15092023.pdf
PEVT_00504,IFBIND,DELETION,CONSUMED_IN_ENGINE,Valid parent broad-market Nifty 500 reconstitution event,ind_prs15092023.pdf
PEVT_00505,NAUKRI,DELETION,CONSUMED_IN_ENGINE,Valid parent broad-market Nifty 500 reconstitution event,ind_prs15092023.pdf
PEVT_00506,KENNAMET,DELETION,CONSUMED_IN_ENGINE,Valid parent broad-market Nifty 500 reconstitution event,ind_prs15092023.pdf
PEVT_00507,NOCIL,DELETION,CONSUMED_IN_ENGINE,Valid parent broad-market Nifty 500 reconstitution event,ind_prs15092023.pdf
PEVT_00508,TCIEXP,DELETION,CONSUMED_IN_ENGINE,Valid parent broad-market Nifty 500 reconstitution event,ind_prs15092023.pdf
PEVT_00509,TCI,DELETION,CONSUMED_IN_ENGINE,Valid parent broad-market Nifty 500 reconstitution event,ind_prs15092023.pdf
PEVT_00510,ALLCARGO,ADDITION,CONSUMED_IN_ENGINE,Valid parent broad-market Nifty 500 reconstitution event,ind_prs15092023.pdf
PEVT_00511,CHAMBLFERT,ADDITION,CONSUMED_IN_ENGINE,Valid parent broad-market Nifty 500 reconstitution event,ind_prs15092023.pdf
PEVT_00512,GILLETTE,ADDITION,CONSUMED_IN_ENGINE,Valid parent broad-market Nifty 500 reconstitution event,ind_prs15092023.pdf
PEVT_00513,GLS,ADDITION,CONSUMED_IN_ENGINE,Valid parent broad-market Nifty 500 reconstitution event,ind_prs15092023.pdf
PEVT_00514,GPIL,ADDITION,CONSUMED_IN_ENGINE,Valid parent broad-market Nifty 500 reconstitution event,ind_prs15092023.pdf
PEVT_00515,HEG,ADDITION,CONSUMED_IN_ENGINE,Valid parent broad-market Nifty 500 reconstitution event,ind_prs15092023.pdf
PEVT_00516,IRCON,ADDITION,CONSUMED_IN_ENGINE,Valid parent broad-market Nifty 500 reconstitution event,ind_prs15092023.pdf
PEVT_00517,JINDALSAW,ADDITION,CONSUMED_IN_ENGINE,Valid parent broad-market Nifty 500 reconstitution event,ind_prs15092023.pdf
PEVT_00518,KIRLFER,ADDITION,CONSUMED_IN_ENGINE,Valid parent broad-market Nifty 500 reconstitution event,ind_prs15092023.pdf
PEVT_00519,PGHL,ADDITION,CONSUMED_IN_ENGINE,Valid parent broad-market Nifty 500 reconstitution event,ind_prs15092023.pdf
PEVT_00520,SAFARI,ADDITION,CONSUMED_IN_ENGINE,Valid parent broad-market Nifty 500 reconstitution event,ind_prs15092023.pdf
PEVT_00521,SYRMA,ADDITION,CONSUMED_IN_ENGINE,Valid parent broad-market Nifty 500 reconstitution event,ind_prs15092023.pdf
PEVT_00522,USHAMART,ADDITION,CONSUMED_IN_ENGINE,Valid parent broad-market Nifty 500 reconstitution event,ind_prs15092023.pdf
PEVT_00523,ALIVUS,DELETION,CONSUMED_IN_ENGINE,Valid parent broad-market Nifty 500 reconstitution event,ind_prs15092025.pdf
PEVT_00524,APOLLOHOSP,DELETION,CONSUMED_IN_ENGINE,Valid parent broad-market Nifty 500 reconstitution event,ind_prs15092025.pdf
PEVT_00525,COALINDIA,DELETION,CONSUMED_IN_ENGINE,Valid parent broad-market Nifty 500 reconstitution event,ind_prs15092025.pdf
PEVT_00526,FINPIPE,DELETION,CONSUMED_IN_ENGINE,Valid parent broad-market Nifty 500 reconstitution event,ind_prs15092025.pdf
PEVT_00527,NYKAA,DELETION,CONSUMED_IN_ENGINE,Valid parent broad-market Nifty 500 reconstitution event,ind_prs15092025.pdf
PEVT_00528,IOC,DELETION,CONSUMED_IN_ENGINE,Valid parent broad-market Nifty 500 reconstitution event,ind_prs15092025.pdf
PEVT_00529,KANSAINER,DELETION,CONSUMED_IN_ENGINE,Valid parent broad-market Nifty 500 reconstitution event,ind_prs15092025.pdf
PEVT_00530,MAHSEAMLES,DELETION,CONSUMED_IN_ENGINE,Valid parent broad-market Nifty 500 reconstitution event,ind_prs15092025.pdf
PEVT_00531,MANKIND,DELETION,CONSUMED_IN_ENGINE,Valid parent broad-market Nifty 500 reconstitution event,ind_prs15092025.pdf
PEVT_00532,MASTEK,DELETION,CONSUMED_IN_ENGINE,Valid parent broad-market Nifty 500 reconstitution event,ind_prs15092025.pdf
PEVT_00533,MINDACORP,DELETION,CONSUMED_IN_ENGINE,Valid parent broad-market Nifty 500 reconstitution event,ind_prs15092025.pdf
PEVT_00534,RAYMOND,DELETION,CONSUMED_IN_ENGINE,Valid parent broad-market Nifty 500 reconstitution event,ind_prs15092025.pdf
PEVT_00535,ROUTE,DELETION,CONSUMED_IN_ENGINE,Valid parent broad-market Nifty 500 reconstitution event,ind_prs15092025.pdf
PEVT_00536,SWSOLAR,DELETION,CONSUMED_IN_ENGINE,Valid parent broad-market Nifty 500 reconstitution event,ind_prs15092025.pdf
PEVT_00537,TANLA,DELETION,CONSUMED_IN_ENGINE,Valid parent broad-market Nifty 500 reconstitution event,ind_prs15092025.pdf
PEVT_00538,ZFCVINDIA,DELETION,CONSUMED_IN_ENGINE,Valid parent broad-market Nifty 500 reconstitution event,ind_prs15092025.pdf
PEVT_00539,AKZOINDIA,ADDITION,CONSUMED_IN_ENGINE,Valid parent broad-market Nifty 500 reconstitution event,ind_prs15092025.pdf
PEVT_00540,BLUEJET,ADDITION,CONSUMED_IN_ENGINE,Valid parent broad-market Nifty 500 reconstitution event,ind_prs15092025.pdf
PEVT_00541,EMCURE,ADDITION,CONSUMED_IN_ENGINE,Valid parent broad-market Nifty 500 reconstitution event,ind_prs15092025.pdf
PEVT_00542,FORCEMOT,ADDITION,CONSUMED_IN_ENGINE,Valid parent broad-market Nifty 500 reconstitution event,ind_prs15092025.pdf
PEVT_00543,GRAVITA,ADDITION,CONSUMED_IN_ENGINE,Valid parent broad-market Nifty 500 reconstitution event,ind_prs15092025.pdf
PEVT_00544,HEXT,ADDITION,CONSUMED_IN_ENGINE,Valid parent broad-market Nifty 500 reconstitution event,ind_prs15092025.pdf
PEVT_00545,HINDALCO,ADDITION,CONSUMED_IN_ENGINE,Valid parent broad-market Nifty 500 reconstitution event,ind_prs15092025.pdf
PEVT_00546,INDUSTOWER,ADDITION,CONSUMED_IN_ENGINE,Valid parent broad-market Nifty 500 reconstitution event,ind_prs15092025.pdf
PEVT_00547,JUBLPHARMA,ADDITION,CONSUMED_IN_ENGINE,Valid parent broad-market Nifty 500 reconstitution event,ind_prs15092025.pdf
PEVT_00548,KSB,ADDITION,CONSUMED_IN_ENGINE,Valid parent broad-market Nifty 500 reconstitution event,ind_prs15092025.pdf
PEVT_00549,NUVOCO,ADDITION,CONSUMED_IN_ENGINE,Valid parent broad-market Nifty 500 reconstitution event,ind_prs15092025.pdf
PEVT_00550,PGHH,ADDITION,CONSUMED_IN_ENGINE,Valid parent broad-market Nifty 500 reconstitution event,ind_prs15092025.pdf
PEVT_00551,SAILIFE,ADDITION,CONSUMED_IN_ENGINE,Valid parent broad-market Nifty 500 reconstitution event,ind_prs15092025.pdf
PEVT_00552,SWIGGY,ADDITION,CONSUMED_IN_ENGINE,Valid parent broad-market Nifty 500 reconstitution event,ind_prs15092025.pdf
PEVT_00553,TRIDENT,ADDITION,CONSUMED_IN_ENGINE,Valid parent broad-market Nifty 500 reconstitution event,ind_prs15092025.pdf
PEVT_00554,WELSPUNLIV,ADDITION,CONSUMED_IN_ENGINE,Valid parent broad-market Nifty 500 reconstitution event,ind_prs15092025.pdf
PEVT_00555,CGPOWER,DELETION,CONSUMED_IN_ENGINE,Valid parent broad-market Nifty 500 reconstitution event,ind_prs15092025.pdf
PEVT_00556,SRF,DELETION,CONSUMED_IN_ENGINE,Valid parent broad-market Nifty 500 reconstitution event,ind_prs15092025.pdf
PEVT_00557,PEL,DELETION,CONSUMED_IN_ENGINE,Valid parent broad-market Nifty 500 reconstitution event,ind_prs15092025_1.pdf
PEVT_00558,RELINFRA,DELETION,CONSUMED_IN_ENGINE,Valid parent broad-market Nifty 500 reconstitution event,ind_prs15092025_1.pdf
PEVT_00559,EQUITAS,DELETION,CONSUMED_IN_ENGINE,Valid parent broad-market Nifty 500 reconstitution event,ind_prs16092022.pdf
PEVT_00560,SHOPERSTOP,DELETION,CONSUMED_IN_ENGINE,Valid parent broad-market Nifty 500 reconstitution event,ind_prs16092022.pdf
PEVT_00561,ABSLAMC,DELETION,CONSUMED_IN_ENGINE,Valid parent broad-market Nifty 500 reconstitution event,ind_prs17022023_1.pdf
PEVT_00562,ALOKINDS,DELETION,CONSUMED_IN_ENGINE,Valid parent broad-market Nifty 500 reconstitution event,ind_prs17022023_1.pdf
PEVT_00564,BHARATRAS,DELETION,CONSUMED_IN_ENGINE,Valid parent broad-market Nifty 500 reconstitution event,ind_prs17022023_1.pdf
PEVT_00565,CAPLIPOINT,DELETION,CONSUMED_IN_ENGINE,Valid parent broad-market Nifty 500 reconstitution event,ind_prs17022023_1.pdf
PEVT_00566,DHANI,DELETION,CONSUMED_IN_ENGINE,Valid parent broad-market Nifty 500 reconstitution event,ind_prs17022023_1.pdf
PEVT_00567,DBL,DELETION,CONSUMED_IN_ENGINE,Valid parent broad-market Nifty 500 reconstitution event,ind_prs17022023_1.pdf
PEVT_00568,HATSUN,DELETION,CONSUMED_IN_ENGINE,Valid parent broad-market Nifty 500 reconstitution event,ind_prs17022023_1.pdf
PEVT_00569,INDOCO,DELETION,CONSUMED_IN_ENGINE,Valid parent broad-market Nifty 500 reconstitution event,ind_prs17022023_1.pdf
PEVT_00570,MOIL,DELETION,CONSUMED_IN_ENGINE,Valid parent broad-market Nifty 500 reconstitution event,ind_prs17022023_1.pdf
PEVT_00571,PRIVISCL,DELETION,CONSUMED_IN_ENGINE,Valid parent broad-market Nifty 500 reconstitution event,ind_prs17022023_1.pdf
PEVT_00572,PGHL,DELETION,CONSUMED_IN_ENGINE,Valid parent broad-market Nifty 500 reconstitution event,ind_prs17022023_1.pdf
PEVT_00573,SFL,DELETION,CONSUMED_IN_ENGINE,Valid parent broad-market Nifty 500 reconstitution event,ind_prs17022023_1.pdf
PEVT_00574,SHILPAMED,DELETION,CONSUMED_IN_ENGINE,Valid parent broad-market Nifty 500 reconstitution event,ind_prs17022023_1.pdf
PEVT_00575,SIS,DELETION,CONSUMED_IN_ENGINE,Valid parent broad-market Nifty 500 reconstitution event,ind_prs17022023_1.pdf
PEVT_00576,SUDARSCHEM,DELETION,CONSUMED_IN_ENGINE,Valid parent broad-market Nifty 500 reconstitution event,ind_prs17022023_1.pdf
PEVT_00577,SYMPHONY,DELETION,CONSUMED_IN_ENGINE,Valid parent broad-market Nifty 500 reconstitution event,ind_prs17022023_1.pdf
PEVT_00578,TATACOFFEE,DELETION,CONSUMED_IN_ENGINE,Valid parent broad-market Nifty 500 reconstitution event,ind_prs17022023_1.pdf
PEVT_00579,THYROCARE,DELETION,CONSUMED_IN_ENGINE,Valid parent broad-market Nifty 500 reconstitution event,ind_prs17022023_1.pdf
PEVT_00580,WOCKPHARMA,DELETION,CONSUMED_IN_ENGINE,Valid parent broad-market Nifty 500 reconstitution event,ind_prs17022023_1.pdf
PEVT_00581,AARTIIND,ADDITION,CONSUMED_IN_ENGINE,Valid parent broad-market Nifty 500 reconstitution event,ind_prs17022023_1.pdf
PEVT_00582,ADANIPOWER,ADDITION,CONSUMED_IN_ENGINE,Valid parent broad-market Nifty 500 reconstitution event,ind_prs17022023_1.pdf
PEVT_00583,APARINDS,ADDITION,CONSUMED_IN_ENGINE,Valid parent broad-market Nifty 500 reconstitution event,ind_prs17022023_1.pdf
PEVT_00584,ACI,ADDITION,CONSUMED_IN_ENGINE,Valid parent broad-market Nifty 500 reconstitution event,ind_prs17022023_1.pdf
PEVT_00585,BIKAJI,ADDITION,CONSUMED_IN_ENGINE,Valid parent broad-market Nifty 500 reconstitution event,ind_prs17022023_1.pdf
PEVT_00586,BLS,ADDITION,CONSUMED_IN_ENGINE,Valid parent broad-market Nifty 500 reconstitution event,ind_prs17022023_1.pdf
PEVT_00587,CRAFTSMAN,ADDITION,CONSUMED_IN_ENGINE,Valid parent broad-market Nifty 500 reconstitution event,ind_prs17022023_1.pdf
PEVT_00588,DATAPATTNS,ADDITION,CONSUMED_IN_ENGINE,Valid parent broad-market Nifty 500 reconstitution event,ind_prs17022023_1.pdf
PEVT_00589,FIVESTAR,ADDITION,CONSUMED_IN_ENGINE,Valid parent broad-market Nifty 500 reconstitution event,ind_prs17022023_1.pdf
PEVT_00590,MEDANTA,ADDITION,CONSUMED_IN_ENGINE,Valid parent broad-market Nifty 500 reconstitution event,ind_prs17022023_1.pdf
PEVT_00591,INGERRAND,ADDITION,CONSUMED_IN_ENGINE,Valid parent broad-market Nifty 500 reconstitution event,ind_prs17022023_1.pdf
PEVT_00592,JINDWORLD,ADDITION,CONSUMED_IN_ENGINE,Valid parent broad-market Nifty 500 reconstitution event,ind_prs17022023_1.pdf
PEVT_00593,KENNAMET,ADDITION,CONSUMED_IN_ENGINE,Valid parent broad-market Nifty 500 reconstitution event,ind_prs17022023_1.pdf
PEVT_00594,RUSTOMJEE,ADDITION,CONSUMED_IN_ENGINE,Valid parent broad-market Nifty 500 reconstitution event,ind_prs17022023_1.pdf
PEVT_00595,KFINTECH,ADDITION,CONSUMED_IN_ENGINE,Valid parent broad-market Nifty 500 reconstitution event,ind_prs17022023_1.pdf
PEVT_00596,KSB,ADDITION,CONSUMED_IN_ENGINE,Valid parent broad-market Nifty 500 reconstitution event,ind_prs17022023_1.pdf
PEVT_00597,MFL,ADDITION,CONSUMED_IN_ENGINE,Valid parent broad-market Nifty 500 reconstitution event,ind_prs17022023_1.pdf
PEVT_00598,NMDC,ADDITION,CONSUMED_IN_ENGINE,Valid parent broad-market Nifty 500 reconstitution event,ind_prs17022023_1.pdf
PEVT_00599,PEL,ADDITION,CONSUMED_IN_ENGINE,Valid parent broad-market Nifty 500 reconstitution event,ind_prs17022023_1.pdf
PEVT_00600,TMB,ADDITION,CONSUMED_IN_ENGINE,Valid parent broad-market Nifty 500 reconstitution event,ind_prs17022023_1.pdf
PEVT_00601,ISEC,DELETION,CONSUMED_IN_ENGINE,Valid parent broad-market Nifty 500 reconstitution event,ind_prs17032025.pdf
PEVT_00602,RAYMONDLSL,DELETION,CONSUMED_IN_ENGINE,Valid parent broad-market Nifty 500 reconstitution event,ind_prs17032025.pdf
PEVT_00603,ATGL,DELETION,CONSUMED_IN_ENGINE,Valid parent broad-market Nifty 500 reconstitution event,ind_prs17072026_1.pdf
PEVT_00604,ELECON,DELETION,CONSUMED_IN_ENGINE,Valid parent broad-market Nifty 500 reconstitution event,ind_prs17072026_1.pdf
PEVT_00605,TORNTPHARM,DELETION,CONSUMED_IN_ENGINE,Valid parent broad-market Nifty 500 reconstitution event,ind_prs17072026_1.pdf
PEVT_00606,ACC,ADDITION,CONSUMED_IN_ENGINE,Valid parent broad-market Nifty 500 reconstitution event,ind_prs17072026_1.pdf
PEVT_00607,AMBUJACEM,ADDITION,CONSUMED_IN_ENGINE,Valid parent broad-market Nifty 500 reconstitution event,ind_prs17072026_1.pdf
PEVT_00608,HINDZINC,ADDITION,CONSUMED_IN_ENGINE,Valid parent broad-market Nifty 500 reconstitution event,ind_prs17072026_1.pdf
PEVT_00609,LAURUSLABS,ADDITION,CONSUMED_IN_ENGINE,Valid parent broad-market Nifty 500 reconstitution event,ind_prs17072026_1.pdf
PEVT_00610,TMCV,ADDITION,CONSUMED_IN_ENGINE,Valid parent broad-market Nifty 500 reconstitution event,ind_prs17072026_1.pdf
PEVT_00611,BASF,DELETION,CONSUMED_IN_ENGINE,Valid parent broad-market Nifty 500 reconstitution event,ind_prs17082023.pdf
PEVT_00612,GARFIBRES,DELETION,CONSUMED_IN_ENGINE,Valid parent broad-market Nifty 500 reconstitution event,ind_prs17082023.pdf
PEVT_00613,GODREJAGRO,DELETION,CONSUMED_IN_ENGINE,Valid parent broad-market Nifty 500 reconstitution event,ind_prs17082023.pdf
PEVT_00614,GREENPANEL,DELETION,CONSUMED_IN_ENGINE,Valid parent broad-market Nifty 500 reconstitution event,ind_prs17082023.pdf
PEVT_00615,HIKAL,DELETION,CONSUMED_IN_ENGINE,Valid parent broad-market Nifty 500 reconstitution event,ind_prs17082023.pdf
PEVT_00616,HGS,DELETION,CONSUMED_IN_ENGINE,Valid parent broad-market Nifty 500 reconstitution event,ind_prs17082023.pdf
PEVT_00617,IFBIND,DELETION,CONSUMED_IN_ENGINE,Valid parent broad-market Nifty 500 reconstitution event,ind_prs17082023.pdf
PEVT_00618,IBREALEST,DELETION,CONSUMED_IN_ENGINE,Valid parent broad-market Nifty 500 reconstitution event,ind_prs17082023.pdf
PEVT_00619,JINDWORLD,DELETION,CONSUMED_IN_ENGINE,Valid parent broad-market Nifty 500 reconstitution event,ind_prs17082023.pdf
PEVT_00620,KENNAMET,DELETION,CONSUMED_IN_ENGINE,Valid parent broad-market Nifty 500 reconstitution event,ind_prs17082023.pdf
PEVT_00621,RUSTOMJEE,DELETION,CONSUMED_IN_ENGINE,Valid parent broad-market Nifty 500 reconstitution event,ind_prs17082023.pdf
PEVT_00622,MAHLOG,DELETION,CONSUMED_IN_ENGINE,Valid parent broad-market Nifty 500 reconstitution event,ind_prs17082023.pdf
PEVT_00623,NOCIL,DELETION,CONSUMED_IN_ENGINE,Valid parent broad-market Nifty 500 reconstitution event,ind_prs17082023.pdf
PEVT_00624,TMB,DELETION,CONSUMED_IN_ENGINE,Valid parent broad-market Nifty 500 reconstitution event,ind_prs17082023.pdf
PEVT_00625,TCIEXP,DELETION,CONSUMED_IN_ENGINE,Valid parent broad-market Nifty 500 reconstitution event,ind_prs17082023.pdf
PEVT_00626,TCNSBRANDS,DELETION,CONSUMED_IN_ENGINE,Valid parent broad-market Nifty 500 reconstitution event,ind_prs17082023.pdf
PEVT_00627,TCI,DELETION,CONSUMED_IN_ENGINE,Valid parent broad-market Nifty 500 reconstitution event,ind_prs17082023.pdf
PEVT_00628,UFLEX,DELETION,CONSUMED_IN_ENGINE,Valid parent broad-market Nifty 500 reconstitution event,ind_prs17082023.pdf
PEVT_00629,ALLCARGO,ADDITION,CONSUMED_IN_ENGINE,Valid parent broad-market Nifty 500 reconstitution event,ind_prs17082023.pdf
PEVT_00630,ALOKINDS,ADDITION,CONSUMED_IN_ENGINE,Valid parent broad-market Nifty 500 reconstitution event,ind_prs17082023.pdf
PEVT_00631,GILLETTE,ADDITION,CONSUMED_IN_ENGINE,Valid parent broad-market Nifty 500 reconstitution event,ind_prs17082023.pdf
PEVT_00632,GLS,ADDITION,CONSUMED_IN_ENGINE,Valid parent broad-market Nifty 500 reconstitution event,ind_prs17082023.pdf
PEVT_00633,GPIL,ADDITION,CONSUMED_IN_ENGINE,Valid parent broad-market Nifty 500 reconstitution event,ind_prs17082023.pdf
PEVT_00634,IRCON,ADDITION,CONSUMED_IN_ENGINE,Valid parent broad-market Nifty 500 reconstitution event,ind_prs17082023.pdf
PEVT_00635,JINDALSAW,ADDITION,CONSUMED_IN_ENGINE,Valid parent broad-market Nifty 500 reconstitution event,ind_prs17082023.pdf
PEVT_00636,KAYNES,ADDITION,CONSUMED_IN_ENGINE,Valid parent broad-market Nifty 500 reconstitution event,ind_prs17082023.pdf
PEVT_00637,KIRLFER,ADDITION,CONSUMED_IN_ENGINE,Valid parent broad-market Nifty 500 reconstitution event,ind_prs17082023.pdf
PEVT_00638,MINDACORP,ADDITION,CONSUMED_IN_ENGINE,Valid parent broad-market Nifty 500 reconstitution event,ind_prs17082023.pdf
PEVT_00639,PGHL,ADDITION,CONSUMED_IN_ENGINE,Valid parent broad-market Nifty 500 reconstitution event,ind_prs17082023.pdf
PEVT_00640,SAFARI,ADDITION,CONSUMED_IN_ENGINE,Valid parent broad-market Nifty 500 reconstitution event,ind_prs17082023.pdf
PEVT_00641,SAREGAMA,ADDITION,CONSUMED_IN_ENGINE,Valid parent broad-market Nifty 500 reconstitution event,ind_prs17082023.pdf
PEVT_00642,SFL,ADDITION,CONSUMED_IN_ENGINE,Valid parent broad-market Nifty 500 reconstitution event,ind_prs17082023.pdf
PEVT_00643,SYMPHONY,ADDITION,CONSUMED_IN_ENGINE,Valid parent broad-market Nifty 500 reconstitution event,ind_prs17082023.pdf
PEVT_00644,SYRMA,ADDITION,CONSUMED_IN_ENGINE,Valid parent broad-market Nifty 500 reconstitution event,ind_prs17082023.pdf
PEVT_00645,UJJIVANSFB,ADDITION,CONSUMED_IN_ENGINE,Valid parent broad-market Nifty 500 reconstitution event,ind_prs17082023.pdf
PEVT_00646,USHAMART,ADDITION,CONSUMED_IN_ENGINE,Valid parent broad-market Nifty 500 reconstitution event,ind_prs17082023.pdf
PEVT_00647,THOMASCOOK,DELETION,CONSUMED_IN_ENGINE,Valid parent broad-market Nifty 500 reconstitution event,ind_prs17092019.pdf
PEVT_00648,IIFL,DELETION,CONSUMED_IN_ENGINE,Valid parent broad-market Nifty 500 reconstitution event,ind_prs17092019.pdf
PEVT_00649,KIRLFER,DELETION,CONSUMED_IN_ENGINE,Valid parent broad-market Nifty 500 reconstitution event,ind_prs17102023.pdf
PEVT_00650,CONCORDBIO,DELETION,CONSUMED_IN_ENGINE,Valid parent broad-market Nifty 500 reconstitution event,ind_prs17102023.pdf
PEVT_00651,CENTURYPLY,DELETION,CONSUMED_IN_ENGINE,Valid parent broad-market Nifty 500 reconstitution event,ind_prs17102025.pdf
PEVT_00652,HONASA,DELETION,CONSUMED_IN_ENGINE,Valid parent broad-market Nifty 500 reconstitution event,ind_prs17102025.pdf
PEVT_00653,NATCOPHARM,DELETION,CONSUMED_IN_ENGINE,Valid parent broad-market Nifty 500 reconstitution event,ind_prs17102025.pdf
PEVT_00654,OIL,DELETION,CONSUMED_IN_ENGINE,Valid parent broad-market Nifty 500 reconstitution event,ind_prs17102025.pdf
PEVT_00655,POLYMED,DELETION,CONSUMED_IN_ENGINE,Valid parent broad-market Nifty 500 reconstitution event,ind_prs17102025.pdf
PEVT_00656,RKFORGE,DELETION,CONSUMED_IN_ENGINE,Valid parent broad-market Nifty 500 reconstitution event,ind_prs17102025.pdf
PEVT_00657,WAAREEENER,DELETION,CONSUMED_IN_ENGINE,Valid parent broad-market Nifty 500 reconstitution event,ind_prs17102025.pdf
PEVT_00658,ABFRL,ADDITION,CONSUMED_IN_ENGINE,Valid parent broad-market Nifty 500 reconstitution event,ind_prs17102025.pdf
PEVT_00659,ABLBL,ADDITION,CONSUMED_IN_ENGINE,Valid parent broad-market Nifty 500 reconstitution event,ind_prs17102025.pdf
PEVT_00660,COHANCE,ADDITION,CONSUMED_IN_ENGINE,Valid parent broad-market Nifty 500 reconstitution event,ind_prs17102025.pdf
PEVT_00661,INOXWIND,ADDITION,CONSUMED_IN_ENGINE,Valid parent broad-market Nifty 500 reconstitution event,ind_prs17102025.pdf
PEVT_00662,NBCC,ADDITION,CONSUMED_IN_ENGINE,Valid parent broad-market Nifty 500 reconstitution event,ind_prs17102025.pdf
PEVT_00663,RELINFRA,ADDITION,CONSUMED_IN_ENGINE,Valid parent broad-market Nifty 500 reconstitution event,ind_prs17102025.pdf
PEVT_00664,SWANCORP,ADDITION,CONSUMED_IN_ENGINE,Valid parent broad-market Nifty 500 reconstitution event,ind_prs17102025.pdf
PEVT_00665,VBL,DELETION,CONSUMED_IN_ENGINE,Valid parent broad-market Nifty 500 reconstitution event,ind_prs17112025_1.pdf
PEVT_00666,RCF,DELETION,CONSUMED_IN_ENGINE,Valid parent broad-market Nifty 500 reconstitution event,ind_prs17112025_1.pdf
PEVT_00667,RAJESHEXPO,DELETION,CONSUMED_IN_ENGINE,Valid parent broad-market Nifty 500 reconstitution event,ind_prs18022025.pdf
PEVT_00668,SIEMENS,DELETION,CONSUMED_IN_ENGINE,Valid parent broad-market Nifty 500 reconstitution event,ind_prs18022025.pdf
PEVT_00669,MANKIND,DELETION,CONSUMED_IN_ENGINE,Valid parent broad-market Nifty 500 reconstitution event,ind_prs18022025.pdf
PEVT_00670,DIXON,DELETION,CONSUMED_IN_ENGINE,Valid parent broad-market Nifty 500 reconstitution event,ind_prs18022025.pdf
PEVT_00671,INFIBEAM,DELETION,CONSUMED_IN_ENGINE,Valid parent broad-market Nifty 500 reconstitution event,ind_prs18112020.pdf
PEVT_00672,MAHINDCIE,DELETION,CONSUMED_IN_ENGINE,Valid parent broad-market Nifty 500 reconstitution event,ind_prs18112020.pdf
PEVT_00673,CGPOWER,DELETION,CONSUMED_IN_ENGINE,Valid parent broad-market Nifty 500 reconstitution event,ind_prs18122019.pdf
PEVT_00674,COFFEEDAY,DELETION,CONSUMED_IN_ENGINE,Valid parent broad-market Nifty 500 reconstitution event,ind_prs18122019.pdf
PEVT_00675,COX&KINGS,DELETION,CONSUMED_IN_ENGINE,Valid parent broad-market Nifty 500 reconstitution event,ind_prs18122019.pdf
PEVT_00676,AFFLE,ADDITION,CONSUMED_IN_ENGINE,Valid parent broad-market Nifty 500 reconstitution event,ind_prs18122019.pdf
PEVT_00677,MIDHANI,ADDITION,CONSUMED_IN_ENGINE,Valid parent broad-market Nifty 500 reconstitution event,ind_prs18122019.pdf
PEVT_00678,RESPONIND,ADDITION,CONSUMED_IN_ENGINE,Valid parent broad-market Nifty 500 reconstitution event,ind_prs18122019.pdf
PEVT_00679,JUBLPHARMA,ADDITION,CONSUMED_IN_ENGINE,Valid parent broad-market Nifty 500 reconstitution event,ind_prs19012024.pdf
PEVT_00680,RCF,ADDITION,CONSUMED_IN_ENGINE,Valid parent broad-market Nifty 500 reconstitution event,ind_prs19012024.pdf
PEVT_00681,"INDIAN RENEWABLE ENERGY DEV.
AGENCY LTD.",ADDITION,CONSUMED_IN_ENGINE,Valid parent broad-market Nifty 500 reconstitution event,ind_prs19032024.pdf
PEVT_00682,BSE LTD.*,ADDITION,CONSUMED_IN_ENGINE,Valid parent broad-market Nifty 500 reconstitution event,ind_prs19032024.pdf
PEVT_00683,BAJAJELEC,DELETION,CONSUMED_IN_ENGINE,Valid parent broad-market Nifty 500 reconstitution event,ind_prs19042023_1.pdf
PEVT_00684,EDELWEISS,DELETION,CONSUMED_IN_ENGINE,Valid parent broad-market Nifty 500 reconstitution event,ind_prs19042023_1.pdf
PEVT_00685,ERIS,DELETION,CONSUMED_IN_ENGINE,Valid parent broad-market Nifty 500 reconstitution event,ind_prs19042023_1.pdf
PEVT_00686,NSLNISP,DELETION,CONSUMED_IN_ENGINE,Valid parent broad-market Nifty 500 reconstitution event,ind_prs19042023_1.pdf
PEVT_00687,DEN,DELETION,CONSUMED_IN_ENGINE,Valid parent broad-market Nifty 500 reconstitution event,ind_prs19122019.pdf
PEVT_00688,HATHWAY,DELETION,CONSUMED_IN_ENGINE,Valid parent broad-market Nifty 500 reconstitution event,ind_prs19122019.pdf
PEVT_00689,KENNAMET,DELETION,CONSUMED_IN_ENGINE,Valid parent broad-market Nifty 500 reconstitution event,ind_prs19122019.pdf
PEVT_00690,TASTYBITE,DELETION,CONSUMED_IN_ENGINE,Valid parent broad-market Nifty 500 reconstitution event,ind_prs19122019.pdf
PEVT_00691,ENRIN,ADDITION,CONSUMED_IN_ENGINE,Valid parent broad-market Nifty 500 reconstitution event,ind_prs20022026_2.pdf
PEVT_00692,CIEINDIA,ADDITION,CONSUMED_IN_ENGINE,Valid parent broad-market Nifty 500 reconstitution event,ind_prs20052026_1.pdf
PEVT_00693,AFFLE,DELETION,CONSUMED_IN_ENGINE,Valid parent broad-market Nifty 500 reconstitution event,ind_prs20102022_1.pdf
PEVT_00694,CAPLIPOINT,DELETION,CONSUMED_IN_ENGINE,Valid parent broad-market Nifty 500 reconstitution event,ind_prs20102022_1.pdf
PEVT_00695,VARROC,DELETION,CONSUMED_IN_ENGINE,Valid parent broad-market Nifty 500 reconstitution event,ind_prs20102022_1.pdf
PEVT_00696,ECLERX,ADDITION,CONSUMED_IN_ENGINE,Valid parent broad-market Nifty 500 reconstitution event,ind_prs20102022_1.pdf
PEVT_00697,ENGINERSIN,ADDITION,CONSUMED_IN_ENGINE,Valid parent broad-market Nifty 500 reconstitution event,ind_prs20102022_1.pdf
PEVT_00698,FINCABLES,ADDITION,CONSUMED_IN_ENGINE,Valid parent broad-market Nifty 500 reconstitution event,ind_prs20102022_1.pdf
PEVT_00699,FLUOROCHEM,ADDITION,CONSUMED_IN_ENGINE,Valid parent broad-market Nifty 500 reconstitution event,ind_prs20102022_1.pdf
PEVT_00700,HINDCOPPER,ADDITION,CONSUMED_IN_ENGINE,Valid parent broad-market Nifty 500 reconstitution event,ind_prs20102022_1.pdf
PEVT_00701,IGL,ADDITION,CONSUMED_IN_ENGINE,Valid parent broad-market Nifty 500 reconstitution event,ind_prs20102022_1.pdf
PEVT_00702,JSL,ADDITION,CONSUMED_IN_ENGINE,Valid parent broad-market Nifty 500 reconstitution event,ind_prs20102022_1.pdf
PEVT_00703,JINDALSTEL,ADDITION,CONSUMED_IN_ENGINE,Valid parent broad-market Nifty 500 reconstitution event,ind_prs20102022_1.pdf
PEVT_00704,NATCOPHARM,ADDITION,CONSUMED_IN_ENGINE,Valid parent broad-market Nifty 500 reconstitution event,ind_prs20102022_1.pdf
PEVT_00705,OIL,ADDITION,CONSUMED_IN_ENGINE,Valid parent broad-market Nifty 500 reconstitution event,ind_prs20102022_1.pdf
PEVT_00706,OLECTRA,ADDITION,CONSUMED_IN_ENGINE,Valid parent broad-market Nifty 500 reconstitution event,ind_prs20102022_1.pdf
PEVT_00707,POLYMED,ADDITION,CONSUMED_IN_ENGINE,Valid parent broad-market Nifty 500 reconstitution event,ind_prs20102022_1.pdf
PEVT_00708,RAJESHEXPO,ADDITION,CONSUMED_IN_ENGINE,Valid parent broad-market Nifty 500 reconstitution event,ind_prs20102022_1.pdf
PEVT_00709,SCI,ADDITION,CONSUMED_IN_ENGINE,Valid parent broad-market Nifty 500 reconstitution event,ind_prs20102022_1.pdf
PEVT_00710,SAIL,ADDITION,CONSUMED_IN_ENGINE,Valid parent broad-market Nifty 500 reconstitution event,ind_prs20102022_1.pdf
PEVT_00711,SWSOLAR,ADDITION,CONSUMED_IN_ENGINE,Valid parent broad-market Nifty 500 reconstitution event,ind_prs20102022_1.pdf
PEVT_00712,PPLPHARMA,ADDITION,CONSUMED_IN_ENGINE,Valid parent broad-market Nifty 500 reconstitution event,ind_prs21022023.pdf
PEVT_00713,ACI,DELETION,CONSUMED_IN_ENGINE,Valid parent broad-market Nifty 500 reconstitution event,ind_prs21022025.pdf
PEVT_00714,AVANTIFEED,DELETION,CONSUMED_IN_ENGINE,Valid parent broad-market Nifty 500 reconstitution event,ind_prs21022025.pdf
PEVT_00715,BALAMINES,DELETION,CONSUMED_IN_ENGINE,Valid parent broad-market Nifty 500 reconstitution event,ind_prs21022025.pdf
PEVT_00716,BIRLACORPN,DELETION,CONSUMED_IN_ENGINE,Valid parent broad-market Nifty 500 reconstitution event,ind_prs21022025.pdf
PEVT_00717,CELLO,DELETION,CONSUMED_IN_ENGINE,Valid parent broad-market Nifty 500 reconstitution event,ind_prs21022025.pdf
PEVT_00718,CHEMPLASTS,DELETION,CONSUMED_IN_ENGINE,Valid parent broad-market Nifty 500 reconstitution event,ind_prs21022025.pdf
PEVT_00719,CIEINDIA,DELETION,CONSUMED_IN_ENGINE,Valid parent broad-market Nifty 500 reconstitution event,ind_prs21022025.pdf
PEVT_00720,EASEMYTRIP,DELETION,CONSUMED_IN_ENGINE,Valid parent broad-market Nifty 500 reconstitution event,ind_prs21022025.pdf
PEVT_00721,EQUITASBNK,DELETION,CONSUMED_IN_ENGINE,Valid parent broad-market Nifty 500 reconstitution event,ind_prs21022025.pdf
PEVT_00722,FINEORG,DELETION,CONSUMED_IN_ENGINE,Valid parent broad-market Nifty 500 reconstitution event,ind_prs21022025.pdf
PEVT_00723,GRINFRA,DELETION,CONSUMED_IN_ENGINE,Valid parent broad-market Nifty 500 reconstitution event,ind_prs21022025.pdf
PEVT_00724,GRINDWELL,DELETION,CONSUMED_IN_ENGINE,Valid parent broad-market Nifty 500 reconstitution event,ind_prs21022025.pdf
PEVT_00725,GAEL,DELETION,CONSUMED_IN_ENGINE,Valid parent broad-market Nifty 500 reconstitution event,ind_prs21022025.pdf
PEVT_00726,GSFC,DELETION,CONSUMED_IN_ENGINE,Valid parent broad-market Nifty 500 reconstitution event,ind_prs21022025.pdf
PEVT_00727,JKLAKSHMI,DELETION,CONSUMED_IN_ENGINE,Valid parent broad-market Nifty 500 reconstitution event,ind_prs21022025.pdf
PEVT_00728,KSB,DELETION,CONSUMED_IN_ENGINE,Valid parent broad-market Nifty 500 reconstitution event,ind_prs21022025.pdf
PEVT_00729,MAHLIFE,DELETION,CONSUMED_IN_ENGINE,Valid parent broad-market Nifty 500 reconstitution event,ind_prs21022025.pdf
PEVT_00730,METROBRAND,DELETION,CONSUMED_IN_ENGINE,Valid parent broad-market Nifty 500 reconstitution event,ind_prs21022025.pdf
PEVT_00731,NUVOCO,DELETION,CONSUMED_IN_ENGINE,Valid parent broad-market Nifty 500 reconstitution event,ind_prs21022025.pdf
PEVT_00732,PGHH,DELETION,CONSUMED_IN_ENGINE,Valid parent broad-market Nifty 500 reconstitution event,ind_prs21022025.pdf
PEVT_00733,RAJESHEXPO,DELETION,CONSUMED_IN_ENGINE,Valid parent broad-market Nifty 500 reconstitution event,ind_prs21022025.pdf
PEVT_00734,RATNAMANI,DELETION,CONSUMED_IN_ENGINE,Valid parent broad-market Nifty 500 reconstitution event,ind_prs21022025.pdf
PEVT_00735,SANOFI,DELETION,CONSUMED_IN_ENGINE,Valid parent broad-market Nifty 500 reconstitution event,ind_prs21022025.pdf
PEVT_00736,SPARC,DELETION,CONSUMED_IN_ENGINE,Valid parent broad-market Nifty 500 reconstitution event,ind_prs21022025.pdf
PEVT_00737,SUNDRMFAST,DELETION,CONSUMED_IN_ENGINE,Valid parent broad-market Nifty 500 reconstitution event,ind_prs21022025.pdf
PEVT_00738,TVSSCS,DELETION,CONSUMED_IN_ENGINE,Valid parent broad-market Nifty 500 reconstitution event,ind_prs21022025.pdf
PEVT_00739,UJJIVANSFB,DELETION,CONSUMED_IN_ENGINE,Valid parent broad-market Nifty 500 reconstitution event,ind_prs21022025.pdf
PEVT_00740,VIPIND,DELETION,CONSUMED_IN_ENGINE,Valid parent broad-market Nifty 500 reconstitution event,ind_prs21022025.pdf
PEVT_00741,VARROC,DELETION,CONSUMED_IN_ENGINE,Valid parent broad-market Nifty 500 reconstitution event,ind_prs21022025.pdf
PEVT_00742,VINATIORGA,DELETION,CONSUMED_IN_ENGINE,Valid parent broad-market Nifty 500 reconstitution event,ind_prs21022025.pdf
PEVT_00743,ACMESOLAR,ADDITION,CONSUMED_IN_ENGINE,Valid parent broad-market Nifty 500 reconstitution event,ind_prs21022025.pdf
PEVT_00744,AFCONS,ADDITION,CONSUMED_IN_ENGINE,Valid parent broad-market Nifty 500 reconstitution event,ind_prs21022025.pdf
PEVT_00745,ALIVUS,ADDITION,CONSUMED_IN_ENGINE,Valid parent broad-market Nifty 500 reconstitution event,ind_prs21022025.pdf
PEVT_00746,AIIL,ADDITION,CONSUMED_IN_ENGINE,Valid parent broad-market Nifty 500 reconstitution event,ind_prs21022025.pdf
PEVT_00747,BAJAJHFL,ADDITION,CONSUMED_IN_ENGINE,Valid parent broad-market Nifty 500 reconstitution event,ind_prs21022025.pdf
PEVT_00748,FIRSTCRY,ADDITION,CONSUMED_IN_ENGINE,Valid parent broad-market Nifty 500 reconstitution event,ind_prs21022025.pdf
PEVT_00749,DCMSHRIRAM,ADDITION,CONSUMED_IN_ENGINE,Valid parent broad-market Nifty 500 reconstitution event,ind_prs21022025.pdf
PEVT_00750,GRAVITA,ADDITION,CONSUMED_IN_ENGINE,Valid parent broad-market Nifty 500 reconstitution event,ind_prs21022025.pdf
PEVT_00751,HYUNDAI,ADDITION,CONSUMED_IN_ENGINE,Valid parent broad-market Nifty 500 reconstitution event,ind_prs21022025.pdf
PEVT_00752,IGIL,ADDITION,CONSUMED_IN_ENGINE,Valid parent broad-market Nifty 500 reconstitution event,ind_prs21022025.pdf
PEVT_00753,IKS,ADDITION,CONSUMED_IN_ENGINE,Valid parent broad-market Nifty 500 reconstitution event,ind_prs21022025.pdf
PEVT_00754,JSWHL,ADDITION,CONSUMED_IN_ENGINE,Valid parent broad-market Nifty 500 reconstitution event,ind_prs21022025.pdf
PEVT_00755,LTFOODS,ADDITION,CONSUMED_IN_ENGINE,Valid parent broad-market Nifty 500 reconstitution event,ind_prs21022025.pdf
PEVT_00756,NAVA,ADDITION,CONSUMED_IN_ENGINE,Valid parent broad-market Nifty 500 reconstitution event,ind_prs21022025.pdf
PEVT_00757,NEULANDLAB,ADDITION,CONSUMED_IN_ENGINE,Valid parent broad-market Nifty 500 reconstitution event,ind_prs21022025.pdf
PEVT_00758,NIVABUPA,ADDITION,CONSUMED_IN_ENGINE,Valid parent broad-market Nifty 500 reconstitution event,ind_prs21022025.pdf
PEVT_00759,NTPCGREEN,ADDITION,CONSUMED_IN_ENGINE,Valid parent broad-market Nifty 500 reconstitution event,ind_prs21022025.pdf
PEVT_00760,OLAELEC,ADDITION,CONSUMED_IN_ENGINE,Valid parent broad-market Nifty 500 reconstitution event,ind_prs21022025.pdf
PEVT_00761,PGEL,ADDITION,CONSUMED_IN_ENGINE,Valid parent broad-market Nifty 500 reconstitution event,ind_prs21022025.pdf
PEVT_00762,PREMIERENE,ADDITION,CONSUMED_IN_ENGINE,Valid parent broad-market Nifty 500 reconstitution event,ind_prs21022025.pdf
PEVT_00763,RPOWER,ADDITION,CONSUMED_IN_ENGINE,Valid parent broad-market Nifty 500 reconstitution event,ind_prs21022025.pdf
PEVT_00764,SAGILITY,ADDITION,CONSUMED_IN_ENGINE,Valid parent broad-market Nifty 500 reconstitution event,ind_prs21022025.pdf
PEVT_00765,SAILIFE,ADDITION,CONSUMED_IN_ENGINE,Valid parent broad-market Nifty 500 reconstitution event,ind_prs21022025.pdf
PEVT_00766,SARDAEN,ADDITION,CONSUMED_IN_ENGINE,Valid parent broad-market Nifty 500 reconstitution event,ind_prs21022025.pdf
PEVT_00767,SWIGGY,ADDITION,CONSUMED_IN_ENGINE,Valid parent broad-market Nifty 500 reconstitution event,ind_prs21022025.pdf
PEVT_00768,TARIL,ADDITION,CONSUMED_IN_ENGINE,Valid parent broad-market Nifty 500 reconstitution event,ind_prs21022025.pdf
PEVT_00769,VMM,ADDITION,CONSUMED_IN_ENGINE,Valid parent broad-market Nifty 500 reconstitution event,ind_prs21022025.pdf
PEVT_00770,WAAREEENER,ADDITION,CONSUMED_IN_ENGINE,Valid parent broad-market Nifty 500 reconstitution event,ind_prs21022025.pdf
PEVT_00771,WOCKPHARMA,ADDITION,CONSUMED_IN_ENGINE,Valid parent broad-market Nifty 500 reconstitution event,ind_prs21022025.pdf
PEVT_00772,ZENTEC,ADDITION,CONSUMED_IN_ENGINE,Valid parent broad-market Nifty 500 reconstitution event,ind_prs21022025.pdf
PEVT_00773,SAGILITY,ADDITION,CONSUMED_IN_ENGINE,Valid parent broad-market Nifty 500 reconstitution event,ind_prs21042025_1.pdf
PEVT_00774,SUNDRMFAST,ADDITION,CONSUMED_IN_ENGINE,Valid parent broad-market Nifty 500 reconstitution event,ind_prs21042025_1.pdf
PEVT_00775,VBL,ADDITION,CONSUMED_IN_ENGINE,Valid parent broad-market Nifty 500 reconstitution event,ind_prs21042025_1.pdf
PEVT_00776,ABB,DELETION,CONSUMED_IN_ENGINE,Valid parent broad-market Nifty 500 reconstitution event,ind_prs21062024_1.pdf
PEVT_00777,GHCL,DELETION,CONSUMED_IN_ENGINE,Valid parent broad-market Nifty 500 reconstitution event,ind_prs22042021.pdf
PEVT_00778,TATASTLBSL,DELETION,CONSUMED_IN_ENGINE,Valid parent broad-market Nifty 500 reconstitution event,ind_prs22042021.pdf
PEVT_00779,BURGERKING,DELETION,CONSUMED_IN_ENGINE,Valid parent broad-market Nifty 500 reconstitution event,ind_prs22042021.pdf
PEVT_00780,INFIBEAM,DELETION,CONSUMED_IN_ENGINE,Valid parent broad-market Nifty 500 reconstitution event,ind_prs22042021.pdf
PEVT_00781,ABBOTINDIA,DELETION,CONSUMED_IN_ENGINE,Valid parent broad-market Nifty 500 reconstitution event,ind_prs22052024.pdf
PEVT_00782,ADANIENT,DELETION,CONSUMED_IN_ENGINE,Valid parent broad-market Nifty 500 reconstitution event,ind_prs22052024.pdf
PEVT_00783,AIAENG,DELETION,CONSUMED_IN_ENGINE,Valid parent broad-market Nifty 500 reconstitution event,ind_prs22052024.pdf
PEVT_00784,BIOCON,DELETION,CONSUMED_IN_ENGINE,Valid parent broad-market Nifty 500 reconstitution event,ind_prs22052024.pdf
PEVT_00785,BIRLACORPN,DELETION,CONSUMED_IN_ENGINE,Valid parent broad-market Nifty 500 reconstitution event,ind_prs22052024.pdf
PEVT_00786,CAMS,DELETION,CONSUMED_IN_ENGINE,Valid parent broad-market Nifty 500 reconstitution event,ind_prs22052024.pdf
PEVT_00787,CONCOR,DELETION,CONSUMED_IN_ENGINE,Valid parent broad-market Nifty 500 reconstitution event,ind_prs22052024.pdf
PEVT_00788,DIVISLAB,DELETION,CONSUMED_IN_ENGINE,Valid parent broad-market Nifty 500 reconstitution event,ind_prs22052024.pdf
PEVT_00789,GRASIM,DELETION,CONSUMED_IN_ENGINE,Valid parent broad-market Nifty 500 reconstitution event,ind_prs22052024.pdf
PEVT_00790,HONAUT,DELETION,CONSUMED_IN_ENGINE,Valid parent broad-market Nifty 500 reconstitution event,ind_prs22052024.pdf
PEVT_00791,IRCON,DELETION,CONSUMED_IN_ENGINE,Valid parent broad-market Nifty 500 reconstitution event,ind_prs22052024.pdf
PEVT_00792,JINDALSAW,DELETION,CONSUMED_IN_ENGINE,Valid parent broad-market Nifty 500 reconstitution event,ind_prs22052024.pdf
PEVT_00793,JKLAKSHMI,DELETION,CONSUMED_IN_ENGINE,Valid parent broad-market Nifty 500 reconstitution event,ind_prs22052024.pdf
PEVT_00794,JUBLPHARMA,DELETION,CONSUMED_IN_ENGINE,Valid parent broad-market Nifty 500 reconstitution event,ind_prs22052024.pdf
PEVT_00795,LAURUSLABS,DELETION,CONSUMED_IN_ENGINE,Valid parent broad-market Nifty 500 reconstitution event,ind_prs22052024.pdf
PEVT_00796,NMDC,DELETION,CONSUMED_IN_ENGINE,Valid parent broad-market Nifty 500 reconstitution event,ind_prs22052024.pdf
PEVT_00797,PPLPHARMA,DELETION,CONSUMED_IN_ENGINE,Valid parent broad-market Nifty 500 reconstitution event,ind_prs22052024.pdf
PEVT_00798,PNCINFRA,DELETION,CONSUMED_IN_ENGINE,Valid parent broad-market Nifty 500 reconstitution event,ind_prs22052024.pdf
PEVT_00799,PRESTIGE,DELETION,CONSUMED_IN_ENGINE,Valid parent broad-market Nifty 500 reconstitution event,ind_prs22052024.pdf
PEVT_00800,SUZLON,DELETION,CONSUMED_IN_ENGINE,Valid parent broad-market Nifty 500 reconstitution event,ind_prs22052024.pdf
PEVT_00801,TATACOMM,DELETION,CONSUMED_IN_ENGINE,Valid parent broad-market Nifty 500 reconstitution event,ind_prs22052024.pdf
PEVT_00802,TATASTEEL,DELETION,CONSUMED_IN_ENGINE,Valid parent broad-market Nifty 500 reconstitution event,ind_prs22052024.pdf
PEVT_00803,TVSMOTOR,DELETION,CONSUMED_IN_ENGINE,Valid parent broad-market Nifty 500 reconstitution event,ind_prs22052024.pdf
PEVT_00804,UPL,DELETION,CONSUMED_IN_ENGINE,Valid parent broad-market Nifty 500 reconstitution event,ind_prs22052024.pdf
PEVT_00805,WELSPUNLIV,DELETION,CONSUMED_IN_ENGINE,Valid parent broad-market Nifty 500 reconstitution event,ind_prs22052024.pdf
PEVT_00806,ATGL,ADDITION,CONSUMED_IN_ENGINE,Valid parent broad-market Nifty 500 reconstitution event,ind_prs22052024.pdf
PEVT_00807,ABFRL,ADDITION,CONSUMED_IN_ENGINE,Valid parent broad-market Nifty 500 reconstitution event,ind_prs22052024.pdf
PEVT_00808,AFFLE,ADDITION,CONSUMED_IN_ENGINE,Valid parent broad-market Nifty 500 reconstitution event,ind_prs22052024.pdf
PEVT_00809,ASTERDM,ADDITION,CONSUMED_IN_ENGINE,Valid parent broad-market Nifty 500 reconstitution event,ind_prs22052024.pdf
PEVT_00810,BATAINDIA,ADDITION,CONSUMED_IN_ENGINE,Valid parent broad-market Nifty 500 reconstitution event,ind_prs22052024.pdf
PEVT_00811,CAPLIPOINT,ADDITION,CONSUMED_IN_ENGINE,Valid parent broad-market Nifty 500 reconstitution event,ind_prs22052024.pdf
PEVT_00812,FDC,ADDITION,CONSUMED_IN_ENGINE,Valid parent broad-market Nifty 500 reconstitution event,ind_prs22052024.pdf
PEVT_00813,FINCABLES,ADDITION,CONSUMED_IN_ENGINE,Valid parent broad-market Nifty 500 reconstitution event,ind_prs22052024.pdf
PEVT_00814,FINPIPE,ADDITION,CONSUMED_IN_ENGINE,Valid parent broad-market Nifty 500 reconstitution event,ind_prs22052024.pdf
PEVT_00815,FORTIS,ADDITION,CONSUMED_IN_ENGINE,Valid parent broad-market Nifty 500 reconstitution event,ind_prs22052024.pdf
PEVT_00816,NYKAA,ADDITION,CONSUMED_IN_ENGINE,Valid parent broad-market Nifty 500 reconstitution event,ind_prs22052024.pdf
PEVT_00817,INDUSTOWER,ADDITION,CONSUMED_IN_ENGINE,Valid parent broad-market Nifty 500 reconstitution event,ind_prs22052024.pdf
PEVT_00818,LODHA,ADDITION,CONSUMED_IN_ENGINE,Valid parent broad-market Nifty 500 reconstitution event,ind_prs22052024.pdf
PEVT_00819,MAXHEALTH,ADDITION,CONSUMED_IN_ENGINE,Valid parent broad-market Nifty 500 reconstitution event,ind_prs22052024.pdf
PEVT_00820,MEDPLUS,ADDITION,CONSUMED_IN_ENGINE,Valid parent broad-market Nifty 500 reconstitution event,ind_prs22052024.pdf
PEVT_00821,METROBRAND,ADDITION,CONSUMED_IN_ENGINE,Valid parent broad-market Nifty 500 reconstitution event,ind_prs22052024.pdf
PEVT_00822,MINDACORP,ADDITION,CONSUMED_IN_ENGINE,Valid parent broad-market Nifty 500 reconstitution event,ind_prs22052024.pdf
PEVT_00823,MMTC,ADDITION,CONSUMED_IN_ENGINE,Valid parent broad-market Nifty 500 reconstitution event,ind_prs22052024.pdf
PEVT_00824,PRAJIND,ADDITION,CONSUMED_IN_ENGINE,Valid parent broad-market Nifty 500 reconstitution event,ind_prs22052024.pdf
PEVT_00825,PRSMJOHNSN,ADDITION,CONSUMED_IN_ENGINE,Valid parent broad-market Nifty 500 reconstitution event,ind_prs22052024.pdf
PEVT_00826,ROUTE,ADDITION,CONSUMED_IN_ENGINE,Valid parent broad-market Nifty 500 reconstitution event,ind_prs22052024.pdf
PEVT_00827,SUNPHARMA,ADDITION,CONSUMED_IN_ENGINE,Valid parent broad-market Nifty 500 reconstitution event,ind_prs22052024.pdf
PEVT_00828,TRENT,ADDITION,CONSUMED_IN_ENGINE,Valid parent broad-market Nifty 500 reconstitution event,ind_prs22052024.pdf
PEVT_00829,ZENSARTECH,ADDITION,CONSUMED_IN_ENGINE,Valid parent broad-market Nifty 500 reconstitution event,ind_prs22052024.pdf
PEVT_00830,ZYDUSLIFE,ADDITION,CONSUMED_IN_ENGINE,Valid parent broad-market Nifty 500 reconstitution event,ind_prs22052024.pdf
PEVT_00831,COFORGE,ADDITION,CONSUMED_IN_ENGINE,Valid parent broad-market Nifty 500 reconstitution event,ind_prs22052024.pdf
PEVT_00832,LUPIN,ADDITION,CONSUMED_IN_ENGINE,Valid parent broad-market Nifty 500 reconstitution event,ind_prs22052024.pdf
PEVT_00833,SRF,ADDITION,CONSUMED_IN_ENGINE,Valid parent broad-market Nifty 500 reconstitution event,ind_prs22052024.pdf
PEVT_00834,TIINDIA,ADDITION,CONSUMED_IN_ENGINE,Valid parent broad-market Nifty 500 reconstitution event,ind_prs22052024.pdf
PEVT_00835,ALIVUS,DELETION,CONSUMED_IN_ENGINE,Valid parent broad-market Nifty 500 reconstitution event,ind_prs22082025.pdf
PEVT_00836,GNFC,DELETION,CONSUMED_IN_ENGINE,Valid parent broad-market Nifty 500 reconstitution event,ind_prs22082025.pdf
PEVT_00837,GPPL,DELETION,CONSUMED_IN_ENGINE,Valid parent broad-market Nifty 500 reconstitution event,ind_prs22082025.pdf
PEVT_00838,JSWHL,DELETION,CONSUMED_IN_ENGINE,Valid parent broad-market Nifty 500 reconstitution event,ind_prs22082025.pdf
PEVT_00839,JUSTDIAL,DELETION,CONSUMED_IN_ENGINE,Valid parent broad-market Nifty 500 reconstitution event,ind_prs22082025.pdf
PEVT_00840,KANSAINER,DELETION,CONSUMED_IN_ENGINE,Valid parent broad-market Nifty 500 reconstitution event,ind_prs22082025.pdf
PEVT_00841,KNRCON,DELETION,CONSUMED_IN_ENGINE,Valid parent broad-market Nifty 500 reconstitution event,ind_prs22082025.pdf
PEVT_00842,MASTEK,DELETION,CONSUMED_IN_ENGINE,Valid parent broad-market Nifty 500 reconstitution event,ind_prs22082025.pdf
PEVT_00843,NETWORK18,DELETION,CONSUMED_IN_ENGINE,Valid parent broad-market Nifty 500 reconstitution event,ind_prs22082025.pdf
PEVT_00844,PNCINFRA,DELETION,CONSUMED_IN_ENGINE,Valid parent broad-market Nifty 500 reconstitution event,ind_prs22082025.pdf
PEVT_00845,RTNINDIA,DELETION,CONSUMED_IN_ENGINE,Valid parent broad-market Nifty 500 reconstitution event,ind_prs22082025.pdf
PEVT_00846,RAYMONDLSL,DELETION,CONSUMED_IN_ENGINE,Valid parent broad-market Nifty 500 reconstitution event,ind_prs22082025.pdf
PEVT_00847,RAYMOND,DELETION,CONSUMED_IN_ENGINE,Valid parent broad-market Nifty 500 reconstitution event,ind_prs22082025.pdf
PEVT_00848,ROUTE,DELETION,CONSUMED_IN_ENGINE,Valid parent broad-market Nifty 500 reconstitution event,ind_prs22082025.pdf
PEVT_00849,RENUKA,DELETION,CONSUMED_IN_ENGINE,Valid parent broad-market Nifty 500 reconstitution event,ind_prs22082025.pdf
PEVT_00850,SWSOLAR,DELETION,CONSUMED_IN_ENGINE,Valid parent broad-market Nifty 500 reconstitution event,ind_prs22082025.pdf
PEVT_00851,TANLA,DELETION,CONSUMED_IN_ENGINE,Valid parent broad-market Nifty 500 reconstitution event,ind_prs22082025.pdf
PEVT_00852,WESTLIFE,DELETION,CONSUMED_IN_ENGINE,Valid parent broad-market Nifty 500 reconstitution event,ind_prs22082025.pdf
PEVT_00853,ABLBL,ADDITION,CONSUMED_IN_ENGINE,Valid parent broad-market Nifty 500 reconstitution event,ind_prs22082025.pdf
PEVT_00854,AEGISVOPAK,ADDITION,CONSUMED_IN_ENGINE,Valid parent broad-market Nifty 500 reconstitution event,ind_prs22082025.pdf
PEVT_00855,AKZOINDIA,ADDITION,CONSUMED_IN_ENGINE,Valid parent broad-market Nifty 500 reconstitution event,ind_prs22082025.pdf
PEVT_00856,ATHERENERG,ADDITION,CONSUMED_IN_ENGINE,Valid parent broad-market Nifty 500 reconstitution event,ind_prs22082025.pdf
PEVT_00857,BLUEJET,ADDITION,CONSUMED_IN_ENGINE,Valid parent broad-market Nifty 500 reconstitution event,ind_prs22082025.pdf
PEVT_00858,CHOICEIN,ADDITION,CONSUMED_IN_ENGINE,Valid parent broad-market Nifty 500 reconstitution event,ind_prs22082025.pdf
PEVT_00859,AGARWALEYE,ADDITION,CONSUMED_IN_ENGINE,Valid parent broad-market Nifty 500 reconstitution event,ind_prs22082025.pdf
PEVT_00860,FORCEMOT,ADDITION,CONSUMED_IN_ENGINE,Valid parent broad-market Nifty 500 reconstitution event,ind_prs22082025.pdf
PEVT_00861,HEXT,ADDITION,CONSUMED_IN_ENGINE,Valid parent broad-market Nifty 500 reconstitution event,ind_prs22082025.pdf
PEVT_00862,ITCHOTELS,ADDITION,CONSUMED_IN_ENGINE,Valid parent broad-market Nifty 500 reconstitution event,ind_prs22082025.pdf
PEVT_00863,KSB,ADDITION,CONSUMED_IN_ENGINE,Valid parent broad-market Nifty 500 reconstitution event,ind_prs22082025.pdf
PEVT_00864,MAHSCOOTER,ADDITION,CONSUMED_IN_ENGINE,Valid parent broad-market Nifty 500 reconstitution event,ind_prs22082025.pdf
PEVT_00865,NUVOCO,ADDITION,CONSUMED_IN_ENGINE,Valid parent broad-market Nifty 500 reconstitution event,ind_prs22082025.pdf
PEVT_00866,ONESOURCE,ADDITION,CONSUMED_IN_ENGINE,Valid parent broad-market Nifty 500 reconstitution event,ind_prs22082025.pdf
PEVT_00867,PGHH,ADDITION,CONSUMED_IN_ENGINE,Valid parent broad-market Nifty 500 reconstitution event,ind_prs22082025.pdf
PEVT_00868,THELEELA,ADDITION,CONSUMED_IN_ENGINE,Valid parent broad-market Nifty 500 reconstitution event,ind_prs22082025.pdf
PEVT_00869,ENRIN,ADDITION,CONSUMED_IN_ENGINE,Valid parent broad-market Nifty 500 reconstitution event,ind_prs22082025.pdf
PEVT_00870,VENTIVE,ADDITION,CONSUMED_IN_ENGINE,Valid parent broad-market Nifty 500 reconstitution event,ind_prs22082025.pdf
PEVT_00871,ABREL,DELETION,CONSUMED_IN_ENGINE,Valid parent broad-market Nifty 500 reconstitution event,ind_prs22082025_1.pdf
PEVT_00872,AEGISLOG,DELETION,CONSUMED_IN_ENGINE,Valid parent broad-market Nifty 500 reconstitution event,ind_prs22082025_1.pdf
PEVT_00873,INDIACEM,DELETION,CONSUMED_IN_ENGINE,Valid parent broad-market Nifty 500 reconstitution event,ind_prs22082025_1.pdf
PEVT_00874,PIIND,DELETION,CONSUMED_IN_ENGINE,Valid parent broad-market Nifty 500 reconstitution event,ind_prs22082025_1.pdf
PEVT_00875,SHREECEM,DELETION,CONSUMED_IN_ENGINE,Valid parent broad-market Nifty 500 reconstitution event,ind_prs22082025_1.pdf
PEVT_00876,SONACOMS,DELETION,CONSUMED_IN_ENGINE,Valid parent broad-market Nifty 500 reconstitution event,ind_prs22082025_1.pdf
PEVT_00877,MAXHEALTH,ADDITION,CONSUMED_IN_ENGINE,Valid parent broad-market Nifty 500 reconstitution event,ind_prs22082025_1.pdf
PEVT_00878,RAYMOND,ADDITION,CONSUMED_IN_ENGINE,Valid parent broad-market Nifty 500 reconstitution event,ind_prs22082025_1.pdf
PEVT_00879,TORNTPHARM,ADDITION,CONSUMED_IN_ENGINE,Valid parent broad-market Nifty 500 reconstitution event,ind_prs22082025_1.pdf
PEVT_00880,TORNTPOWER,ADDITION,CONSUMED_IN_ENGINE,Valid parent broad-market Nifty 500 reconstitution event,ind_prs22082025_1.pdf
PEVT_00881,WOCKPHARMA,ADDITION,CONSUMED_IN_ENGINE,Valid parent broad-market Nifty 500 reconstitution event,ind_prs22082025_1.pdf
PEVT_00882,GMRINFRA,DELETION,CONSUMED_IN_ENGINE,Valid parent broad-market Nifty 500 reconstitution event,ind_prs22102021.pdf
PEVT_00883,SONACOMS,DELETION,CONSUMED_IN_ENGINE,Valid parent broad-market Nifty 500 reconstitution event,ind_prs22102021.pdf
PEVT_00884,NSLNISP,ADDITION,CONSUMED_IN_ENGINE,Valid parent broad-market Nifty 500 reconstitution event,ind_prs22112024.pdf
PEVT_00885,SAIL,ADDITION,CONSUMED_IN_ENGINE,Valid parent broad-market Nifty 500 reconstitution event,ind_prs22112024.pdf
PEVT_00886,SAREGAMA,DELETION,CONSUMED_IN_ENGINE,Valid parent broad-market Nifty 500 reconstitution event,ind_prs22122022.pdf
PEVT_00887,RAINBOW,DELETION,CONSUMED_IN_ENGINE,Valid parent broad-market Nifty 500 reconstitution event,ind_prs22122022.pdf
PEVT_00888,BOMDYEING,DELETION,CONSUMED_IN_ENGINE,Valid parent broad-market Nifty 500 reconstitution event,ind_prs23022021.pdf
PEVT_00889,CARERATING,DELETION,CONSUMED_IN_ENGINE,Valid parent broad-market Nifty 500 reconstitution event,ind_prs23022021.pdf
PEVT_00890,CHENNPETRO,DELETION,CONSUMED_IN_ENGINE,Valid parent broad-market Nifty 500 reconstitution event,ind_prs23022021.pdf
PEVT_00891,DBCORP,DELETION,CONSUMED_IN_ENGINE,Valid parent broad-market Nifty 500 reconstitution event,ind_prs23022021.pdf
PEVT_00892,ESABINDIA,DELETION,CONSUMED_IN_ENGINE,Valid parent broad-market Nifty 500 reconstitution event,ind_prs23022021.pdf
PEVT_00893,GMDCLTD,DELETION,CONSUMED_IN_ENGINE,Valid parent broad-market Nifty 500 reconstitution event,ind_prs23022021.pdf
PEVT_00894,HATHWAY,DELETION,CONSUMED_IN_ENGINE,Valid parent broad-market Nifty 500 reconstitution event,ind_prs23022021.pdf
PEVT_00895,HERITGFOOD,DELETION,CONSUMED_IN_ENGINE,Valid parent broad-market Nifty 500 reconstitution event,ind_prs23022021.pdf
PEVT_00896,ICRA,DELETION,CONSUMED_IN_ENGINE,Valid parent broad-market Nifty 500 reconstitution event,ind_prs23022021.pdf
PEVT_00897,JAGRAN,DELETION,CONSUMED_IN_ENGINE,Valid parent broad-market Nifty 500 reconstitution event,ind_prs23022021.pdf
PEVT_00898,JAICORPLTD,DELETION,CONSUMED_IN_ENGINE,Valid parent broad-market Nifty 500 reconstitution event,ind_prs23022021.pdf
PEVT_00899,J&KBANK,DELETION,CONSUMED_IN_ENGINE,Valid parent broad-market Nifty 500 reconstitution event,ind_prs23022021.pdf
PEVT_00900,KTKBANK,DELETION,CONSUMED_IN_ENGINE,Valid parent broad-market Nifty 500 reconstitution event,ind_prs23022021.pdf
PEVT_00901,KOLTEPATIL,DELETION,CONSUMED_IN_ENGINE,Valid parent broad-market Nifty 500 reconstitution event,ind_prs23022021.pdf
PEVT_00902,NAVNETEDUL,DELETION,CONSUMED_IN_ENGINE,Valid parent broad-market Nifty 500 reconstitution event,ind_prs23022021.pdf
PEVT_00903,OMAXE,DELETION,CONSUMED_IN_ENGINE,Valid parent broad-market Nifty 500 reconstitution event,ind_prs23022021.pdf
PEVT_00904,ORIENTCEM,DELETION,CONSUMED_IN_ENGINE,Valid parent broad-market Nifty 500 reconstitution event,ind_prs23022021.pdf
PEVT_00905,PRAJIND,DELETION,CONSUMED_IN_ENGINE,Valid parent broad-market Nifty 500 reconstitution event,ind_prs23022021.pdf
PEVT_00906,PSPPROJECT,DELETION,CONSUMED_IN_ENGINE,Valid parent broad-market Nifty 500 reconstitution event,ind_prs23022021.pdf
PEVT_00907,PTC,DELETION,CONSUMED_IN_ENGINE,Valid parent broad-market Nifty 500 reconstitution event,ind_prs23022021.pdf
PEVT_00908,SOUTHBANK,DELETION,CONSUMED_IN_ENGINE,Valid parent broad-market Nifty 500 reconstitution event,ind_prs23022021.pdf
PEVT_00909,SWARAJENG,DELETION,CONSUMED_IN_ENGINE,Valid parent broad-market Nifty 500 reconstitution event,ind_prs23022021.pdf
PEVT_00910,TVTODAY,DELETION,CONSUMED_IN_ENGINE,Valid parent broad-market Nifty 500 reconstitution event,ind_prs23022021.pdf
PEVT_00911,VRLLOG,DELETION,CONSUMED_IN_ENGINE,Valid parent broad-market Nifty 500 reconstitution event,ind_prs23022021.pdf
PEVT_00912,ANGELBRKG,ADDITION,CONSUMED_IN_ENGINE,Valid parent broad-market Nifty 500 reconstitution event,ind_prs23022021.pdf
PEVT_00913,ASAHIINDIA,ADDITION,CONSUMED_IN_ENGINE,Valid parent broad-market Nifty 500 reconstitution event,ind_prs23022021.pdf
PEVT_00914,BALAMINES,ADDITION,CONSUMED_IN_ENGINE,Valid parent broad-market Nifty 500 reconstitution event,ind_prs23022021.pdf
PEVT_00915,CAMS,ADDITION,CONSUMED_IN_ENGINE,Valid parent broad-market Nifty 500 reconstitution event,ind_prs23022021.pdf
PEVT_00916,HAPPSTMNDS,ADDITION,CONSUMED_IN_ENGINE,Valid parent broad-market Nifty 500 reconstitution event,ind_prs23022021.pdf
PEVT_00917,HEMIPROP,ADDITION,CONSUMED_IN_ENGINE,Valid parent broad-market Nifty 500 reconstitution event,ind_prs23022021.pdf
PEVT_00918,ICIL,ADDITION,CONSUMED_IN_ENGINE,Valid parent broad-market Nifty 500 reconstitution event,ind_prs23022021.pdf
PEVT_00919,INTELLECT,ADDITION,CONSUMED_IN_ENGINE,Valid parent broad-market Nifty 500 reconstitution event,ind_prs23022021.pdf
PEVT_00920,KPRMILL,ADDITION,CONSUMED_IN_ENGINE,Valid parent broad-market Nifty 500 reconstitution event,ind_prs23022021.pdf
PEVT_00921,KPITTECH,ADDITION,CONSUMED_IN_ENGINE,Valid parent broad-market Nifty 500 reconstitution event,ind_prs23022021.pdf
PEVT_00922,MAXHEALTH,ADDITION,CONSUMED_IN_ENGINE,Valid parent broad-market Nifty 500 reconstitution event,ind_prs23022021.pdf
PEVT_00923,MAZDOCK,ADDITION,CONSUMED_IN_ENGINE,Valid parent broad-market Nifty 500 reconstitution event,ind_prs23022021.pdf
PEVT_00924,PRINCEPIPE,ADDITION,CONSUMED_IN_ENGINE,Valid parent broad-market Nifty 500 reconstitution event,ind_prs23022021.pdf
PEVT_00925,RESPONIND,ADDITION,CONSUMED_IN_ENGINE,Valid parent broad-market Nifty 500 reconstitution event,ind_prs23022021.pdf
PEVT_00926,ROSSARI,ADDITION,CONSUMED_IN_ENGINE,Valid parent broad-market Nifty 500 reconstitution event,ind_prs23022021.pdf
PEVT_00927,ROUTE,ADDITION,CONSUMED_IN_ENGINE,Valid parent broad-market Nifty 500 reconstitution event,ind_prs23022021.pdf
PEVT_00928,SHARDACROP,ADDITION,CONSUMED_IN_ENGINE,Valid parent broad-market Nifty 500 reconstitution event,ind_prs23022021.pdf
PEVT_00929,SPANDANA,ADDITION,CONSUMED_IN_ENGINE,Valid parent broad-market Nifty 500 reconstitution event,ind_prs23022021.pdf
PEVT_00930,SUNCLAYLTD,ADDITION,CONSUMED_IN_ENGINE,Valid parent broad-market Nifty 500 reconstitution event,ind_prs23022021.pdf
PEVT_00931,TANLA,ADDITION,CONSUMED_IN_ENGINE,Valid parent broad-market Nifty 500 reconstitution event,ind_prs23022021.pdf
PEVT_00932,TRITURBINE,ADDITION,CONSUMED_IN_ENGINE,Valid parent broad-market Nifty 500 reconstitution event,ind_prs23022021.pdf
PEVT_00933,UTIAMC,ADDITION,CONSUMED_IN_ENGINE,Valid parent broad-market Nifty 500 reconstitution event,ind_prs23022021.pdf
PEVT_00934,VALIANTORG,ADDITION,CONSUMED_IN_ENGINE,Valid parent broad-market Nifty 500 reconstitution event,ind_prs23022021.pdf
PEVT_00935,VEDL,ADDITION,CONSUMED_IN_ENGINE,Valid parent broad-market Nifty 500 reconstitution event,ind_prs23022021.pdf
PEVT_00936,AKUMS,DELETION,CONSUMED_IN_ENGINE,Valid parent broad-market Nifty 500 reconstitution event,ind_prs23022026.pdf
PEVT_00937,APLLTD,DELETION,CONSUMED_IN_ENGINE,Valid parent broad-market Nifty 500 reconstitution event,ind_prs23022026.pdf
PEVT_00938,ALKYLAMINE,DELETION,CONSUMED_IN_ENGINE,Valid parent broad-market Nifty 500 reconstitution event,ind_prs23022026.pdf
PEVT_00939,ALOKINDS,DELETION,CONSUMED_IN_ENGINE,Valid parent broad-market Nifty 500 reconstitution event,ind_prs23022026.pdf
PEVT_00941,BASF,DELETION,CONSUMED_IN_ENGINE,Valid parent broad-market Nifty 500 reconstitution event,ind_prs23022026.pdf
PEVT_00942,CAMPUS,DELETION,CONSUMED_IN_ENGINE,Valid parent broad-market Nifty 500 reconstitution event,ind_prs23022026.pdf
PEVT_00943,CENTURYPLY,DELETION,CONSUMED_IN_ENGINE,Valid parent broad-market Nifty 500 reconstitution event,ind_prs23022026.pdf
PEVT_00944,CERA,DELETION,CONSUMED_IN_ENGINE,Valid parent broad-market Nifty 500 reconstitution event,ind_prs23022026.pdf
PEVT_00945,AGARWALEYE,DELETION,CONSUMED_IN_ENGINE,Valid parent broad-market Nifty 500 reconstitution event,ind_prs23022026.pdf
PEVT_00946,FINPIPE,DELETION,CONSUMED_IN_ENGINE,Valid parent broad-market Nifty 500 reconstitution event,ind_prs23022026.pdf
PEVT_00947,GODREJAGRO,DELETION,CONSUMED_IN_ENGINE,Valid parent broad-market Nifty 500 reconstitution event,ind_prs23022026.pdf
PEVT_00948,GUJGASLTD,DELETION,CONSUMED_IN_ENGINE,Valid parent broad-market Nifty 500 reconstitution event,ind_prs23022026.pdf
PEVT_00949,HAPPSTMNDS,DELETION,CONSUMED_IN_ENGINE,Valid parent broad-market Nifty 500 reconstitution event,ind_prs23022026.pdf
PEVT_00950,INOXINDIA,DELETION,CONSUMED_IN_ENGINE,Valid parent broad-market Nifty 500 reconstitution event,ind_prs23022026.pdf
PEVT_00951,JYOTHYLAB,DELETION,CONSUMED_IN_ENGINE,Valid parent broad-market Nifty 500 reconstitution event,ind_prs23022026.pdf
PEVT_00952,KIRLOSBROS,DELETION,CONSUMED_IN_ENGINE,Valid parent broad-market Nifty 500 reconstitution event,ind_prs23022026.pdf
PEVT_00953,KSB,DELETION,CONSUMED_IN_ENGINE,Valid parent broad-market Nifty 500 reconstitution event,ind_prs23022026.pdf
PEVT_00954,MAHSCOOTER,DELETION,CONSUMED_IN_ENGINE,Valid parent broad-market Nifty 500 reconstitution event,ind_prs23022026.pdf
PEVT_00955,MAHSEAMLES,DELETION,CONSUMED_IN_ENGINE,Valid parent broad-market Nifty 500 reconstitution event,ind_prs23022026.pdf
PEVT_00956,METROPOLIS,DELETION,CONSUMED_IN_ENGINE,Valid parent broad-market Nifty 500 reconstitution event,ind_prs23022026.pdf
PEVT_00957,PRAJIND,DELETION,CONSUMED_IN_ENGINE,Valid parent broad-market Nifty 500 reconstitution event,ind_prs23022026.pdf
PEVT_00958,PGHH,DELETION,CONSUMED_IN_ENGINE,Valid parent broad-market Nifty 500 reconstitution event,ind_prs23022026.pdf
PEVT_00959,RCF,DELETION,CONSUMED_IN_ENGINE,Valid parent broad-market Nifty 500 reconstitution event,ind_prs23022026.pdf
PEVT_00960,RELINFRA,DELETION,CONSUMED_IN_ENGINE,Valid parent broad-market Nifty 500 reconstitution event,ind_prs23022026.pdf
PEVT_00961,SUNDRMFAST,DELETION,CONSUMED_IN_ENGINE,Valid parent broad-market Nifty 500 reconstitution event,ind_prs23022026.pdf
PEVT_00962,TRIVENI,DELETION,CONSUMED_IN_ENGINE,Valid parent broad-market Nifty 500 reconstitution event,ind_prs23022026.pdf
PEVT_00963,DBREALTY,DELETION,CONSUMED_IN_ENGINE,Valid parent broad-market Nifty 500 reconstitution event,ind_prs23022026.pdf
PEVT_00964,MANYAVAR,DELETION,CONSUMED_IN_ENGINE,Valid parent broad-market Nifty 500 reconstitution event,ind_prs23022026.pdf
PEVT_00965,VENTIVE,DELETION,CONSUMED_IN_ENGINE,Valid parent broad-market Nifty 500 reconstitution event,ind_prs23022026.pdf
PEVT_00966,VGUARD,DELETION,CONSUMED_IN_ENGINE,Valid parent broad-market Nifty 500 reconstitution event,ind_prs23022026.pdf
PEVT_00967,ACUTAAS,ADDITION,CONSUMED_IN_ENGINE,Valid parent broad-market Nifty 500 reconstitution event,ind_prs23022026.pdf
PEVT_00968,CPPLUS,ADDITION,CONSUMED_IN_ENGINE,Valid parent broad-market Nifty 500 reconstitution event,ind_prs23022026.pdf
PEVT_00969,ABDL,ADDITION,CONSUMED_IN_ENGINE,Valid parent broad-market Nifty 500 reconstitution event,ind_prs23022026.pdf
PEVT_00970,ANTHEM,ADDITION,CONSUMED_IN_ENGINE,Valid parent broad-market Nifty 500 reconstitution event,ind_prs23022026.pdf
PEVT_00971,ANURAS,ADDITION,CONSUMED_IN_ENGINE,Valid parent broad-market Nifty 500 reconstitution event,ind_prs23022026.pdf
PEVT_00972,BELRISE,ADDITION,CONSUMED_IN_ENGINE,Valid parent broad-market Nifty 500 reconstitution event,ind_prs23022026.pdf
PEVT_00973,GROWW,ADDITION,CONSUMED_IN_ENGINE,Valid parent broad-market Nifty 500 reconstitution event,ind_prs23022026.pdf
PEVT_00974,CANHLIFE,ADDITION,CONSUMED_IN_ENGINE,Valid parent broad-market Nifty 500 reconstitution event,ind_prs23022026.pdf
PEVT_00975,CARTRADE,ADDITION,CONSUMED_IN_ENGINE,Valid parent broad-market Nifty 500 reconstitution event,ind_prs23022026.pdf
PEVT_00976,CEMPRO,ADDITION,CONSUMED_IN_ENGINE,Valid parent broad-market Nifty 500 reconstitution event,ind_prs23022026.pdf
PEVT_00977,EMMVEE,ADDITION,CONSUMED_IN_ENGINE,Valid parent broad-market Nifty 500 reconstitution event,ind_prs23022026.pdf
PEVT_00978,GABRIEL,ADDITION,CONSUMED_IN_ENGINE,Valid parent broad-market Nifty 500 reconstitution event,ind_prs23022026.pdf
PEVT_00979,GALLANTT,ADDITION,CONSUMED_IN_ENGINE,Valid parent broad-market Nifty 500 reconstitution event,ind_prs23022026.pdf
PEVT_00980,HDBFS,ADDITION,CONSUMED_IN_ENGINE,Valid parent broad-market Nifty 500 reconstitution event,ind_prs23022026.pdf
PEVT_00981,ICICIAMC,ADDITION,CONSUMED_IN_ENGINE,Valid parent broad-market Nifty 500 reconstitution event,ind_prs23022026.pdf
PEVT_00982,JAINREC,ADDITION,CONSUMED_IN_ENGINE,Valid parent broad-market Nifty 500 reconstitution event,ind_prs23022026.pdf
PEVT_00983,LENSKART,ADDITION,CONSUMED_IN_ENGINE,Valid parent broad-market Nifty 500 reconstitution event,ind_prs23022026.pdf
PEVT_00984,LGEINDIA,ADDITION,CONSUMED_IN_ENGINE,Valid parent broad-market Nifty 500 reconstitution event,ind_prs23022026.pdf
PEVT_00985,MEESHO,ADDITION,CONSUMED_IN_ENGINE,Valid parent broad-market Nifty 500 reconstitution event,ind_prs23022026.pdf
PEVT_00986,PARADEEP,ADDITION,CONSUMED_IN_ENGINE,Valid parent broad-market Nifty 500 reconstitution event,ind_prs23022026.pdf
PEVT_00987,PWL,ADDITION,CONSUMED_IN_ENGINE,Valid parent broad-market Nifty 500 reconstitution event,ind_prs23022026.pdf
PEVT_00988,PINELABS,ADDITION,CONSUMED_IN_ENGINE,Valid parent broad-market Nifty 500 reconstitution event,ind_prs23022026.pdf
PEVT_00989,PIRAMALFIN,ADDITION,CONSUMED_IN_ENGINE,Valid parent broad-market Nifty 500 reconstitution event,ind_prs23022026.pdf
PEVT_00990,SPLPETRO,ADDITION,CONSUMED_IN_ENGINE,Valid parent broad-market Nifty 500 reconstitution event,ind_prs23022026.pdf
PEVT_00991,TATACAP,ADDITION,CONSUMED_IN_ENGINE,Valid parent broad-market Nifty 500 reconstitution event,ind_prs23022026.pdf
PEVT_00992,TMCV,ADDITION,CONSUMED_IN_ENGINE,Valid parent broad-market Nifty 500 reconstitution event,ind_prs23022026.pdf
PEVT_00993,TEGA,ADDITION,CONSUMED_IN_ENGINE,Valid parent broad-market Nifty 500 reconstitution event,ind_prs23022026.pdf
PEVT_00994,TENNIND,ADDITION,CONSUMED_IN_ENGINE,Valid parent broad-market Nifty 500 reconstitution event,ind_prs23022026.pdf
PEVT_00995,TRAVELFOOD,ADDITION,CONSUMED_IN_ENGINE,Valid parent broad-market Nifty 500 reconstitution event,ind_prs23022026.pdf
PEVT_00996,URBANCO,ADDITION,CONSUMED_IN_ENGINE,Valid parent broad-market Nifty 500 reconstitution event,ind_prs23022026.pdf
PEVT_00997,ZYDUSWELL,ADDITION,CONSUMED_IN_ENGINE,Valid parent broad-market Nifty 500 reconstitution event,ind_prs23022026.pdf
PEVT_00998,GAYAPROJ,DELETION,CONSUMED_IN_ENGINE,Valid parent broad-market Nifty 500 reconstitution event,ind_prs23032020.pdf
PEVT_00999,FLUOROCHEM,DELETION,CONSUMED_IN_ENGINE,Valid parent broad-market Nifty 500 reconstitution event,ind_prs23032020.pdf
PEVT_01000,AARTIDRUGS,DELETION,CONSUMED_IN_ENGINE,Valid parent broad-market Nifty 500 reconstitution event,ind_prs23082022.pdf
PEVT_01001,CROMPTON,DELETION,CONSUMED_IN_ENGINE,Valid parent broad-market Nifty 500 reconstitution event,ind_prs23082022.pdf
PEVT_01002,GODREJAGRO,DELETION,CONSUMED_IN_ENGINE,Valid parent broad-market Nifty 500 reconstitution event,ind_prs23082022.pdf
PEVT_01003,ROUTE,DELETION,CONSUMED_IN_ENGINE,Valid parent broad-market Nifty 500 reconstitution event,ind_prs23082022.pdf
PEVT_01004,SUDARSCHEM,DELETION,CONSUMED_IN_ENGINE,Valid parent broad-market Nifty 500 reconstitution event,ind_prs23082022.pdf
PEVT_01005,WELCORP,DELETION,CONSUMED_IN_ENGINE,Valid parent broad-market Nifty 500 reconstitution event,ind_prs23082022.pdf
PEVT_01006,BORORENEW,ADDITION,CONSUMED_IN_ENGINE,Valid parent broad-market Nifty 500 reconstitution event,ind_prs23082022.pdf
PEVT_01007,CLEAN,ADDITION,CONSUMED_IN_ENGINE,Valid parent broad-market Nifty 500 reconstitution event,ind_prs23082022.pdf
PEVT_01008,GPPL,ADDITION,CONSUMED_IN_ENGINE,Valid parent broad-market Nifty 500 reconstitution event,ind_prs23082022.pdf
PEVT_01009,NUVOCO,ADDITION,CONSUMED_IN_ENGINE,Valid parent broad-market Nifty 500 reconstitution event,ind_prs23082022.pdf
PEVT_01010,SHREECEM,ADDITION,CONSUMED_IN_ENGINE,Valid parent broad-market Nifty 500 reconstitution event,ind_prs23082022.pdf
PEVT_01011,SOBHA,ADDITION,CONSUMED_IN_ENGINE,Valid parent broad-market Nifty 500 reconstitution event,ind_prs23082022.pdf
PEVT_01012,VIPIND,ADDITION,CONSUMED_IN_ENGINE,Valid parent broad-market Nifty 500 reconstitution event,ind_prs23082022.pdf
PEVT_01013,ZENSARTECH,ADDITION,CONSUMED_IN_ENGINE,Valid parent broad-market Nifty 500 reconstitution event,ind_prs23082022.pdf
PEVT_01014,ZFCVINDIA,ADDITION,CONSUMED_IN_ENGINE,Valid parent broad-market Nifty 500 reconstitution event,ind_prs23082022.pdf
PEVT_01015,ZYDUSLIFE,ADDITION,CONSUMED_IN_ENGINE,Valid parent broad-market Nifty 500 reconstitution event,ind_prs23082022.pdf
PEVT_01016,GPPL,DELETION,CONSUMED_IN_ENGINE,Valid parent broad-market Nifty 500 reconstitution event,ind_prs23082023.pdf
PEVT_01017,MAHLIFE,DELETION,CONSUMED_IN_ENGINE,Valid parent broad-market Nifty 500 reconstitution event,ind_prs23082023.pdf
PEVT_01018,MAHLOG,DELETION,CONSUMED_IN_ENGINE,Valid parent broad-market Nifty 500 reconstitution event,ind_prs23082023.pdf
PEVT_01019,PFIZER,DELETION,CONSUMED_IN_ENGINE,Valid parent broad-market Nifty 500 reconstitution event,ind_prs23082023.pdf
PEVT_01020,ZENSARTECH,DELETION,CONSUMED_IN_ENGINE,Valid parent broad-market Nifty 500 reconstitution event,ind_prs23082023.pdf
PEVT_01021,ZYDUSLIFE,DELETION,CONSUMED_IN_ENGINE,Valid parent broad-market Nifty 500 reconstitution event,ind_prs23082023.pdf
PEVT_01022,AEGISCHEM,ADDITION,CONSUMED_IN_ENGINE,Valid parent broad-market Nifty 500 reconstitution event,ind_prs23082023.pdf
PEVT_01023,ACI,ADDITION,CONSUMED_IN_ENGINE,Valid parent broad-market Nifty 500 reconstitution event,ind_prs23082023.pdf
PEVT_01024,BIOCON,ADDITION,CONSUMED_IN_ENGINE,Valid parent broad-market Nifty 500 reconstitution event,ind_prs23082023.pdf
PEVT_01025,METROPOLIS,ADDITION,CONSUMED_IN_ENGINE,Valid parent broad-market Nifty 500 reconstitution event,ind_prs23082023.pdf
PEVT_01026,THERMAX,ADDITION,CONSUMED_IN_ENGINE,Valid parent broad-market Nifty 500 reconstitution event,ind_prs23082023.pdf
PEVT_01027,AETHER,DELETION,CONSUMED_IN_ENGINE,Valid parent broad-market Nifty 500 reconstitution event,ind_prs23082024.pdf
PEVT_01028,ALLCARGO,DELETION,CONSUMED_IN_ENGINE,Valid parent broad-market Nifty 500 reconstitution event,ind_prs23082024.pdf
PEVT_01029,ANURAS,DELETION,CONSUMED_IN_ENGINE,Valid parent broad-market Nifty 500 reconstitution event,ind_prs23082024.pdf
PEVT_01030,BORORENEW,DELETION,CONSUMED_IN_ENGINE,Valid parent broad-market Nifty 500 reconstitution event,ind_prs23082024.pdf
PEVT_01031,CSBBANK,DELETION,CONSUMED_IN_ENGINE,Valid parent broad-market Nifty 500 reconstitution event,ind_prs23082024.pdf
PEVT_01032,DCMSHRIRAM,DELETION,CONSUMED_IN_ENGINE,Valid parent broad-market Nifty 500 reconstitution event,ind_prs23082024.pdf
PEVT_01033,EPL,DELETION,CONSUMED_IN_ENGINE,Valid parent broad-market Nifty 500 reconstitution event,ind_prs23082024.pdf
PEVT_01034,FDC,DELETION,CONSUMED_IN_ENGINE,Valid parent broad-market Nifty 500 reconstitution event,ind_prs23082024.pdf
PEVT_01035,GLS,DELETION,CONSUMED_IN_ENGINE,Valid parent broad-market Nifty 500 reconstitution event,ind_prs23082024.pdf
PEVT_01036,GMMPFAUDLR,DELETION,CONSUMED_IN_ENGINE,Valid parent broad-market Nifty 500 reconstitution event,ind_prs23082024.pdf
PEVT_01037,HAPPYFORGE,DELETION,CONSUMED_IN_ENGINE,Valid parent broad-market Nifty 500 reconstitution event,ind_prs23082024.pdf
PEVT_01038,INDIGOPNTS,DELETION,CONSUMED_IN_ENGINE,Valid parent broad-market Nifty 500 reconstitution event,ind_prs23082024.pdf
PEVT_01039,JAIBALAJI,DELETION,CONSUMED_IN_ENGINE,Valid parent broad-market Nifty 500 reconstitution event,ind_prs23082024.pdf
PEVT_01040,JKPAPER,DELETION,CONSUMED_IN_ENGINE,Valid parent broad-market Nifty 500 reconstitution event,ind_prs23082024.pdf
PEVT_01041,KRBL,DELETION,CONSUMED_IN_ENGINE,Valid parent broad-market Nifty 500 reconstitution event,ind_prs23082024.pdf
PEVT_01042,LXCHEM,DELETION,CONSUMED_IN_ENGINE,Valid parent broad-market Nifty 500 reconstitution event,ind_prs23082024.pdf
PEVT_01043,MHRIL,DELETION,CONSUMED_IN_ENGINE,Valid parent broad-market Nifty 500 reconstitution event,ind_prs23082024.pdf
PEVT_01044,MEDPLUS,DELETION,CONSUMED_IN_ENGINE,Valid parent broad-market Nifty 500 reconstitution event,ind_prs23082024.pdf
PEVT_01045,MTARTECH,DELETION,CONSUMED_IN_ENGINE,Valid parent broad-market Nifty 500 reconstitution event,ind_prs23082024.pdf
PEVT_01046,PRINCEPIPE,DELETION,CONSUMED_IN_ENGINE,Valid parent broad-market Nifty 500 reconstitution event,ind_prs23082024.pdf
PEVT_01047,RBA,DELETION,CONSUMED_IN_ENGINE,Valid parent broad-market Nifty 500 reconstitution event,ind_prs23082024.pdf
PEVT_01048,SAFARI,DELETION,CONSUMED_IN_ENGINE,Valid parent broad-market Nifty 500 reconstitution event,ind_prs23082024.pdf
PEVT_01049,STLTECH,DELETION,CONSUMED_IN_ENGINE,Valid parent broad-market Nifty 500 reconstitution event,ind_prs23082024.pdf
PEVT_01050,SUNTECK,DELETION,CONSUMED_IN_ENGINE,Valid parent broad-market Nifty 500 reconstitution event,ind_prs23082024.pdf
PEVT_01051,TMB,DELETION,CONSUMED_IN_ENGINE,Valid parent broad-market Nifty 500 reconstitution event,ind_prs23082024.pdf
PEVT_01052,VAIBHAVGBL,DELETION,CONSUMED_IN_ENGINE,Valid parent broad-market Nifty 500 reconstitution event,ind_prs23082024.pdf
PEVT_01053,IDEA,DELETION,CONSUMED_IN_ENGINE,Valid parent broad-market Nifty 500 reconstitution event,ind_prs23082024.pdf
PEVT_01054,AADHARHFC,ADDITION,CONSUMED_IN_ENGINE,Valid parent broad-market Nifty 500 reconstitution event,ind_prs23082024.pdf
PEVT_01055,ABSLAMC,ADDITION,CONSUMED_IN_ENGINE,Valid parent broad-market Nifty 500 reconstitution event,ind_prs23082024.pdf
PEVT_01056,ANANTRAJ,ADDITION,CONSUMED_IN_ENGINE,Valid parent broad-market Nifty 500 reconstitution event,ind_prs23082024.pdf
PEVT_01057,BASF,ADDITION,CONSUMED_IN_ENGINE,Valid parent broad-market Nifty 500 reconstitution event,ind_prs23082024.pdf
PEVT_01058,BHARTIHEXA,ADDITION,CONSUMED_IN_ENGINE,Valid parent broad-market Nifty 500 reconstitution event,ind_prs23082024.pdf
PEVT_01059,GRINFRA,ADDITION,CONSUMED_IN_ENGINE,Valid parent broad-market Nifty 500 reconstitution event,ind_prs23082024.pdf
PEVT_01060,GET&D,ADDITION,CONSUMED_IN_ENGINE,Valid parent broad-market Nifty 500 reconstitution event,ind_prs23082024.pdf
PEVT_01061,GODIGIT,ADDITION,CONSUMED_IN_ENGINE,Valid parent broad-market Nifty 500 reconstitution event,ind_prs23082024.pdf
PEVT_01062,GODREJAGRO,ADDITION,CONSUMED_IN_ENGINE,Valid parent broad-market Nifty 500 reconstitution event,ind_prs23082024.pdf
PEVT_01063,IFCI,ADDITION,CONSUMED_IN_ENGINE,Valid parent broad-market Nifty 500 reconstitution event,ind_prs23082024.pdf
PEVT_01064,INDGN,ADDITION,CONSUMED_IN_ENGINE,Valid parent broad-market Nifty 500 reconstitution event,ind_prs23082024.pdf
PEVT_01065,IREDA,ADDITION,CONSUMED_IN_ENGINE,Valid parent broad-market Nifty 500 reconstitution event,ind_prs23082024.pdf
PEVT_01066,INOXINDIA,ADDITION,CONSUMED_IN_ENGINE,Valid parent broad-market Nifty 500 reconstitution event,ind_prs23082024.pdf
PEVT_01067,JPPOWER,ADDITION,CONSUMED_IN_ENGINE,Valid parent broad-market Nifty 500 reconstitution event,ind_prs23082024.pdf
PEVT_01068,JKTYRE,ADDITION,CONSUMED_IN_ENGINE,Valid parent broad-market Nifty 500 reconstitution event,ind_prs23082024.pdf
PEVT_01069,JYOTICNC,ADDITION,CONSUMED_IN_ENGINE,Valid parent broad-market Nifty 500 reconstitution event,ind_prs23082024.pdf
PEVT_01070,KIRLOSBROS,ADDITION,CONSUMED_IN_ENGINE,Valid parent broad-market Nifty 500 reconstitution event,ind_prs23082024.pdf
PEVT_01071,KIRLOSENG,ADDITION,CONSUMED_IN_ENGINE,Valid parent broad-market Nifty 500 reconstitution event,ind_prs23082024.pdf
PEVT_01072,NETWEB,ADDITION,CONSUMED_IN_ENGINE,Valid parent broad-market Nifty 500 reconstitution event,ind_prs23082024.pdf
PEVT_01073,NEWGEN,ADDITION,CONSUMED_IN_ENGINE,Valid parent broad-market Nifty 500 reconstitution event,ind_prs23082024.pdf
PEVT_01074,PFIZER,ADDITION,CONSUMED_IN_ENGINE,Valid parent broad-market Nifty 500 reconstitution event,ind_prs23082024.pdf
PEVT_01075,PTCIL,ADDITION,CONSUMED_IN_ENGINE,Valid parent broad-market Nifty 500 reconstitution event,ind_prs23082024.pdf
PEVT_01076,SCI,ADDITION,CONSUMED_IN_ENGINE,Valid parent broad-market Nifty 500 reconstitution event,ind_prs23082024.pdf
PEVT_01077,TBOTEK,ADDITION,CONSUMED_IN_ENGINE,Valid parent broad-market Nifty 500 reconstitution event,ind_prs23082024.pdf
PEVT_01078,TECHNOE,ADDITION,CONSUMED_IN_ENGINE,Valid parent broad-market Nifty 500 reconstitution event,ind_prs23082024.pdf
PEVT_01079,DBREALTY,ADDITION,CONSUMED_IN_ENGINE,Valid parent broad-market Nifty 500 reconstitution event,ind_prs23082024.pdf
PEVT_01080,VINATIORGA,ADDITION,CONSUMED_IN_ENGINE,Valid parent broad-market Nifty 500 reconstitution event,ind_prs23082024.pdf
PEVT_01081,AETHER,DELETION,CONSUMED_IN_ENGINE,Valid parent broad-market Nifty 500 reconstitution event,ind_prs23092024.pdf
PEVT_01082,ALLCARGO,DELETION,CONSUMED_IN_ENGINE,Valid parent broad-market Nifty 500 reconstitution event,ind_prs23092024.pdf
PEVT_01083,ANURAS,DELETION,CONSUMED_IN_ENGINE,Valid parent broad-market Nifty 500 reconstitution event,ind_prs23092024.pdf
PEVT_01084,BEL,DELETION,CONSUMED_IN_ENGINE,Valid parent broad-market Nifty 500 reconstitution event,ind_prs23092024.pdf
PEVT_01085,CLEAN,DELETION,CONSUMED_IN_ENGINE,Valid parent broad-market Nifty 500 reconstitution event,ind_prs23092024.pdf
PEVT_01086,ENGINERSIN,DELETION,CONSUMED_IN_ENGINE,Valid parent broad-market Nifty 500 reconstitution event,ind_prs23092024.pdf
PEVT_01087,EPL,DELETION,CONSUMED_IN_ENGINE,Valid parent broad-market Nifty 500 reconstitution event,ind_prs23092024.pdf
PEVT_01088,FDC,DELETION,CONSUMED_IN_ENGINE,Valid parent broad-market Nifty 500 reconstitution event,ind_prs23092024.pdf
PEVT_01089,GLS,DELETION,CONSUMED_IN_ENGINE,Valid parent broad-market Nifty 500 reconstitution event,ind_prs23092024.pdf
PEVT_01090,GMMPFAUDLR,DELETION,CONSUMED_IN_ENGINE,Valid parent broad-market Nifty 500 reconstitution event,ind_prs23092024.pdf
PEVT_01091,HAPPYFORGE,DELETION,CONSUMED_IN_ENGINE,Valid parent broad-market Nifty 500 reconstitution event,ind_prs23092024.pdf
PEVT_01092,INDIGOPNTS,DELETION,CONSUMED_IN_ENGINE,Valid parent broad-market Nifty 500 reconstitution event,ind_prs23092024.pdf
PEVT_01093,INDUSTOWER,DELETION,CONSUMED_IN_ENGINE,Valid parent broad-market Nifty 500 reconstitution event,ind_prs23092024.pdf
PEVT_01094,JAIBALAJI,DELETION,CONSUMED_IN_ENGINE,Valid parent broad-market Nifty 500 reconstitution event,ind_prs23092024.pdf
PEVT_01095,KAYNES,DELETION,CONSUMED_IN_ENGINE,Valid parent broad-market Nifty 500 reconstitution event,ind_prs23092024.pdf
PEVT_01096,KFINTECH,DELETION,CONSUMED_IN_ENGINE,Valid parent broad-market Nifty 500 reconstitution event,ind_prs23092024.pdf
PEVT_01097,KRBL,DELETION,CONSUMED_IN_ENGINE,Valid parent broad-market Nifty 500 reconstitution event,ind_prs23092024.pdf
PEVT_01098,KIMS,DELETION,CONSUMED_IN_ENGINE,Valid parent broad-market Nifty 500 reconstitution event,ind_prs23092024.pdf
PEVT_01099,LXCHEM,DELETION,CONSUMED_IN_ENGINE,Valid parent broad-market Nifty 500 reconstitution event,ind_prs23092024.pdf
PEVT_01100,MEDPLUS,DELETION,CONSUMED_IN_ENGINE,Valid parent broad-market Nifty 500 reconstitution event,ind_prs23092024.pdf
PEVT_01101,PCBL,DELETION,CONSUMED_IN_ENGINE,Valid parent broad-market Nifty 500 reconstitution event,ind_prs23092024.pdf
PEVT_01102,PRINCEPIPE,DELETION,CONSUMED_IN_ENGINE,Valid parent broad-market Nifty 500 reconstitution event,ind_prs23092024.pdf
PEVT_01103,RITES,DELETION,CONSUMED_IN_ENGINE,Valid parent broad-market Nifty 500 reconstitution event,ind_prs23092024.pdf
PEVT_01104,SAFARI,DELETION,CONSUMED_IN_ENGINE,Valid parent broad-market Nifty 500 reconstitution event,ind_prs23092024.pdf
PEVT_01105,VAIBHAVGBL,DELETION,CONSUMED_IN_ENGINE,Valid parent broad-market Nifty 500 reconstitution event,ind_prs23092024.pdf
PEVT_01106,MANYAVAR,DELETION,CONSUMED_IN_ENGINE,Valid parent broad-market Nifty 500 reconstitution event,ind_prs23092024.pdf
PEVT_01107,ZENSARTECH,DELETION,CONSUMED_IN_ENGINE,Valid parent broad-market Nifty 500 reconstitution event,ind_prs23092024.pdf
PEVT_01108,ANANTRAJ,ADDITION,CONSUMED_IN_ENGINE,Valid parent broad-market Nifty 500 reconstitution event,ind_prs23092024.pdf
PEVT_01109,BASF,ADDITION,CONSUMED_IN_ENGINE,Valid parent broad-market Nifty 500 reconstitution event,ind_prs23092024.pdf
PEVT_01110,BPCL,ADDITION,CONSUMED_IN_ENGINE,Valid parent broad-market Nifty 500 reconstitution event,ind_prs23092024.pdf
PEVT_01111,BBTC,ADDITION,CONSUMED_IN_ENGINE,Valid parent broad-market Nifty 500 reconstitution event,ind_prs23092024.pdf
PEVT_01112,GET&D,ADDITION,CONSUMED_IN_ENGINE,Valid parent broad-market Nifty 500 reconstitution event,ind_prs23092024.pdf
PEVT_01113,IOC,ADDITION,CONSUMED_IN_ENGINE,Valid parent broad-market Nifty 500 reconstitution event,ind_prs23092024.pdf
PEVT_01114,INOXINDIA,ADDITION,CONSUMED_IN_ENGINE,Valid parent broad-market Nifty 500 reconstitution event,ind_prs23092024.pdf
PEVT_01115,KIRLOSBROS,ADDITION,CONSUMED_IN_ENGINE,Valid parent broad-market Nifty 500 reconstitution event,ind_prs23092024.pdf
PEVT_01116,NETWEB,ADDITION,CONSUMED_IN_ENGINE,Valid parent broad-market Nifty 500 reconstitution event,ind_prs23092024.pdf
PEVT_01117,RKFORGE,ADDITION,CONSUMED_IN_ENGINE,Valid parent broad-market Nifty 500 reconstitution event,ind_prs23092024.pdf
PEVT_01118,SCI,ADDITION,CONSUMED_IN_ENGINE,Valid parent broad-market Nifty 500 reconstitution event,ind_prs23092024.pdf
PEVT_01119,SWSOLAR,ADDITION,CONSUMED_IN_ENGINE,Valid parent broad-market Nifty 500 reconstitution event,ind_prs23092024.pdf
PEVT_01120,SUZLON,ADDITION,CONSUMED_IN_ENGINE,Valid parent broad-market Nifty 500 reconstitution event,ind_prs23092024.pdf
PEVT_01121,VINATIORGA,ADDITION,CONSUMED_IN_ENGINE,Valid parent broad-market Nifty 500 reconstitution event,ind_prs23092024.pdf
PEVT_01122,CUMMINSIND,DELETION,CONSUMED_IN_ENGINE,Valid parent broad-market Nifty 500 reconstitution event,ind_prs23092024.pdf
PEVT_01123,ALEMBICLTD,DELETION,CONSUMED_IN_ENGINE,Valid parent broad-market Nifty 500 reconstitution event,ind_prs24022022_1.pdf
PEVT_01124,ASHOKA,DELETION,CONSUMED_IN_ENGINE,Valid parent broad-market Nifty 500 reconstitution event,ind_prs24022022_1.pdf
PEVT_01125,BAJAJCON,DELETION,CONSUMED_IN_ENGINE,Valid parent broad-market Nifty 500 reconstitution event,ind_prs24022022_1.pdf
PEVT_01126,BHARATRAS,DELETION,CONSUMED_IN_ENGINE,Valid parent broad-market Nifty 500 reconstitution event,ind_prs24022022_1.pdf
PEVT_01127,CGCL,DELETION,CONSUMED_IN_ENGINE,Valid parent broad-market Nifty 500 reconstitution event,ind_prs24022022_1.pdf
PEVT_01128,DCBBANK,DELETION,CONSUMED_IN_ENGINE,Valid parent broad-market Nifty 500 reconstitution event,ind_prs24022022_1.pdf
PEVT_01129,DHANUKA,DELETION,CONSUMED_IN_ENGINE,Valid parent broad-market Nifty 500 reconstitution event,ind_prs24022022_1.pdf
PEVT_01130,FRETAIL,DELETION,CONSUMED_IN_ENGINE,Valid parent broad-market Nifty 500 reconstitution event,ind_prs24022022_1.pdf
PEVT_01131,GILLETTE,DELETION,CONSUMED_IN_ENGINE,Valid parent broad-market Nifty 500 reconstitution event,ind_prs24022022_1.pdf
PEVT_01132,GREAVESCOT,DELETION,CONSUMED_IN_ENGINE,Valid parent broad-market Nifty 500 reconstitution event,ind_prs24022022_1.pdf
PEVT_01133,HEIDELBERG,DELETION,CONSUMED_IN_ENGINE,Valid parent broad-market Nifty 500 reconstitution event,ind_prs24022022_1.pdf
PEVT_01134,INGERRAND,DELETION,CONSUMED_IN_ENGINE,Valid parent broad-market Nifty 500 reconstitution event,ind_prs24022022_1.pdf
PEVT_01135,IOLCP,DELETION,CONSUMED_IN_ENGINE,Valid parent broad-market Nifty 500 reconstitution event,ind_prs24022022_1.pdf
PEVT_01136,JINDALSAW,DELETION,CONSUMED_IN_ENGINE,Valid parent broad-market Nifty 500 reconstitution event,ind_prs24022022_1.pdf
PEVT_01137,JKTYRE,DELETION,CONSUMED_IN_ENGINE,Valid parent broad-market Nifty 500 reconstitution event,ind_prs24022022_1.pdf
PEVT_01138,JCHAC,DELETION,CONSUMED_IN_ENGINE,Valid parent broad-market Nifty 500 reconstitution event,ind_prs24022022_1.pdf
PEVT_01139,KSCL,DELETION,CONSUMED_IN_ENGINE,Valid parent broad-market Nifty 500 reconstitution event,ind_prs24022022_1.pdf
PEVT_01140,KSB,DELETION,CONSUMED_IN_ENGINE,Valid parent broad-market Nifty 500 reconstitution event,ind_prs24022022_1.pdf
PEVT_01141,LAOPALA,DELETION,CONSUMED_IN_ENGINE,Valid parent broad-market Nifty 500 reconstitution event,ind_prs24022022_1.pdf
PEVT_01142,LEMONTREE,DELETION,CONSUMED_IN_ENGINE,Valid parent broad-market Nifty 500 reconstitution event,ind_prs24022022_1.pdf
PEVT_01143,MINDACORP,DELETION,CONSUMED_IN_ENGINE,Valid parent broad-market Nifty 500 reconstitution event,ind_prs24022022_1.pdf
PEVT_01144,MIDHANI,DELETION,CONSUMED_IN_ENGINE,Valid parent broad-market Nifty 500 reconstitution event,ind_prs24022022_1.pdf
PEVT_01145,NFL,DELETION,CONSUMED_IN_ENGINE,Valid parent broad-market Nifty 500 reconstitution event,ind_prs24022022_1.pdf
PEVT_01146,NILKAMAL,DELETION,CONSUMED_IN_ENGINE,Valid parent broad-market Nifty 500 reconstitution event,ind_prs24022022_1.pdf
PEVT_01147,SCHNEIDER,DELETION,CONSUMED_IN_ENGINE,Valid parent broad-market Nifty 500 reconstitution event,ind_prs24022022_1.pdf
PEVT_01148,SHARDACROP,DELETION,CONSUMED_IN_ENGINE,Valid parent broad-market Nifty 500 reconstitution event,ind_prs24022022_1.pdf
PEVT_01149,SPANDANA,DELETION,CONSUMED_IN_ENGINE,Valid parent broad-market Nifty 500 reconstitution event,ind_prs24022022_1.pdf
PEVT_01150,STARCEMENT,DELETION,CONSUMED_IN_ENGINE,Valid parent broad-market Nifty 500 reconstitution event,ind_prs24022022_1.pdf
PEVT_01151,TASTYBITE,DELETION,CONSUMED_IN_ENGINE,Valid parent broad-market Nifty 500 reconstitution event,ind_prs24022022_1.pdf
PEVT_01152,UJJIVAN,DELETION,CONSUMED_IN_ENGINE,Valid parent broad-market Nifty 500 reconstitution event,ind_prs24022022_1.pdf
PEVT_01153,UJJIVANSFB,DELETION,CONSUMED_IN_ENGINE,Valid parent broad-market Nifty 500 reconstitution event,ind_prs24022022_1.pdf
PEVT_01154,VALIANTORG,DELETION,CONSUMED_IN_ENGINE,Valid parent broad-market Nifty 500 reconstitution event,ind_prs24022022_1.pdf
PEVT_01155,ABSLAMC,ADDITION,CONSUMED_IN_ENGINE,Valid parent broad-market Nifty 500 reconstitution event,ind_prs24022022_1.pdf
PEVT_01156,ALLCARGO,ADDITION,CONSUMED_IN_ENGINE,Valid parent broad-market Nifty 500 reconstitution event,ind_prs24022022_1.pdf
PEVT_01157,APTUS,ADDITION,CONSUMED_IN_ENGINE,Valid parent broad-market Nifty 500 reconstitution event,ind_prs24022022_1.pdf
PEVT_01158,BORORENEW,ADDITION,CONSUMED_IN_ENGINE,Valid parent broad-market Nifty 500 reconstitution event,ind_prs24022022_1.pdf
PEVT_01159,BCG,ADDITION,CONSUMED_IN_ENGINE,Valid parent broad-market Nifty 500 reconstitution event,ind_prs24022022_1.pdf
PEVT_01160,MAPMYINDIA,ADDITION,CONSUMED_IN_ENGINE,Valid parent broad-market Nifty 500 reconstitution event,ind_prs24022022_1.pdf
PEVT_01161,CHEMPLASTS,ADDITION,CONSUMED_IN_ENGINE,Valid parent broad-market Nifty 500 reconstitution event,ind_prs24022022_1.pdf
PEVT_01162,CLEAN,ADDITION,CONSUMED_IN_ENGINE,Valid parent broad-market Nifty 500 reconstitution event,ind_prs24022022_1.pdf
PEVT_01163,DEVYANI,ADDITION,CONSUMED_IN_ENGINE,Valid parent broad-market Nifty 500 reconstitution event,ind_prs24022022_1.pdf
PEVT_01164,EASEMYTRIP,ADDITION,CONSUMED_IN_ENGINE,Valid parent broad-market Nifty 500 reconstitution event,ind_prs24022022_1.pdf
PEVT_01165,NYKAA,ADDITION,CONSUMED_IN_ENGINE,Valid parent broad-market Nifty 500 reconstitution event,ind_prs24022022_1.pdf
PEVT_01166,GRINFRA,ADDITION,CONSUMED_IN_ENGINE,Valid parent broad-market Nifty 500 reconstitution event,ind_prs24022022_1.pdf
PEVT_01167,GLS,ADDITION,CONSUMED_IN_ENGINE,Valid parent broad-market Nifty 500 reconstitution event,ind_prs24022022_1.pdf
PEVT_01168,GOCOLORS,ADDITION,CONSUMED_IN_ENGINE,Valid parent broad-market Nifty 500 reconstitution event,ind_prs24022022_1.pdf
PEVT_01169,HLEGLAS,ADDITION,CONSUMED_IN_ENGINE,Valid parent broad-market Nifty 500 reconstitution event,ind_prs24022022_1.pdf
PEVT_01170,KIMS,ADDITION,CONSUMED_IN_ENGINE,Valid parent broad-market Nifty 500 reconstitution event,ind_prs24022022_1.pdf
PEVT_01171,LATENTVIEW,ADDITION,CONSUMED_IN_ENGINE,Valid parent broad-market Nifty 500 reconstitution event,ind_prs24022022_1.pdf
PEVT_01172,MEDPLUS,ADDITION,CONSUMED_IN_ENGINE,Valid parent broad-market Nifty 500 reconstitution event,ind_prs24022022_1.pdf
PEVT_01173,METROBRAND,ADDITION,CONSUMED_IN_ENGINE,Valid parent broad-market Nifty 500 reconstitution event,ind_prs24022022_1.pdf
PEVT_01174,NUVOCO,ADDITION,CONSUMED_IN_ENGINE,Valid parent broad-market Nifty 500 reconstitution event,ind_prs24022022_1.pdf
PEVT_01175,PAYTM,ADDITION,CONSUMED_IN_ENGINE,Valid parent broad-market Nifty 500 reconstitution event,ind_prs24022022_1.pdf
PEVT_01176,POLICYBZR,ADDITION,CONSUMED_IN_ENGINE,Valid parent broad-market Nifty 500 reconstitution event,ind_prs24022022_1.pdf
PEVT_01177,PRIVISCL,ADDITION,CONSUMED_IN_ENGINE,Valid parent broad-market Nifty 500 reconstitution event,ind_prs24022022_1.pdf
PEVT_01178,RTNINDIA,ADDITION,CONSUMED_IN_ENGINE,Valid parent broad-market Nifty 500 reconstitution event,ind_prs24022022_1.pdf
PEVT_01179,SAPPHIRE,ADDITION,CONSUMED_IN_ENGINE,Valid parent broad-market Nifty 500 reconstitution event,ind_prs24022022_1.pdf
PEVT_01180,SAREGAMA,ADDITION,CONSUMED_IN_ENGINE,Valid parent broad-market Nifty 500 reconstitution event,ind_prs24022022_1.pdf
PEVT_01181,RENUKA,ADDITION,CONSUMED_IN_ENGINE,Valid parent broad-market Nifty 500 reconstitution event,ind_prs24022022_1.pdf
PEVT_01182,SHYAMMETL,ADDITION,CONSUMED_IN_ENGINE,Valid parent broad-market Nifty 500 reconstitution event,ind_prs24022022_1.pdf
PEVT_01183,STARHEALTH,ADDITION,CONSUMED_IN_ENGINE,Valid parent broad-market Nifty 500 reconstitution event,ind_prs24022022_1.pdf
PEVT_01184,TATAINVEST,ADDITION,CONSUMED_IN_ENGINE,Valid parent broad-market Nifty 500 reconstitution event,ind_prs24022022_1.pdf
PEVT_01185,VIJAYA,ADDITION,CONSUMED_IN_ENGINE,Valid parent broad-market Nifty 500 reconstitution event,ind_prs24022022_1.pdf
PEVT_01186,ZOMATO,ADDITION,CONSUMED_IN_ENGINE,Valid parent broad-market Nifty 500 reconstitution event,ind_prs24022022_1.pdf
PEVT_01187,BCG,DELETION,CONSUMED_IN_ENGINE,Valid parent broad-market Nifty 500 reconstitution event,ind_prs24042024.pdf
PEVT_01188,IIFL,DELETION,CONSUMED_IN_ENGINE,Valid parent broad-market Nifty 500 reconstitution event,ind_prs24042024.pdf
PEVT_01189,JSLHISAR,DELETION,CONSUMED_IN_ENGINE,Valid parent broad-market Nifty 500 reconstitution event,ind_prs24052022.pdf
PEVT_01190,TRIVENI,DELETION,CONSUMED_IN_ENGINE,Valid parent broad-market Nifty 500 reconstitution event,ind_prs24052022.pdf
PEVT_01191,ATGL,DELETION,CONSUMED_IN_ENGINE,Valid parent broad-market Nifty 500 reconstitution event,ind_prs24072023.pdf
PEVT_01192,AWL,DELETION,CONSUMED_IN_ENGINE,Valid parent broad-market Nifty 500 reconstitution event,ind_prs24072023.pdf
PEVT_01193,BALKRISIND,DELETION,CONSUMED_IN_ENGINE,Valid parent broad-market Nifty 500 reconstitution event,ind_prs24072023.pdf
PEVT_01195,SWSOLAR,DELETION,CONSUMED_IN_ENGINE,Valid parent broad-market Nifty 500 reconstitution event,ind_prs24072023.pdf
PEVT_01196,CROMPTON,ADDITION,CONSUMED_IN_ENGINE,Valid parent broad-market Nifty 500 reconstitution event,ind_prs24072023.pdf
PEVT_01197,TATACHEM,ADDITION,CONSUMED_IN_ENGINE,Valid parent broad-market Nifty 500 reconstitution event,ind_prs24072023.pdf
PEVT_01198,AMBUJACEM,DELETION,CONSUMED_IN_ENGINE,Valid parent broad-market Nifty 500 reconstitution event,ind_prs24072024.pdf
PEVT_01199,CERA,DELETION,CONSUMED_IN_ENGINE,Valid parent broad-market Nifty 500 reconstitution event,ind_prs24072024.pdf
PEVT_01200,LALPATHLAB,DELETION,CONSUMED_IN_ENGINE,Valid parent broad-market Nifty 500 reconstitution event,ind_prs24072024.pdf
PEVT_01201,INFY,DELETION,CONSUMED_IN_ENGINE,Valid parent broad-market Nifty 500 reconstitution event,ind_prs24072024.pdf
PEVT_01202,WIPRO,DELETION,CONSUMED_IN_ENGINE,Valid parent broad-market Nifty 500 reconstitution event,ind_prs24072024.pdf
PEVT_01203,DALBHARAT,ADDITION,CONSUMED_IN_ENGINE,Valid parent broad-market Nifty 500 reconstitution event,ind_prs24072024.pdf
PEVT_01204,GODREJCP,DELETION,CONSUMED_IN_ENGINE,Valid parent broad-market Nifty 500 reconstitution event,ind_prs24072024.pdf
PEVT_01205,PERSISTENT,DELETION,CONSUMED_IN_ENGINE,Valid parent broad-market Nifty 500 reconstitution event,ind_prs24072024.pdf
PEVT_01206,ACC,DELETION,CONSUMED_IN_ENGINE,Valid parent broad-market Nifty 500 reconstitution event,ind_prs24072025.pdf
PEVT_01207,IGIL,DELETION,CONSUMED_IN_ENGINE,Valid parent broad-market Nifty 500 reconstitution event,ind_prs24072025.pdf
PEVT_01208,INFY,DELETION,CONSUMED_IN_ENGINE,Valid parent broad-market Nifty 500 reconstitution event,ind_prs24072025.pdf
PEVT_01209,JINDALSAW,DELETION,CONSUMED_IN_ENGINE,Valid parent broad-market Nifty 500 reconstitution event,ind_prs24072025.pdf
PEVT_01210,TATAMOTORS,DELETION,CONSUMED_IN_ENGINE,Valid parent broad-market Nifty 500 reconstitution event,ind_prs24072025.pdf
PEVT_01211,JSLL,DELETION,CONSUMED_IN_ENGINE,Valid parent broad-market Nifty 500 reconstitution event,ind_prs24072025.pdf
PEVT_01212,BRITANNIA,DELETION,CONSUMED_IN_ENGINE,Valid parent broad-market Nifty 500 reconstitution event,ind_prs26072022.pdf
PEVT_01213,NMDC,DELETION,CONSUMED_IN_ENGINE,Valid parent broad-market Nifty 500 reconstitution event,ind_prs26072022.pdf
PEVT_01214,TATASTLLP,DELETION,CONSUMED_IN_ENGINE,Valid parent broad-market Nifty 500 reconstitution event,ind_prs26072022.pdf
PEVT_01215,BALAMINES,ADDITION,CONSUMED_IN_ENGINE,Valid parent broad-market Nifty 500 reconstitution event,ind_prs26072022.pdf
PEVT_01216,CHEMPLASTS,ADDITION,CONSUMED_IN_ENGINE,Valid parent broad-market Nifty 500 reconstitution event,ind_prs26072022.pdf
PEVT_01217,LALPATHLAB,ADDITION,CONSUMED_IN_ENGINE,Valid parent broad-market Nifty 500 reconstitution event,ind_prs26072022.pdf
PEVT_01218,INFIBEAM,ADDITION,CONSUMED_IN_ENGINE,Valid parent broad-market Nifty 500 reconstitution event,ind_prs26072022.pdf
PEVT_01219,LAXMIMACH,ADDITION,CONSUMED_IN_ENGINE,Valid parent broad-market Nifty 500 reconstitution event,ind_prs26072022.pdf
PEVT_01220,PERSISTENT,ADDITION,CONSUMED_IN_ENGINE,Valid parent broad-market Nifty 500 reconstitution event,ind_prs26072022.pdf
PEVT_01221,SYNGENE,ADDITION,CONSUMED_IN_ENGINE,Valid parent broad-market Nifty 500 reconstitution event,ind_prs26072022.pdf
PEVT_01222,TATASTEEL,ADDITION,CONSUMED_IN_ENGINE,Valid parent broad-market Nifty 500 reconstitution event,ind_prs26072022.pdf
PEVT_01223,TRIDENT,ADDITION,CONSUMED_IN_ENGINE,Valid parent broad-market Nifty 500 reconstitution event,ind_prs26072022.pdf
PEVT_01224,WIPRO,ADDITION,CONSUMED_IN_ENGINE,Valid parent broad-market Nifty 500 reconstitution event,ind_prs26072022.pdf
PEVT_01225,VOLTAS,DELETION,CONSUMED_IN_ENGINE,Valid parent broad-market Nifty 500 reconstitution event,ind_prs26072022.pdf
PEVT_01226,ALLCARGO,DELETION,CONSUMED_IN_ENGINE,Valid parent broad-market Nifty 500 reconstitution event,ind_prs26102020.pdf
PEVT_01227,NETWORK18,DELETION,CONSUMED_IN_ENGINE,Valid parent broad-market Nifty 500 reconstitution event,ind_prs26102020.pdf
PEVT_01228,ABIRLANUVO,DELETION,CONSUMED_IN_ENGINE,Valid parent broad-market Nifty 500 reconstitution event,ind_prs27042017.pdf
PEVT_01229,GRASIM,DELETION,CONSUMED_IN_ENGINE,Valid parent broad-market Nifty 500 reconstitution event,ind_prs27042017.pdf
PEVT_01230,TUBEINVEST,DELETION,CONSUMED_IN_ENGINE,Valid parent broad-market Nifty 500 reconstitution event,ind_prs27042017.pdf
PEVT_01231,LAURUSLABS,ADDITION,CONSUMED_IN_ENGINE,Valid parent broad-market Nifty 500 reconstitution event,ind_prs27042017.pdf
PEVT_01232,PNBHOUSING,ADDITION,CONSUMED_IN_ENGINE,Valid parent broad-market Nifty 500 reconstitution event,ind_prs27042017.pdf
PEVT_01233,VBL,ADDITION,CONSUMED_IN_ENGINE,Valid parent broad-market Nifty 500 reconstitution event,ind_prs27042017.pdf
PEVT_01234,AARTIDRUGS,DELETION,CONSUMED_IN_ENGINE,Valid parent broad-market Nifty 500 reconstitution event,ind_prs28022024.pdf
PEVT_01235,BCG,DELETION,CONSUMED_IN_ENGINE,Valid parent broad-market Nifty 500 reconstitution event,ind_prs28022024.pdf
PEVT_01236,DELTACORP,DELETION,CONSUMED_IN_ENGINE,Valid parent broad-market Nifty 500 reconstitution event,ind_prs28022024.pdf
PEVT_01237,EPIGRAL,DELETION,CONSUMED_IN_ENGINE,Valid parent broad-market Nifty 500 reconstitution event,ind_prs28022024.pdf
PEVT_01238,GRINFRA,DELETION,CONSUMED_IN_ENGINE,Valid parent broad-market Nifty 500 reconstitution event,ind_prs28022024.pdf
PEVT_01239,GALAXYSURF,DELETION,CONSUMED_IN_ENGINE,Valid parent broad-market Nifty 500 reconstitution event,ind_prs28022024.pdf
PEVT_01240,GOCOLORS,DELETION,CONSUMED_IN_ENGINE,Valid parent broad-market Nifty 500 reconstitution event,ind_prs28022024.pdf
PEVT_01241,GUJALKALI,DELETION,CONSUMED_IN_ENGINE,Valid parent broad-market Nifty 500 reconstitution event,ind_prs28022024.pdf
PEVT_01242,HLEGLAS,DELETION,CONSUMED_IN_ENGINE,Valid parent broad-market Nifty 500 reconstitution event,ind_prs28022024.pdf
PEVT_01243,INFIBEAM,DELETION,CONSUMED_IN_ENGINE,Valid parent broad-market Nifty 500 reconstitution event,ind_prs28022024.pdf
PEVT_01244,INGERRAND,DELETION,CONSUMED_IN_ENGINE,Valid parent broad-market Nifty 500 reconstitution event,ind_prs28022024.pdf
PEVT_01245,JAMNAAUTO,DELETION,CONSUMED_IN_ENGINE,Valid parent broad-market Nifty 500 reconstitution event,ind_prs28022024.pdf
PEVT_01246,LAXMIMACH,DELETION,CONSUMED_IN_ENGINE,Valid parent broad-market Nifty 500 reconstitution event,ind_prs28022024.pdf
PEVT_01247,LUXIND,DELETION,CONSUMED_IN_ENGINE,Valid parent broad-market Nifty 500 reconstitution event,ind_prs28022024.pdf
PEVT_01248,NAZARA,DELETION,CONSUMED_IN_ENGINE,Valid parent broad-market Nifty 500 reconstitution event,ind_prs28022024.pdf
PEVT_01249,ORIENTELEC,DELETION,CONSUMED_IN_ENGINE,Valid parent broad-market Nifty 500 reconstitution event,ind_prs28022024.pdf
PEVT_01250,PFIZER,DELETION,CONSUMED_IN_ENGINE,Valid parent broad-market Nifty 500 reconstitution event,ind_prs28022024.pdf
PEVT_01251,POLYPLEX,DELETION,CONSUMED_IN_ENGINE,Valid parent broad-market Nifty 500 reconstitution event,ind_prs28022024.pdf
PEVT_01252,PGHL,DELETION,CONSUMED_IN_ENGINE,Valid parent broad-market Nifty 500 reconstitution event,ind_prs28022024.pdf
PEVT_01253,RAIN,DELETION,CONSUMED_IN_ENGINE,Valid parent broad-market Nifty 500 reconstitution event,ind_prs28022024.pdf
PEVT_01254,RALLIS,DELETION,CONSUMED_IN_ENGINE,Valid parent broad-market Nifty 500 reconstitution event,ind_prs28022024.pdf
PEVT_01255,RELAXO,DELETION,CONSUMED_IN_ENGINE,Valid parent broad-market Nifty 500 reconstitution event,ind_prs28022024.pdf
PEVT_01256,ROSSARI,DELETION,CONSUMED_IN_ENGINE,Valid parent broad-market Nifty 500 reconstitution event,ind_prs28022024.pdf
PEVT_01257,SHARDACROP,DELETION,CONSUMED_IN_ENGINE,Valid parent broad-market Nifty 500 reconstitution event,ind_prs28022024.pdf
PEVT_01258,SFL,DELETION,CONSUMED_IN_ENGINE,Valid parent broad-market Nifty 500 reconstitution event,ind_prs28022024.pdf
PEVT_01259,SHOPERSTOP,DELETION,CONSUMED_IN_ENGINE,Valid parent broad-market Nifty 500 reconstitution event,ind_prs28022024.pdf
PEVT_01260,SUPRAJIT,DELETION,CONSUMED_IN_ENGINE,Valid parent broad-market Nifty 500 reconstitution event,ind_prs28022024.pdf
PEVT_01261,SYMPHONY,DELETION,CONSUMED_IN_ENGINE,Valid parent broad-market Nifty 500 reconstitution event,ind_prs28022024.pdf
PEVT_01262,TEAMLEASE,DELETION,CONSUMED_IN_ENGINE,Valid parent broad-market Nifty 500 reconstitution event,ind_prs28022024.pdf
PEVT_01263,TTKPRESTIG,DELETION,CONSUMED_IN_ENGINE,Valid parent broad-market Nifty 500 reconstitution event,ind_prs28022024.pdf
PEVT_01264,VGUARD,DELETION,CONSUMED_IN_ENGINE,Valid parent broad-market Nifty 500 reconstitution event,ind_prs28022024.pdf
PEVT_01265,VINATIORGA,DELETION,CONSUMED_IN_ENGINE,Valid parent broad-market Nifty 500 reconstitution event,ind_prs28022024.pdf
PEVT_01266,VMART,DELETION,CONSUMED_IN_ENGINE,Valid parent broad-market Nifty 500 reconstitution event,ind_prs28022024.pdf
PEVT_01267,ZYDUSWELL,DELETION,CONSUMED_IN_ENGINE,Valid parent broad-market Nifty 500 reconstitution event,ind_prs28022024.pdf
PEVT_01268,ACE,ADDITION,CONSUMED_IN_ENGINE,Valid parent broad-market Nifty 500 reconstitution event,ind_prs28022024.pdf
PEVT_01269,ANANDRATHI,ADDITION,CONSUMED_IN_ENGINE,Valid parent broad-market Nifty 500 reconstitution event,ind_prs28022024.pdf
PEVT_01271,CAPLIPOINT,ADDITION,CONSUMED_IN_ENGINE,Valid parent broad-market Nifty 500 reconstitution event,ind_prs28022024.pdf
PEVT_01272,CELLO,ADDITION,CONSUMED_IN_ENGINE,Valid parent broad-market Nifty 500 reconstitution event,ind_prs28022024.pdf
PEVT_01273,CHENNPETRO,ADDITION,CONSUMED_IN_ENGINE,Valid parent broad-market Nifty 500 reconstitution event,ind_prs28022024.pdf
PEVT_01274,DOMS,ADDITION,CONSUMED_IN_ENGINE,Valid parent broad-market Nifty 500 reconstitution event,ind_prs28022024.pdf
PEVT_01275,ELECON,ADDITION,CONSUMED_IN_ENGINE,Valid parent broad-market Nifty 500 reconstitution event,ind_prs28022024.pdf
PEVT_01276,GRSE,ADDITION,CONSUMED_IN_ENGINE,Valid parent broad-market Nifty 500 reconstitution event,ind_prs28022024.pdf
PEVT_01277,GMDCLTD,ADDITION,CONSUMED_IN_ENGINE,Valid parent broad-market Nifty 500 reconstitution event,ind_prs28022024.pdf
PEVT_01278,HAPPYFORGE,ADDITION,CONSUMED_IN_ENGINE,Valid parent broad-market Nifty 500 reconstitution event,ind_prs28022024.pdf
PEVT_01279,HBLPOWER,ADDITION,CONSUMED_IN_ENGINE,Valid parent broad-market Nifty 500 reconstitution event,ind_prs28022024.pdf
PEVT_01280,HSCL,ADDITION,CONSUMED_IN_ENGINE,Valid parent broad-market Nifty 500 reconstitution event,ind_prs28022024.pdf
PEVT_01281,HONASA,ADDITION,CONSUMED_IN_ENGINE,Valid parent broad-market Nifty 500 reconstitution event,ind_prs28022024.pdf
PEVT_01282,IREDA,ADDITION,CONSUMED_IN_ENGINE,Valid parent broad-market Nifty 500 reconstitution event,ind_prs28022024.pdf
PEVT_01283,INOXWIND,ADDITION,CONSUMED_IN_ENGINE,Valid parent broad-market Nifty 500 reconstitution event,ind_prs28022024.pdf
PEVT_01284,JAIBALAJI,ADDITION,CONSUMED_IN_ENGINE,Valid parent broad-market Nifty 500 reconstitution event,ind_prs28022024.pdf
PEVT_01285,J&KBANK,ADDITION,CONSUMED_IN_ENGINE,Valid parent broad-market Nifty 500 reconstitution event,ind_prs28022024.pdf
PEVT_01286,JIOFIN,ADDITION,CONSUMED_IN_ENGINE,Valid parent broad-market Nifty 500 reconstitution event,ind_prs28022024.pdf
PEVT_01287,JSWINFRA,ADDITION,CONSUMED_IN_ENGINE,Valid parent broad-market Nifty 500 reconstitution event,ind_prs28022024.pdf
PEVT_01288,JWL,ADDITION,CONSUMED_IN_ENGINE,Valid parent broad-market Nifty 500 reconstitution event,ind_prs28022024.pdf
PEVT_01289,LLOYDSME,ADDITION,CONSUMED_IN_ENGINE,Valid parent broad-market Nifty 500 reconstitution event,ind_prs28022024.pdf
PEVT_01290,MAHSEAMLES,ADDITION,CONSUMED_IN_ENGINE,Valid parent broad-market Nifty 500 reconstitution event,ind_prs28022024.pdf
PEVT_01291,NUVAMA,ADDITION,CONSUMED_IN_ENGINE,Valid parent broad-market Nifty 500 reconstitution event,ind_prs28022024.pdf
PEVT_01292,RRKABEL,ADDITION,CONSUMED_IN_ENGINE,Valid parent broad-market Nifty 500 reconstitution event,ind_prs28022024.pdf
PEVT_01293,RAILTEL,ADDITION,CONSUMED_IN_ENGINE,Valid parent broad-market Nifty 500 reconstitution event,ind_prs28022024.pdf
PEVT_01294,RKFORGE,ADDITION,CONSUMED_IN_ENGINE,Valid parent broad-market Nifty 500 reconstitution event,ind_prs28022024.pdf
PEVT_01295,SBFC,ADDITION,CONSUMED_IN_ENGINE,Valid parent broad-market Nifty 500 reconstitution event,ind_prs28022024.pdf
PEVT_01296,SCHNEIDER,ADDITION,CONSUMED_IN_ENGINE,Valid parent broad-market Nifty 500 reconstitution event,ind_prs28022024.pdf
PEVT_01297,SIGNATURE,ADDITION,CONSUMED_IN_ENGINE,Valid parent broad-market Nifty 500 reconstitution event,ind_prs28022024.pdf
PEVT_01298,TMB,ADDITION,CONSUMED_IN_ENGINE,Valid parent broad-market Nifty 500 reconstitution event,ind_prs28022024.pdf
PEVT_01299,TATATECH,ADDITION,CONSUMED_IN_ENGINE,Valid parent broad-market Nifty 500 reconstitution event,ind_prs28022024.pdf
PEVT_01300,TITAGARH,ADDITION,CONSUMED_IN_ENGINE,Valid parent broad-market Nifty 500 reconstitution event,ind_prs28022024.pdf
PEVT_01301,TVSSCS,ADDITION,CONSUMED_IN_ENGINE,Valid parent broad-market Nifty 500 reconstitution event,ind_prs28022024.pdf
PEVT_01302,RELCAPITAL,DELETION,CONSUMED_IN_ENGINE,Valid parent broad-market Nifty 500 reconstitution event,ind_prs29082017.pdf
PEVT_01303,MFSL,DELETION,CONSUMED_IN_ENGINE,Valid parent broad-market Nifty 500 reconstitution event,ind_prs29082017.pdf
PEVT_01304,KPIT,DELETION,CONSUMED_IN_ENGINE,Valid parent broad-market Nifty 500 reconstitution event,ind_prs31082018.pdf
PEVT_01305,SHILPAMED,DELETION,CONSUMED_IN_ENGINE,Valid parent broad-market Nifty 500 reconstitution event,ind_prs31082018.pdf
