date,review_period,event_id,event_type,symbol,isin,state_count_after_event,status_flag
"July 31, 2026",2026-JUL,PEVT_00610,ADDITION,TMCV,,500,NORMAL
"July 31, 2026",2026-JUL,PEVT_00609,ADDITION,LAURUSLABS,,500,NORMAL
"July 31, 2026",2026-JUL,PEVT_00608,ADDITION,HINDZINC,,500,NORMAL
"July 31, 2026",2026-JUL,PEVT_00607,ADDITION,AMBUJACEM,,500,NORMAL
"July 31, 2026",2026-JUL,PEVT_00606,ADDITION,ACC,,500,NORMAL
"July 31, 2026",2026-JUL,PEVT_00605,DELETION,TORNTPHARM,,501,NORMAL
"July 31, 2026",2026-JUL,PEVT_00604,DELETION,ELECON,,502,NORMAL
"July 31, 2026",2026-JUL,PEVT_00603,DELETION,ATGL,,503,NORMAL
"July
17, 2026",2026-JUL,PEVT_00482,DELETION,PFOCUS,,504,NORMAL
"July
17, 2026",2026-JUL,PEVT_00481,DELETION,JBCHEPHARM,,505,NORMAL
"May 29, 2026",2026-MAY,PEVT_00692,ADDITION,CIEINDIA,,505,NORMAL
"May 12, 2026",2026-MAY,PEVT_00044,DELETION,CIEINDIA,,506,NORMAL
"May 12, 2026",2026-MAY,PEVT_00043,DELETION,GSPL,,507,NORMAL
"March 30, 2026",2026-MAR,PEVT_00997,ADDITION,ZYDUSWELL,,507,NORMAL
"March 30, 2026",2026-MAR,PEVT_00996,ADDITION,URBANCO,,507,NORMAL
"March 30, 2026",2026-MAR,PEVT_00995,ADDITION,TRAVELFOOD,,507,NORMAL
"March 30, 2026",2026-MAR,PEVT_00994,ADDITION,TENNIND,,507,NORMAL
"March 30, 2026",2026-MAR,PEVT_00993,ADDITION,TEGA,,507,NORMAL
"March 30, 2026",2026-MAR,PEVT_00992,ADDITION,TMCV,,507,NORMAL
"March 30, 2026",2026-MAR,PEVT_00991,ADDITION,TATACAP,,507,NORMAL
"March 30, 2026",2026-MAR,PEVT_00990,ADDITION,SPLPETRO,,507,NORMAL
"March 30, 2026",2026-MAR,PEVT_00989,ADDITION,PIRAMALFIN,,507,NORMAL
"March 30, 2026",2026-MAR,PEVT_00988,ADDITION,PINELABS,,507,NORMAL
"March 30, 2026",2026-MAR,PEVT_00987,ADDITION,PWL,,507,NORMAL
"March 30, 2026",2026-MAR,PEVT_00986,ADDITION,PARADEEP,,507,NORMAL
"March 30, 2026",2026-MAR,PEVT_00985,ADDITION,MEESHO,,507,NORMAL
"March 30, 2026",2026-MAR,PEVT_00984,ADDITION,LGEINDIA,,507,NORMAL
"March 30, 2026",2026-MAR,PEVT_00983,ADDITION,LENSKART,,507,NORMAL
"March 30, 2026",2026-MAR,PEVT_00982,ADDITION,JAINREC,,507,NORMAL
"March 30, 2026",2026-MAR,PEVT_00981,ADDITION,ICICIAMC,,507,NORMAL
"March 30, 2026",2026-MAR,PEVT_00980,ADDITION,HDBFS,,507,NORMAL
"March 30, 2026",2026-MAR,PEVT_00979,ADDITION,GALLANTT,,507,NORMAL
"March 30, 2026",2026-MAR,PEVT_00978,ADDITION,GABRIEL,,507,NORMAL
"March 30, 2026",2026-MAR,PEVT_00977,ADDITION,EMMVEE,,507,NORMAL
"March 30, 2026",2026-MAR,PEVT_00976,ADDITION,CEMPRO,,507,NORMAL
"March 30, 2026",2026-MAR,PEVT_00975,ADDITION,CARTRADE,,507,NORMAL
"March 30, 2026",2026-MAR,PEVT_00974,ADDITION,CANHLIFE,,507,NORMAL
"March 30, 2026",2026-MAR,PEVT_00973,ADDITION,GROWW,,507,NORMAL
"March 30, 2026",2026-MAR,PEVT_00972,ADDITION,BELRISE,,507,NORMAL
"March 30, 2026",2026-MAR,PEVT_00971,ADDITION,ANURAS,,507,NORMAL
"March 30, 2026",2026-MAR,PEVT_00970,ADDITION,ANTHEM,,507,NORMAL
"March 30, 2026",2026-MAR,PEVT_00969,ADDITION,ABDL,,507,NORMAL
"March 30, 2026",2026-MAR,PEVT_00968,ADDITION,CPPLUS,,507,NORMAL
"March 30, 2026",2026-MAR,PEVT_00967,ADDITION,ACUTAAS,,507,NORMAL
"March 30, 2026",2026-MAR,PEVT_00966,DELETION,VGUARD,,508,NORMAL
"March 30, 2026",2026-MAR,PEVT_00965,DELETION,VENTIVE,,509,NORMAL
"March 30, 2026",2026-MAR,PEVT_00964,DELETION,MANYAVAR,,510,NORMAL
"March 30, 2026",2026-MAR,PEVT_00963,DELETION,DBREALTY,,511,NORMAL
"March 30, 2026",2026-MAR,PEVT_00962,DELETION,TRIVENI,,512,NORMAL
"March 30, 2026",2026-MAR,PEVT_00961,DELETION,SUNDRMFAST,,513,NORMAL
"March 30, 2026",2026-MAR,PEVT_00960,DELETION,RELINFRA,,514,NORMAL
"March 30, 2026",2026-MAR,PEVT_00959,DELETION,RCF,,515,NORMAL
"March 30, 2026",2026-MAR,PEVT_00958,DELETION,PGHH,,516,NORMAL
"March 30, 2026",2026-MAR,PEVT_00957,DELETION,PRAJIND,,517,NORMAL
"March 30, 2026",2026-MAR,PEVT_00956,DELETION,METROPOLIS,,518,NORMAL
"March 30, 2026",2026-MAR,PEVT_00955,DELETION,MAHSEAMLES,,519,NORMAL
"March 30, 2026",2026-MAR,PEVT_00954,DELETION,MAHSCOOTER,,520,NORMAL
"March 30, 2026",2026-MAR,PEVT_00953,DELETION,KSB,,521,NORMAL
"March 30, 2026",2026-MAR,PEVT_00952,DELETION,KIRLOSBROS,,522,NORMAL
"March 30, 2026",2026-MAR,PEVT_00951,DELETION,JYOTHYLAB,,523,NORMAL
"March 30, 2026",2026-MAR,PEVT_00950,DELETION,INOXINDIA,,524,NORMAL
"March 30, 2026",2026-MAR,PEVT_00949,DELETION,HAPPSTMNDS,,525,NORMAL
"March 30, 2026",2026-MAR,PEVT_00948,DELETION,GUJGASLTD,,526,NORMAL
"March 30, 2026",2026-MAR,PEVT_00947,DELETION,GODREJAGRO,,527,NORMAL
"March 30, 2026",2026-MAR,PEVT_00946,DELETION,FINPIPE,,528,NORMAL
"March 30, 2026",2026-MAR,PEVT_00945,DELETION,AGARWALEYE,,529,NORMAL
"March 30, 2026",2026-MAR,PEVT_00944,DELETION,CERA,,530,NORMAL
"March 30, 2026",2026-MAR,PEVT_00943,DELETION,CENTURYPLY,,531,NORMAL
"March 30, 2026",2026-MAR,PEVT_00942,DELETION,CAMPUS,,532,NORMAL
"March 30, 2026",2026-MAR,PEVT_00941,DELETION,BASF,,533,NORMAL
"March 30, 2026",2026-MAR,PEVT_00940,DELETION,ASTRAZEN,,534,NORMAL
"March 30, 2026",2026-MAR,PEVT_00939,DELETION,ALOKINDS,,535,NORMAL
"March 30, 2026",2026-MAR,PEVT_00938,DELETION,ALKYLAMINE,,536,NORMAL
"March 30, 2026",2026-MAR,PEVT_00937,DELETION,APLLTD,,537,NORMAL
"March 30, 2026",2026-MAR,PEVT_00936,DELETION,AKUMS,,538,NORMAL
"March 30, 2026",2026-MAR,PEVT_00450,ADDITION,ZYDUSWELL,,538,NORMAL
"March 30, 2026",2026-MAR,PEVT_00449,ADDITION,TENNIND,,538,NORMAL
"March 30, 2026",2026-MAR,PEVT_00448,ADDITION,TEGA,,538,NORMAL
"March 30, 2026",2026-MAR,PEVT_00447,ADDITION,SPLPETRO,,538,NORMAL
"March 30, 2026",2026-MAR,PEVT_00446,ADDITION,GALLANTT,,538,NORMAL
"March 30, 2026",2026-MAR,PEVT_00445,ADDITION,GABRIEL,,538,NORMAL
"March 30, 2026",2026-MAR,PEVT_00444,ADDITION,CEMPRO,,538,NORMAL
"March 30, 2026",2026-MAR,PEVT_00443,ADDITION,CPPLUS,,538,NORMAL
"March 30, 2026",2026-MAR,PEVT_00442,DELETION,VGUARD,,538,NORMAL
"March 30, 2026",2026-MAR,PEVT_00441,DELETION,SUNDRMFAST,,538,NORMAL
"March 30, 2026",2026-MAR,PEVT_00440,DELETION,RELINFRA,,538,NORMAL
"March 30, 2026",2026-MAR,PEVT_00439,DELETION,RCF,,538,NORMAL
"March 30, 2026",2026-MAR,PEVT_00438,DELETION,PGHH,,538,NORMAL
"March 30, 2026",2026-MAR,PEVT_00437,DELETION,METROPOLIS,,538,NORMAL
"March 30, 2026",2026-MAR,PEVT_00436,DELETION,KSB,,538,NORMAL
"March 30, 2026",2026-MAR,PEVT_00435,DELETION,KIRLOSBROS,,538,NORMAL
"March 30, 2026",2026-MAR,PEVT_00434,DELETION,JYOTHYLAB,,538,NORMAL
"March 30, 2026",2026-MAR,PEVT_00433,DELETION,INOXINDIA,,538,NORMAL
"March 30, 2026",2026-MAR,PEVT_00432,DELETION,GUJGASLTD,,538,NORMAL
"March 30, 2026",2026-MAR,PEVT_00431,DELETION,CAMPUS,,538,NORMAL
"March 30, 2026",2026-MAR,PEVT_00430,DELETION,BASF,,538,NORMAL
"March 30, 2026",2026-MAR,PEVT_00429,DELETION,ASTRAZEN,,538,NORMAL
"March 30, 2026",2026-MAR,PEVT_00428,DELETION,ALKYLAMINE,,538,NORMAL
"March 30, 2026",2026-MAR,PEVT_00427,DELETION,APLLTD,,538,NORMAL
"March 30, 2026",2026-MAR,PEVT_00426,DELETION,AKUMS,,538,NORMAL
"February 27, 2026",2026-MAR,PEVT_00691,ADDITION,ENRIN,,538,NORMAL
"December 31, 2025",2025-DEC,PEVT_00423,DELETION,JSWCEMENT,,539,NORMAL
"December 31, 2025",2025-DEC,PEVT_00422,DELETION,SKFINDIA,,540,NORMAL
"November 28, 2025",2025-NOV,PEVT_00666,DELETION,RCF,,540,NORMAL
"November 28, 2025",2025-NOV,PEVT_00665,DELETION,VBL,,541,NORMAL
"October 31, 2025",2025-SEP,PEVT_00664,ADDITION,SWANCORP,,541,NORMAL
"October 31, 2025",2025-SEP,PEVT_00663,ADDITION,RELINFRA,,540,NORMAL
"October 31, 2025",2025-SEP,PEVT_00662,ADDITION,NBCC,,540,NORMAL
"October 31, 2025",2025-SEP,PEVT_00661,ADDITION,INOXWIND,,540,NORMAL
"October 31, 2025",2025-SEP,PEVT_00660,ADDITION,COHANCE,,540,NORMAL
"October 31, 2025",2025-SEP,PEVT_00659,ADDITION,ABLBL,,540,NORMAL
"October 31, 2025",2025-SEP,PEVT_00658,ADDITION,ABFRL,,540,NORMAL
"October 31, 2025",2025-SEP,PEVT_00657,DELETION,WAAREEENER,,541,NORMAL
"October 31, 2025",2025-SEP,PEVT_00656,DELETION,RKFORGE,,542,NORMAL
"October 31, 2025",2025-SEP,PEVT_00655,DELETION,POLYMED,,543,NORMAL
"October 31, 2025",2025-SEP,PEVT_00654,DELETION,OIL,,544,NORMAL
"October 31, 2025",2025-SEP,PEVT_00653,DELETION,NATCOPHARM,,545,NORMAL
"October 31, 2025",2025-SEP,PEVT_00652,DELETION,HONASA,,546,NORMAL
"October 31, 2025",2025-SEP,PEVT_00651,DELETION,CENTURYPLY,,546,NORMAL
"September 30, 2025",2025-SEP,PEVT_00870,ADDITION,VENTIVE,,545,NORMAL
"September 30, 2025",2025-SEP,PEVT_00869,ADDITION,ENRIN,,545,NORMAL
"September 30, 2025",2025-SEP,PEVT_00868,ADDITION,THELEELA,,545,NORMAL
"September 30, 2025",2025-SEP,PEVT_00867,ADDITION,PGHH,,544,NORMAL
"September 30, 2025",2025-SEP,PEVT_00866,ADDITION,ONESOURCE,,544,NORMAL
"September 30, 2025",2025-SEP,PEVT_00865,ADDITION,NUVOCO,,544,NORMAL
"September 30, 2025",2025-SEP,PEVT_00864,ADDITION,MAHSCOOTER,,543,NORMAL
"September 30, 2025",2025-SEP,PEVT_00863,ADDITION,KSB,,542,NORMAL
"September 30, 2025",2025-SEP,PEVT_00862,ADDITION,ITCHOTELS,,542,NORMAL
"September 30, 2025",2025-SEP,PEVT_00861,ADDITION,HEXT,,542,NORMAL
"September 30, 2025",2025-SEP,PEVT_00860,ADDITION,FORCEMOT,,542,NORMAL
"September 30, 2025",2025-SEP,PEVT_00859,ADDITION,AGARWALEYE,,541,NORMAL
"September 30, 2025",2025-SEP,PEVT_00858,ADDITION,CHOICEIN,,541,NORMAL
"September 30, 2025",2025-SEP,PEVT_00857,ADDITION,BLUEJET,,541,NORMAL
"September 30, 2025",2025-SEP,PEVT_00856,ADDITION,ATHERENERG,,541,NORMAL
"September 30, 2025",2025-SEP,PEVT_00855,ADDITION,AKZOINDIA,,541,NORMAL
"September 30, 2025",2025-SEP,PEVT_00854,ADDITION,AEGISVOPAK,,541,NORMAL
"September 30, 2025",2025-SEP,PEVT_00853,ADDITION,ABLBL,,541,NORMAL
"September 30, 2025",2025-SEP,PEVT_00852,DELETION,WESTLIFE,,542,NORMAL
"September 30, 2025",2025-SEP,PEVT_00851,DELETION,TANLA,,543,NORMAL
"September 30, 2025",2025-SEP,PEVT_00850,DELETION,SWSOLAR,,544,NORMAL
"September 30, 2025",2025-SEP,PEVT_00849,DELETION,RENUKA,,545,NORMAL
"September 30, 2025",2025-SEP,PEVT_00848,DELETION,ROUTE,,546,NORMAL
"September 30, 2025",2025-SEP,PEVT_00847,DELETION,RAYMOND,,547,NORMAL
"September 30, 2025",2025-SEP,PEVT_00846,DELETION,RAYMONDLSL,,548,NORMAL
"September 30, 2025",2025-SEP,PEVT_00845,DELETION,RTNINDIA,,549,NORMAL
"September 30, 2025",2025-SEP,PEVT_00844,DELETION,PNCINFRA,,550,NORMAL
"September 30, 2025",2025-SEP,PEVT_00843,DELETION,NETWORK18,,551,SUSPICIOUS_STATE_COUNT
"September 30, 2025",2025-SEP,PEVT_00842,DELETION,MASTEK,,552,SUSPICIOUS_STATE_COUNT
"September 30, 2025",2025-SEP,PEVT_00841,DELETION,KNRCON,,553,SUSPICIOUS_STATE_COUNT
"September 30, 2025",2025-SEP,PEVT_00840,DELETION,KANSAINER,,554,SUSPICIOUS_STATE_COUNT
"September 30, 2025",2025-SEP,PEVT_00839,DELETION,JUSTDIAL,,555,SUSPICIOUS_STATE_COUNT
"September 30, 2025",2025-SEP,PEVT_00838,DELETION,JSWHL,,556,SUSPICIOUS_STATE_COUNT
"September 30, 2025",2025-SEP,PEVT_00837,DELETION,GPPL,,557,SUSPICIOUS_STATE_COUNT
"September 30, 2025",2025-SEP,PEVT_00836,DELETION,GNFC,,558,SUSPICIOUS_STATE_COUNT
"September 30, 2025",2025-SEP,PEVT_00835,DELETION,ALIVUS,,559,SUSPICIOUS_STATE_COUNT
"September 30, 2025",2025-SEP,PEVT_00556,DELETION,SRF,,560,SUSPICIOUS_STATE_COUNT
"September 30, 2025",2025-SEP,PEVT_00555,DELETION,CGPOWER,,561,SUSPICIOUS_STATE_COUNT
"September 30, 2025",2025-SEP,PEVT_00554,ADDITION,WELSPUNLIV,,561,SUSPICIOUS_STATE_COUNT
"September 30, 2025",2025-SEP,PEVT_00553,ADDITION,TRIDENT,,561,SUSPICIOUS_STATE_COUNT
"September 30, 2025",2025-SEP,PEVT_00552,ADDITION,SWIGGY,,561,SUSPICIOUS_STATE_COUNT
"September 30, 2025",2025-SEP,PEVT_00551,ADDITION,SAILIFE,,561,SUSPICIOUS_STATE_COUNT
"September 30, 2025",2025-SEP,PEVT_00550,ADDITION,PGHH,,561,SUSPICIOUS_STATE_COUNT
"September 30, 2025",2025-SEP,PEVT_00549,ADDITION,NUVOCO,,561,SUSPICIOUS_STATE_COUNT
"September 30, 2025",2025-SEP,PEVT_00548,ADDITION,KSB,,561,SUSPICIOUS_STATE_COUNT
"September 30, 2025",2025-SEP,PEVT_00547,ADDITION,JUBLPHARMA,,561,SUSPICIOUS_STATE_COUNT
"September 30, 2025",2025-SEP,PEVT_00546,ADDITION,INDUSTOWER,,561,SUSPICIOUS_STATE_COUNT
"September 30, 2025",2025-SEP,PEVT_00545,ADDITION,HINDALCO,,561,SUSPICIOUS_STATE_COUNT
"September 30, 2025",2025-SEP,PEVT_00544,ADDITION,HEXT,,561,SUSPICIOUS_STATE_COUNT
"September 30, 2025",2025-SEP,PEVT_00543,ADDITION,GRAVITA,,561,SUSPICIOUS_STATE_COUNT
"September 30, 2025",2025-SEP,PEVT_00542,ADDITION,FORCEMOT,,561,SUSPICIOUS_STATE_COUNT
"September 30, 2025",2025-SEP,PEVT_00541,ADDITION,EMCURE,,561,SUSPICIOUS_STATE_COUNT
"September 30, 2025",2025-SEP,PEVT_00540,ADDITION,BLUEJET,,561,SUSPICIOUS_STATE_COUNT
"September 30, 2025",2025-SEP,PEVT_00539,ADDITION,AKZOINDIA,,561,SUSPICIOUS_STATE_COUNT
"September 30, 2025",2025-SEP,PEVT_00538,DELETION,ZFCVINDIA,,562,SUSPICIOUS_STATE_COUNT
"September 30, 2025",2025-SEP,PEVT_00537,DELETION,TANLA,,562,SUSPICIOUS_STATE_COUNT
"September 30, 2025",2025-SEP,PEVT_00536,DELETION,SWSOLAR,,562,SUSPICIOUS_STATE_COUNT
"September 30, 2025",2025-SEP,PEVT_00535,DELETION,ROUTE,,562,SUSPICIOUS_STATE_COUNT
"September 30, 2025",2025-SEP,PEVT_00534,DELETION,RAYMOND,,562,SUSPICIOUS_STATE_COUNT
"September 30, 2025",2025-SEP,PEVT_00533,DELETION,MINDACORP,,563,SUSPICIOUS_STATE_COUNT
"September 30, 2025",2025-SEP,PEVT_00532,DELETION,MASTEK,,563,SUSPICIOUS_STATE_COUNT
"September 30, 2025",2025-SEP,PEVT_00531,DELETION,MANKIND,,564,SUSPICIOUS_STATE_COUNT
"September 30, 2025",2025-SEP,PEVT_00530,DELETION,MAHSEAMLES,,564,SUSPICIOUS_STATE_COUNT
"September 30, 2025",2025-SEP,PEVT_00529,DELETION,KANSAINER,,564,SUSPICIOUS_STATE_COUNT
"September 30, 2025",2025-SEP,PEVT_00528,DELETION,IOC,,565,SUSPICIOUS_STATE_COUNT
"September 30, 2025",2025-SEP,PEVT_00527,DELETION,NYKAA,,566,SUSPICIOUS_STATE_COUNT
"September 30, 2025",2025-SEP,PEVT_00526,DELETION,FINPIPE,,566,SUSPICIOUS_STATE_COUNT
"September 30, 2025",2025-SEP,PEVT_00525,DELETION,COALINDIA,,567,SUSPICIOUS_STATE_COUNT
"September 30, 2025",2025-SEP,PEVT_00524,DELETION,APOLLOHOSP,,568,SUSPICIOUS_STATE_COUNT
"September 30, 2025",2025-SEP,PEVT_00523,DELETION,ALIVUS,,568,SUSPICIOUS_STATE_COUNT
"September 23, 2025",2025-SEP,PEVT_00558,DELETION,RELINFRA,,569,SUSPICIOUS_STATE_COUNT
"September 23, 2025",2025-SEP,PEVT_00557,DELETION,PEL,,570,SUSPICIOUS_STATE_COUNT
"August 29, 2025",2025-SEP,PEVT_00881,ADDITION,WOCKPHARMA,,570,SUSPICIOUS_STATE_COUNT
"August 29, 2025",2025-SEP,PEVT_00880,ADDITION,TORNTPOWER,,570,SUSPICIOUS_STATE_COUNT
"August 29, 2025",2025-SEP,PEVT_00879,ADDITION,TORNTPHARM,,569,SUSPICIOUS_STATE_COUNT
"August 29, 2025",2025-SEP,PEVT_00878,ADDITION,RAYMOND,,568,SUSPICIOUS_STATE_COUNT
"August 29, 2025",2025-SEP,PEVT_00877,ADDITION,MAXHEALTH,,568,SUSPICIOUS_STATE_COUNT
"August 29, 2025",2025-SEP,PEVT_00876,DELETION,SONACOMS,,569,SUSPICIOUS_STATE_COUNT
"August 29, 2025",2025-SEP,PEVT_00875,DELETION,SHREECEM,,570,SUSPICIOUS_STATE_COUNT
"August 29, 2025",2025-SEP,PEVT_00874,DELETION,PIIND,,571,SUSPICIOUS_STATE_COUNT
"August 29, 2025",2025-SEP,PEVT_00873,DELETION,INDIACEM,,572,SUSPICIOUS_STATE_COUNT
"August 29, 2025",2025-SEP,PEVT_00872,DELETION,AEGISLOG,,573,SUSPICIOUS_STATE_COUNT
"August 29, 2025",2025-SEP,PEVT_00871,DELETION,ABREL,,574,SUSPICIOUS_STATE_COUNT
"July 31, 2025",2025-JUL,PEVT_01211,DELETION,JSLL,,575,SUSPICIOUS_STATE_COUNT
"July 31, 2025",2025-JUL,PEVT_01210,DELETION,TATAMOTORS,,576,SUSPICIOUS_STATE_COUNT
"July 31, 2025",2025-JUL,PEVT_01209,DELETION,JINDALSAW,,577,SUSPICIOUS_STATE_COUNT
"July 31, 2025",2025-JUL,PEVT_01208,DELETION,INFY,,578,SUSPICIOUS_STATE_COUNT
"July 31, 2025",2025-JUL,PEVT_01207,DELETION,IGIL,,579,SUSPICIOUS_STATE_COUNT
"July 31, 2025",2025-JUL,PEVT_01206,DELETION,ACC,,580,SUSPICIOUS_STATE_COUNT
"June 30,
2025",2025-JUN,PEVT_00083,ADDITION,ZENTEC,,580,SUSPICIOUS_STATE_COUNT
"June 30,
2025",2025-JUN,PEVT_00082,ADDITION,SUZLON,,580,SUSPICIOUS_STATE_COUNT
"June 30,
2025",2025-JUN,PEVT_00081,ADDITION,CRISIL,,580,SUSPICIOUS_STATE_COUNT
"June 30,
2025",2025-JUN,PEVT_00080,ADDITION,BRITANNIA,,580,SUSPICIOUS_STATE_COUNT
"June 30,
2025",2025-JUN,PEVT_00079,ADDITION,ANANDRATHI,,580,SUSPICIOUS_STATE_COUNT
"June 30,
2025",2025-JUN,PEVT_00078,ADDITION,ABB,,580,SUSPICIOUS_STATE_COUNT
"June 30,
2025",2025-JUN,PEVT_00077,DELETION,VBL,,580,SUSPICIOUS_STATE_COUNT
"June 30,
2025",2025-JUN,PEVT_00076,DELETION,TATAMOTORS,,580,SUSPICIOUS_STATE_COUNT
"June 30,
2025",2025-JUN,PEVT_00075,DELETION,RTNINDIA,,580,SUSPICIOUS_STATE_COUNT
"June 30,
2025",2025-JUN,PEVT_00074,DELETION,PETRONET,,581,SUSPICIOUS_STATE_COUNT
"June 30,
2025",2025-JUN,PEVT_00073,DELETION,MSUMI,,582,SUSPICIOUS_STATE_COUNT
"June 30,
2025",2025-JUN,PEVT_00072,DELETION,ABSLAMC,,583,SUSPICIOUS_STATE_COUNT
"April 30, 2025",2025-MAR,PEVT_00775,ADDITION,VBL,,582,SUSPICIOUS_STATE_COUNT
"April 30, 2025",2025-MAR,PEVT_00774,ADDITION,SUNDRMFAST,,581,SUSPICIOUS_STATE_COUNT
"April 30, 2025",2025-MAR,PEVT_00773,ADDITION,SAGILITY,,581,SUSPICIOUS_STATE_COUNT
"April 11, 2025",2025-MAR,PEVT_00042,DELETION,SUNDRMFAST,,582,SUSPICIOUS_STATE_COUNT
"April 11, 2025",2025-MAR,PEVT_00041,DELETION,QUESS,,583,SUSPICIOUS_STATE_COUNT
"March 28, 2025",2025-MAR,PEVT_00772,ADDITION,ZENTEC,,583,SUSPICIOUS_STATE_COUNT
"March 28, 2025",2025-MAR,PEVT_00771,ADDITION,WOCKPHARMA,,583,SUSPICIOUS_STATE_COUNT
"March 28, 2025",2025-MAR,PEVT_00770,ADDITION,WAAREEENER,,582,SUSPICIOUS_STATE_COUNT
"March 28, 2025",2025-MAR,PEVT_00769,ADDITION,VMM,,582,SUSPICIOUS_STATE_COUNT
"March 28, 2025",2025-MAR,PEVT_00768,ADDITION,TARIL,,582,SUSPICIOUS_STATE_COUNT
"March 28, 2025",2025-MAR,PEVT_00767,ADDITION,SWIGGY,,582,SUSPICIOUS_STATE_COUNT
"March 28, 2025",2025-MAR,PEVT_00766,ADDITION,SARDAEN,,582,SUSPICIOUS_STATE_COUNT
"March 28, 2025",2025-MAR,PEVT_00765,ADDITION,SAILIFE,,582,SUSPICIOUS_STATE_COUNT
"March 28, 2025",2025-MAR,PEVT_00764,ADDITION,SAGILITY,,582,SUSPICIOUS_STATE_COUNT
"March 28, 2025",2025-MAR,PEVT_00763,ADDITION,RPOWER,,582,SUSPICIOUS_STATE_COUNT
"March 28, 2025",2025-MAR,PEVT_00762,ADDITION,PREMIERENE,,582,SUSPICIOUS_STATE_COUNT
"March 28, 2025",2025-MAR,PEVT_00761,ADDITION,PGEL,,582,SUSPICIOUS_STATE_COUNT
"March 28, 2025",2025-MAR,PEVT_00760,ADDITION,OLAELEC,,582,SUSPICIOUS_STATE_COUNT
"March 28, 2025",2025-MAR,PEVT_00759,ADDITION,NTPCGREEN,,582,SUSPICIOUS_STATE_COUNT
"March 28, 2025",2025-MAR,PEVT_00758,ADDITION,NIVABUPA,,582,SUSPICIOUS_STATE_COUNT
"March 28, 2025",2025-MAR,PEVT_00757,ADDITION,NEULANDLAB,,582,SUSPICIOUS_STATE_COUNT
"March 28, 2025",2025-MAR,PEVT_00756,ADDITION,NAVA,,582,SUSPICIOUS_STATE_COUNT
"March 28, 2025",2025-MAR,PEVT_00755,ADDITION,LTFOODS,,582,SUSPICIOUS_STATE_COUNT
"March 28, 2025",2025-MAR,PEVT_00754,ADDITION,JSWHL,,581,SUSPICIOUS_STATE_COUNT
"March 28, 2025",2025-MAR,PEVT_00753,ADDITION,IKS,,581,SUSPICIOUS_STATE_COUNT
"March 28, 2025",2025-MAR,PEVT_00752,ADDITION,IGIL,,580,SUSPICIOUS_STATE_COUNT
"March 28, 2025",2025-MAR,PEVT_00751,ADDITION,HYUNDAI,,580,SUSPICIOUS_STATE_COUNT
"March 28, 2025",2025-MAR,PEVT_00750,ADDITION,GRAVITA,,580,SUSPICIOUS_STATE_COUNT
"March 28, 2025",2025-MAR,PEVT_00749,ADDITION,DCMSHRIRAM,,580,SUSPICIOUS_STATE_COUNT
"March 28, 2025",2025-MAR,PEVT_00748,ADDITION,FIRSTCRY,,580,SUSPICIOUS_STATE_COUNT
"March 28, 2025",2025-MAR,PEVT_00747,ADDITION,BAJAJHFL,,580,SUSPICIOUS_STATE_COUNT
"March 28, 2025",2025-MAR,PEVT_00746,ADDITION,AIIL,,580,SUSPICIOUS_STATE_COUNT
"March 28, 2025",2025-MAR,PEVT_00745,ADDITION,ALIVUS,,579,SUSPICIOUS_STATE_COUNT
"March 28, 2025",2025-MAR,PEVT_00744,ADDITION,AFCONS,,579,SUSPICIOUS_STATE_COUNT
"March 28, 2025",2025-MAR,PEVT_00743,ADDITION,ACMESOLAR,,579,SUSPICIOUS_STATE_COUNT
"March 28, 2025",2025-MAR,PEVT_00742,DELETION,VINATIORGA,,580,SUSPICIOUS_STATE_COUNT
"March 28, 2025",2025-MAR,PEVT_00741,DELETION,VARROC,,581,SUSPICIOUS_STATE_COUNT
"March 28, 2025",2025-MAR,PEVT_00740,DELETION,VIPIND,,582,SUSPICIOUS_STATE_COUNT
"March 28, 2025",2025-MAR,PEVT_00739,DELETION,UJJIVANSFB,,583,SUSPICIOUS_STATE_COUNT
"March 28, 2025",2025-MAR,PEVT_00738,DELETION,TVSSCS,,584,SUSPICIOUS_STATE_COUNT
"March 28, 2025",2025-MAR,PEVT_00737,DELETION,SUNDRMFAST,,584,SUSPICIOUS_STATE_COUNT
"March 28, 2025",2025-MAR,PEVT_00736,DELETION,SPARC,,585,SUSPICIOUS_STATE_COUNT
"March 28, 2025",2025-MAR,PEVT_00735,DELETION,SANOFI,,586,SUSPICIOUS_STATE_COUNT
"March 28, 2025",2025-MAR,PEVT_00734,DELETION,RATNAMANI,,587,SUSPICIOUS_STATE_COUNT
"March 28, 2025",2025-MAR,PEVT_00733,DELETION,RAJESHEXPO,,588,SUSPICIOUS_STATE_COUNT
"March 28, 2025",2025-MAR,PEVT_00732,DELETION,PGHH,,589,SUSPICIOUS_STATE_COUNT
"March 28, 2025",2025-MAR,PEVT_00731,DELETION,NUVOCO,,590,SUSPICIOUS_STATE_COUNT
"March 28, 2025",2025-MAR,PEVT_00730,DELETION,METROBRAND,,591,SUSPICIOUS_STATE_COUNT
"March 28, 2025",2025-MAR,PEVT_00729,DELETION,MAHLIFE,,592,SUSPICIOUS_STATE_COUNT
"March 28, 2025",2025-MAR,PEVT_00728,DELETION,KSB,,593,SUSPICIOUS_STATE_COUNT
"March 28, 2025",2025-MAR,PEVT_00727,DELETION,JKLAKSHMI,,594,SUSPICIOUS_STATE_COUNT
"March 28, 2025",2025-MAR,PEVT_00726,DELETION,GSFC,,595,SUSPICIOUS_STATE_COUNT
"March 28, 2025",2025-MAR,PEVT_00725,DELETION,GAEL,,596,SUSPICIOUS_STATE_COUNT
"March 28, 2025",2025-MAR,PEVT_00724,DELETION,GRINDWELL,,597,SUSPICIOUS_STATE_COUNT
"March 28, 2025",2025-MAR,PEVT_00723,DELETION,GRINFRA,,598,SUSPICIOUS_STATE_COUNT
"March 28, 2025",2025-MAR,PEVT_00722,DELETION,FINEORG,,599,SUSPICIOUS_STATE_COUNT
"March 28, 2025",2025-MAR,PEVT_00721,DELETION,EQUITASBNK,,600,SUSPICIOUS_STATE_COUNT
"March 28, 2025",2025-MAR,PEVT_00720,DELETION,EASEMYTRIP,,601,SUSPICIOUS_STATE_COUNT
"March 28, 2025",2025-MAR,PEVT_00719,DELETION,CIEINDIA,,601,SUSPICIOUS_STATE_COUNT
"March 28, 2025",2025-MAR,PEVT_00718,DELETION,CHEMPLASTS,,602,SUSPICIOUS_STATE_COUNT
"March 28, 2025",2025-MAR,PEVT_00717,DELETION,CELLO,,603,SUSPICIOUS_STATE_COUNT
"March 28, 2025",2025-MAR,PEVT_00716,DELETION,BIRLACORPN,,604,SUSPICIOUS_STATE_COUNT
"March 28, 2025",2025-MAR,PEVT_00715,DELETION,BALAMINES,,605,SUSPICIOUS_STATE_COUNT
"March 28, 2025",2025-MAR,PEVT_00714,DELETION,AVANTIFEED,,606,SUSPICIOUS_STATE_COUNT
"March 28, 2025",2025-MAR,PEVT_00713,DELETION,ACI,,607,SUSPICIOUS_STATE_COUNT
"March 28, 2025",2025-MAR,PEVT_00480,ADDITION,WAAREEENER,,607,SUSPICIOUS_STATE_COUNT
"March 28, 2025",2025-MAR,PEVT_00479,ADDITION,VMM,,607,SUSPICIOUS_STATE_COUNT
"March 28, 2025",2025-MAR,PEVT_00478,ADDITION,TARIL,,607,SUSPICIOUS_STATE_COUNT
"March 28, 2025",2025-MAR,PEVT_00477,ADDITION,PGEL,,607,SUSPICIOUS_STATE_COUNT
"March 28, 2025",2025-MAR,PEVT_00476,ADDITION,NEULANDLAB,,607,SUSPICIOUS_STATE_COUNT
"March 28, 2025",2025-MAR,PEVT_00475,ADDITION,NAVA,,607,SUSPICIOUS_STATE_COUNT
"March 28, 2025",2025-MAR,PEVT_00474,ADDITION,LTFOODS,,607,SUSPICIOUS_STATE_COUNT
"March 28, 2025",2025-MAR,PEVT_00473,ADDITION,IGIL,,607,SUSPICIOUS_STATE_COUNT
"March 28, 2025",2025-MAR,PEVT_00472,ADDITION,HYUNDAI,,607,SUSPICIOUS_STATE_COUNT
"March 28, 2025",2025-MAR,PEVT_00471,ADDITION,FIRSTCRY,,607,SUSPICIOUS_STATE_COUNT
"March 28, 2025",2025-MAR,PEVT_00470,ADDITION,ALIVUS,,607,SUSPICIOUS_STATE_COUNT
"March 28, 2025",2025-MAR,PEVT_00469,ADDITION,AFCONS,,607,SUSPICIOUS_STATE_COUNT
"March 28, 2025",2025-MAR,PEVT_00468,DELETION,VINATIORGA,,607,SUSPICIOUS_STATE_COUNT
"March 28, 2025",2025-MAR,PEVT_00467,DELETION,TVSSCS,,607,SUSPICIOUS_STATE_COUNT
"March 28, 2025",2025-MAR,PEVT_00466,DELETION,SUNDRMFAST,,607,SUSPICIOUS_STATE_COUNT
"March 28, 2025",2025-MAR,PEVT_00465,DELETION,SANOFI,,607,SUSPICIOUS_STATE_COUNT
"March 28, 2025",2025-MAR,PEVT_00464,DELETION,RATNAMANI,,607,SUSPICIOUS_STATE_COUNT
"March 28, 2025",2025-MAR,PEVT_00463,DELETION,PGHH,,607,SUSPICIOUS_STATE_COUNT
"March 28, 2025",2025-MAR,PEVT_00462,DELETION,NUVOCO,,607,SUSPICIOUS_STATE_COUNT
"March 28, 2025",2025-MAR,PEVT_00461,DELETION,METROBRAND,,607,SUSPICIOUS_STATE_COUNT
"March 28, 2025",2025-MAR,PEVT_00460,DELETION,KSB,,607,SUSPICIOUS_STATE_COUNT
"March 28, 2025",2025-MAR,PEVT_00459,DELETION,GSFC,,607,SUSPICIOUS_STATE_COUNT
"March 28, 2025",2025-MAR,PEVT_00458,DELETION,GAEL,,607,SUSPICIOUS_STATE_COUNT
"March 28, 2025",2025-MAR,PEVT_00457,DELETION,GRINDWELL,,607,SUSPICIOUS_STATE_COUNT
"March 28, 2025",2025-MAR,PEVT_00456,DELETION,FINEORG,,607,SUSPICIOUS_STATE_COUNT
"March 28, 2025",2025-MAR,PEVT_00455,DELETION,CIEINDIA,,607,SUSPICIOUS_STATE_COUNT
"March 28, 2025",2025-MAR,PEVT_00454,DELETION,CELLO,,607,SUSPICIOUS_STATE_COUNT
"March 28, 2025",2025-MAR,PEVT_00453,DELETION,BALAMINES,,607,SUSPICIOUS_STATE_COUNT
"March 28, 2025",2025-MAR,PEVT_00452,DELETION,AVANTIFEED,,607,SUSPICIOUS_STATE_COUNT
"March 28, 2025",2025-MAR,PEVT_00451,DELETION,ACI,,607,SUSPICIOUS_STATE_COUNT
"March 21, 2025",2025-MAR,PEVT_00602,DELETION,RAYMONDLSL,,607,SUSPICIOUS_STATE_COUNT
"March 21, 2025",2025-MAR,PEVT_00601,DELETION,ISEC,,608,SUSPICIOUS_STATE_COUNT
"February 28, 2025",2025-MAR,PEVT_00670,DELETION,DIXON,,609,SUSPICIOUS_STATE_COUNT
"February 28, 2025",2025-MAR,PEVT_00669,DELETION,MANKIND,,609,SUSPICIOUS_STATE_COUNT
"February 28, 2025",2025-MAR,PEVT_00668,DELETION,SIEMENS,,610,SUSPICIOUS_STATE_COUNT
"February 28, 2025",2025-MAR,PEVT_00667,DELETION,RAJESHEXPO,,610,SUSPICIOUS_STATE_COUNT
"December 31, 2024",2024-DEC,PEVT_00421,ADDITION,ZOMATO,,610,SUSPICIOUS_STATE_COUNT
"December 31, 2024",2024-DEC,PEVT_00420,ADDITION,VOLTAS,,610,SUSPICIOUS_STATE_COUNT
"December 31, 2024",2024-DEC,PEVT_00419,ADDITION,UNITDSPR,,610,SUSPICIOUS_STATE_COUNT
"December 31, 2024",2024-DEC,PEVT_00418,ADDITION,TECHM,,610,SUSPICIOUS_STATE_COUNT
"December 31, 2024",2024-DEC,PEVT_00417,ADDITION,SUVENPHAR,,610,SUSPICIOUS_STATE_COUNT
"December 31, 2024",2024-DEC,PEVT_00416,ADDITION,RADICO,,610,SUSPICIOUS_STATE_COUNT
"December 31, 2024",2024-DEC,PEVT_00415,ADDITION,POLYMED,,609,SUSPICIOUS_STATE_COUNT
"December 31, 2024",2024-DEC,PEVT_00414,ADDITION,PPLPHARMA,,609,SUSPICIOUS_STATE_COUNT
"December 31, 2024",2024-DEC,PEVT_00413,ADDITION,PERSISTENT,,609,SUSPICIOUS_STATE_COUNT
"December 31, 2024",2024-DEC,PEVT_00412,ADDITION,PCBL,,609,SUSPICIOUS_STATE_COUNT
"December 31, 2024",2024-DEC,PEVT_00411,ADDITION,POLICYBZR,,609,SUSPICIOUS_STATE_COUNT
"December 31, 2024",2024-DEC,PEVT_00410,ADDITION,OFSS,,609,SUSPICIOUS_STATE_COUNT
"December 31, 2024",2024-DEC,PEVT_00409,ADDITION,NETWEB,,609,SUSPICIOUS_STATE_COUNT
"December 31, 2024",2024-DEC,PEVT_00408,ADDITION,NATCOPHARM,,608,SUSPICIOUS_STATE_COUNT
"December 31, 2024",2024-DEC,PEVT_00407,ADDITION,MCX,,608,SUSPICIOUS_STATE_COUNT
"December 31, 2024",2024-DEC,PEVT_00406,ADDITION,LUPIN,,608,SUSPICIOUS_STATE_COUNT
"December 31, 2024",2024-DEC,PEVT_00405,ADDITION,LLOYDSME,,608,SUSPICIOUS_STATE_COUNT
"December 31, 2024",2024-DEC,PEVT_00404,ADDITION,KFINTECH,,608,SUSPICIOUS_STATE_COUNT
"December 31, 2024",2024-DEC,PEVT_00403,ADDITION,KEC,,608,SUSPICIOUS_STATE_COUNT
"December 31, 2024",2024-DEC,PEVT_00402,ADDITION,KAYNES,,608,SUSPICIOUS_STATE_COUNT
"December 31, 2024",2024-DEC,PEVT_00401,ADDITION,JUBLPHARMA,,608,SUSPICIOUS_STATE_COUNT
"December 31, 2024",2024-DEC,PEVT_00400,ADDITION,NAUKRI,,608,SUSPICIOUS_STATE_COUNT
"December 31, 2024",2024-DEC,PEVT_00399,ADDITION,INDHOTEL,,608,SUSPICIOUS_STATE_COUNT
"December 31, 2024",2024-DEC,PEVT_00398,ADDITION,INDIACEM,,607,SUSPICIOUS_STATE_COUNT
"December 31, 2024",2024-DEC,PEVT_00397,ADDITION,HSCL,,607,SUSPICIOUS_STATE_COUNT
"December 31, 2024",2024-DEC,PEVT_00396,ADDITION,GODFRYPHLP,,607,SUSPICIOUS_STATE_COUNT
"December 31, 2024",2024-DEC,PEVT_00395,ADDITION,GLENMARK,,607,SUSPICIOUS_STATE_COUNT
"December 31, 2024",2024-DEC,PEVT_00394,ADDITION,FORTIS,,607,SUSPICIOUS_STATE_COUNT
"December 31, 2024",2024-DEC,PEVT_00393,ADDITION,FSL,,607,SUSPICIOUS_STATE_COUNT
"December 31, 2024",2024-DEC,PEVT_00392,ADDITION,DIVISLAB,,607,SUSPICIOUS_STATE_COUNT
"December 31, 2024",2024-DEC,PEVT_00391,ADDITION,DEEPAKFERT,,607,SUSPICIOUS_STATE_COUNT
"December 31, 2024",2024-DEC,PEVT_00390,ADDITION,COROMANDEL,,607,SUSPICIOUS_STATE_COUNT
"December 31, 2024",2024-DEC,PEVT_00389,ADDITION,COFORGE,,607,SUSPICIOUS_STATE_COUNT
"December 31, 2024",2024-DEC,PEVT_00388,ADDITION,CHOLAHLDNG,,607,SUSPICIOUS_STATE_COUNT
"December 31, 2024",2024-DEC,PEVT_00387,ADDITION,CAPLIPOINT,,607,SUSPICIOUS_STATE_COUNT
"December 31, 2024",2024-DEC,PEVT_00386,ADDITION,ANANTRAJ,,607,SUSPICIOUS_STATE_COUNT
"December 31, 2024",2024-DEC,PEVT_00385,ADDITION,AMBER,,607,SUSPICIOUS_STATE_COUNT
"December 31, 2024",2024-DEC,PEVT_00384,ADDITION,ABSLAMC,,606,SUSPICIOUS_STATE_COUNT
"December 31, 2024",2024-DEC,PEVT_00383,ADDITION,360ONE,,606,SUSPICIOUS_STATE_COUNT
"December 31, 2024",2024-DEC,PEVT_00382,DELETION,ZYDUSLIFE,,607,SUSPICIOUS_STATE_COUNT
"December 31, 2024",2024-DEC,PEVT_00381,DELETION,TORNTPOWER,,608,SUSPICIOUS_STATE_COUNT
"December 31, 2024",2024-DEC,PEVT_00380,DELETION,TITAGARH,,609,SUSPICIOUS_STATE_COUNT
"December 31, 2024",2024-DEC,PEVT_00379,DELETION,THERMAX,,610,SUSPICIOUS_STATE_COUNT
"December 31, 2024",2024-DEC,PEVT_00378,DELETION,TATAPOWER,,611,SUSPICIOUS_STATE_COUNT
"December 31, 2024",2024-DEC,PEVT_00377,DELETION,SUZLON,,612,SUSPICIOUS_STATE_COUNT
"December 31, 2024",2024-DEC,PEVT_00376,DELETION,SOLARINDS,,613,SUSPICIOUS_STATE_COUNT
"December 31, 2024",2024-DEC,PEVT_00375,DELETION,SOBHA,,614,SUSPICIOUS_STATE_COUNT
"December 31, 2024",2024-DEC,PEVT_00374,DELETION,SJVN,,615,SUSPICIOUS_STATE_COUNT
"December 31, 2024",2024-DEC,PEVT_00373,DELETION,MOTHERSON,,616,SUSPICIOUS_STATE_COUNT
"December 31, 2024",2024-DEC,PEVT_00372,DELETION,RECLTD,,617,SUSPICIOUS_STATE_COUNT
"December 31, 2024",2024-DEC,PEVT_00371,DELETION,RVNL,,618,SUSPICIOUS_STATE_COUNT
"December 31, 2024",2024-DEC,PEVT_00370,DELETION,PNB,,619,SUSPICIOUS_STATE_COUNT
"December 31, 2024",2024-DEC,PEVT_00369,DELETION,PRESTIGE,,620,SUSPICIOUS_STATE_COUNT
"December 31, 2024",2024-DEC,PEVT_00368,DELETION,PFC,,621,SUSPICIOUS_STATE_COUNT
"December 31, 2024",2024-DEC,PEVT_00367,DELETION,NHPC,,622,SUSPICIOUS_STATE_COUNT
"December 31, 2024",2024-DEC,PEVT_00366,DELETION,NBCC,,623,SUSPICIOUS_STATE_COUNT
"December 31, 2024",2024-DEC,PEVT_00365,DELETION,MRPL,,624,SUSPICIOUS_STATE_COUNT
"December 31, 2024",2024-DEC,PEVT_00364,DELETION,KPIL,,625,SUSPICIOUS_STATE_COUNT
"December 31, 2024",2024-DEC,PEVT_00363,DELETION,JWL,,626,SUSPICIOUS_STATE_COUNT
"December 31, 2024",2024-DEC,PEVT_00362,DELETION,JSL,,627,SUSPICIOUS_STATE_COUNT
"December 31, 2024",2024-DEC,PEVT_00361,DELETION,IRFC,,628,SUSPICIOUS_STATE_COUNT
"December 31, 2024",2024-DEC,PEVT_00360,DELETION,HUDCO,,629,SUSPICIOUS_STATE_COUNT
"December 31, 2024",2024-DEC,PEVT_00359,DELETION,HINDCOPPER,,630,SUSPICIOUS_STATE_COUNT
"December 31, 2024",2024-DEC,PEVT_00358,DELETION,HAL,,631,SUSPICIOUS_STATE_COUNT
"December 31, 2024",2024-DEC,PEVT_00357,DELETION,HBLPOWER,,632,SUSPICIOUS_STATE_COUNT
"December 31, 2024",2024-DEC,PEVT_00356,DELETION,GPIL,,633,SUSPICIOUS_STATE_COUNT
"December 31, 2024",2024-DEC,PEVT_00355,DELETION,EXIDEIND,,634,SUSPICIOUS_STATE_COUNT
"December 31, 2024",2024-DEC,PEVT_00354,DELETION,CUMMINSIND,,635,SUSPICIOUS_STATE_COUNT
"December 31, 2024",2024-DEC,PEVT_00353,DELETION,COCHINSHIP,,636,SUSPICIOUS_STATE_COUNT
"December 31, 2024",2024-DEC,PEVT_00352,DELETION,BHEL,,637,SUSPICIOUS_STATE_COUNT
"December 31, 2024",2024-DEC,PEVT_00351,DELETION,BEL,,638,SUSPICIOUS_STATE_COUNT
"December 31, 2024",2024-DEC,PEVT_00350,DELETION,BDL,,639,SUSPICIOUS_STATE_COUNT
"December 31, 2024",2024-DEC,PEVT_00349,DELETION,BAJAJ-AUTO,,640,SUSPICIOUS_STATE_COUNT
"December 31, 2024",2024-DEC,PEVT_00348,DELETION,APARINDS,,641,SUSPICIOUS_STATE_COUNT
"December 31, 2024",2024-DEC,PEVT_00347,DELETION,ANANDRATHI,,642,SUSPICIOUS_STATE_COUNT
"December 31, 2024",2024-DEC,PEVT_00346,DELETION,ADANIPOWER,,643,SUSPICIOUS_STATE_COUNT
"December 31, 2024",2024-DEC,PEVT_00345,DELETION,ADANIPORTS,,644,SUSPICIOUS_STATE_COUNT
"December 31, 2024",2024-DEC,PEVT_00344,DELETION,ABB,,645,SUSPICIOUS_STATE_COUNT
"November 29, 2024",2024-NOV,PEVT_00885,ADDITION,SAIL,,645,SUSPICIOUS_STATE_COUNT
"November 29, 2024",2024-NOV,PEVT_00884,ADDITION,NSLNISP,,645,SUSPICIOUS_STATE_COUNT
"October 31, 2024",2024-SEP,PEVT_00301,ADDITION,TBOTEK,,645,SUSPICIOUS_STATE_COUNT
"October 31, 2024",2024-SEP,PEVT_00300,ADDITION,RVNL,,644,SUSPICIOUS_STATE_COUNT
"October 31, 2024",2024-SEP,PEVT_00299,ADDITION,JYOTICNC,,644,SUSPICIOUS_STATE_COUNT
"October 31, 2024",2024-SEP,PEVT_00298,ADDITION,INDIACEM,,644,SUSPICIOUS_STATE_COUNT
"October 31, 2024",2024-SEP,PEVT_00297,ADDITION,AKUMS,,643,SUSPICIOUS_STATE_COUNT
"October 31, 2024",2024-SEP,PEVT_00296,DELETION,TATAELXSI,,644,SUSPICIOUS_STATE_COUNT
"October 31, 2024",2024-SEP,PEVT_00295,DELETION,SAIL,,645,SUSPICIOUS_STATE_COUNT
"October 31, 2024",2024-SEP,PEVT_00294,DELETION,RCF,,645,SUSPICIOUS_STATE_COUNT
"October 31, 2024",2024-SEP,PEVT_00293,DELETION,NH,,646,SUSPICIOUS_STATE_COUNT
"October 31, 2024",2024-SEP,PEVT_00292,DELETION,MMTC,,647,SUSPICIOUS_STATE_COUNT
"October 31, 2024",2024-SEP,PEVT_00291,DELETION,MAXHEALTH,,648,SUSPICIOUS_STATE_COUNT
"October 31, 2024",2024-SEP,PEVT_00290,DELETION,KNRCON,,648,SUSPICIOUS_STATE_COUNT
"October 31, 2024",2024-SEP,PEVT_00289,DELETION,IRCTC,,649,SUSPICIOUS_STATE_COUNT
"October 31, 2024",2024-SEP,PEVT_00288,DELETION,HBLPOWER,,649,SUSPICIOUS_STATE_COUNT
"October 31, 2024",2024-SEP,PEVT_00287,DELETION,GNFC,,649,SUSPICIOUS_STATE_COUNT
"October 31, 2024",2024-SEP,PEVT_00286,DELETION,ERIS,,650,SUSPICIOUS_STATE_COUNT
"October 31, 2024",2024-SEP,PEVT_00285,DELETION,CAPLIPOINT,,651,SUSPICIOUS_STATE_COUNT
"October 31, 2024",2024-SEP,PEVT_00284,DELETION,BEML,,652,SUSPICIOUS_STATE_COUNT
"October 31, 2024",2024-SEP,PEVT_00283,DELETION,AFFLE,,653,SUSPICIOUS_STATE_COUNT
"October 31, 2024",2024-SEP,PEVT_00282,DELETION,ABFRL,,654,SUSPICIOUS_STATE_COUNT
"October
16, 2024",2024-SEP,PEVT_00281,DELETION,AKUMS,,655,SUSPICIOUS_STATE_COUNT
"October
16, 2024",2024-SEP,PEVT_00280,DELETION,TV18BRDCST,,656,SUSPICIOUS_STATE_COUNT
"October 10, 2024",2024-SEP,PEVT_00048,DELETION,EMCURE,,657,SUSPICIOUS_STATE_COUNT
"October 10, 2024",2024-SEP,PEVT_00047,DELETION,IDFC,,658,SUSPICIOUS_STATE_COUNT
"September 30, 2024",2024-SEP,PEVT_01122,DELETION,CUMMINSIND,,658,SUSPICIOUS_STATE_COUNT
"September 30, 2024",2024-SEP,PEVT_01121,ADDITION,VINATIORGA,,657,SUSPICIOUS_STATE_COUNT
"September 30, 2024",2024-SEP,PEVT_01120,ADDITION,SUZLON,,656,SUSPICIOUS_STATE_COUNT
"September 30, 2024",2024-SEP,PEVT_01119,ADDITION,SWSOLAR,,655,SUSPICIOUS_STATE_COUNT
"September 30, 2024",2024-SEP,PEVT_01118,ADDITION,SCI,,655,SUSPICIOUS_STATE_COUNT
"September 30, 2024",2024-SEP,PEVT_01117,ADDITION,RKFORGE,,654,SUSPICIOUS_STATE_COUNT
"September 30, 2024",2024-SEP,PEVT_01116,ADDITION,NETWEB,,654,SUSPICIOUS_STATE_COUNT
"September 30, 2024",2024-SEP,PEVT_01115,ADDITION,KIRLOSBROS,,653,SUSPICIOUS_STATE_COUNT
"September 30, 2024",2024-SEP,PEVT_01114,ADDITION,INOXINDIA,,652,SUSPICIOUS_STATE_COUNT
"September 30, 2024",2024-SEP,PEVT_01113,ADDITION,IOC,,651,SUSPICIOUS_STATE_COUNT
"September 30, 2024",2024-SEP,PEVT_01112,ADDITION,GET&D,,651,SUSPICIOUS_STATE_COUNT
"September 30, 2024",2024-SEP,PEVT_01111,ADDITION,BBTC,,651,SUSPICIOUS_STATE_COUNT
"September 30, 2024",2024-SEP,PEVT_01110,ADDITION,BPCL,,651,SUSPICIOUS_STATE_COUNT
"September 30, 2024",2024-SEP,PEVT_01109,ADDITION,BASF,,650,SUSPICIOUS_STATE_COUNT
"September 30, 2024",2024-SEP,PEVT_01108,ADDITION,ANANTRAJ,,650,SUSPICIOUS_STATE_COUNT
"September 30, 2024",2024-SEP,PEVT_01107,DELETION,ZENSARTECH,,651,SUSPICIOUS_STATE_COUNT
"September 30, 2024",2024-SEP,PEVT_01106,DELETION,MANYAVAR,,651,SUSPICIOUS_STATE_COUNT
"September 30, 2024",2024-SEP,PEVT_01105,DELETION,VAIBHAVGBL,,652,SUSPICIOUS_STATE_COUNT
"September 30, 2024",2024-SEP,PEVT_01104,DELETION,SAFARI,,653,SUSPICIOUS_STATE_COUNT
"September 30, 2024",2024-SEP,PEVT_01103,DELETION,RITES,,654,SUSPICIOUS_STATE_COUNT
"September 30, 2024",2024-SEP,PEVT_01102,DELETION,PRINCEPIPE,,655,SUSPICIOUS_STATE_COUNT
"September 30, 2024",2024-SEP,PEVT_01101,DELETION,PCBL,,656,SUSPICIOUS_STATE_COUNT
"September 30, 2024",2024-SEP,PEVT_01100,DELETION,MEDPLUS,,657,SUSPICIOUS_STATE_COUNT
"September 30, 2024",2024-SEP,PEVT_01099,DELETION,LXCHEM,,658,SUSPICIOUS_STATE_COUNT
"September 30, 2024",2024-SEP,PEVT_01098,DELETION,KIMS,,659,SUSPICIOUS_STATE_COUNT
"September 30, 2024",2024-SEP,PEVT_01097,DELETION,KRBL,,660,SUSPICIOUS_STATE_COUNT
"September 30, 2024",2024-SEP,PEVT_01096,DELETION,KFINTECH,,661,SUSPICIOUS_STATE_COUNT
"September 30, 2024",2024-SEP,PEVT_01095,DELETION,KAYNES,,662,SUSPICIOUS_STATE_COUNT
"September 30, 2024",2024-SEP,PEVT_01094,DELETION,JAIBALAJI,,663,SUSPICIOUS_STATE_COUNT
"September 30, 2024",2024-SEP,PEVT_01093,DELETION,INDUSTOWER,,664,SUSPICIOUS_STATE_COUNT
"September 30, 2024",2024-SEP,PEVT_01092,DELETION,INDIGOPNTS,,665,SUSPICIOUS_STATE_COUNT
"September 30, 2024",2024-SEP,PEVT_01091,DELETION,HAPPYFORGE,,666,SUSPICIOUS_STATE_COUNT
"September 30, 2024",2024-SEP,PEVT_01090,DELETION,GMMPFAUDLR,,667,SUSPICIOUS_STATE_COUNT
"September 30, 2024",2024-SEP,PEVT_01089,DELETION,GLS,,668,SUSPICIOUS_STATE_COUNT
"September 30, 2024",2024-SEP,PEVT_01088,DELETION,FDC,,669,SUSPICIOUS_STATE_COUNT
"September 30, 2024",2024-SEP,PEVT_01087,DELETION,EPL,,670,SUSPICIOUS_STATE_COUNT
"September 30, 2024",2024-SEP,PEVT_01086,DELETION,ENGINERSIN,,671,SUSPICIOUS_STATE_COUNT
"September 30, 2024",2024-SEP,PEVT_01085,DELETION,CLEAN,,672,SUSPICIOUS_STATE_COUNT
"September 30, 2024",2024-SEP,PEVT_01084,DELETION,BEL,,672,SUSPICIOUS_STATE_COUNT
"September 30, 2024",2024-SEP,PEVT_01083,DELETION,ANURAS,,673,SUSPICIOUS_STATE_COUNT
"September 30, 2024",2024-SEP,PEVT_01082,DELETION,ALLCARGO,,674,SUSPICIOUS_STATE_COUNT
"September 30, 2024",2024-SEP,PEVT_01081,DELETION,AETHER,,675,SUSPICIOUS_STATE_COUNT
"September 30, 2024",2024-SEP,PEVT_01080,ADDITION,VINATIORGA,,675,SUSPICIOUS_STATE_COUNT
"September 30, 2024",2024-SEP,PEVT_01079,ADDITION,DBREALTY,,674,SUSPICIOUS_STATE_COUNT
"September 30, 2024",2024-SEP,PEVT_01078,ADDITION,TECHNOE,,674,SUSPICIOUS_STATE_COUNT
"September 30, 2024",2024-SEP,PEVT_01077,ADDITION,TBOTEK,,674,SUSPICIOUS_STATE_COUNT
"September 30, 2024",2024-SEP,PEVT_01076,ADDITION,SCI,,674,SUSPICIOUS_STATE_COUNT
"September 30, 2024",2024-SEP,PEVT_01075,ADDITION,PTCIL,,674,SUSPICIOUS_STATE_COUNT
"September 30, 2024",2024-SEP,PEVT_01074,ADDITION,PFIZER,,674,SUSPICIOUS_STATE_COUNT
"September 30, 2024",2024-SEP,PEVT_01073,ADDITION,NEWGEN,,674,SUSPICIOUS_STATE_COUNT
"September 30, 2024",2024-SEP,PEVT_01072,ADDITION,NETWEB,,674,SUSPICIOUS_STATE_COUNT
"September 30, 2024",2024-SEP,PEVT_01071,ADDITION,KIRLOSENG,,674,SUSPICIOUS_STATE_COUNT
"September 30, 2024",2024-SEP,PEVT_01070,ADDITION,KIRLOSBROS,,674,SUSPICIOUS_STATE_COUNT
"September 30, 2024",2024-SEP,PEVT_01069,ADDITION,JYOTICNC,,674,SUSPICIOUS_STATE_COUNT
"September 30, 2024",2024-SEP,PEVT_01068,ADDITION,JKTYRE,,674,SUSPICIOUS_STATE_COUNT
"September 30, 2024",2024-SEP,PEVT_01067,ADDITION,JPPOWER,,674,SUSPICIOUS_STATE_COUNT
"September 30, 2024",2024-SEP,PEVT_01066,ADDITION,INOXINDIA,,674,SUSPICIOUS_STATE_COUNT
"September 30, 2024",2024-SEP,PEVT_01065,ADDITION,IREDA,,674,SUSPICIOUS_STATE_COUNT
"September 30, 2024",2024-SEP,PEVT_01064,ADDITION,INDGN,,674,SUSPICIOUS_STATE_COUNT
"September 30, 2024",2024-SEP,PEVT_01063,ADDITION,IFCI,,674,SUSPICIOUS_STATE_COUNT
"September 30, 2024",2024-SEP,PEVT_01062,ADDITION,GODREJAGRO,,673,SUSPICIOUS_STATE_COUNT
"September 30, 2024",2024-SEP,PEVT_01061,ADDITION,GODIGIT,,673,SUSPICIOUS_STATE_COUNT
"September 30, 2024",2024-SEP,PEVT_01060,ADDITION,GET&D,,673,SUSPICIOUS_STATE_COUNT
"September 30, 2024",2024-SEP,PEVT_01059,ADDITION,GRINFRA,,672,SUSPICIOUS_STATE_COUNT
"September 30, 2024",2024-SEP,PEVT_01058,ADDITION,BHARTIHEXA,,672,SUSPICIOUS_STATE_COUNT
"September 30, 2024",2024-SEP,PEVT_01057,ADDITION,BASF,,672,SUSPICIOUS_STATE_COUNT
"September 30, 2024",2024-SEP,PEVT_01056,ADDITION,ANANTRAJ,,672,SUSPICIOUS_STATE_COUNT
"September 30, 2024",2024-SEP,PEVT_01055,ADDITION,ABSLAMC,,672,SUSPICIOUS_STATE_COUNT
"September 30, 2024",2024-SEP,PEVT_01054,ADDITION,AADHARHFC,,672,SUSPICIOUS_STATE_COUNT
"September 30, 2024",2024-SEP,PEVT_01053,DELETION,IDEA,,673,SUSPICIOUS_STATE_COUNT
"September 30, 2024",2024-SEP,PEVT_01052,DELETION,VAIBHAVGBL,,673,SUSPICIOUS_STATE_COUNT
"September 30, 2024",2024-SEP,PEVT_01051,DELETION,TMB,,674,SUSPICIOUS_STATE_COUNT
"September 30, 2024",2024-SEP,PEVT_01050,DELETION,SUNTECK,,675,SUSPICIOUS_STATE_COUNT
"September 30, 2024",2024-SEP,PEVT_01049,DELETION,STLTECH,,676,SUSPICIOUS_STATE_COUNT
"September 30, 2024",2024-SEP,PEVT_01048,DELETION,SAFARI,,676,SUSPICIOUS_STATE_COUNT
"September 30, 2024",2024-SEP,PEVT_01047,DELETION,RBA,,677,SUSPICIOUS_STATE_COUNT
"September 30, 2024",2024-SEP,PEVT_01046,DELETION,PRINCEPIPE,,677,SUSPICIOUS_STATE_COUNT
"September 30, 2024",2024-SEP,PEVT_01045,DELETION,MTARTECH,,678,SUSPICIOUS_STATE_COUNT
"September 30, 2024",2024-SEP,PEVT_01044,DELETION,MEDPLUS,,678,SUSPICIOUS_STATE_COUNT
"September 30, 2024",2024-SEP,PEVT_01043,DELETION,MHRIL,,679,SUSPICIOUS_STATE_COUNT
"September 30, 2024",2024-SEP,PEVT_01042,DELETION,LXCHEM,,679,SUSPICIOUS_STATE_COUNT
"September 30, 2024",2024-SEP,PEVT_01041,DELETION,KRBL,,679,SUSPICIOUS_STATE_COUNT
"September 30, 2024",2024-SEP,PEVT_01040,DELETION,JKPAPER,,680,SUSPICIOUS_STATE_COUNT
"September 30, 2024",2024-SEP,PEVT_01039,DELETION,JAIBALAJI,,680,SUSPICIOUS_STATE_COUNT
"September 30, 2024",2024-SEP,PEVT_01038,DELETION,INDIGOPNTS,,680,SUSPICIOUS_STATE_COUNT
"September 30, 2024",2024-SEP,PEVT_01037,DELETION,HAPPYFORGE,,680,SUSPICIOUS_STATE_COUNT
"September 30, 2024",2024-SEP,PEVT_01036,DELETION,GMMPFAUDLR,,680,SUSPICIOUS_STATE_COUNT
"September 30, 2024",2024-SEP,PEVT_01035,DELETION,GLS,,680,SUSPICIOUS_STATE_COUNT
"September 30, 2024",2024-SEP,PEVT_01034,DELETION,FDC,,680,SUSPICIOUS_STATE_COUNT
"September 30, 2024",2024-SEP,PEVT_01033,DELETION,EPL,,680,SUSPICIOUS_STATE_COUNT
"September 30, 2024",2024-SEP,PEVT_01032,DELETION,DCMSHRIRAM,,681,SUSPICIOUS_STATE_COUNT
"September 30, 2024",2024-SEP,PEVT_01031,DELETION,CSBBANK,,682,SUSPICIOUS_STATE_COUNT
"September 30, 2024",2024-SEP,PEVT_01030,DELETION,BORORENEW,,683,SUSPICIOUS_STATE_COUNT
"September 30, 2024",2024-SEP,PEVT_01029,DELETION,ANURAS,,683,SUSPICIOUS_STATE_COUNT
"September 30, 2024",2024-SEP,PEVT_01028,DELETION,ALLCARGO,,683,SUSPICIOUS_STATE_COUNT
"September 30, 2024",2024-SEP,PEVT_01027,DELETION,AETHER,,683,SUSPICIOUS_STATE_COUNT
"July 31, 2024",2024-JUL,PEVT_01205,DELETION,PERSISTENT,,684,SUSPICIOUS_STATE_COUNT
"July 31, 2024",2024-JUL,PEVT_01204,DELETION,GODREJCP,,685,SUSPICIOUS_STATE_COUNT
"July 31, 2024",2024-JUL,PEVT_01203,ADDITION,DALBHARAT,,685,SUSPICIOUS_STATE_COUNT
"July 31, 2024",2024-JUL,PEVT_01202,DELETION,WIPRO,,686,SUSPICIOUS_STATE_COUNT
"July 31, 2024",2024-JUL,PEVT_01201,DELETION,INFY,,686,SUSPICIOUS_STATE_COUNT
"July 31, 2024",2024-JUL,PEVT_01200,DELETION,LALPATHLAB,,687,SUSPICIOUS_STATE_COUNT
"July 31, 2024",2024-JUL,PEVT_01199,DELETION,CERA,,687,SUSPICIOUS_STATE_COUNT
"July 31, 2024",2024-JUL,PEVT_01198,DELETION,AMBUJACEM,,688,SUSPICIOUS_STATE_COUNT
"June 28, 2024",2024-JUN,PEVT_00776,DELETION,ABB,,688,SUSPICIOUS_STATE_COUNT
"June 28, 2024",2024-JUN,PEVT_00157,ADDITION,ZYDUSLIFE,,687,SUSPICIOUS_STATE_COUNT
"June 28, 2024",2024-JUN,PEVT_00156,ADDITION,TITAGARH,,686,SUSPICIOUS_STATE_COUNT
"June 28, 2024",2024-JUN,PEVT_00155,ADDITION,THERMAX,,685,SUSPICIOUS_STATE_COUNT
"June 28, 2024",2024-JUN,PEVT_00154,ADDITION,TATAPOWER,,684,SUSPICIOUS_STATE_COUNT
"June 28, 2024",2024-JUN,PEVT_00153,ADDITION,SOBHA,,683,SUSPICIOUS_STATE_COUNT
"June 28, 2024",2024-JUN,PEVT_00152,ADDITION,SIEMENS,,682,SUSPICIOUS_STATE_COUNT
"June 28, 2024",2024-JUN,PEVT_00151,ADDITION,MOTHERSON,,681,SUSPICIOUS_STATE_COUNT
"June 28, 2024",2024-JUN,PEVT_00150,ADDITION,RVNL,,681,SUSPICIOUS_STATE_COUNT
"June 28, 2024",2024-JUN,PEVT_00149,ADDITION,PNB,,680,SUSPICIOUS_STATE_COUNT
"June 28, 2024",2024-JUN,PEVT_00148,ADDITION,OIL,,679,SUSPICIOUS_STATE_COUNT
"June 28, 2024",2024-JUN,PEVT_00147,ADDITION,NHPC,,678,SUSPICIOUS_STATE_COUNT
"June 28, 2024",2024-JUN,PEVT_00146,ADDITION,NBCC,,677,SUSPICIOUS_STATE_COUNT
"June 28, 2024",2024-JUN,PEVT_00145,ADDITION,NATIONALUM,,677,SUSPICIOUS_STATE_COUNT
"June 28, 2024",2024-JUN,PEVT_00144,ADDITION,M&M,,677,SUSPICIOUS_STATE_COUNT
"June 28, 2024",2024-JUN,PEVT_00143,ADDITION,KPIL,,676,SUSPICIOUS_STATE_COUNT
"June 28, 2024",2024-JUN,PEVT_00142,ADDITION,JWL,,675,SUSPICIOUS_STATE_COUNT
"June 28, 2024",2024-JUN,PEVT_00141,ADDITION,JSL,,674,SUSPICIOUS_STATE_COUNT
"June 28, 2024",2024-JUN,PEVT_00140,ADDITION,HUDCO,,673,SUSPICIOUS_STATE_COUNT
"June 28, 2024",2024-JUN,PEVT_00139,ADDITION,POWERINDIA,,673,SUSPICIOUS_STATE_COUNT
"June 28, 2024",2024-JUN,PEVT_00138,ADDITION,HINDCOPPER,,672,SUSPICIOUS_STATE_COUNT
"June 28, 2024",2024-JUN,PEVT_00137,ADDITION,HBLPOWER,,671,SUSPICIOUS_STATE_COUNT
"June 28, 2024",2024-JUN,PEVT_00136,ADDITION,EXIDEIND,,670,SUSPICIOUS_STATE_COUNT
"June 28, 2024",2024-JUN,PEVT_00135,ADDITION,DIXON,,669,SUSPICIOUS_STATE_COUNT
"June 28, 2024",2024-JUN,PEVT_00134,ADDITION,CUMMINSIND,,668,SUSPICIOUS_STATE_COUNT
"June 28, 2024",2024-JUN,PEVT_00133,ADDITION,BEL,,667,SUSPICIOUS_STATE_COUNT
"June 28, 2024",2024-JUN,PEVT_00132,ADDITION,BDL,,666,SUSPICIOUS_STATE_COUNT
"June 28, 2024",2024-JUN,PEVT_00131,ADDITION,BAJAJ-AUTO,,665,SUSPICIOUS_STATE_COUNT
"June 28, 2024",2024-JUN,PEVT_00130,ADDITION,ANANDRATHI,,664,SUSPICIOUS_STATE_COUNT
"June 28, 2024",2024-JUN,PEVT_00129,ADDITION,ADANIPOWER,,663,SUSPICIOUS_STATE_COUNT
"June 28, 2024",2024-JUN,PEVT_00128,ADDITION,ADANIPORTS,,662,SUSPICIOUS_STATE_COUNT
"June 28, 2024",2024-JUN,PEVT_00127,ADDITION,ABB,,661,SUSPICIOUS_STATE_COUNT
"June 28, 2024",2024-JUN,PEVT_00126,DELETION,ZENSARTECH,,661,SUSPICIOUS_STATE_COUNT
"June 28, 2024",2024-JUN,PEVT_00125,DELETION,WELCORP,,662,SUSPICIOUS_STATE_COUNT
"June 28, 2024",2024-JUN,PEVT_00124,DELETION,NIACL,,663,SUSPICIOUS_STATE_COUNT
"June 28, 2024",2024-JUN,PEVT_00123,DELETION,TATAINVEST,,664,SUSPICIOUS_STATE_COUNT
"June 28, 2024",2024-JUN,PEVT_00122,DELETION,SUPREMEIND,,665,SUSPICIOUS_STATE_COUNT
"June 28, 2024",2024-JUN,PEVT_00121,DELETION,SONATSOFTW,,666,SUSPICIOUS_STATE_COUNT
"June 28, 2024",2024-JUN,PEVT_00120,DELETION,SHYAMMETL,,667,SUSPICIOUS_STATE_COUNT
"June 28, 2024",2024-JUN,PEVT_00119,DELETION,SAFARI,,667,SUSPICIOUS_STATE_COUNT
"June 28, 2024",2024-JUN,PEVT_00118,DELETION,POLYCAB,,668,SUSPICIOUS_STATE_COUNT
"June 28, 2024",2024-JUN,PEVT_00117,DELETION,PNBHOUSING,,669,SUSPICIOUS_STATE_COUNT
"June 28, 2024",2024-JUN,PEVT_00116,DELETION,PCBL,,669,SUSPICIOUS_STATE_COUNT
"June 28, 2024",2024-JUN,PEVT_00115,DELETION,NLCINDIA,,670,SUSPICIOUS_STATE_COUNT
"June 28, 2024",2024-JUN,PEVT_00114,DELETION,MCX,,671,SUSPICIOUS_STATE_COUNT
"June 28, 2024",2024-JUN,PEVT_00113,DELETION,LUPIN,,672,SUSPICIOUS_STATE_COUNT
"June 28, 2024",2024-JUN,PEVT_00112,DELETION,KPITTECH,,673,SUSPICIOUS_STATE_COUNT
"June 28, 2024",2024-JUN,PEVT_00111,DELETION,KAYNES,,673,SUSPICIOUS_STATE_COUNT
"June 28, 2024",2024-JUN,PEVT_00110,DELETION,KARURVYSYA,,674,SUSPICIOUS_STATE_COUNT
"June 28, 2024",2024-JUN,PEVT_00109,DELETION,JYOTHYLAB,,674,SUSPICIOUS_STATE_COUNT
"June 28, 2024",2024-JUN,PEVT_00108,DELETION,JINDALSAW,,674,SUSPICIOUS_STATE_COUNT
"June 28, 2024",2024-JUN,PEVT_00107,DELETION,ITI,,675,SUSPICIOUS_STATE_COUNT
"June 28, 2024",2024-JUN,PEVT_00106,DELETION,IRCON,,676,SUSPICIOUS_STATE_COUNT
"June 28, 2024",2024-JUN,PEVT_00105,DELETION,MEDANTA,,677,SUSPICIOUS_STATE_COUNT
"June 28, 2024",2024-JUN,PEVT_00104,DELETION,GICRE,,678,SUSPICIOUS_STATE_COUNT
"June 28, 2024",2024-JUN,PEVT_00103,DELETION,FACT,,679,SUSPICIOUS_STATE_COUNT
"June 28, 2024",2024-JUN,PEVT_00102,DELETION,ECLERX,,680,SUSPICIOUS_STATE_COUNT
"June 28, 2024",2024-JUN,PEVT_00101,DELETION,CYIENT,,681,SUSPICIOUS_STATE_COUNT
"June 28, 2024",2024-JUN,PEVT_00100,DELETION,CDSL,,682,SUSPICIOUS_STATE_COUNT
"June 28, 2024",2024-JUN,PEVT_00099,DELETION,MAPMYINDIA,,683,SUSPICIOUS_STATE_COUNT
"June 28, 2024",2024-JUN,PEVT_00098,DELETION,BSOFT,,684,SUSPICIOUS_STATE_COUNT
"June 28, 2024",2024-JUN,PEVT_00097,DELETION,AUROPHARMA,,685,SUSPICIOUS_STATE_COUNT
"June 28, 2024",2024-JUN,PEVT_00096,DELETION,ANGELONE,,686,SUSPICIOUS_STATE_COUNT
"May 31, 2024",2024-MAY,PEVT_00834,ADDITION,TIINDIA,,686,SUSPICIOUS_STATE_COUNT
"May 31, 2024",2024-MAY,PEVT_00833,ADDITION,SRF,,685,SUSPICIOUS_STATE_COUNT
"May 31, 2024",2024-MAY,PEVT_00832,ADDITION,LUPIN,,684,SUSPICIOUS_STATE_COUNT
"May 31, 2024",2024-MAY,PEVT_00831,ADDITION,COFORGE,,684,SUSPICIOUS_STATE_COUNT
"May 31, 2024",2024-MAY,PEVT_00830,ADDITION,ZYDUSLIFE,,684,SUSPICIOUS_STATE_COUNT
"May 31, 2024",2024-MAY,PEVT_00829,ADDITION,ZENSARTECH,,683,SUSPICIOUS_STATE_COUNT
"May 31, 2024",2024-MAY,PEVT_00828,ADDITION,TRENT,,683,SUSPICIOUS_STATE_COUNT
"May 31, 2024",2024-MAY,PEVT_00827,ADDITION,SUNPHARMA,,683,SUSPICIOUS_STATE_COUNT
"May 31, 2024",2024-MAY,PEVT_00826,ADDITION,ROUTE,,682,SUSPICIOUS_STATE_COUNT
"May 31, 2024",2024-MAY,PEVT_00825,ADDITION,PRSMJOHNSN,,682,SUSPICIOUS_STATE_COUNT
"May 31, 2024",2024-MAY,PEVT_00824,ADDITION,PRAJIND,,681,SUSPICIOUS_STATE_COUNT
"May 31, 2024",2024-MAY,PEVT_00823,ADDITION,MMTC,,680,SUSPICIOUS_STATE_COUNT
"May 31, 2024",2024-MAY,PEVT_00822,ADDITION,MINDACORP,,679,SUSPICIOUS_STATE_COUNT
"May 31, 2024",2024-MAY,PEVT_00821,ADDITION,METROBRAND,,678,SUSPICIOUS_STATE_COUNT
"May 31, 2024",2024-MAY,PEVT_00820,ADDITION,MEDPLUS,,677,SUSPICIOUS_STATE_COUNT
"May 31, 2024",2024-MAY,PEVT_00819,ADDITION,MAXHEALTH,,676,SUSPICIOUS_STATE_COUNT
"May 31, 2024",2024-MAY,PEVT_00818,ADDITION,LODHA,,676,SUSPICIOUS_STATE_COUNT
"May 31, 2024",2024-MAY,PEVT_00817,ADDITION,INDUSTOWER,,675,SUSPICIOUS_STATE_COUNT
"May 31, 2024",2024-MAY,PEVT_00816,ADDITION,NYKAA,,674,SUSPICIOUS_STATE_COUNT
"May 31, 2024",2024-MAY,PEVT_00815,ADDITION,FORTIS,,674,SUSPICIOUS_STATE_COUNT
"May 31, 2024",2024-MAY,PEVT_00814,ADDITION,FINPIPE,,673,SUSPICIOUS_STATE_COUNT
"May 31, 2024",2024-MAY,PEVT_00813,ADDITION,FINCABLES,,673,SUSPICIOUS_STATE_COUNT
"May 31, 2024",2024-MAY,PEVT_00812,ADDITION,FDC,,672,SUSPICIOUS_STATE_COUNT
"May 31, 2024",2024-MAY,PEVT_00811,ADDITION,CAPLIPOINT,,671,SUSPICIOUS_STATE_COUNT
"May 31, 2024",2024-MAY,PEVT_00810,ADDITION,BATAINDIA,,671,SUSPICIOUS_STATE_COUNT
"May 31, 2024",2024-MAY,PEVT_00809,ADDITION,ASTERDM,,671,SUSPICIOUS_STATE_COUNT
"May 31, 2024",2024-MAY,PEVT_00808,ADDITION,AFFLE,,670,SUSPICIOUS_STATE_COUNT
"May 31, 2024",2024-MAY,PEVT_00807,ADDITION,ABFRL,,669,SUSPICIOUS_STATE_COUNT
"May 31, 2024",2024-MAY,PEVT_00806,ADDITION,ATGL,,668,SUSPICIOUS_STATE_COUNT
"May 31, 2024",2024-MAY,PEVT_00805,DELETION,WELSPUNLIV,,669,SUSPICIOUS_STATE_COUNT
"May 31, 2024",2024-MAY,PEVT_00804,DELETION,UPL,,670,SUSPICIOUS_STATE_COUNT
"May 31, 2024",2024-MAY,PEVT_00803,DELETION,TVSMOTOR,,671,SUSPICIOUS_STATE_COUNT
"May 31, 2024",2024-MAY,PEVT_00802,DELETION,TATASTEEL,,672,SUSPICIOUS_STATE_COUNT
"May 31, 2024",2024-MAY,PEVT_00801,DELETION,TATACOMM,,673,SUSPICIOUS_STATE_COUNT
"May 31, 2024",2024-MAY,PEVT_00800,DELETION,SUZLON,,674,SUSPICIOUS_STATE_COUNT
"May 31, 2024",2024-MAY,PEVT_00799,DELETION,PRESTIGE,,674,SUSPICIOUS_STATE_COUNT
"May 31, 2024",2024-MAY,PEVT_00798,DELETION,PNCINFRA,,674,SUSPICIOUS_STATE_COUNT
"May 31, 2024",2024-MAY,PEVT_00797,DELETION,PPLPHARMA,,675,SUSPICIOUS_STATE_COUNT
"May 31, 2024",2024-MAY,PEVT_00796,DELETION,NMDC,,676,SUSPICIOUS_STATE_COUNT
"May 31, 2024",2024-MAY,PEVT_00795,DELETION,LAURUSLABS,,677,SUSPICIOUS_STATE_COUNT
"May 31, 2024",2024-MAY,PEVT_00794,DELETION,JUBLPHARMA,,678,SUSPICIOUS_STATE_COUNT
"May 31, 2024",2024-MAY,PEVT_00793,DELETION,JKLAKSHMI,,678,SUSPICIOUS_STATE_COUNT
"May 31, 2024",2024-MAY,PEVT_00792,DELETION,JINDALSAW,,678,SUSPICIOUS_STATE_COUNT
"May 31, 2024",2024-MAY,PEVT_00791,DELETION,IRCON,,678,SUSPICIOUS_STATE_COUNT
"May 31, 2024",2024-MAY,PEVT_00790,DELETION,HONAUT,,679,SUSPICIOUS_STATE_COUNT
"May 31, 2024",2024-MAY,PEVT_00789,DELETION,GRASIM,,680,SUSPICIOUS_STATE_COUNT
"May 31, 2024",2024-MAY,PEVT_00788,DELETION,DIVISLAB,,681,SUSPICIOUS_STATE_COUNT
"May 31, 2024",2024-MAY,PEVT_00787,DELETION,CONCOR,,682,SUSPICIOUS_STATE_COUNT
"May 31, 2024",2024-MAY,PEVT_00786,DELETION,CAMS,,683,SUSPICIOUS_STATE_COUNT
"May 31, 2024",2024-MAY,PEVT_00785,DELETION,BIRLACORPN,,683,SUSPICIOUS_STATE_COUNT
"May 31, 2024",2024-MAY,PEVT_00784,DELETION,BIOCON,,684,SUSPICIOUS_STATE_COUNT
"May 31, 2024",2024-MAY,PEVT_00783,DELETION,AIAENG,,685,SUSPICIOUS_STATE_COUNT
"May 31, 2024",2024-MAY,PEVT_00782,DELETION,ADANIENT,,686,SUSPICIOUS_STATE_COUNT
"May 31, 2024",2024-MAY,PEVT_00781,DELETION,ABBOTINDIA,,687,SUSPICIOUS_STATE_COUNT
"April 26, 2024",2024-MAR,PEVT_01188,DELETION,IIFL,,688,SUSPICIOUS_STATE_COUNT
"April 26, 2024",2024-MAR,PEVT_01187,DELETION,BCG,,689,SUSPICIOUS_STATE_COUNT
"March 28, 2024",2024-MAR,PEVT_01301,ADDITION,TVSSCS,,688,SUSPICIOUS_STATE_COUNT
"March 28, 2024",2024-MAR,PEVT_01300,ADDITION,TITAGARH,,688,SUSPICIOUS_STATE_COUNT
"March 28, 2024",2024-MAR,PEVT_01299,ADDITION,TATATECH,,688,SUSPICIOUS_STATE_COUNT
"March 28, 2024",2024-MAR,PEVT_01298,ADDITION,TMB,,687,SUSPICIOUS_STATE_COUNT
"March 28, 2024",2024-MAR,PEVT_01297,ADDITION,SIGNATURE,,687,SUSPICIOUS_STATE_COUNT
"March 28, 2024",2024-MAR,PEVT_01296,ADDITION,SCHNEIDER,,687,SUSPICIOUS_STATE_COUNT
"March 28, 2024",2024-MAR,PEVT_01295,ADDITION,SBFC,,687,SUSPICIOUS_STATE_COUNT
"March 28, 2024",2024-MAR,PEVT_01294,ADDITION,RKFORGE,,687,SUSPICIOUS_STATE_COUNT
"March 28, 2024",2024-MAR,PEVT_01293,ADDITION,RAILTEL,,687,SUSPICIOUS_STATE_COUNT
"March 28, 2024",2024-MAR,PEVT_01292,ADDITION,RRKABEL,,687,SUSPICIOUS_STATE_COUNT
"March 28, 2024",2024-MAR,PEVT_01291,ADDITION,NUVAMA,,687,SUSPICIOUS_STATE_COUNT
"March 28, 2024",2024-MAR,PEVT_01290,ADDITION,MAHSEAMLES,,686,SUSPICIOUS_STATE_COUNT
"March 28, 2024",2024-MAR,PEVT_01289,ADDITION,LLOYDSME,,686,SUSPICIOUS_STATE_COUNT
"March 28, 2024",2024-MAR,PEVT_01288,ADDITION,JWL,,686,SUSPICIOUS_STATE_COUNT
"March 28, 2024",2024-MAR,PEVT_01287,ADDITION,JSWINFRA,,686,SUSPICIOUS_STATE_COUNT
"March 28, 2024",2024-MAR,PEVT_01286,ADDITION,JIOFIN,,686,SUSPICIOUS_STATE_COUNT
"March 28, 2024",2024-MAR,PEVT_01285,ADDITION,J&KBANK,,686,SUSPICIOUS_STATE_COUNT
"March 28, 2024",2024-MAR,PEVT_01284,ADDITION,JAIBALAJI,,685,SUSPICIOUS_STATE_COUNT
"March 28, 2024",2024-MAR,PEVT_01283,ADDITION,INOXWIND,,685,SUSPICIOUS_STATE_COUNT
"March 28, 2024",2024-MAR,PEVT_01282,ADDITION,IREDA,,685,SUSPICIOUS_STATE_COUNT
"March 28, 2024",2024-MAR,PEVT_01281,ADDITION,HONASA,,684,SUSPICIOUS_STATE_COUNT
"March 28, 2024",2024-MAR,PEVT_01280,ADDITION,HSCL,,684,SUSPICIOUS_STATE_COUNT
"March 28, 2024",2024-MAR,PEVT_01279,ADDITION,HBLPOWER,,684,SUSPICIOUS_STATE_COUNT
"March 28, 2024",2024-MAR,PEVT_01278,ADDITION,HAPPYFORGE,,683,SUSPICIOUS_STATE_COUNT
"March 28, 2024",2024-MAR,PEVT_01277,ADDITION,GMDCLTD,,683,SUSPICIOUS_STATE_COUNT
"March 28, 2024",2024-MAR,PEVT_01276,ADDITION,GRSE,,683,SUSPICIOUS_STATE_COUNT
"March 28, 2024",2024-MAR,PEVT_01275,ADDITION,ELECON,,682,SUSPICIOUS_STATE_COUNT
"March 28, 2024",2024-MAR,PEVT_01274,ADDITION,DOMS,,682,SUSPICIOUS_STATE_COUNT
"March 28, 2024",2024-MAR,PEVT_01273,ADDITION,CHENNPETRO,,682,SUSPICIOUS_STATE_COUNT
"March 28, 2024",2024-MAR,PEVT_01272,ADDITION,CELLO,,681,SUSPICIOUS_STATE_COUNT
"March 28, 2024",2024-MAR,PEVT_01271,ADDITION,CAPLIPOINT,,681,SUSPICIOUS_STATE_COUNT
"March 28, 2024",2024-MAR,PEVT_01270,ADDITION,ASTRAZEN,,680,SUSPICIOUS_STATE_COUNT
"March 28, 2024",2024-MAR,PEVT_01269,ADDITION,ANANDRATHI,,680,SUSPICIOUS_STATE_COUNT
"March 28, 2024",2024-MAR,PEVT_01268,ADDITION,ACE,,680,SUSPICIOUS_STATE_COUNT
"March 28, 2024",2024-MAR,PEVT_01267,DELETION,ZYDUSWELL,,681,SUSPICIOUS_STATE_COUNT
"March 28, 2024",2024-MAR,PEVT_01266,DELETION,VMART,,682,SUSPICIOUS_STATE_COUNT
"March 28, 2024",2024-MAR,PEVT_01265,DELETION,VINATIORGA,,683,SUSPICIOUS_STATE_COUNT
"March 28, 2024",2024-MAR,PEVT_01264,DELETION,VGUARD,,683,SUSPICIOUS_STATE_COUNT
"March 28, 2024",2024-MAR,PEVT_01263,DELETION,TTKPRESTIG,,684,SUSPICIOUS_STATE_COUNT
"March 28, 2024",2024-MAR,PEVT_01262,DELETION,TEAMLEASE,,685,SUSPICIOUS_STATE_COUNT
"March 28, 2024",2024-MAR,PEVT_01261,DELETION,SYMPHONY,,686,SUSPICIOUS_STATE_COUNT
"March 28, 2024",2024-MAR,PEVT_01260,DELETION,SUPRAJIT,,687,SUSPICIOUS_STATE_COUNT
"March 28, 2024",2024-MAR,PEVT_01259,DELETION,SHOPERSTOP,,688,SUSPICIOUS_STATE_COUNT
"March 28, 2024",2024-MAR,PEVT_01258,DELETION,SFL,,689,SUSPICIOUS_STATE_COUNT
"March 28, 2024",2024-MAR,PEVT_01257,DELETION,SHARDACROP,,690,SUSPICIOUS_STATE_COUNT
"March 28, 2024",2024-MAR,PEVT_01256,DELETION,ROSSARI,,691,SUSPICIOUS_STATE_COUNT
"March 28, 2024",2024-MAR,PEVT_01255,DELETION,RELAXO,,692,SUSPICIOUS_STATE_COUNT
"March 28, 2024",2024-MAR,PEVT_01254,DELETION,RALLIS,,693,SUSPICIOUS_STATE_COUNT
"March 28, 2024",2024-MAR,PEVT_01253,DELETION,RAIN,,694,SUSPICIOUS_STATE_COUNT
"March 28, 2024",2024-MAR,PEVT_01252,DELETION,PGHL,,695,SUSPICIOUS_STATE_COUNT
"March 28, 2024",2024-MAR,PEVT_01251,DELETION,POLYPLEX,,696,SUSPICIOUS_STATE_COUNT
"March 28, 2024",2024-MAR,PEVT_01250,DELETION,PFIZER,,697,SUSPICIOUS_STATE_COUNT
"March 28, 2024",2024-MAR,PEVT_01249,DELETION,ORIENTELEC,,698,SUSPICIOUS_STATE_COUNT
"March 28, 2024",2024-MAR,PEVT_01248,DELETION,NAZARA,,699,SUSPICIOUS_STATE_COUNT
"March 28, 2024",2024-MAR,PEVT_01247,DELETION,LUXIND,,700,SUSPICIOUS_STATE_COUNT
"March 28, 2024",2024-MAR,PEVT_01246,DELETION,LAXMIMACH,,701,SUSPICIOUS_STATE_COUNT
"March 28, 2024",2024-MAR,PEVT_01245,DELETION,JAMNAAUTO,,702,SUSPICIOUS_STATE_COUNT
"March 28, 2024",2024-MAR,PEVT_01244,DELETION,INGERRAND,,703,SUSPICIOUS_STATE_COUNT
"March 28, 2024",2024-MAR,PEVT_01243,DELETION,INFIBEAM,,704,SUSPICIOUS_STATE_COUNT
"March 28, 2024",2024-MAR,PEVT_01242,DELETION,HLEGLAS,,705,SUSPICIOUS_STATE_COUNT
"March 28, 2024",2024-MAR,PEVT_01241,DELETION,GUJALKALI,,706,SUSPICIOUS_STATE_COUNT
"March 28, 2024",2024-MAR,PEVT_01240,DELETION,GOCOLORS,,707,SUSPICIOUS_STATE_COUNT
"March 28, 2024",2024-MAR,PEVT_01239,DELETION,GALAXYSURF,,708,SUSPICIOUS_STATE_COUNT
"March 28, 2024",2024-MAR,PEVT_01238,DELETION,GRINFRA,,709,SUSPICIOUS_STATE_COUNT
"March 28, 2024",2024-MAR,PEVT_01237,DELETION,EPIGRAL,,710,SUSPICIOUS_STATE_COUNT
"March 28, 2024",2024-MAR,PEVT_01236,DELETION,DELTACORP,,711,SUSPICIOUS_STATE_COUNT
"March 28, 2024",2024-MAR,PEVT_01235,DELETION,BCG,,711,SUSPICIOUS_STATE_COUNT
"March 28, 2024",2024-MAR,PEVT_01234,DELETION,AARTIDRUGS,,712,SUSPICIOUS_STATE_COUNT
"March 28, 2024",2024-MAR,PEVT_00682,ADDITION,BSE LTD.*,,712,SUSPICIOUS_STATE_COUNT
"March 28, 2024",2024-MAR,PEVT_00681,ADDITION,"INDIAN RENEWABLE ENERGY DEV.
AGENCY LTD.",,712,SUSPICIOUS_STATE_COUNT
"January 31, 2024",2024-JAN,PEVT_00680,ADDITION,RCF,,711,SUSPICIOUS_STATE_COUNT
"January 31, 2024",2024-JAN,PEVT_00679,ADDITION,JUBLPHARMA,,710,SUSPICIOUS_STATE_COUNT
"October 26, 2023",2023-SEP,PEVT_00650,DELETION,CONCORDBIO,,711,SUSPICIOUS_STATE_COUNT
"October 26, 2023",2023-SEP,PEVT_00649,DELETION,KIRLFER,,712,SUSPICIOUS_STATE_COUNT
"September 29, 2023",2023-SEP,PEVT_00646,ADDITION,USHAMART,,712,SUSPICIOUS_STATE_COUNT
"September 29, 2023",2023-SEP,PEVT_00645,ADDITION,UJJIVANSFB,,711,SUSPICIOUS_STATE_COUNT
"September 29, 2023",2023-SEP,PEVT_00644,ADDITION,SYRMA,,711,SUSPICIOUS_STATE_COUNT
"September 29, 2023",2023-SEP,PEVT_00643,ADDITION,SYMPHONY,,710,SUSPICIOUS_STATE_COUNT
"September 29, 2023",2023-SEP,PEVT_00642,ADDITION,SFL,,709,SUSPICIOUS_STATE_COUNT
"September 29, 2023",2023-SEP,PEVT_00641,ADDITION,SAREGAMA,,709,SUSPICIOUS_STATE_COUNT
"September 29, 2023",2023-SEP,PEVT_00640,ADDITION,SAFARI,,708,SUSPICIOUS_STATE_COUNT
"September 29, 2023",2023-SEP,PEVT_00639,ADDITION,PGHL,,707,SUSPICIOUS_STATE_COUNT
"September 29, 2023",2023-SEP,PEVT_00638,ADDITION,MINDACORP,,707,SUSPICIOUS_STATE_COUNT
"September 29, 2023",2023-SEP,PEVT_00637,ADDITION,KIRLFER,,706,SUSPICIOUS_STATE_COUNT
"September 29, 2023",2023-SEP,PEVT_00636,ADDITION,KAYNES,,705,SUSPICIOUS_STATE_COUNT
"September 29, 2023",2023-SEP,PEVT_00635,ADDITION,JINDALSAW,,704,SUSPICIOUS_STATE_COUNT
"September 29, 2023",2023-SEP,PEVT_00634,ADDITION,IRCON,,703,SUSPICIOUS_STATE_COUNT
"September 29, 2023",2023-SEP,PEVT_00633,ADDITION,GPIL,,702,SUSPICIOUS_STATE_COUNT
"September 29, 2023",2023-SEP,PEVT_00632,ADDITION,GLS,,701,SUSPICIOUS_STATE_COUNT
"September 29, 2023",2023-SEP,PEVT_00631,ADDITION,GILLETTE,,701,SUSPICIOUS_STATE_COUNT
"September 29, 2023",2023-SEP,PEVT_00630,ADDITION,ALOKINDS,,700,SUSPICIOUS_STATE_COUNT
"September 29, 2023",2023-SEP,PEVT_00629,ADDITION,ALLCARGO,,699,SUSPICIOUS_STATE_COUNT
"September 29, 2023",2023-SEP,PEVT_00628,DELETION,UFLEX,,700,SUSPICIOUS_STATE_COUNT
"September 29, 2023",2023-SEP,PEVT_00627,DELETION,TCI,,701,SUSPICIOUS_STATE_COUNT
"September 29, 2023",2023-SEP,PEVT_00626,DELETION,TCNSBRANDS,,702,SUSPICIOUS_STATE_COUNT
"September 29, 2023",2023-SEP,PEVT_00625,DELETION,TCIEXP,,703,SUSPICIOUS_STATE_COUNT
"September 29, 2023",2023-SEP,PEVT_00624,DELETION,TMB,,704,SUSPICIOUS_STATE_COUNT
"September 29, 2023",2023-SEP,PEVT_00623,DELETION,NOCIL,,705,SUSPICIOUS_STATE_COUNT
"September 29, 2023",2023-SEP,PEVT_00622,DELETION,MAHLOG,,706,SUSPICIOUS_STATE_COUNT
"September 29, 2023",2023-SEP,PEVT_00621,DELETION,RUSTOMJEE,,707,SUSPICIOUS_STATE_COUNT
"September 29, 2023",2023-SEP,PEVT_00620,DELETION,KENNAMET,,708,SUSPICIOUS_STATE_COUNT
"September 29, 2023",2023-SEP,PEVT_00619,DELETION,JINDWORLD,,709,SUSPICIOUS_STATE_COUNT
"September 29, 2023",2023-SEP,PEVT_00618,DELETION,IBREALEST,,710,SUSPICIOUS_STATE_COUNT
"September 29, 2023",2023-SEP,PEVT_00617,DELETION,IFBIND,,711,SUSPICIOUS_STATE_COUNT
"September 29, 2023",2023-SEP,PEVT_00616,DELETION,HGS,,712,SUSPICIOUS_STATE_COUNT
"September 29, 2023",2023-SEP,PEVT_00615,DELETION,HIKAL,,713,SUSPICIOUS_STATE_COUNT
"September 29, 2023",2023-SEP,PEVT_00614,DELETION,GREENPANEL,,714,SUSPICIOUS_STATE_COUNT
"September 29, 2023",2023-SEP,PEVT_00613,DELETION,GODREJAGRO,,715,SUSPICIOUS_STATE_COUNT
"September 29, 2023",2023-SEP,PEVT_00612,DELETION,GARFIBRES,,716,SUSPICIOUS_STATE_COUNT
"September 29, 2023",2023-SEP,PEVT_00611,DELETION,BASF,,717,SUSPICIOUS_STATE_COUNT
"August 31, 2023",2023-SEP,PEVT_01026,ADDITION,THERMAX,,717,SUSPICIOUS_STATE_COUNT
"August 31, 2023",2023-SEP,PEVT_01025,ADDITION,METROPOLIS,,716,SUSPICIOUS_STATE_COUNT
"August 31, 2023",2023-SEP,PEVT_01024,ADDITION,BIOCON,,715,SUSPICIOUS_STATE_COUNT
"August 31, 2023",2023-SEP,PEVT_01023,ADDITION,ACI,,714,SUSPICIOUS_STATE_COUNT
"August 31, 2023",2023-SEP,PEVT_01022,ADDITION,AEGISCHEM,,714,SUSPICIOUS_STATE_COUNT
"August 31, 2023",2023-SEP,PEVT_01021,DELETION,ZYDUSLIFE,,715,SUSPICIOUS_STATE_COUNT
"August 31, 2023",2023-SEP,PEVT_01020,DELETION,ZENSARTECH,,716,SUSPICIOUS_STATE_COUNT
"August 31, 2023",2023-SEP,PEVT_01019,DELETION,PFIZER,,716,SUSPICIOUS_STATE_COUNT
"August 31, 2023",2023-SEP,PEVT_01018,DELETION,MAHLOG,,716,SUSPICIOUS_STATE_COUNT
"August 31, 2023",2023-SEP,PEVT_01017,DELETION,MAHLIFE,,716,SUSPICIOUS_STATE_COUNT
"August 31, 2023",2023-SEP,PEVT_01016,DELETION,GPPL,,716,SUSPICIOUS_STATE_COUNT
"July 31, 2023",2023-JUL,PEVT_01197,ADDITION,TATACHEM,,716,SUSPICIOUS_STATE_COUNT
"July 31, 2023",2023-JUL,PEVT_01196,ADDITION,CROMPTON,,716,SUSPICIOUS_STATE_COUNT
"July 31, 2023",2023-JUL,PEVT_01195,DELETION,SWSOLAR,,717,SUSPICIOUS_STATE_COUNT
"July 31, 2023",2023-JUL,PEVT_01194,DELETION,GLAXO,,718,SUSPICIOUS_STATE_COUNT
"July 31, 2023",2023-JUL,PEVT_01193,DELETION,BALKRISIND,,719,SUSPICIOUS_STATE_COUNT
"July 31, 2023",2023-JUL,PEVT_01192,DELETION,AWL,,720,SUSPICIOUS_STATE_COUNT
"July 31, 2023",2023-JUL,PEVT_01191,DELETION,ATGL,,721,SUSPICIOUS_STATE_COUNT
"July 13, 2023",2023-JUL,PEVT_00046,DELETION,MANKIND,,721,SUSPICIOUS_STATE_COUNT
"July 13, 2023",2023-JUL,PEVT_00045,DELETION,HDFC,,722,SUSPICIOUS_STATE_COUNT
"March 31, 2023",2023-MAR,PEVT_00600,ADDITION,TMB,,721,SUSPICIOUS_STATE_COUNT
"March 31, 2023",2023-MAR,PEVT_00599,ADDITION,PEL,,720,SUSPICIOUS_STATE_COUNT
"March 31, 2023",2023-MAR,PEVT_00598,ADDITION,NMDC,,719,SUSPICIOUS_STATE_COUNT
"March 31, 2023",2023-MAR,PEVT_00597,ADDITION,MFL,,719,SUSPICIOUS_STATE_COUNT
"March 31, 2023",2023-MAR,PEVT_00596,ADDITION,KSB,,718,SUSPICIOUS_STATE_COUNT
"March 31, 2023",2023-MAR,PEVT_00595,ADDITION,KFINTECH,,717,SUSPICIOUS_STATE_COUNT
"March 31, 2023",2023-MAR,PEVT_00594,ADDITION,RUSTOMJEE,,716,SUSPICIOUS_STATE_COUNT
"March 31, 2023",2023-MAR,PEVT_00593,ADDITION,KENNAMET,,715,SUSPICIOUS_STATE_COUNT
"March 31, 2023",2023-MAR,PEVT_00592,ADDITION,JINDWORLD,,714,SUSPICIOUS_STATE_COUNT
"March 31, 2023",2023-MAR,PEVT_00591,ADDITION,INGERRAND,,713,SUSPICIOUS_STATE_COUNT
"March 31, 2023",2023-MAR,PEVT_00590,ADDITION,MEDANTA,,712,SUSPICIOUS_STATE_COUNT
"March 31, 2023",2023-MAR,PEVT_00589,ADDITION,FIVESTAR,,712,SUSPICIOUS_STATE_COUNT
"March 31, 2023",2023-MAR,PEVT_00588,ADDITION,DATAPATTNS,,712,SUSPICIOUS_STATE_COUNT
"March 31, 2023",2023-MAR,PEVT_00587,ADDITION,CRAFTSMAN,,712,SUSPICIOUS_STATE_COUNT
"March 31, 2023",2023-MAR,PEVT_00586,ADDITION,BLS,,712,SUSPICIOUS_STATE_COUNT
"March 31, 2023",2023-MAR,PEVT_00585,ADDITION,BIKAJI,,712,SUSPICIOUS_STATE_COUNT
"March 31, 2023",2023-MAR,PEVT_00584,ADDITION,ACI,,712,SUSPICIOUS_STATE_COUNT
"March 31, 2023",2023-MAR,PEVT_00583,ADDITION,APARINDS,,711,SUSPICIOUS_STATE_COUNT
"March 31, 2023",2023-MAR,PEVT_00582,ADDITION,ADANIPOWER,,711,SUSPICIOUS_STATE_COUNT
"March 31, 2023",2023-MAR,PEVT_00581,ADDITION,AARTIIND,,711,SUSPICIOUS_STATE_COUNT
"March 31, 2023",2023-MAR,PEVT_00580,DELETION,WOCKPHARMA,,712,SUSPICIOUS_STATE_COUNT
"March 31, 2023",2023-MAR,PEVT_00579,DELETION,THYROCARE,,713,SUSPICIOUS_STATE_COUNT
"March 31, 2023",2023-MAR,PEVT_00578,DELETION,TATACOFFEE,,714,SUSPICIOUS_STATE_COUNT
"March 31, 2023",2023-MAR,PEVT_00577,DELETION,SYMPHONY,,715,SUSPICIOUS_STATE_COUNT
"March 31, 2023",2023-MAR,PEVT_00576,DELETION,SUDARSCHEM,,716,SUSPICIOUS_STATE_COUNT
"March 31, 2023",2023-MAR,PEVT_00575,DELETION,SIS,,717,SUSPICIOUS_STATE_COUNT
"March 31, 2023",2023-MAR,PEVT_00574,DELETION,SHILPAMED,,718,SUSPICIOUS_STATE_COUNT
"March 31, 2023",2023-MAR,PEVT_00573,DELETION,SFL,,719,SUSPICIOUS_STATE_COUNT
"March 31, 2023",2023-MAR,PEVT_00572,DELETION,PGHL,,720,SUSPICIOUS_STATE_COUNT
"March 31, 2023",2023-MAR,PEVT_00571,DELETION,PRIVISCL,,721,SUSPICIOUS_STATE_COUNT
"March 31, 2023",2023-MAR,PEVT_00570,DELETION,MOIL,,722,SUSPICIOUS_STATE_COUNT
"March 31, 2023",2023-MAR,PEVT_00569,DELETION,INDOCO,,723,SUSPICIOUS_STATE_COUNT
"March 31, 2023",2023-MAR,PEVT_00568,DELETION,HATSUN,,724,SUSPICIOUS_STATE_COUNT
"March 31, 2023",2023-MAR,PEVT_00567,DELETION,DBL,,725,SUSPICIOUS_STATE_COUNT
"March 31, 2023",2023-MAR,PEVT_00566,DELETION,DHANI,,726,SUSPICIOUS_STATE_COUNT
"March 31, 2023",2023-MAR,PEVT_00565,DELETION,CAPLIPOINT,,727,SUSPICIOUS_STATE_COUNT
"March 31, 2023",2023-MAR,PEVT_00564,DELETION,BHARATRAS,,728,SUSPICIOUS_STATE_COUNT
"March 31, 2023",2023-MAR,PEVT_00563,DELETION,ASTRAZEN,,729,SUSPICIOUS_STATE_COUNT
"March 31, 2023",2023-MAR,PEVT_00562,DELETION,ALOKINDS,,730,SUSPICIOUS_STATE_COUNT
"March 31, 2023",2023-MAR,PEVT_00561,DELETION,ABSLAMC,,731,SUSPICIOUS_STATE_COUNT
"February 17, 2023",2023-MAR,PEVT_00261,DELETION,PPLPHARMA,,731,SUSPICIOUS_STATE_COUNT
"February 17, 2023",2023-MAR,PEVT_00260,DELETION,INOXLEISUR,,732,SUSPICIOUS_STATE_COUNT
"September 30, 2022",2022-SEP,PEVT_00038,ADDITION,MANYAVAR,,731,SUSPICIOUS_STATE_COUNT
"September 30, 2022",2022-SEP,PEVT_00037,ADDITION,TCI,,730,SUSPICIOUS_STATE_COUNT
"September 30, 2022",2022-SEP,PEVT_00036,ADDITION,TEJASNET,,730,SUSPICIOUS_STATE_COUNT
"September 30, 2022",2022-SEP,PEVT_00035,ADDITION,SWANENERGY,,730,SUSPICIOUS_STATE_COUNT
"September 30, 2022",2022-SEP,PEVT_00034,ADDITION,SHARDACROP,,729,SUSPICIOUS_STATE_COUNT
"September 30, 2022",2022-SEP,PEVT_00033,ADDITION,MOTHERSON,,729,SUSPICIOUS_STATE_COUNT
"September 30, 2022",2022-SEP,PEVT_00032,ADDITION,RAYMOND,,729,SUSPICIOUS_STATE_COUNT
"September 30, 2022",2022-SEP,PEVT_00031,ADDITION,PATANJALI,,729,SUSPICIOUS_STATE_COUNT
"September 30, 2022",2022-SEP,PEVT_00030,ADDITION,OLECTRA,,729,SUSPICIOUS_STATE_COUNT
"September 30, 2022",2022-SEP,PEVT_00029,ADDITION,NIITLTD,,729,SUSPICIOUS_STATE_COUNT
"September 30, 2022",2022-SEP,PEVT_00028,ADDITION,MSUMI,,728,SUSPICIOUS_STATE_COUNT
"September 30, 2022",2022-SEP,PEVT_00027,ADDITION,MAHLIFE,,727,SUSPICIOUS_STATE_COUNT
"September 30, 2022",2022-SEP,PEVT_00026,ADDITION,JBMA,,727,SUSPICIOUS_STATE_COUNT
"September 30, 2022",2022-SEP,PEVT_00025,ADDITION,GREENPANEL,,726,SUSPICIOUS_STATE_COUNT
"September 30, 2022",2022-SEP,PEVT_00024,ADDITION,DEEPAKFERT,,726,SUSPICIOUS_STATE_COUNT
"September 30, 2022",2022-SEP,PEVT_00023,ADDITION,BHARATRAS,,725,SUSPICIOUS_STATE_COUNT
"September 30, 2022",2022-SEP,PEVT_00022,ADDITION,AETHER,,724,SUSPICIOUS_STATE_COUNT
"September 30, 2022",2022-SEP,PEVT_00021,ADDITION,AWL,,723,SUSPICIOUS_STATE_COUNT
"September 30, 2022",2022-SEP,PEVT_00020,DELETION,VENKEYS,,724,SUSPICIOUS_STATE_COUNT
"September 30, 2022",2022-SEP,PEVT_00019,DELETION,VAKRANGEE,,725,SUSPICIOUS_STATE_COUNT
"September 30, 2022",2022-SEP,PEVT_00018,DELETION,UCOBANK,,726,SUSPICIOUS_STATE_COUNT
"September 30, 2022",2022-SEP,PEVT_00017,DELETION,TATASTLLP,,727,SUSPICIOUS_STATE_COUNT
"September 30, 2022",2022-SEP,PEVT_00016,DELETION,STAR,,728,SUSPICIOUS_STATE_COUNT
"September 30, 2022",2022-SEP,PEVT_00015,DELETION,SPICEJET,,729,SUSPICIOUS_STATE_COUNT
"September 30, 2022",2022-SEP,PEVT_00014,DELETION,SOLARA,,730,SUSPICIOUS_STATE_COUNT
"September 30, 2022",2022-SEP,PEVT_00013,DELETION,SEQUENT,,731,SUSPICIOUS_STATE_COUNT
"September 30, 2022",2022-SEP,PEVT_00012,DELETION,RAILTEL,,732,SUSPICIOUS_STATE_COUNT
"September 30, 2022",2022-SEP,PEVT_00011,DELETION,NESCO,,733,SUSPICIOUS_STATE_COUNT
"September 30, 2022",2022-SEP,PEVT_00010,DELETION,MINDTREE,,734,SUSPICIOUS_STATE_COUNT
"September 30, 2022",2022-SEP,PEVT_00009,DELETION,IRCON,,735,SUSPICIOUS_STATE_COUNT
"September 30, 2022",2022-SEP,PEVT_00008,DELETION,ICIL,,736,SUSPICIOUS_STATE_COUNT
"September 30, 2022",2022-SEP,PEVT_00007,DELETION,HEMIPROP,,737,SUSPICIOUS_STATE_COUNT
"September 30, 2022",2022-SEP,PEVT_00006,DELETION,HATHWAY,,738,SUSPICIOUS_STATE_COUNT
"September 30, 2022",2022-SEP,PEVT_00005,DELETION,GLS,,739,SUSPICIOUS_STATE_COUNT
"September 30, 2022",2022-SEP,PEVT_00004,DELETION,ERIS,,739,SUSPICIOUS_STATE_COUNT
"September 30, 2022",2022-SEP,PEVT_00003,DELETION,ADVENZYMES,,740,SUSPICIOUS_STATE_COUNT
"August 30, 2022",2022-SEP,PEVT_01015,ADDITION,ZYDUSLIFE,,739,SUSPICIOUS_STATE_COUNT
"August 30, 2022",2022-SEP,PEVT_01014,ADDITION,ZFCVINDIA,,738,SUSPICIOUS_STATE_COUNT
"August 30, 2022",2022-SEP,PEVT_01013,ADDITION,ZENSARTECH,,737,SUSPICIOUS_STATE_COUNT
"August 30, 2022",2022-SEP,PEVT_01012,ADDITION,VIPIND,,736,SUSPICIOUS_STATE_COUNT
"August 30, 2022",2022-SEP,PEVT_01011,ADDITION,SOBHA,,736,SUSPICIOUS_STATE_COUNT
"August 30, 2022",2022-SEP,PEVT_01010,ADDITION,SHREECEM,,735,SUSPICIOUS_STATE_COUNT
"August 30, 2022",2022-SEP,PEVT_01009,ADDITION,NUVOCO,,734,SUSPICIOUS_STATE_COUNT
"August 30, 2022",2022-SEP,PEVT_01008,ADDITION,GPPL,,733,SUSPICIOUS_STATE_COUNT
"August 30, 2022",2022-SEP,PEVT_01007,ADDITION,CLEAN,,732,SUSPICIOUS_STATE_COUNT
"August 30, 2022",2022-SEP,PEVT_01006,ADDITION,BORORENEW,,731,SUSPICIOUS_STATE_COUNT
"August 30, 2022",2022-SEP,PEVT_01005,DELETION,WELCORP,,731,SUSPICIOUS_STATE_COUNT
"August 30, 2022",2022-SEP,PEVT_01004,DELETION,SUDARSCHEM,,731,SUSPICIOUS_STATE_COUNT
"August 30, 2022",2022-SEP,PEVT_01003,DELETION,ROUTE,,732,SUSPICIOUS_STATE_COUNT
"August 30, 2022",2022-SEP,PEVT_01002,DELETION,GODREJAGRO,,732,SUSPICIOUS_STATE_COUNT
"August 30, 2022",2022-SEP,PEVT_01001,DELETION,CROMPTON,,733,SUSPICIOUS_STATE_COUNT
"August 30, 2022",2022-SEP,PEVT_01000,DELETION,AARTIDRUGS,,733,SUSPICIOUS_STATE_COUNT
"August 08, 2022",2022-SEP,PEVT_01225,DELETION,VOLTAS,,734,SUSPICIOUS_STATE_COUNT
"August 08, 2022",2022-SEP,PEVT_01224,ADDITION,WIPRO,,733,SUSPICIOUS_STATE_COUNT
"August 08, 2022",2022-SEP,PEVT_01223,ADDITION,TRIDENT,,733,SUSPICIOUS_STATE_COUNT
"August 08, 2022",2022-SEP,PEVT_01222,ADDITION,TATASTEEL,,732,SUSPICIOUS_STATE_COUNT
"August 08, 2022",2022-SEP,PEVT_01221,ADDITION,SYNGENE,,732,SUSPICIOUS_STATE_COUNT
"August 08, 2022",2022-SEP,PEVT_01220,ADDITION,PERSISTENT,,731,SUSPICIOUS_STATE_COUNT
"August 08, 2022",2022-SEP,PEVT_01219,ADDITION,LAXMIMACH,,730,SUSPICIOUS_STATE_COUNT
"August 08, 2022",2022-SEP,PEVT_01218,ADDITION,INFIBEAM,,729,SUSPICIOUS_STATE_COUNT
"August 08, 2022",2022-SEP,PEVT_01217,ADDITION,LALPATHLAB,,728,SUSPICIOUS_STATE_COUNT
"August 08, 2022",2022-SEP,PEVT_01216,ADDITION,CHEMPLASTS,,727,SUSPICIOUS_STATE_COUNT
"August 08, 2022",2022-SEP,PEVT_01215,ADDITION,BALAMINES,,726,SUSPICIOUS_STATE_COUNT
"August 08, 2022",2022-SEP,PEVT_01214,DELETION,TATASTLLP,,726,SUSPICIOUS_STATE_COUNT
"August 08, 2022",2022-SEP,PEVT_01213,DELETION,NMDC,,727,SUSPICIOUS_STATE_COUNT
"August 08, 2022",2022-SEP,PEVT_01212,DELETION,BRITANNIA,,728,SUSPICIOUS_STATE_COUNT
"August 08, 2022",2022-SEP,PEVT_00307,ADDITION,LICI,,728,SUSPICIOUS_STATE_COUNT
"August 08, 2022",2022-SEP,PEVT_00306,ADDITION,DELHIVERY,,728,SUSPICIOUS_STATE_COUNT
"August 08, 2022",2022-SEP,PEVT_00305,ADDITION,CAMPUS,,727,SUSPICIOUS_STATE_COUNT
"August 08, 2022",2022-SEP,PEVT_00304,DELETION,SHRIRAMCIT,,728,SUSPICIOUS_STATE_COUNT
"August 08, 2022",2022-SEP,PEVT_00303,DELETION,PEL,,729,SUSPICIOUS_STATE_COUNT
"August 08, 2022",2022-SEP,PEVT_00302,DELETION,NMDC,,729,SUSPICIOUS_STATE_COUNT
"June 30, 2022",2022-JUN,PEVT_00496,ADDITION,SRTRANSFIN,,729,SUSPICIOUS_STATE_COUNT
"June 30, 2022",2022-JUN,PEVT_00495,ADDITION,RBLBANK,,729,SUSPICIOUS_STATE_COUNT
"June 30, 2022",2022-JUN,PEVT_00494,ADDITION,PFIZER,,728,SUSPICIOUS_STATE_COUNT
"June 30, 2022",2022-JUN,PEVT_00493,ADDITION,MANAPPURAM,,728,SUSPICIOUS_STATE_COUNT
"June 30, 2022",2022-JUN,PEVT_00492,ADDITION,MGL,,728,SUSPICIOUS_STATE_COUNT
"June 30, 2022",2022-JUN,PEVT_00491,ADDITION,AUROPHARMA,,727,SUSPICIOUS_STATE_COUNT
"June 30, 2022",2022-JUN,PEVT_00490,DELETION,UJJIVAN,,728,SUSPICIOUS_STATE_COUNT
"June 30, 2022",2022-JUN,PEVT_00489,DELETION,JMFINANCIL,,729,SUSPICIOUS_STATE_COUNT
"June 30, 2022",2022-JUN,PEVT_00488,DELETION,IRB,,730,SUSPICIOUS_STATE_COUNT
"June 30, 2022",2022-JUN,PEVT_00487,DELETION,GNFC,,730,SUSPICIOUS_STATE_COUNT
"June 30, 2022",2022-JUN,PEVT_00486,DELETION,GESHIP,,731,SUSPICIOUS_STATE_COUNT
"June 30, 2022",2022-JUN,PEVT_00485,DELETION,EQUITAS,,732,SUSPICIOUS_STATE_COUNT
"May 31, 2022",2022-MAY,PEVT_01190,DELETION,TRIVENI,,732,SUSPICIOUS_STATE_COUNT
"May 31, 2022",2022-MAY,PEVT_01189,DELETION,JSLHISAR,,733,SUSPICIOUS_STATE_COUNT
"May 04, 2022",2022-MAY,PEVT_00050,DELETION,GMRINFRA,,734,SUSPICIOUS_STATE_COUNT
"May 04, 2022",2022-MAY,PEVT_00049,DELETION,AARTIIND,,735,SUSPICIOUS_STATE_COUNT
"April 12, 2022",2022-MAR,PEVT_00052,DELETION,CGCL,,736,SUSPICIOUS_STATE_COUNT
"April 12, 2022",2022-MAR,PEVT_00051,DELETION,BEML,,736,SUSPICIOUS_STATE_COUNT
"April 07, 2022",2022-MAR,PEVT_00071,DELETION,MTARTECH,,736,SUSPICIOUS_STATE_COUNT
"April 07, 2022",2022-MAR,PEVT_00070,DELETION,SUPPETRO,,737,SUSPICIOUS_STATE_COUNT
"March
31, 2022",2022-MAR,PEVT_01186,ADDITION,ZOMATO,,737,SUSPICIOUS_STATE_COUNT
"March
31, 2022",2022-MAR,PEVT_01185,ADDITION,VIJAYA,,737,SUSPICIOUS_STATE_COUNT
"March
31, 2022",2022-MAR,PEVT_01184,ADDITION,TATAINVEST,,736,SUSPICIOUS_STATE_COUNT
"March
31, 2022",2022-MAR,PEVT_01183,ADDITION,STARHEALTH,,736,SUSPICIOUS_STATE_COUNT
"March
31, 2022",2022-MAR,PEVT_01182,ADDITION,SHYAMMETL,,735,SUSPICIOUS_STATE_COUNT
"March
31, 2022",2022-MAR,PEVT_01181,ADDITION,RENUKA,,734,SUSPICIOUS_STATE_COUNT
"March
31, 2022",2022-MAR,PEVT_01180,ADDITION,SAREGAMA,,734,SUSPICIOUS_STATE_COUNT
"March
31, 2022",2022-MAR,PEVT_01179,ADDITION,SAPPHIRE,,734,SUSPICIOUS_STATE_COUNT
"March
31, 2022",2022-MAR,PEVT_01178,ADDITION,RTNINDIA,,733,SUSPICIOUS_STATE_COUNT
"March
31, 2022",2022-MAR,PEVT_01177,ADDITION,PRIVISCL,,732,SUSPICIOUS_STATE_COUNT
"March
31, 2022",2022-MAR,PEVT_01176,ADDITION,POLICYBZR,,732,SUSPICIOUS_STATE_COUNT
"March
31, 2022",2022-MAR,PEVT_01175,ADDITION,PAYTM,,732,SUSPICIOUS_STATE_COUNT
"March
31, 2022",2022-MAR,PEVT_01174,ADDITION,NUVOCO,,732,SUSPICIOUS_STATE_COUNT
"March
31, 2022",2022-MAR,PEVT_01173,ADDITION,METROBRAND,,732,SUSPICIOUS_STATE_COUNT
"March
31, 2022",2022-MAR,PEVT_01172,ADDITION,MEDPLUS,,732,SUSPICIOUS_STATE_COUNT
"March
31, 2022",2022-MAR,PEVT_01171,ADDITION,LATENTVIEW,,732,SUSPICIOUS_STATE_COUNT
"March
31, 2022",2022-MAR,PEVT_01170,ADDITION,KIMS,,731,SUSPICIOUS_STATE_COUNT
"March
31, 2022",2022-MAR,PEVT_01169,ADDITION,HLEGLAS,,730,SUSPICIOUS_STATE_COUNT
"March
31, 2022",2022-MAR,PEVT_01168,ADDITION,GOCOLORS,,729,SUSPICIOUS_STATE_COUNT
"March
31, 2022",2022-MAR,PEVT_01167,ADDITION,GLS,,728,SUSPICIOUS_STATE_COUNT
"March
31, 2022",2022-MAR,PEVT_01166,ADDITION,GRINFRA,,727,SUSPICIOUS_STATE_COUNT
"March
31, 2022",2022-MAR,PEVT_01165,ADDITION,NYKAA,,727,SUSPICIOUS_STATE_COUNT
"March
31, 2022",2022-MAR,PEVT_01164,ADDITION,EASEMYTRIP,,726,SUSPICIOUS_STATE_COUNT
"March
31, 2022",2022-MAR,PEVT_01163,ADDITION,DEVYANI,,726,SUSPICIOUS_STATE_COUNT
"March
31, 2022",2022-MAR,PEVT_01162,ADDITION,CLEAN,,726,SUSPICIOUS_STATE_COUNT
"March
31, 2022",2022-MAR,PEVT_01161,ADDITION,CHEMPLASTS,,726,SUSPICIOUS_STATE_COUNT
"March
31, 2022",2022-MAR,PEVT_01160,ADDITION,MAPMYINDIA,,725,SUSPICIOUS_STATE_COUNT
"March
31, 2022",2022-MAR,PEVT_01159,ADDITION,BCG,,724,SUSPICIOUS_STATE_COUNT
"March
31, 2022",2022-MAR,PEVT_01158,ADDITION,BORORENEW,,724,SUSPICIOUS_STATE_COUNT
"March
31, 2022",2022-MAR,PEVT_01157,ADDITION,APTUS,,724,SUSPICIOUS_STATE_COUNT
"March
31, 2022",2022-MAR,PEVT_01156,ADDITION,ALLCARGO,,724,SUSPICIOUS_STATE_COUNT
"March
31, 2022",2022-MAR,PEVT_01155,ADDITION,ABSLAMC,,723,SUSPICIOUS_STATE_COUNT
"March
31, 2022",2022-MAR,PEVT_01154,DELETION,VALIANTORG,,724,SUSPICIOUS_STATE_COUNT
"March
31, 2022",2022-MAR,PEVT_01153,DELETION,UJJIVANSFB,,725,SUSPICIOUS_STATE_COUNT
"March
31, 2022",2022-MAR,PEVT_01152,DELETION,UJJIVAN,,725,SUSPICIOUS_STATE_COUNT
"March
31, 2022",2022-MAR,PEVT_01151,DELETION,TASTYBITE,,726,SUSPICIOUS_STATE_COUNT
"March
31, 2022",2022-MAR,PEVT_01150,DELETION,STARCEMENT,,727,SUSPICIOUS_STATE_COUNT
"March
31, 2022",2022-MAR,PEVT_01149,DELETION,SPANDANA,,728,SUSPICIOUS_STATE_COUNT
"March
31, 2022",2022-MAR,PEVT_01148,DELETION,SHARDACROP,,729,SUSPICIOUS_STATE_COUNT
"March
31, 2022",2022-MAR,PEVT_01147,DELETION,SCHNEIDER,,730,SUSPICIOUS_STATE_COUNT
"March
31, 2022",2022-MAR,PEVT_01146,DELETION,NILKAMAL,,731,SUSPICIOUS_STATE_COUNT
"March
31, 2022",2022-MAR,PEVT_01145,DELETION,NFL,,732,SUSPICIOUS_STATE_COUNT
"March
31, 2022",2022-MAR,PEVT_01144,DELETION,MIDHANI,,733,SUSPICIOUS_STATE_COUNT
"March
31, 2022",2022-MAR,PEVT_01143,DELETION,MINDACORP,,734,SUSPICIOUS_STATE_COUNT
"March
31, 2022",2022-MAR,PEVT_01142,DELETION,LEMONTREE,,735,SUSPICIOUS_STATE_COUNT
"March
31, 2022",2022-MAR,PEVT_01141,DELETION,LAOPALA,,736,SUSPICIOUS_STATE_COUNT
"March
31, 2022",2022-MAR,PEVT_01140,DELETION,KSB,,737,SUSPICIOUS_STATE_COUNT
"March
31, 2022",2022-MAR,PEVT_01139,DELETION,KSCL,,738,SUSPICIOUS_STATE_COUNT
"March
31, 2022",2022-MAR,PEVT_01138,DELETION,JCHAC,,739,SUSPICIOUS_STATE_COUNT
"March
31, 2022",2022-MAR,PEVT_01137,DELETION,JKTYRE,,740,SUSPICIOUS_STATE_COUNT
"March
31, 2022",2022-MAR,PEVT_01136,DELETION,JINDALSAW,,741,SUSPICIOUS_STATE_COUNT
"March
31, 2022",2022-MAR,PEVT_01135,DELETION,IOLCP,,742,SUSPICIOUS_STATE_COUNT
"March
31, 2022",2022-MAR,PEVT_01134,DELETION,INGERRAND,,743,SUSPICIOUS_STATE_COUNT
"March
31, 2022",2022-MAR,PEVT_01133,DELETION,HEIDELBERG,,744,SUSPICIOUS_STATE_COUNT
"March
31, 2022",2022-MAR,PEVT_01132,DELETION,GREAVESCOT,,745,SUSPICIOUS_STATE_COUNT
"March
31, 2022",2022-MAR,PEVT_01131,DELETION,GILLETTE,,746,SUSPICIOUS_STATE_COUNT
"March
31, 2022",2022-MAR,PEVT_01130,DELETION,FRETAIL,,747,SUSPICIOUS_STATE_COUNT
"March
31, 2022",2022-MAR,PEVT_01129,DELETION,DHANUKA,,748,SUSPICIOUS_STATE_COUNT
"March
31, 2022",2022-MAR,PEVT_01128,DELETION,DCBBANK,,749,SUSPICIOUS_STATE_COUNT
"March
31, 2022",2022-MAR,PEVT_01127,DELETION,CGCL,,749,SUSPICIOUS_STATE_COUNT
"March
31, 2022",2022-MAR,PEVT_01126,DELETION,BHARATRAS,,750,SUSPICIOUS_STATE_COUNT
"March
31, 2022",2022-MAR,PEVT_01125,DELETION,BAJAJCON,,751,SUSPICIOUS_STATE_COUNT
"March
31, 2022",2022-MAR,PEVT_01124,DELETION,ASHOKA,,752,SUSPICIOUS_STATE_COUNT
"March
31, 2022",2022-MAR,PEVT_01123,DELETION,ALEMBICLTD,,753,SUSPICIOUS_STATE_COUNT
"December 31, 2021",2021-DEC,PEVT_00257,DELETION,TATACONSUM,,754,SUSPICIOUS_STATE_COUNT
"December 31, 2021",2021-DEC,PEVT_00256,DELETION,PFIZER,,755,SUSPICIOUS_STATE_COUNT
"December 31, 2021",2021-DEC,PEVT_00255,ADDITION,TATACHEM,,755,SUSPICIOUS_STATE_COUNT
"December 31, 2021",2021-DEC,PEVT_00254,ADDITION,NATIONALUM,,755,SUSPICIOUS_STATE_COUNT
"December 31, 2021",2021-DEC,PEVT_00253,ADDITION,IBREALEST,,754,SUSPICIOUS_STATE_COUNT
"December 31, 2021",2021-DEC,PEVT_00252,ADDITION,HINDCOPPER,,754,SUSPICIOUS_STATE_COUNT
"December 31, 2021",2021-DEC,PEVT_00251,DELETION,NCC,,755,SUSPICIOUS_STATE_COUNT
"December 31, 2021",2021-DEC,PEVT_00250,DELETION,ESCORTS,,756,SUSPICIOUS_STATE_COUNT
"December 31, 2021",2021-DEC,PEVT_00249,DELETION,BPCL,,757,SUSPICIOUS_STATE_COUNT
"December 31, 2021",2021-DEC,PEVT_00248,ADDITION,RADICO,,757,SUSPICIOUS_STATE_COUNT
"December 31, 2021",2021-DEC,PEVT_00247,ADDITION,LINDEINDIA,,757,SUSPICIOUS_STATE_COUNT
"December 31, 2021",2021-DEC,PEVT_00246,ADDITION,KEI,,757,SUSPICIOUS_STATE_COUNT
"December 31, 2021",2021-DEC,PEVT_00245,ADDITION,IRCTC,,756,SUSPICIOUS_STATE_COUNT
"December 31, 2021",2021-DEC,PEVT_00244,ADDITION,HAPPSTMNDS,,755,SUSPICIOUS_STATE_COUNT
"December 31, 2021",2021-DEC,PEVT_00243,ADDITION,CAMS,,754,SUSPICIOUS_STATE_COUNT
"December 31, 2021",2021-DEC,PEVT_00242,ADDITION,BSE,,754,SUSPICIOUS_STATE_COUNT
"December 31, 2021",2021-DEC,PEVT_00241,ADDITION,ANGELONE,,753,SUSPICIOUS_STATE_COUNT
"December 31, 2021",2021-DEC,PEVT_00240,DELETION,NAVINFLUOR,,754,SUSPICIOUS_STATE_COUNT
"December 31, 2021",2021-DEC,PEVT_00239,DELETION,JUBLFOOD,,755,SUSPICIOUS_STATE_COUNT
"December 31, 2021",2021-DEC,PEVT_00238,DELETION,INTELLECT,,756,SUSPICIOUS_STATE_COUNT
"December 31, 2021",2021-DEC,PEVT_00237,DELETION,INDIAMART,,757,SUSPICIOUS_STATE_COUNT
"December 31, 2021",2021-DEC,PEVT_00236,DELETION,DIVISLAB,,757,SUSPICIOUS_STATE_COUNT
"December 31, 2021",2021-DEC,PEVT_00235,DELETION,BALRAMCHIN,,758,SUSPICIOUS_STATE_COUNT
"December 31, 2021",2021-DEC,PEVT_00234,DELETION,ADANIGREEN,,759,SUSPICIOUS_STATE_COUNT
"December 31, 2021",2021-DEC,PEVT_00233,ADDITION,VEDL,,759,SUSPICIOUS_STATE_COUNT
"December 31, 2021",2021-DEC,PEVT_00232,ADDITION,UNIONBANK,,759,SUSPICIOUS_STATE_COUNT
"December 31, 2021",2021-DEC,PEVT_00231,ADDITION,REDINGTON,,759,SUSPICIOUS_STATE_COUNT
"December 31, 2021",2021-DEC,PEVT_00230,ADDITION,POWERGRID,,759,SUSPICIOUS_STATE_COUNT
"December 31, 2021",2021-DEC,PEVT_00229,ADDITION,POLYPLEX,,758,SUSPICIOUS_STATE_COUNT
"December 31, 2021",2021-DEC,PEVT_00228,ADDITION,PETRONET,,757,SUSPICIOUS_STATE_COUNT
"December 31, 2021",2021-DEC,PEVT_00227,ADDITION,JMFINANCIL,,756,SUSPICIOUS_STATE_COUNT
"December 31, 2021",2021-DEC,PEVT_00226,ADDITION,ITC,,756,SUSPICIOUS_STATE_COUNT
"December 31, 2021",2021-DEC,PEVT_00225,ADDITION,INDUSTOWER,,756,SUSPICIOUS_STATE_COUNT
"December 31, 2021",2021-DEC,PEVT_00224,ADDITION,IRFC,,755,SUSPICIOUS_STATE_COUNT
"December 31, 2021",2021-DEC,PEVT_00223,ADDITION,INDIANB,,755,SUSPICIOUS_STATE_COUNT
"December 31, 2021",2021-DEC,PEVT_00222,ADDITION,HINDZINC,,755,SUSPICIOUS_STATE_COUNT
"December 31, 2021",2021-DEC,PEVT_00221,ADDITION,EQUITAS,,754,SUSPICIOUS_STATE_COUNT
"December 31, 2021",2021-DEC,PEVT_00220,ADDITION,EDELWEISS,,754,SUSPICIOUS_STATE_COUNT
"December 31, 2021",2021-DEC,PEVT_00219,DELETION,WELCORP,,754,SUSPICIOUS_STATE_COUNT
"December 31, 2021",2021-DEC,PEVT_00218,DELETION,TATAPOWER,,755,SUSPICIOUS_STATE_COUNT
"December 31, 2021",2021-DEC,PEVT_00217,DELETION,TATAMOTORS,,755,SUSPICIOUS_STATE_COUNT
"December 31, 2021",2021-DEC,PEVT_00216,DELETION,TATACHEM,,756,SUSPICIOUS_STATE_COUNT
"December 31, 2021",2021-DEC,PEVT_00215,DELETION,SCI,,757,SUSPICIOUS_STATE_COUNT
"December 31, 2021",2021-DEC,PEVT_00214,DELETION,IDFC,,757,SUSPICIOUS_STATE_COUNT
"December 31, 2021",2021-DEC,PEVT_00213,DELETION,HEG,,758,SUSPICIOUS_STATE_COUNT
"December 31, 2021",2021-DEC,PEVT_00212,DELETION,GRAPHITE,,759,SUSPICIOUS_STATE_COUNT
"December 31, 2021",2021-DEC,PEVT_00211,DELETION,FRETAIL,,759,SUSPICIOUS_STATE_COUNT
"December 31, 2021",2021-DEC,PEVT_00210,DELETION,FSL,,760,SUSPICIOUS_STATE_COUNT
"December 31, 2021",2021-DEC,PEVT_00209,DELETION,ENGINERSIN,,760,SUSPICIOUS_STATE_COUNT
"December 31, 2021",2021-DEC,PEVT_00208,DELETION,DCBBANK,,760,SUSPICIOUS_STATE_COUNT
"December 31, 2021",2021-DEC,PEVT_00207,DELETION,BSE,,761,SUSPICIOUS_STATE_COUNT
"December 31, 2021",2021-DEC,PEVT_00206,DELETION,BHEL,,761,SUSPICIOUS_STATE_COUNT
"June 30, 2021",2021-JUN,PEVT_00484,DELETION,GLAND,,762,SUSPICIOUS_STATE_COUNT
"June 30, 2021",2021-JUN,PEVT_00483,DELETION,MOTHERSUMI,,763,SUSPICIOUS_STATE_COUNT
"April 29, 2021",2021-MAR,PEVT_00780,DELETION,INFIBEAM,,764,SUSPICIOUS_STATE_COUNT
"April 29, 2021",2021-MAR,PEVT_00779,DELETION,BURGERKING,,765,SUSPICIOUS_STATE_COUNT
"April 29, 2021",2021-MAR,PEVT_00778,DELETION,TATASTLBSL,,766,SUSPICIOUS_STATE_COUNT
"April 29, 2021",2021-MAR,PEVT_00777,DELETION,GHCL,,767,SUSPICIOUS_STATE_COUNT
"January 1, 2021",2021-JAN,PEVT_00343,DELETION,PAGEIND,,768,SUSPICIOUS_STATE_COUNT
"January 1, 2021",2021-JAN,PEVT_00342,DELETION,KOTAKBANK,,769,SUSPICIOUS_STATE_COUNT
"January 1, 2021",2021-JAN,PEVT_00341,DELETION,VEDL,,770,SUSPICIOUS_STATE_COUNT
"January 1, 2021",2021-JAN,PEVT_00340,DELETION,GRASIM,,770,SUSPICIOUS_STATE_COUNT
"January 1, 2021",2021-JAN,PEVT_00339,DELETION,HINDPETRO,,771,SUSPICIOUS_STATE_COUNT
"January 1, 2021",2021-JAN,PEVT_00338,DELETION,EQUITAS,,772,SUSPICIOUS_STATE_COUNT
"January 1, 2021",2021-JAN,PEVT_00337,ADDITION,GMMPFAUDLR,,771,SUSPICIOUS_STATE_COUNT
"January 1, 2021",2021-JAN,PEVT_00336,ADDITION,BSOFT,,770,SUSPICIOUS_STATE_COUNT
"January 1, 2021",2021-JAN,PEVT_00335,ADDITION,AMBER,,770,SUSPICIOUS_STATE_COUNT
"January 1, 2021",2021-JAN,PEVT_00334,ADDITION,ADANIGAS,,770,SUSPICIOUS_STATE_COUNT
"January 1, 2021",2021-JAN,PEVT_00333,DELETION,WHIRLPOOL,,771,SUSPICIOUS_STATE_COUNT
"January 1, 2021",2021-JAN,PEVT_00332,DELETION,MANAPPURAM,,772,SUSPICIOUS_STATE_COUNT
"January 1, 2021",2021-JAN,PEVT_00331,DELETION,IGL,,773,SUSPICIOUS_STATE_COUNT
"January 1, 2021",2021-JAN,PEVT_00330,DELETION,BHARTIARTL,,774,SUSPICIOUS_STATE_COUNT
"January 1, 2021",2021-JAN,PEVT_00329,ADDITION,WELCORP,,773,SUSPICIOUS_STATE_COUNT
"January 1, 2021",2021-JAN,PEVT_00328,ADDITION,TATAMOTORS,,772,SUSPICIOUS_STATE_COUNT
"January 1, 2021",2021-JAN,PEVT_00327,ADDITION,TATACHEM,,771,SUSPICIOUS_STATE_COUNT
"January 1, 2021",2021-JAN,PEVT_00326,ADDITION,PNB,,771,SUSPICIOUS_STATE_COUNT
"January 1, 2021",2021-JAN,PEVT_00325,ADDITION,LICHSGFIN,,771,SUSPICIOUS_STATE_COUNT
"January 1, 2021",2021-JAN,PEVT_00324,ADDITION,GESHIP,,770,SUSPICIOUS_STATE_COUNT
"January 1, 2021",2021-JAN,PEVT_00323,ADDITION,GAIL,,770,SUSPICIOUS_STATE_COUNT
"January 1, 2021",2021-JAN,PEVT_00322,ADDITION,FRETAIL,,769,SUSPICIOUS_STATE_COUNT
"January 1, 2021",2021-JAN,PEVT_00321,ADDITION,FEDERALBNK,,769,SUSPICIOUS_STATE_COUNT
"January 1, 2021",2021-JAN,PEVT_00320,ADDITION,BANKINDIA,,769,SUSPICIOUS_STATE_COUNT
"January 1, 2021",2021-JAN,PEVT_00319,ADDITION,BANKBARODA,,769,SUSPICIOUS_STATE_COUNT
"January 1, 2021",2021-JAN,PEVT_00318,DELETION,SJVN,,769,SUSPICIOUS_STATE_COUNT
"January 1, 2021",2021-JAN,PEVT_00317,DELETION,RAJESHEXPO,,769,SUSPICIOUS_STATE_COUNT
"January 1, 2021",2021-JAN,PEVT_00316,DELETION,NLCINDIA,,769,SUSPICIOUS_STATE_COUNT
"January 1, 2021",2021-JAN,PEVT_00315,DELETION,IBREALEST,,770,SUSPICIOUS_STATE_COUNT
"January 1, 2021",2021-JAN,PEVT_00314,DELETION,IIFL,,770,SUSPICIOUS_STATE_COUNT
"January 1, 2021",2021-JAN,PEVT_00313,DELETION,HINDZINC,,771,SUSPICIOUS_STATE_COUNT
"January 1, 2021",2021-JAN,PEVT_00312,DELETION,GHCL,,771,SUSPICIOUS_STATE_COUNT
"January 1, 2021",2021-JAN,PEVT_00311,DELETION,EDELWEISS,,772,SUSPICIOUS_STATE_COUNT
"January 1, 2021",2021-JAN,PEVT_00310,DELETION,DCMSHRIRAM,,772,SUSPICIOUS_STATE_COUNT
"January 1, 2021",2021-JAN,PEVT_00309,DELETION,CARERATING,,773,SUSPICIOUS_STATE_COUNT
"January 1, 2021",2021-JAN,PEVT_00308,DELETION,ASHOKLEY,,774,SUSPICIOUS_STATE_COUNT
"November 25, 2020",2020-NOV,PEVT_00672,DELETION,MAHINDCIE,,775,SUSPICIOUS_STATE_COUNT
"November 25, 2020",2020-NOV,PEVT_00671,DELETION,INFIBEAM,,775,SUSPICIOUS_STATE_COUNT
"November 02, 2020",2020-NOV,PEVT_01227,DELETION,NETWORK18,,775,SUSPICIOUS_STATE_COUNT
"November 02, 2020",2020-NOV,PEVT_01226,DELETION,ALLCARGO,,776,SUSPICIOUS_STATE_COUNT
"September 14, 2020",2020-SEP,PEVT_00159,DELETION,JTEKTINDIA,,777,SUSPICIOUS_STATE_COUNT
"September 14, 2020",2020-SEP,PEVT_00158,DELETION,ASAHIINDIA,,778,SUSPICIOUS_STATE_COUNT
"July 31, 2020",2020-JUL,PEVT_00040,DELETION,SBICARD,,779,SUSPICIOUS_STATE_COUNT
"July 31, 2020",2020-JUL,PEVT_00039,DELETION,VEDL,,779,SUSPICIOUS_STATE_COUNT
"March 27, 2020",2020-MAR,PEVT_00999,DELETION,FLUOROCHEM,,780,SUSPICIOUS_STATE_COUNT
"March 27, 2020",2020-MAR,PEVT_00998,DELETION,GAYAPROJ,,781,SUSPICIOUS_STATE_COUNT
"March 27, 2020",2020-MAR,PEVT_00425,DELETION,SHILPAMED,,781,SUSPICIOUS_STATE_COUNT
"March 27, 2020",2020-MAR,PEVT_00424,DELETION,GAYAPROJ,,781,SUSPICIOUS_STATE_COUNT
"January 16, 2020",2020-JAN,PEVT_00259,DELETION,TATASTLBSL,,781,SUSPICIOUS_STATE_COUNT
"January 16, 2020",2020-JAN,PEVT_00258,DELETION,SUVEN,,782,SUSPICIOUS_STATE_COUNT
"December 27, 2019",2019-DEC,PEVT_00690,DELETION,TASTYBITE,,782,SUSPICIOUS_STATE_COUNT
"December 27, 2019",2019-DEC,PEVT_00689,DELETION,KENNAMET,,783,SUSPICIOUS_STATE_COUNT
"December 27, 2019",2019-DEC,PEVT_00688,DELETION,HATHWAY,,783,SUSPICIOUS_STATE_COUNT
"December 27, 2019",2019-DEC,PEVT_00687,DELETION,DEN,,784,SUSPICIOUS_STATE_COUNT
"December 26, 2019",2019-DEC,PEVT_00678,ADDITION,RESPONIND,,784,SUSPICIOUS_STATE_COUNT
"December 26, 2019",2019-DEC,PEVT_00677,ADDITION,MIDHANI,,783,SUSPICIOUS_STATE_COUNT
"December 26, 2019",2019-DEC,PEVT_00676,ADDITION,AFFLE,,783,SUSPICIOUS_STATE_COUNT
"December 26, 2019",2019-DEC,PEVT_00675,DELETION,COX&KINGS,,784,SUSPICIOUS_STATE_COUNT
"December 26, 2019",2019-DEC,PEVT_00674,DELETION,COFFEEDAY,,785,SUSPICIOUS_STATE_COUNT
"December 26, 2019",2019-DEC,PEVT_00673,DELETION,CGPOWER,,785,SUSPICIOUS_STATE_COUNT
"September 27, 2019",2019-SEP,PEVT_00648,DELETION,IIFL,,785,SUSPICIOUS_STATE_COUNT
"September 27, 2019",2019-SEP,PEVT_00647,DELETION,THOMASCOOK,,786,SUSPICIOUS_STATE_COUNT
"September 28, 2018",2018-SEP,PEVT_01305,DELETION,SHILPAMED,,786,SUSPICIOUS_STATE_COUNT
"September 28, 2018",2018-SEP,PEVT_01304,DELETION,KPIT,,787,SUSPICIOUS_STATE_COUNT
"April 02, 2018",2018-MAR,PEVT_00054,DELETION,ERIS,,787,SUSPICIOUS_STATE_COUNT
"April 02, 2018",2018-MAR,PEVT_00053,DELETION,VIDEOIND,,788,SUSPICIOUS_STATE_COUNT
"September 29, 2017",2017-SEP,PEVT_01303,DELETION,MFSL,,789,SUSPICIOUS_STATE_COUNT
"September 29, 2017",2017-SEP,PEVT_01302,DELETION,RELCAPITAL,,790,SUSPICIOUS_STATE_COUNT
"May 26, 2017",2017-MAY,PEVT_01233,ADDITION,VBL,,790,SUSPICIOUS_STATE_COUNT
"May 26, 2017",2017-MAY,PEVT_01232,ADDITION,PNBHOUSING,,789,SUSPICIOUS_STATE_COUNT
"May 26, 2017",2017-MAY,PEVT_01231,ADDITION,LAURUSLABS,,788,SUSPICIOUS_STATE_COUNT
"May 26, 2017",2017-MAY,PEVT_01230,DELETION,TUBEINVEST,,789,SUSPICIOUS_STATE_COUNT
"May 26, 2017",2017-MAY,PEVT_01229,DELETION,GRASIM,,789,SUSPICIOUS_STATE_COUNT
"May 26, 2017",2017-MAY,PEVT_01228,DELETION,ABIRLANUVO,,790,SUSPICIOUS_STATE_COUNT
"March 31, 2017",2017-MAR,PEVT_00095,ADDITION,MGL,,790,SUSPICIOUS_STATE_COUNT
"March 31, 2017",2017-MAR,PEVT_00094,ADDITION,MAXINDIA,,790,SUSPICIOUS_STATE_COUNT
"March 31, 2017",2017-MAR,PEVT_00093,ADDITION,FRETAIL,,790,SUSPICIOUS_STATE_COUNT
"March 31, 2017",2017-MAR,PEVT_00092,DELETION,SBT,,791,SUSPICIOUS_STATE_COUNT
"March 31, 2017",2017-MAR,PEVT_00091,DELETION,MYSOREBANK,,792,SUSPICIOUS_STATE_COUNT
"March 31, 2017",2017-MAR,PEVT_00090,DELETION,SBBJ,,793,SUSPICIOUS_STATE_COUNT
,2021-MAR,PEVT_00935,ADDITION,VEDL,,792,SUSPICIOUS_STATE_COUNT
,2021-MAR,PEVT_00934,ADDITION,VALIANTORG,,791,SUSPICIOUS_STATE_COUNT
,2021-MAR,PEVT_00933,ADDITION,UTIAMC,,791,SUSPICIOUS_STATE_COUNT
,2021-MAR,PEVT_00932,ADDITION,TRITURBINE,,791,SUSPICIOUS_STATE_COUNT
,2021-MAR,PEVT_00931,ADDITION,TANLA,,790,SUSPICIOUS_STATE_COUNT
,2021-MAR,PEVT_00930,ADDITION,SUNCLAYLTD,,790,SUSPICIOUS_STATE_COUNT
,2021-MAR,PEVT_00929,ADDITION,SPANDANA,,789,SUSPICIOUS_STATE_COUNT
,2021-MAR,PEVT_00928,ADDITION,SHARDACROP,,788,SUSPICIOUS_STATE_COUNT
,2021-MAR,PEVT_00927,ADDITION,ROUTE,,787,SUSPICIOUS_STATE_COUNT
,2021-MAR,PEVT_00926,ADDITION,ROSSARI,,786,SUSPICIOUS_STATE_COUNT
,2021-MAR,PEVT_00925,ADDITION,RESPONIND,,786,SUSPICIOUS_STATE_COUNT
,2021-MAR,PEVT_00924,ADDITION,PRINCEPIPE,,785,SUSPICIOUS_STATE_COUNT
,2021-MAR,PEVT_00923,ADDITION,MAZDOCK,,785,SUSPICIOUS_STATE_COUNT
,2021-MAR,PEVT_00922,ADDITION,MAXHEALTH,,785,SUSPICIOUS_STATE_COUNT
,2021-MAR,PEVT_00921,ADDITION,KPITTECH,,784,SUSPICIOUS_STATE_COUNT
,2021-MAR,PEVT_00920,ADDITION,KPRMILL,,784,SUSPICIOUS_STATE_COUNT
,2021-MAR,PEVT_00919,ADDITION,INTELLECT,,783,SUSPICIOUS_STATE_COUNT
,2021-MAR,PEVT_00918,ADDITION,ICIL,,782,SUSPICIOUS_STATE_COUNT
,2021-MAR,PEVT_00917,ADDITION,HEMIPROP,,781,SUSPICIOUS_STATE_COUNT
,2021-MAR,PEVT_00916,ADDITION,HAPPSTMNDS,,781,SUSPICIOUS_STATE_COUNT
,2021-MAR,PEVT_00915,ADDITION,CAMS,,781,SUSPICIOUS_STATE_COUNT
,2021-MAR,PEVT_00914,ADDITION,BALAMINES,,781,SUSPICIOUS_STATE_COUNT
,2021-MAR,PEVT_00913,ADDITION,ASAHIINDIA,,780,SUSPICIOUS_STATE_COUNT
,2021-MAR,PEVT_00912,ADDITION,ANGELBRKG,,780,SUSPICIOUS_STATE_COUNT
,2021-MAR,PEVT_00911,DELETION,VRLLOG,,781,SUSPICIOUS_STATE_COUNT
,2021-MAR,PEVT_00910,DELETION,TVTODAY,,782,SUSPICIOUS_STATE_COUNT
,2021-MAR,PEVT_00909,DELETION,SWARAJENG,,783,SUSPICIOUS_STATE_COUNT
,2021-MAR,PEVT_00908,DELETION,SOUTHBANK,,784,SUSPICIOUS_STATE_COUNT
,2021-MAR,PEVT_00907,DELETION,PTC,,785,SUSPICIOUS_STATE_COUNT
,2021-MAR,PEVT_00906,DELETION,PSPPROJECT,,786,SUSPICIOUS_STATE_COUNT
,2021-MAR,PEVT_00905,DELETION,PRAJIND,,787,SUSPICIOUS_STATE_COUNT
,2021-MAR,PEVT_00904,DELETION,ORIENTCEM,,788,SUSPICIOUS_STATE_COUNT
,2021-MAR,PEVT_00903,DELETION,OMAXE,,789,SUSPICIOUS_STATE_COUNT
,2021-MAR,PEVT_00902,DELETION,NAVNETEDUL,,790,SUSPICIOUS_STATE_COUNT
,2021-MAR,PEVT_00901,DELETION,KOLTEPATIL,,791,SUSPICIOUS_STATE_COUNT
,2021-MAR,PEVT_00900,DELETION,KTKBANK,,792,SUSPICIOUS_STATE_COUNT
,2021-MAR,PEVT_00899,DELETION,J&KBANK,,793,SUSPICIOUS_STATE_COUNT
,2021-MAR,PEVT_00898,DELETION,JAICORPLTD,,794,SUSPICIOUS_STATE_COUNT
,2021-MAR,PEVT_00897,DELETION,JAGRAN,,795,SUSPICIOUS_STATE_COUNT
,2021-MAR,PEVT_00896,DELETION,ICRA,,796,SUSPICIOUS_STATE_COUNT
,2021-MAR,PEVT_00895,DELETION,HERITGFOOD,,797,SUSPICIOUS_STATE_COUNT
,2021-MAR,PEVT_00894,DELETION,HATHWAY,,797,SUSPICIOUS_STATE_COUNT
,2021-MAR,PEVT_00893,DELETION,GMDCLTD,,798,SUSPICIOUS_STATE_COUNT
,2021-MAR,PEVT_00892,DELETION,ESABINDIA,,799,SUSPICIOUS_STATE_COUNT
,2021-MAR,PEVT_00891,DELETION,DBCORP,,800,SUSPICIOUS_STATE_COUNT
,2021-MAR,PEVT_00890,DELETION,CHENNPETRO,,801,SUSPICIOUS_STATE_COUNT
,2021-MAR,PEVT_00889,DELETION,CARERATING,,801,SUSPICIOUS_STATE_COUNT
,2021-MAR,PEVT_00888,DELETION,BOMDYEING,,802,SUSPICIOUS_STATE_COUNT
,2022-DEC,PEVT_00887,DELETION,RAINBOW,,803,SUSPICIOUS_STATE_COUNT
,2022-DEC,PEVT_00886,DELETION,SAREGAMA,,804,SUSPICIOUS_STATE_COUNT
,2021-SEP,PEVT_00883,DELETION,SONACOMS,,804,SUSPICIOUS_STATE_COUNT
,2021-SEP,PEVT_00882,DELETION,GMRINFRA,,804,SUSPICIOUS_STATE_COUNT
,2023-MAR,PEVT_00712,ADDITION,PPLPHARMA,,803,SUSPICIOUS_STATE_COUNT
,2022-SEP,PEVT_00711,ADDITION,SWSOLAR,,802,SUSPICIOUS_STATE_COUNT
,2022-SEP,PEVT_00710,ADDITION,SAIL,,801,SUSPICIOUS_STATE_COUNT
,2022-SEP,PEVT_00709,ADDITION,SCI,,800,SUSPICIOUS_STATE_COUNT
,2022-SEP,PEVT_00708,ADDITION,RAJESHEXPO,,799,SUSPICIOUS_STATE_COUNT
,2022-SEP,PEVT_00707,ADDITION,POLYMED,,799,SUSPICIOUS_STATE_COUNT
,2022-SEP,PEVT_00706,ADDITION,OLECTRA,,799,SUSPICIOUS_STATE_COUNT
,2022-SEP,PEVT_00705,ADDITION,OIL,,799,SUSPICIOUS_STATE_COUNT
,2022-SEP,PEVT_00704,ADDITION,NATCOPHARM,,799,SUSPICIOUS_STATE_COUNT
,2022-SEP,PEVT_00703,ADDITION,JINDALSTEL,,799,SUSPICIOUS_STATE_COUNT
,2022-SEP,PEVT_00702,ADDITION,JSL,,799,SUSPICIOUS_STATE_COUNT
,2022-SEP,PEVT_00701,ADDITION,IGL,,798,SUSPICIOUS_STATE_COUNT
,2022-SEP,PEVT_00700,ADDITION,HINDCOPPER,,798,SUSPICIOUS_STATE_COUNT
,2022-SEP,PEVT_00699,ADDITION,FLUOROCHEM,,797,SUSPICIOUS_STATE_COUNT
,2022-SEP,PEVT_00698,ADDITION,FINCABLES,,797,SUSPICIOUS_STATE_COUNT
,2022-SEP,PEVT_00697,ADDITION,ENGINERSIN,,796,SUSPICIOUS_STATE_COUNT
,2022-SEP,PEVT_00696,ADDITION,ECLERX,,795,SUSPICIOUS_STATE_COUNT
,2022-SEP,PEVT_00695,DELETION,VARROC,,795,SUSPICIOUS_STATE_COUNT
,2022-SEP,PEVT_00694,DELETION,CAPLIPOINT,,795,SUSPICIOUS_STATE_COUNT
,2022-SEP,PEVT_00693,DELETION,AFFLE,,796,SUSPICIOUS_STATE_COUNT
,2023-MAR,PEVT_00686,DELETION,NSLNISP,,797,SUSPICIOUS_STATE_COUNT
,2023-MAR,PEVT_00685,DELETION,ERIS,,797,SUSPICIOUS_STATE_COUNT
,2023-MAR,PEVT_00684,DELETION,EDELWEISS,,797,SUSPICIOUS_STATE_COUNT
,2023-MAR,PEVT_00683,DELETION,BAJAJELEC,,798,SUSPICIOUS_STATE_COUNT
,2022-SEP,PEVT_00560,DELETION,SHOPERSTOP,,798,SUSPICIOUS_STATE_COUNT
,2022-SEP,PEVT_00559,DELETION,EQUITAS,,798,SUSPICIOUS_STATE_COUNT
,2023-SEP,PEVT_00522,ADDITION,USHAMART,,798,SUSPICIOUS_STATE_COUNT
,2023-SEP,PEVT_00521,ADDITION,SYRMA,,798,SUSPICIOUS_STATE_COUNT
,2023-SEP,PEVT_00520,ADDITION,SAFARI,,798,SUSPICIOUS_STATE_COUNT
,2023-SEP,PEVT_00519,ADDITION,PGHL,,797,SUSPICIOUS_STATE_COUNT
,2023-SEP,PEVT_00518,ADDITION,KIRLFER,,797,SUSPICIOUS_STATE_COUNT
,2023-SEP,PEVT_00517,ADDITION,JINDALSAW,,796,SUSPICIOUS_STATE_COUNT
,2023-SEP,PEVT_00516,ADDITION,IRCON,,795,SUSPICIOUS_STATE_COUNT
,2023-SEP,PEVT_00515,ADDITION,HEG,,794,SUSPICIOUS_STATE_COUNT
,2023-SEP,PEVT_00514,ADDITION,GPIL,,794,SUSPICIOUS_STATE_COUNT
,2023-SEP,PEVT_00513,ADDITION,GLS,,794,SUSPICIOUS_STATE_COUNT
,2023-SEP,PEVT_00512,ADDITION,GILLETTE,,793,SUSPICIOUS_STATE_COUNT
,2023-SEP,PEVT_00511,ADDITION,CHAMBLFERT,,793,SUSPICIOUS_STATE_COUNT
,2023-SEP,PEVT_00510,ADDITION,ALLCARGO,,792,SUSPICIOUS_STATE_COUNT
,2023-SEP,PEVT_00509,DELETION,TCI,,793,SUSPICIOUS_STATE_COUNT
,2023-SEP,PEVT_00508,DELETION,TCIEXP,,793,SUSPICIOUS_STATE_COUNT
,2023-SEP,PEVT_00507,DELETION,NOCIL,,793,SUSPICIOUS_STATE_COUNT
,2023-SEP,PEVT_00506,DELETION,KENNAMET,,793,SUSPICIOUS_STATE_COUNT
,2023-SEP,PEVT_00505,DELETION,NAUKRI,,794,SUSPICIOUS_STATE_COUNT
,2023-SEP,PEVT_00504,DELETION,IFBIND,,794,SUSPICIOUS_STATE_COUNT
,2023-SEP,PEVT_00503,DELETION,HAL,,794,SUSPICIOUS_STATE_COUNT
,2023-SEP,PEVT_00502,DELETION,HGS,,794,SUSPICIOUS_STATE_COUNT
,2023-SEP,PEVT_00501,DELETION,GREENPANEL,,795,SUSPICIOUS_STATE_COUNT
,2023-SEP,PEVT_00500,DELETION,FINPIPE,,796,SUSPICIOUS_STATE_COUNT
,2023-SEP,PEVT_00499,DELETION,BORORENEW,,797,SUSPICIOUS_STATE_COUNT
,2023-SEP,PEVT_00498,DELETION,BPCL,,797,SUSPICIOUS_STATE_COUNT
,2023-SEP,PEVT_00497,DELETION,BASF,,797,SUSPICIOUS_STATE_COUNT
,2026-JUN,PEVT_00279,ADDITION,SCHNEIDER,,796,SUSPICIOUS_STATE_COUNT
,2026-JUN,PEVT_00278,ADDITION,JSWDULUX,,796,SUSPICIOUS_STATE_COUNT
,2026-JUN,PEVT_00277,ADDITION,INFY,,795,SUSPICIOUS_STATE_COUNT
,2023-JUN,PEVT_00273,ADDITION,SANOFI,,794,SUSPICIOUS_STATE_COUNT
,2023-JUN,PEVT_00272,ADDITION,PEL,,793,SUSPICIOUS_STATE_COUNT
,2023-JUN,PEVT_00271,ADDITION,NMDC,,792,SUSPICIOUS_STATE_COUNT
,2023-JUN,PEVT_00270,ADDITION,JMFINANCIL,,792,SUSPICIOUS_STATE_COUNT
,2023-JUN,PEVT_00269,ADDITION,GSPL,,791,SUSPICIOUS_STATE_COUNT
,2023-JUN,PEVT_00268,ADDITION,BCG,,791,SUSPICIOUS_STATE_COUNT
,2023-JUN,PEVT_00267,DELETION,VTL,,792,SUSPICIOUS_STATE_COUNT
,2023-JUN,PEVT_00266,DELETION,TV18BRDCST,,792,SUSPICIOUS_STATE_COUNT
,2023-JUN,PEVT_00265,DELETION,SHRIRAMFIN,,793,SUSPICIOUS_STATE_COUNT
,2023-JUN,PEVT_00264,DELETION,POLYPLEX,,794,SUSPICIOUS_STATE_COUNT
,2023-JUN,PEVT_00263,DELETION,MGL,,795,SUSPICIOUS_STATE_COUNT
,2023-JUN,PEVT_00262,DELETION,EIDPARRY,,796,SUSPICIOUS_STATE_COUNT
,2023-DEC,PEVT_00205,DELETION,SBICARD,,796,SUSPICIOUS_STATE_COUNT
,2023-DEC,PEVT_00204,DELETION,AXISBANK,,797,SUSPICIOUS_STATE_COUNT
,2023-DEC,PEVT_00203,DELETION,BOSCHLTD,,798,SUSPICIOUS_STATE_COUNT
,2023-DEC,PEVT_00202,DELETION,BATAINDIA,,799,SUSPICIOUS_STATE_COUNT
,2023-DEC,PEVT_00201,DELETION,PFC,,799,SUSPICIOUS_STATE_COUNT
,2023-DEC,PEVT_00200,DELETION,IBULHSGFIN,,800,SUSPICIOUS_STATE_COUNT
,2023-DEC,PEVT_00199,DELETION,GNFC,,800,SUSPICIOUS_STATE_COUNT
,2023-DEC,PEVT_00198,DELETION,AWL,,801,SUSPICIOUS_STATE_COUNT
,2023-DEC,PEVT_00197,ADDITION,ZOMATO,,801,SUSPICIOUS_STATE_COUNT
,2023-DEC,PEVT_00196,ADDITION,TRENT,,801,SUSPICIOUS_STATE_COUNT
,2023-DEC,PEVT_00195,ADDITION,RVNL,,801,SUSPICIOUS_STATE_COUNT
,2023-DEC,PEVT_00194,ADDITION,PRESTIGE,,800,SUSPICIOUS_STATE_COUNT
,2023-DEC,PEVT_00193,ADDITION,POLICYBZR,,800,SUSPICIOUS_STATE_COUNT
,2023-DEC,PEVT_00192,ADDITION,PAYTM,,800,SUSPICIOUS_STATE_COUNT
,2023-DEC,PEVT_00191,ADDITION,MCX,,799,SUSPICIOUS_STATE_COUNT
,2023-DEC,PEVT_00190,ADDITION,KEI,,799,SUSPICIOUS_STATE_COUNT
,2023-DEC,PEVT_00189,ADDITION,BSE,,798,SUSPICIOUS_STATE_COUNT
,2023-DEC,PEVT_00188,ADDITION,BSOFT,,798,SUSPICIOUS_STATE_COUNT
,2023-DEC,PEVT_00187,ADDITION,AUROPHARMA,,798,SUSPICIOUS_STATE_COUNT
,2023-DEC,PEVT_00186,ADDITION,APARINDS,,798,SUSPICIOUS_STATE_COUNT
,2023-DEC,PEVT_00185,ADDITION,ANGELONE,,798,SUSPICIOUS_STATE_COUNT
,2023-DEC,PEVT_00184,DELETION,TIINDIA,,799,SUSPICIOUS_STATE_COUNT
,2023-DEC,PEVT_00183,DELETION,SONATSOFTW,,799,SUSPICIOUS_STATE_COUNT
,2023-DEC,PEVT_00182,DELETION,RAYMOND,,800,SUSPICIOUS_STATE_COUNT
,2023-DEC,PEVT_00181,DELETION,PNBHOUSING,,801,SUSPICIOUS_STATE_COUNT
,2023-DEC,PEVT_00180,DELETION,MRF,,802,SUSPICIOUS_STATE_COUNT
,2023-DEC,PEVT_00179,DELETION,JINDALSTEL,,803,SUSPICIOUS_STATE_COUNT
,2023-DEC,PEVT_00178,DELETION,FINCABLES,,804,SUSPICIOUS_STATE_COUNT
,2023-DEC,PEVT_00177,DELETION,FEDERALBNK,,805,SUSPICIOUS_STATE_COUNT
,2023-DEC,PEVT_00176,DELETION,EQUITASBNK,,805,SUSPICIOUS_STATE_COUNT
,2023-DEC,PEVT_00175,DELETION,BRITANNIA,,805,SUSPICIOUS_STATE_COUNT
,2023-DEC,PEVT_00174,DELETION,BANKINDIA,,806,SUSPICIOUS_STATE_COUNT
,2023-DEC,PEVT_00173,DELETION,BANKBARODA,,807,SUSPICIOUS_STATE_COUNT
,2023-DEC,PEVT_00172,DELETION,ABCAPITAL,,808,SUSPICIOUS_STATE_COUNT
,2023-DEC,PEVT_00171,ADDITION,UPL,,807,SUSPICIOUS_STATE_COUNT
,2023-DEC,PEVT_00170,ADDITION,SBIN,,807,SUSPICIOUS_STATE_COUNT
,2023-DEC,PEVT_00169,ADDITION,IDFC,,806,SUSPICIOUS_STATE_COUNT
,2023-DEC,PEVT_00168,ADDITION,HUDCO,,806,SUSPICIOUS_STATE_COUNT
,2023-DEC,PEVT_00167,ADDITION,EIDPARRY,,805,SUSPICIOUS_STATE_COUNT
,2023-DEC,PEVT_00166,ADDITION,DEEPAKFERT,,805,SUSPICIOUS_STATE_COUNT
,2023-DEC,PEVT_00165,DELETION,SANOFI,,806,SUSPICIOUS_STATE_COUNT
,2023-DEC,PEVT_00164,DELETION,RAIN,,806,SUSPICIOUS_STATE_COUNT
,2023-DEC,PEVT_00163,DELETION,JMFINANCIL,,807,SUSPICIOUS_STATE_COUNT
,2023-DEC,PEVT_00162,DELETION,HINDZINC,,807,SUSPICIOUS_STATE_COUNT
,2023-DEC,PEVT_00161,DELETION,EXIDEIND,,808,SUSPICIOUS_STATE_COUNT
,2023-DEC,PEVT_00160,DELETION,AUROPHARMA,,809,SUSPICIOUS_STATE_COUNT
,2022-DEC,PEVT_00089,ADDITION,UCOBANK,,808,SUSPICIOUS_STATE_COUNT
,2022-DEC,PEVT_00088,ADDITION,LEMONTREE,,807,SUSPICIOUS_STATE_COUNT
,2022-DEC,PEVT_00087,ADDITION,BEML,,806,SUSPICIOUS_STATE_COUNT
,2022-DEC,PEVT_00086,DELETION,SCI,,807,SUSPICIOUS_STATE_COUNT
,2022-DEC,PEVT_00085,DELETION,NIITLTD,,808,SUSPICIOUS_STATE_COUNT
,2022-DEC,PEVT_00084,DELETION,ALLCARGO,,809,SUSPICIOUS_STATE_COUNT
,2023-MAR,PEVT_00069,ADDITION,NMDC,,809,SUSPICIOUS_STATE_COUNT
,2023-MAR,PEVT_00068,ADDITION,KSB,,808,SUSPICIOUS_STATE_COUNT
,2023-MAR,PEVT_00067,ADDITION,KFINTECH,,808,SUSPICIOUS_STATE_COUNT
,2023-MAR,PEVT_00066,ADDITION,KENNAMET,,807,SUSPICIOUS_STATE_COUNT
,2023-MAR,PEVT_00065,ADDITION,INGERRAND,,806,SUSPICIOUS_STATE_COUNT
,2023-MAR,PEVT_00064,ADDITION,MEDANTA,,806,SUSPICIOUS_STATE_COUNT
,2023-MAR,PEVT_00063,ADDITION,BIKAJI,,806,SUSPICIOUS_STATE_COUNT
,2023-MAR,PEVT_00062,ADDITION,APARINDS,,806,SUSPICIOUS_STATE_COUNT
,2023-MAR,PEVT_00061,DELETION,THYROCARE,,806,SUSPICIOUS_STATE_COUNT
,2023-MAR,PEVT_00060,DELETION,TATACOFFEE,,806,SUSPICIOUS_STATE_COUNT
,2023-MAR,PEVT_00059,DELETION,SFL,,806,SUSPICIOUS_STATE_COUNT
,2023-MAR,PEVT_00058,DELETION,PGHL,,807,SUSPICIOUS_STATE_COUNT
,2023-MAR,PEVT_00057,DELETION,INDOCO,,807,SUSPICIOUS_STATE_COUNT
,2023-MAR,PEVT_00056,DELETION,BHARATRAS,,807,SUSPICIOUS_STATE_COUNT
,2023-MAR,PEVT_00055,DELETION,ASTRAZEN,,807,SUSPICIOUS_STATE_COUNT
,2018-SEP,PEVT_00002,DELETION,BDL,,808,SUSPICIOUS_STATE_COUNT
,2018-SEP,PEVT_00001,DELETION,TECHNO,,809,SUSPICIOUS_STATE_COUNT
