event_id,raw_event_id,event_origin,effective_date,announcement_date,event_type,resolved_event_type,symbol,old_symbol,new_symbol,company_name,isin,review_period,coverage_scope,source_document,source_page,resolution_status,resolution_reason,override_id,replacement_id
EVT_00001,RAW_00001,RAW,,"August 01, 2018",DELETION,DELETION,TECHNO,,,Techno Electric & Engineering Company Ltd.,,2018-SEP,PRIMARY_TARGET,ind_prs01082018.pdf,Page 1,ACTIVE,Verified raw reconstitution event,OVR_001,
EVT_00002,RAW_00002,RAW,,"August 01, 2018",DELETION,DELETION,BDL,,,Bharat Dynamics Ltd.,,2018-SEP,PRIMARY_TARGET,ind_prs01082018.pdf,Page 1,ACTIVE,Verified raw reconstitution event,OVR_001,
EVT_00003,RAW_00003,RAW,"September 30, 2022","September 01, 2022",DELETION,DELETION,ADVENZYMES,,,Advanced Enzyme Tech Ltd.,,2022-SEP,FUTURE_RELATIVE_TO_SNAPSHOT,ind_prs01092022.pdf,Page 2,ACTIVE,Verified raw reconstitution event,,
EVT_00004,RAW_00004,RAW,"September 30, 2022","September 01, 2022",DELETION,DELETION,ERIS,,,Eris Lifesciences Ltd.,,2022-SEP,FUTURE_RELATIVE_TO_SNAPSHOT,ind_prs01092022.pdf,Page 2,ACTIVE,Verified raw reconstitution event,,
EVT_00005,RAW_00005,RAW,"September 30, 2022","September 01, 2022",DELETION,DELETION,GLS,,,Glenmark Life Sciences Ltd.,,2022-SEP,FUTURE_RELATIVE_TO_SNAPSHOT,ind_prs01092022.pdf,Page 2,ACTIVE,Verified raw reconstitution event,,
EVT_00006,RAW_00006,RAW,"September 30, 2022","September 01, 2022",DELETION,DELETION,HATHWAY,,,Hathway Cable & Datacom Ltd.,,2022-SEP,FUTURE_RELATIVE_TO_SNAPSHOT,ind_prs01092022.pdf,Page 2,ACTIVE,Verified raw reconstitution event,,
EVT_00007,RAW_00007,RAW,"September 30, 2022","September 01, 2022",DELETION,DELETION,HEMIPROP,,,Hemisphere Properties India Ltd.,,2022-SEP,FUTURE_RELATIVE_TO_SNAPSHOT,ind_prs01092022.pdf,Page 2,ACTIVE,Verified raw reconstitution event,,
EVT_00008,RAW_00008,RAW,"September 30, 2022","September 01, 2022",DELETION,DELETION,ICIL,,,Indo Count Industries Ltd.,,2022-SEP,FUTURE_RELATIVE_TO_SNAPSHOT,ind_prs01092022.pdf,Page 2,ACTIVE,Verified raw reconstitution event,,
EVT_00009,RAW_00009,RAW,"September 30, 2022","September 01, 2022",DELETION,DELETION,IRCON,,,IRCON International Ltd.,,2022-SEP,FUTURE_RELATIVE_TO_SNAPSHOT,ind_prs01092022.pdf,Page 2,ACTIVE,Verified raw reconstitution event,,
EVT_00010,RAW_00010,RAW,"September 30, 2022","September 01, 2022",DELETION,DELETION,MINDTREE,,,MindTree Ltd.*,,2022-SEP,FUTURE_RELATIVE_TO_SNAPSHOT,ind_prs01092022.pdf,Page 2,ACTIVE,Verified raw reconstitution event,,
EVT_00011,RAW_00011,RAW,"September 30, 2022","September 01, 2022",DELETION,DELETION,NESCO,,,NESCO Ltd.,,2022-SEP,FUTURE_RELATIVE_TO_SNAPSHOT,ind_prs01092022.pdf,Page 2,ACTIVE,Verified raw reconstitution event,,
EVT_00012,RAW_00012,RAW,"September 30, 2022","September 01, 2022",DELETION,DELETION,RAILTEL,,,Railtel Corporation Of India Ltd.,,2022-SEP,FUTURE_RELATIVE_TO_SNAPSHOT,ind_prs01092022.pdf,Page 2,ACTIVE,Verified raw reconstitution event,,
EVT_00013,RAW_00013,RAW,"September 30, 2022","September 01, 2022",DELETION,DELETION,SEQUENT,,,Sequent Scientific Ltd.,,2022-SEP,FUTURE_RELATIVE_TO_SNAPSHOT,ind_prs01092022.pdf,Page 2,ACTIVE,Verified raw reconstitution event,,
EVT_00014,RAW_00014,RAW,"September 30, 2022","September 01, 2022",DELETION,DELETION,SOLARA,,,Solara Active Pharma Sciences Ltd.,,2022-SEP,FUTURE_RELATIVE_TO_SNAPSHOT,ind_prs01092022.pdf,Page 2,ACTIVE,Verified raw reconstitution event,,
EVT_00015,RAW_00015,RAW,"September 30, 2022","September 01, 2022",DELETION,DELETION,SPICEJET,,,Spicejet Ltd.,,2022-SEP,FUTURE_RELATIVE_TO_SNAPSHOT,ind_prs01092022.pdf,Page 2,ACTIVE,Verified raw reconstitution event,,
EVT_00016,RAW_00016,RAW,"September 30, 2022","September 01, 2022",DELETION,DELETION,STAR,,,Strides Pharma Science Ltd.,,2022-SEP,FUTURE_RELATIVE_TO_SNAPSHOT,ind_prs01092022.pdf,Page 2,ACTIVE,Verified raw reconstitution event,,
EVT_00017,RAW_00017,RAW,"September 30, 2022","September 01, 2022",DELETION,DELETION,TATASTLLP,,,Tata Steel Long Products Ltd.,,2022-SEP,FUTURE_RELATIVE_TO_SNAPSHOT,ind_prs01092022.pdf,Page 2,ACTIVE,Verified raw reconstitution event,,
EVT_00018,RAW_00018,RAW,"September 30, 2022","September 01, 2022",DELETION,DELETION,UCOBANK,,,UCO Bank,,2022-SEP,FUTURE_RELATIVE_TO_SNAPSHOT,ind_prs01092022.pdf,Page 2,ACTIVE,Verified raw reconstitution event,,
EVT_00019,RAW_00019,RAW,"September 30, 2022","September 01, 2022",DELETION,DELETION,VAKRANGEE,,,Vakrangee Ltd.,,2022-SEP,FUTURE_RELATIVE_TO_SNAPSHOT,ind_prs01092022.pdf,Page 2,ACTIVE,Verified raw reconstitution event,,
EVT_00020,RAW_00020,RAW,"September 30, 2022","September 01, 2022",DELETION,DELETION,VENKEYS,,,Venky's (India) Ltd.,,2022-SEP,FUTURE_RELATIVE_TO_SNAPSHOT,ind_prs01092022.pdf,Page 2,ACTIVE,Verified raw reconstitution event,,
EVT_00021,RAW_00021,RAW,"September 30, 2022","September 01, 2022",ADDITION,ADDITION,AWL,,,Adani Wilmar Ltd.,,2022-SEP,FUTURE_RELATIVE_TO_SNAPSHOT,ind_prs01092022.pdf,Page 3,ACTIVE,Verified raw reconstitution event,,
EVT_00022,RAW_00022,RAW,"September 30, 2022","September 01, 2022",ADDITION,ADDITION,AETHER,,,Aether Industries Ltd.,,2022-SEP,FUTURE_RELATIVE_TO_SNAPSHOT,ind_prs01092022.pdf,Page 3,ACTIVE,Verified raw reconstitution event,,
EVT_00023,RAW_00023,RAW,"September 30, 2022","September 01, 2022",ADDITION,ADDITION,BHARATRAS,,,Bharat Rasayan Ltd.,,2022-SEP,FUTURE_RELATIVE_TO_SNAPSHOT,ind_prs01092022.pdf,Page 3,ACTIVE,Verified raw reconstitution event,,
EVT_00024,RAW_00024,RAW,"September 30, 2022","September 01, 2022",ADDITION,ADDITION,DEEPAKFERT,,,Deepak Fertilisers & Petrochemicals Corp. Ltd.,,2022-SEP,FUTURE_RELATIVE_TO_SNAPSHOT,ind_prs01092022.pdf,Page 3,ACTIVE,Verified raw reconstitution event,,
EVT_00025,RAW_00025,RAW,"September 30, 2022","September 01, 2022",ADDITION,ADDITION,GREENPANEL,,,Greenpanel Industries Ltd.,,2022-SEP,FUTURE_RELATIVE_TO_SNAPSHOT,ind_prs01092022.pdf,Page 3,ACTIVE,Verified raw reconstitution event,,
EVT_00026,RAW_00026,RAW,"September 30, 2022","September 01, 2022",ADDITION,ADDITION,JBMA,,,JBM Auto Ltd.,,2022-SEP,FUTURE_RELATIVE_TO_SNAPSHOT,ind_prs01092022.pdf,Page 3,ACTIVE,Verified raw reconstitution event,,
EVT_00027,RAW_00027,RAW,"September 30, 2022","September 01, 2022",ADDITION,ADDITION,MAHLIFE,,,Mahindra Lifespace Developers Ltd.,,2022-SEP,FUTURE_RELATIVE_TO_SNAPSHOT,ind_prs01092022.pdf,Page 3,ACTIVE,Verified raw reconstitution event,,
EVT_00028,RAW_00028,RAW,"September 30, 2022","September 01, 2022",ADDITION,ADDITION,MSUMI,,,Motherson Sumi Wiring India Ltd.,,2022-SEP,FUTURE_RELATIVE_TO_SNAPSHOT,ind_prs01092022.pdf,Page 3,ACTIVE,Verified raw reconstitution event,,
EVT_00029,RAW_00029,RAW,"September 30, 2022","September 01, 2022",ADDITION,ADDITION,NIITLTD,,,NIIT Ltd.,,2022-SEP,FUTURE_RELATIVE_TO_SNAPSHOT,ind_prs01092022.pdf,Page 3,ACTIVE,Verified raw reconstitution event,,
EVT_00030,RAW_00030,RAW,"September 30, 2022","September 01, 2022",ADDITION,ADDITION,OLECTRA,,,Olectra Greentech Ltd.,,2022-SEP,FUTURE_RELATIVE_TO_SNAPSHOT,ind_prs01092022.pdf,Page 3,ACTIVE,Verified raw reconstitution event,,
EVT_00031,RAW_00031,RAW,"September 30, 2022","September 01, 2022",ADDITION,ADDITION,PATANJALI,,,Patanjali Foods Ltd.,,2022-SEP,FUTURE_RELATIVE_TO_SNAPSHOT,ind_prs01092022.pdf,Page 3,ACTIVE,Verified raw reconstitution event,,
EVT_00032,RAW_00032,RAW,"September 30, 2022","September 01, 2022",ADDITION,ADDITION,RAYMOND,,,Raymond Ltd.,,2022-SEP,FUTURE_RELATIVE_TO_SNAPSHOT,ind_prs01092022.pdf,Page 3,ACTIVE,Verified raw reconstitution event,,
EVT_00033,RAW_00033,RAW,"September 30, 2022","September 01, 2022",ADDITION,ADDITION,MOTHERSON,,,Samvardhana Motherson International Ltd.,,2022-SEP,FUTURE_RELATIVE_TO_SNAPSHOT,ind_prs01092022.pdf,Page 3,ACTIVE,Verified raw reconstitution event,,
EVT_00034,RAW_00034,RAW,"September 30, 2022","September 01, 2022",ADDITION,ADDITION,SHARDACROP,,,Sharda Cropchem Ltd.,,2022-SEP,FUTURE_RELATIVE_TO_SNAPSHOT,ind_prs01092022.pdf,Page 3,ACTIVE,Verified raw reconstitution event,,
EVT_00035,RAW_00035,RAW,"September 30, 2022","September 01, 2022",ADDITION,ADDITION,SWANENERGY,,,Swan Energy Ltd.,,2022-SEP,FUTURE_RELATIVE_TO_SNAPSHOT,ind_prs01092022.pdf,Page 3,ACTIVE,Verified raw reconstitution event,,
EVT_00036,RAW_00036,RAW,"September 30, 2022","September 01, 2022",ADDITION,ADDITION,TEJASNET,,,Tejas Networks Ltd.,,2022-SEP,FUTURE_RELATIVE_TO_SNAPSHOT,ind_prs01092022.pdf,Page 3,ACTIVE,Verified raw reconstitution event,,
EVT_00037,RAW_00037,RAW,"September 30, 2022","September 01, 2022",ADDITION,ADDITION,TCI,,,Transport Corporation of India Ltd.,,2022-SEP,FUTURE_RELATIVE_TO_SNAPSHOT,ind_prs01092022.pdf,Page 3,ACTIVE,Verified raw reconstitution event,,
EVT_00038,RAW_00038,RAW,"September 30, 2022","September 01, 2022",ADDITION,ADDITION,MANYAVAR,,,Vedant Fashions Ltd.,,2022-SEP,FUTURE_RELATIVE_TO_SNAPSHOT,ind_prs01092022.pdf,Page 3,ACTIVE,Verified raw reconstitution event,,
EVT_00039,RAW_00039,RAW,"July 31, 2020","July 02, 2020",DELETION,DELETION,VEDL,,,Vedanta Ltd.,,2020-JUL,FUTURE_RELATIVE_TO_SNAPSHOT,ind_prs02072020_1.pdf,Page 2,ACTIVE,Verified raw reconstitution event,,
EVT_00040,RAW_00040,RAW,"July 31, 2020","July 02, 2020",DELETION,DELETION,SBICARD,,,SBI Cards and Payment Services Ltd.,,2020-JUL,FUTURE_RELATIVE_TO_SNAPSHOT,ind_prs02072020_1.pdf,Page 2,ACTIVE,Verified raw reconstitution event,,
EVT_00041,RAW_00041,RAW,"April 11, 2025","April 04, 2025",DELETION,DELETION,QUESS,,,Quess Corp Ltd.,,2025-MAR,FUTURE_RELATIVE_TO_SNAPSHOT,ind_prs04042025_2.pdf,Page 1,ACTIVE,Verified raw reconstitution event,,
EVT_00042,RAW_00042,RAW,"April 11, 2025","April 04, 2025",DELETION,DELETION,SUNDRMFAST,,,Sundram Fasteners Ltd.,,2025-MAR,FUTURE_RELATIVE_TO_SNAPSHOT,ind_prs04042025_2.pdf,Page 1,ACTIVE,Verified raw reconstitution event,,
EVT_00043,RAW_00043,RAW,"May 12, 2026","May 04, 2026",DELETION,DELETION,GSPL,,,Gujarat State Petronet Ltd.,,2026-MAY,FUTURE_RELATIVE_TO_SNAPSHOT,ind_prs04052026.pdf,Page 1,ACTIVE,Verified raw reconstitution event,,
EVT_00044,RAW_00044,RAW,"May 12, 2026","May 04, 2026",DELETION,DELETION,CIEINDIA,,,CIE Automotive India Ltd.,,2026-MAY,FUTURE_RELATIVE_TO_SNAPSHOT,ind_prs04052026.pdf,Page 1,ACTIVE,Verified raw reconstitution event,,
EVT_00045,RAW_00045,RAW,"July 13, 2023","July 04, 2023",DELETION,DELETION,HDFC,,,Housing Development Finance Corporation Ltd.,,2023-JUL,FUTURE_RELATIVE_TO_SNAPSHOT,ind_prs04072023.pdf,Page 2,ACTIVE,Verified raw reconstitution event,,
EVT_00046,RAW_00046,RAW,"July 13, 2023","July 04, 2023",DELETION,DELETION,MANKIND,,,Mankind Pharma Ltd.,,2023-JUL,FUTURE_RELATIVE_TO_SNAPSHOT,ind_prs04072023.pdf,Page 2,ACTIVE,Verified raw reconstitution event,,
EVT_00047,RAW_00047,RAW,"October 10, 2024","October 04, 2024",DELETION,DELETION,IDFC,,,IDFC Ltd.,,2024-SEP,FUTURE_RELATIVE_TO_SNAPSHOT,ind_prs04102024.pdf,Page 1,ACTIVE,Verified raw reconstitution event,,
EVT_00048,RAW_00048,RAW,"October 10, 2024","October 04, 2024",DELETION,DELETION,EMCURE,,,Emcure Pharmaceuticals Ltd.,,2024-SEP,FUTURE_RELATIVE_TO_SNAPSHOT,ind_prs04102024.pdf,Page 1,ACTIVE,Verified raw reconstitution event,,
EVT_00049,RAW_00049,RAW,"May 04, 2022","April 05, 2022",DELETION,DELETION,AARTIIND,,,Aarti Industries Ltd.,,2022-MAY,FUTURE_RELATIVE_TO_SNAPSHOT,ind_prs05042022.pdf,Page 1,ACTIVE,Verified raw reconstitution event,,
EVT_00050,RAW_00050,RAW,"May 04, 2022","April 05, 2022",DELETION,DELETION,GMRINFRA,,,GMR Infrastructure Ltd.,,2022-MAY,FUTURE_RELATIVE_TO_SNAPSHOT,ind_prs05042022.pdf,Page 1,ACTIVE,Verified raw reconstitution event,,
EVT_00051,RAW_00051,RAW,"April 12, 2022","April 05, 2022",DELETION,DELETION,BEML,,,BEML Ltd.,,2022-MAR,FUTURE_RELATIVE_TO_SNAPSHOT,ind_prs05042022_1.pdf,Page 1,ACTIVE,Verified raw reconstitution event,,
EVT_00052,RAW_00052,RAW,"April 12, 2022","April 05, 2022",DELETION,DELETION,CGCL,,,Capri Global Capital Ltd.,,2022-MAR,FUTURE_RELATIVE_TO_SNAPSHOT,ind_prs05042022_1.pdf,Page 1,ACTIVE,Verified raw reconstitution event,,
EVT_00053,RAW_00053,RAW,"April 02, 2018","March 06, 2018",DELETION,DELETION,VIDEOIND,,,Videocon Industries Ltd.,,2018-MAR,FUTURE_RELATIVE_TO_SNAPSHOT,ind_prs06032018.pdf,Page 1,ACTIVE,Verified raw reconstitution event,,
EVT_00054,RAW_00054,RAW,"April 02, 2018","March 06, 2018",DELETION,DELETION,ERIS,,,Eris Lifesciences Ltd.,,2018-MAR,FUTURE_RELATIVE_TO_SNAPSHOT,ind_prs06032018.pdf,Page 1,ACTIVE,Verified raw reconstitution event,,
EVT_00055,RAW_00055,RAW,,"March 06, 2023",DELETION,DELETION,ASTRAZEN,,,AstraZenca Pharma India Ltd.,,2023-MAR,PRIMARY_TARGET,ind_prs06032023.pdf,Page 5,ACTIVE,Verified raw reconstitution event,,
EVT_00056,RAW_00056,RAW,,"March 06, 2023",DELETION,DELETION,BHARATRAS,,,Bharat Rasayan Ltd.,,2023-MAR,PRIMARY_TARGET,ind_prs06032023.pdf,Page 5,ACTIVE,Verified raw reconstitution event,,
EVT_00057,RAW_00057,RAW,,"March 06, 2023",DELETION,DELETION,INDOCO,,,Indoco Remedies Ltd.,,2023-MAR,PRIMARY_TARGET,ind_prs06032023.pdf,Page 5,ACTIVE,Verified raw reconstitution event,,
EVT_00058,RAW_00058,RAW,,"March 06, 2023",DELETION,DELETION,PGHL,,,Procter & Gamble Health Ltd.,,2023-MAR,PRIMARY_TARGET,ind_prs06032023.pdf,Page 5,ACTIVE,Verified raw reconstitution event,,
EVT_00059,RAW_00059,RAW,,"March 06, 2023",DELETION,DELETION,SFL,,,Sheela Foam Ltd.,,2023-MAR,PRIMARY_TARGET,ind_prs06032023.pdf,Page 5,ACTIVE,Verified raw reconstitution event,,
EVT_00060,RAW_00060,RAW,,"March 06, 2023",DELETION,DELETION,TATACOFFEE,,,Tata Coffee Ltd.,,2023-MAR,PRIMARY_TARGET,ind_prs06032023.pdf,Page 5,ACTIVE,Verified raw reconstitution event,,
EVT_00061,RAW_00061,RAW,,"March 06, 2023",DELETION,DELETION,THYROCARE,,,Thyrocare Technologies Ltd.,,2023-MAR,PRIMARY_TARGET,ind_prs06032023.pdf,Page 5,ACTIVE,Verified raw reconstitution event,,
EVT_00062,RAW_00062,RAW,,"March 06, 2023",ADDITION,ADDITION,APARINDS,,,Apar Industries Ltd.,,2023-MAR,PRIMARY_TARGET,ind_prs06032023.pdf,Page 5,ACTIVE,Verified raw reconstitution event,,
EVT_00063,RAW_00063,RAW,,"March 06, 2023",ADDITION,ADDITION,BIKAJI,,,Bikaji Foods International Ltd.,,2023-MAR,PRIMARY_TARGET,ind_prs06032023.pdf,Page 5,ACTIVE,Verified raw reconstitution event,,
EVT_00064,RAW_00064,RAW,,"March 06, 2023",ADDITION,ADDITION,MEDANTA,,,Global Health Ltd.,,2023-MAR,PRIMARY_TARGET,ind_prs06032023.pdf,Page 5,ACTIVE,Verified raw reconstitution event,,
EVT_00065,RAW_00065,RAW,,"March 06, 2023",ADDITION,ADDITION,INGERRAND,,,Ingersoll Rand (India) Ltd.,,2023-MAR,PRIMARY_TARGET,ind_prs06032023.pdf,Page 5,ACTIVE,Verified raw reconstitution event,,
EVT_00066,RAW_00066,RAW,,"March 06, 2023",ADDITION,ADDITION,KENNAMET,,,Kennametal India Ltd.,,2023-MAR,PRIMARY_TARGET,ind_prs06032023.pdf,Page 5,ACTIVE,Verified raw reconstitution event,,
EVT_00067,RAW_00067,RAW,,"March 06, 2023",ADDITION,ADDITION,KFINTECH,,,Kfin Technologies Ltd.,,2023-MAR,PRIMARY_TARGET,ind_prs06032023.pdf,Page 5,ACTIVE,Verified raw reconstitution event,,
EVT_00068,RAW_00068,RAW,,"March 06, 2023",ADDITION,ADDITION,KSB,,,KSB Ltd.,,2023-MAR,PRIMARY_TARGET,ind_prs06032023.pdf,Page 5,ACTIVE,Verified raw reconstitution event,,
EVT_00069,RAW_00069,RAW,,"March 06, 2023",ADDITION,ADDITION,NMDC,,,NMDC Ltd.,,2023-MAR,PRIMARY_TARGET,ind_prs06032023.pdf,Page 5,ACTIVE,Verified raw reconstitution event,,
EVT_00070,RAW_00070,RAW,"April 07, 2022","April 06, 2022",DELETION,DELETION,SUPPETRO,,,Supreme Petrochem Ltd.,,2022-MAR,FUTURE_RELATIVE_TO_SNAPSHOT,ind_prs06042022.pdf,Page 1,ACTIVE,Verified raw reconstitution event,,
EVT_00071,RAW_00071,RAW,"April 07, 2022","April 06, 2022",DELETION,DELETION,MTARTECH,,,MTAR Technologies Ltd.,,2022-MAR,FUTURE_RELATIVE_TO_SNAPSHOT,ind_prs06042022.pdf,Page 1,ACTIVE,Verified raw reconstitution event,,
EVT_00072,RAW_00072,RAW,"June 30,
2025","June 06, 2025",DELETION,DELETION,ABSLAMC,,,Aditya Birla Sun Life AMC Ltd.,,2025-JUN,FUTURE_RELATIVE_TO_SNAPSHOT,ind_prs06062025.pdf,Page 5,ACTIVE,Verified raw reconstitution event,,
EVT_00073,RAW_00073,RAW,"June 30,
2025","June 06, 2025",DELETION,DELETION,MSUMI,,,Motherson Sumi Wiring India Ltd.,,2025-JUN,FUTURE_RELATIVE_TO_SNAPSHOT,ind_prs06062025.pdf,Page 5,ACTIVE,Verified raw reconstitution event,,
EVT_00074,RAW_00074,RAW,"June 30,
2025","June 06, 2025",DELETION,DELETION,PETRONET,,,Petronet LNG Ltd.,,2025-JUN,FUTURE_RELATIVE_TO_SNAPSHOT,ind_prs06062025.pdf,Page 5,ACTIVE,Verified raw reconstitution event,,
EVT_00075,RAW_00075,RAW,"June 30,
2025","June 06, 2025",DELETION,DELETION,RTNINDIA,,,RattanIndia Enterprises Ltd.,,2025-JUN,FUTURE_RELATIVE_TO_SNAPSHOT,ind_prs06062025.pdf,Page 5,ACTIVE,Verified raw reconstitution event,,
EVT_00076,RAW_00076,RAW,"June 30,
2025","June 06, 2025",DELETION,DELETION,TATAMOTORS,,,Tata Motors Ltd.,,2025-JUN,FUTURE_RELATIVE_TO_SNAPSHOT,ind_prs06062025.pdf,Page 5,ACTIVE,Verified raw reconstitution event,,
EVT_00077,RAW_00077,RAW,"June 30,
2025","June 06, 2025",DELETION,DELETION,VBL,,,Varun Beverages Ltd.,,2025-JUN,FUTURE_RELATIVE_TO_SNAPSHOT,ind_prs06062025.pdf,Page 5,ACTIVE,Verified raw reconstitution event,,
EVT_00078,RAW_00078,RAW,"June 30,
2025","June 06, 2025",ADDITION,ADDITION,ABB,,,ABB India Ltd.,,2025-JUN,FUTURE_RELATIVE_TO_SNAPSHOT,ind_prs06062025.pdf,Page 5,ACTIVE,Verified raw reconstitution event,,
EVT_00079,RAW_00079,RAW,"June 30,
2025","June 06, 2025",ADDITION,ADDITION,ANANDRATHI,,,Anand Rathi Wealth Ltd.,,2025-JUN,FUTURE_RELATIVE_TO_SNAPSHOT,ind_prs06062025.pdf,Page 5,ACTIVE,Verified raw reconstitution event,,
EVT_00080,RAW_00080,RAW,"June 30,
2025","June 06, 2025",ADDITION,ADDITION,BRITANNIA,,,Britannia Industries Ltd.,,2025-JUN,FUTURE_RELATIVE_TO_SNAPSHOT,ind_prs06062025.pdf,Page 5,ACTIVE,Verified raw reconstitution event,,
EVT_00081,RAW_00081,RAW,"June 30,
2025","June 06, 2025",ADDITION,ADDITION,CRISIL,,,CRISIL Ltd.,,2025-JUN,FUTURE_RELATIVE_TO_SNAPSHOT,ind_prs06062025.pdf,Page 5,ACTIVE,Verified raw reconstitution event,,
EVT_00082,RAW_00082,RAW,"June 30,
2025","June 06, 2025",ADDITION,ADDITION,SUZLON,,,Suzlon Energy Ltd.,,2025-JUN,FUTURE_RELATIVE_TO_SNAPSHOT,ind_prs06062025.pdf,Page 5,ACTIVE,Verified raw reconstitution event,,
EVT_00083,RAW_00083,RAW,"June 30,
2025","June 06, 2025",ADDITION,ADDITION,ZENTEC,,,Zen Technologies Ltd.,,2025-JUN,FUTURE_RELATIVE_TO_SNAPSHOT,ind_prs06062025.pdf,Page 5,ACTIVE,Verified raw reconstitution event,,
EVT_00084,RAW_00084,RAW,,"December 06, 2022",DELETION,DELETION,ALLCARGO,,,Allcargo Logistics Ltd.,,2022-DEC,PRIMARY_TARGET,ind_prs06122022.pdf,Page 1,ACTIVE,Verified raw reconstitution event,,
EVT_00085,RAW_00085,RAW,,"December 06, 2022",DELETION,DELETION,NIITLTD,,,NIIT Ltd.,,2022-DEC,PRIMARY_TARGET,ind_prs06122022.pdf,Page 1,ACTIVE,Verified raw reconstitution event,,
EVT_00086,RAW_00086,RAW,,"December 06, 2022",DELETION,DELETION,SCI,,,Shipping Corporation of India Ltd.,,2022-DEC,PRIMARY_TARGET,ind_prs06122022.pdf,Page 1,ACTIVE,Verified raw reconstitution event,,
EVT_00087,RAW_00087,RAW,,"December 06, 2022",ADDITION,ADDITION,BEML,,,BEML Ltd.,,2022-DEC,PRIMARY_TARGET,ind_prs06122022.pdf,Page 1,ACTIVE,Verified raw reconstitution event,,
EVT_00088,RAW_00088,RAW,,"December 06, 2022",ADDITION,ADDITION,LEMONTREE,,,Lemon Tree Hotels Ltd.,,2022-DEC,PRIMARY_TARGET,ind_prs06122022.pdf,Page 1,ACTIVE,Verified raw reconstitution event,,
EVT_00089,RAW_00089,RAW,,"December 06, 2022",ADDITION,ADDITION,UCOBANK,,,UCO Bank,,2022-DEC,PRIMARY_TARGET,ind_prs06122022.pdf,Page 2,ACTIVE,Verified raw reconstitution event,,
EVT_00090,RAW_00090,RAW,"March 31, 2017","February 16, 2017",DELETION,DELETION,SBBJ,,,State Bank of Bikaner & Jaipur Ltd.,,2017-MAR,OUTSIDE_PRIMARY_TARGET,ind_prs07032017.pdf,Page 1,ACTIVE,Verified raw reconstitution event,,
EVT_00091,RAW_00091,RAW,"March 31, 2017","February 16, 2017",DELETION,DELETION,MYSOREBANK,,,State Bank of Mysore,,2017-MAR,OUTSIDE_PRIMARY_TARGET,ind_prs07032017.pdf,Page 1,ACTIVE,Verified raw reconstitution event,,
EVT_00092,RAW_00092,RAW,"March 31, 2017","February 16, 2017",DELETION,DELETION,SBT,,,State Bank of Travancore,,2017-MAR,OUTSIDE_PRIMARY_TARGET,ind_prs07032017.pdf,Page 1,ACTIVE,Verified raw reconstitution event,,
EVT_00093,RAW_00093,RAW,"March 31, 2017","February 16, 2017",ADDITION,ADDITION,FRETAIL,,,Future Retail Ltd.,,2017-MAR,OUTSIDE_PRIMARY_TARGET,ind_prs07032017.pdf,Page 1,ACTIVE,Verified raw reconstitution event,,
EVT_00094,RAW_00094,RAW,"March 31, 2017","February 16, 2017",ADDITION,ADDITION,MAXINDIA,,,Max India Ltd.,,2017-MAR,OUTSIDE_PRIMARY_TARGET,ind_prs07032017.pdf,Page 1,ACTIVE,Verified raw reconstitution event,,
EVT_00095,RAW_00095,RAW,"March 31, 2017","February 16, 2017",ADDITION,ADDITION,MGL,,,Mahanagar Gas Ltd.,,2017-MAR,OUTSIDE_PRIMARY_TARGET,ind_prs07032017.pdf,Page 1,ACTIVE,Verified raw reconstitution event,,
EVT_00096,RAW_00096,RAW,"June 28, 2024","June 07, 2024",DELETION,DELETION,ANGELONE,,,Angel One Ltd.,,2024-JUN,FUTURE_RELATIVE_TO_SNAPSHOT,ind_prs07062024.pdf,Page 7,ACTIVE,Verified raw reconstitution event,,
EVT_00097,RAW_00097,RAW,"June 28, 2024","June 07, 2024",DELETION,DELETION,AUROPHARMA,,,Aurobindo Pharma Ltd.,,2024-JUN,FUTURE_RELATIVE_TO_SNAPSHOT,ind_prs07062024.pdf,Page 7,ACTIVE,Verified raw reconstitution event,,
EVT_00098,RAW_00098,RAW,"June 28, 2024","June 07, 2024",DELETION,DELETION,BSOFT,,,Birlasoft Ltd.,,2024-JUN,FUTURE_RELATIVE_TO_SNAPSHOT,ind_prs07062024.pdf,Page 7,ACTIVE,Verified raw reconstitution event,,
EVT_00099,RAW_00099,RAW,"June 28, 2024","June 07, 2024",DELETION,DELETION,MAPMYINDIA,,,C.E. Info Systems Ltd.,,2024-JUN,FUTURE_RELATIVE_TO_SNAPSHOT,ind_prs07062024.pdf,Page 7,ACTIVE,Verified raw reconstitution event,,
EVT_00100,RAW_00100,RAW,"June 28, 2024","June 07, 2024",DELETION,DELETION,CDSL,,,Central Depository Services (India) Ltd.,,2024-JUN,FUTURE_RELATIVE_TO_SNAPSHOT,ind_prs07062024.pdf,Page 7,ACTIVE,Verified raw reconstitution event,,
EVT_00101,RAW_00101,RAW,"June 28, 2024","June 07, 2024",DELETION,DELETION,CYIENT,,,Cyient Ltd.,,2024-JUN,FUTURE_RELATIVE_TO_SNAPSHOT,ind_prs07062024.pdf,Page 7,ACTIVE,Verified raw reconstitution event,,
EVT_00102,RAW_00102,RAW,"June 28, 2024","June 07, 2024",DELETION,DELETION,ECLERX,,,eClerx Services Ltd.,,2024-JUN,FUTURE_RELATIVE_TO_SNAPSHOT,ind_prs07062024.pdf,Page 7,ACTIVE,Verified raw reconstitution event,,
EVT_00103,RAW_00103,RAW,"June 28, 2024","June 07, 2024",DELETION,DELETION,FACT,,,Fertilisers and Chemicals Travancore Ltd.,,2024-JUN,FUTURE_RELATIVE_TO_SNAPSHOT,ind_prs07062024.pdf,Page 7,ACTIVE,Verified raw reconstitution event,,
EVT_00104,RAW_00104,RAW,"June 28, 2024","June 07, 2024",DELETION,DELETION,GICRE,,,General Insurance Corporation of India,,2024-JUN,FUTURE_RELATIVE_TO_SNAPSHOT,ind_prs07062024.pdf,Page 7,ACTIVE,Verified raw reconstitution event,,
EVT_00105,RAW_00105,RAW,"June 28, 2024","June 07, 2024",DELETION,DELETION,MEDANTA,,,Global Health Ltd.,,2024-JUN,FUTURE_RELATIVE_TO_SNAPSHOT,ind_prs07062024.pdf,Page 7,ACTIVE,Verified raw reconstitution event,,
EVT_00106,RAW_00106,RAW,"June 28, 2024","June 07, 2024",DELETION,DELETION,IRCON,,,IRCON International Ltd.,,2024-JUN,FUTURE_RELATIVE_TO_SNAPSHOT,ind_prs07062024.pdf,Page 7,ACTIVE,Verified raw reconstitution event,,
EVT_00107,RAW_00107,RAW,"June 28, 2024","June 07, 2024",DELETION,DELETION,ITI,,,ITI Ltd.,,2024-JUN,FUTURE_RELATIVE_TO_SNAPSHOT,ind_prs07062024.pdf,Page 7,ACTIVE,Verified raw reconstitution event,,
EVT_00108,RAW_00108,RAW,"June 28, 2024","June 07, 2024",DELETION,DELETION,JINDALSAW,,,Jindal Saw Ltd.,,2024-JUN,FUTURE_RELATIVE_TO_SNAPSHOT,ind_prs07062024.pdf,Page 7,ACTIVE,Verified raw reconstitution event,,
EVT_00109,RAW_00109,RAW,"June 28, 2024","June 07, 2024",DELETION,DELETION,JYOTHYLAB,,,Jyothy Labs Ltd.,,2024-JUN,FUTURE_RELATIVE_TO_SNAPSHOT,ind_prs07062024.pdf,Page 8,ACTIVE,Verified raw reconstitution event,,
EVT_00110,RAW_00110,RAW,"June 28, 2024","June 07, 2024",DELETION,DELETION,KARURVYSYA,,,Karur Vysya Bank Ltd.,,2024-JUN,FUTURE_RELATIVE_TO_SNAPSHOT,ind_prs07062024.pdf,Page 8,ACTIVE,Verified raw reconstitution event,,
EVT_00111,RAW_00111,RAW,"June 28, 2024","June 07, 2024",DELETION,DELETION,KAYNES,,,Kaynes Technology India Ltd.,,2024-JUN,FUTURE_RELATIVE_TO_SNAPSHOT,ind_prs07062024.pdf,Page 8,ACTIVE,Verified raw reconstitution event,,
EVT_00112,RAW_00112,RAW,"June 28, 2024","June 07, 2024",DELETION,DELETION,KPITTECH,,,KPIT Technologies Ltd.,,2024-JUN,FUTURE_RELATIVE_TO_SNAPSHOT,ind_prs07062024.pdf,Page 8,ACTIVE,Verified raw reconstitution event,,
EVT_00113,RAW_00113,RAW,"June 28, 2024","June 07, 2024",DELETION,DELETION,LUPIN,,,Lupin Ltd.,,2024-JUN,FUTURE_RELATIVE_TO_SNAPSHOT,ind_prs07062024.pdf,Page 8,ACTIVE,Verified raw reconstitution event,,
EVT_00114,RAW_00114,RAW,"June 28, 2024","June 07, 2024",DELETION,DELETION,MCX,,,Multi Commodity Exchange of India Ltd.,,2024-JUN,FUTURE_RELATIVE_TO_SNAPSHOT,ind_prs07062024.pdf,Page 8,ACTIVE,Verified raw reconstitution event,,
EVT_00115,RAW_00115,RAW,"June 28, 2024","June 07, 2024",DELETION,DELETION,NLCINDIA,,,NLC India Ltd.,,2024-JUN,FUTURE_RELATIVE_TO_SNAPSHOT,ind_prs07062024.pdf,Page 8,ACTIVE,Verified raw reconstitution event,,
EVT_00116,RAW_00116,RAW,"June 28, 2024","June 07, 2024",DELETION,DELETION,PCBL,,,PCBL Ltd.,,2024-JUN,FUTURE_RELATIVE_TO_SNAPSHOT,ind_prs07062024.pdf,Page 8,ACTIVE,Verified raw reconstitution event,,
EVT_00117,RAW_00117,RAW,"June 28, 2024","June 07, 2024",DELETION,DELETION,PNBHOUSING,,,PNB Housing Finance Ltd.,,2024-JUN,FUTURE_RELATIVE_TO_SNAPSHOT,ind_prs07062024.pdf,Page 8,ACTIVE,Verified raw reconstitution event,,
EVT_00118,RAW_00118,RAW,"June 28, 2024","June 07, 2024",DELETION,DELETION,POLYCAB,,,Polycab India Ltd.,,2024-JUN,FUTURE_RELATIVE_TO_SNAPSHOT,ind_prs07062024.pdf,Page 8,ACTIVE,Verified raw reconstitution event,,
EVT_00119,RAW_00119,RAW,"June 28, 2024","June 07, 2024",DELETION,DELETION,SAFARI,,,Safari Industries (India) Ltd.,,2024-JUN,FUTURE_RELATIVE_TO_SNAPSHOT,ind_prs07062024.pdf,Page 8,ACTIVE,Verified raw reconstitution event,,
EVT_00120,RAW_00120,RAW,"June 28, 2024","June 07, 2024",DELETION,DELETION,SHYAMMETL,,,Shyam Metalics and Energy Ltd.,,2024-JUN,FUTURE_RELATIVE_TO_SNAPSHOT,ind_prs07062024.pdf,Page 8,ACTIVE,Verified raw reconstitution event,,
EVT_00121,RAW_00121,RAW,"June 28, 2024","June 07, 2024",DELETION,DELETION,SONATSOFTW,,,Sonata Software Ltd.,,2024-JUN,FUTURE_RELATIVE_TO_SNAPSHOT,ind_prs07062024.pdf,Page 8,ACTIVE,Verified raw reconstitution event,,
EVT_00122,RAW_00122,RAW,"June 28, 2024","June 07, 2024",DELETION,DELETION,SUPREMEIND,,,Supreme Industries Ltd.,,2024-JUN,FUTURE_RELATIVE_TO_SNAPSHOT,ind_prs07062024.pdf,Page 8,ACTIVE,Verified raw reconstitution event,,
EVT_00123,RAW_00123,RAW,"June 28, 2024","June 07, 2024",DELETION,DELETION,TATAINVEST,,,Tata Investment Corporation Ltd.,,2024-JUN,FUTURE_RELATIVE_TO_SNAPSHOT,ind_prs07062024.pdf,Page 8,ACTIVE,Verified raw reconstitution event,,
EVT_00124,RAW_00124,RAW,"June 28, 2024","June 07, 2024",DELETION,DELETION,NIACL,,,The New India Assurance Company Ltd.,,2024-JUN,FUTURE_RELATIVE_TO_SNAPSHOT,ind_prs07062024.pdf,Page 8,ACTIVE,Verified raw reconstitution event,,
EVT_00125,RAW_00125,RAW,"June 28, 2024","June 07, 2024",DELETION,DELETION,WELCORP,,,Welspun Corp Ltd.,,2024-JUN,FUTURE_RELATIVE_TO_SNAPSHOT,ind_prs07062024.pdf,Page 8,ACTIVE,Verified raw reconstitution event,,
EVT_00126,RAW_00126,RAW,"June 28, 2024","June 07, 2024",DELETION,DELETION,ZENSARTECH,,,Zensar Technolgies Ltd.,,2024-JUN,FUTURE_RELATIVE_TO_SNAPSHOT,ind_prs07062024.pdf,Page 8,ACTIVE,Verified raw reconstitution event,,
EVT_00127,RAW_00127,RAW,"June 28, 2024","June 07, 2024",ADDITION,ADDITION,ABB,,,ABB India Ltd.,,2024-JUN,FUTURE_RELATIVE_TO_SNAPSHOT,ind_prs07062024.pdf,Page 8,ACTIVE,Verified raw reconstitution event,,
EVT_00128,RAW_00128,RAW,"June 28, 2024","June 07, 2024",ADDITION,ADDITION,ADANIPORTS,,,Adani Ports and Special Economic Zone Ltd.,,2024-JUN,FUTURE_RELATIVE_TO_SNAPSHOT,ind_prs07062024.pdf,Page 8,ACTIVE,Verified raw reconstitution event,,
EVT_00129,RAW_00129,RAW,"June 28, 2024","June 07, 2024",ADDITION,ADDITION,ADANIPOWER,,,Adani Power Ltd.,,2024-JUN,FUTURE_RELATIVE_TO_SNAPSHOT,ind_prs07062024.pdf,Page 8,ACTIVE,Verified raw reconstitution event,,
EVT_00130,RAW_00130,RAW,"June 28, 2024","June 07, 2024",ADDITION,ADDITION,ANANDRATHI,,,Anand Rathi Wealth Ltd.,,2024-JUN,FUTURE_RELATIVE_TO_SNAPSHOT,ind_prs07062024.pdf,Page 8,ACTIVE,Verified raw reconstitution event,,
EVT_00131,RAW_00131,RAW,"June 28, 2024","June 07, 2024",ADDITION,ADDITION,BAJAJ-AUTO,,,Bajaj Auto Ltd.,,2024-JUN,FUTURE_RELATIVE_TO_SNAPSHOT,ind_prs07062024.pdf,Page 8,ACTIVE,Verified raw reconstitution event,,
EVT_00132,RAW_00132,RAW,"June 28, 2024","June 07, 2024",ADDITION,ADDITION,BDL,,,Bharat Dynamics Ltd.,,2024-JUN,FUTURE_RELATIVE_TO_SNAPSHOT,ind_prs07062024.pdf,Page 8,ACTIVE,Verified raw reconstitution event,,
EVT_00133,RAW_00133,RAW,"June 28, 2024","June 07, 2024",ADDITION,ADDITION,BEL,,,Bharat Electronics Ltd.,,2024-JUN,FUTURE_RELATIVE_TO_SNAPSHOT,ind_prs07062024.pdf,Page 8,ACTIVE,Verified raw reconstitution event,,
EVT_00134,RAW_00134,RAW,"June 28, 2024","June 07, 2024",ADDITION,ADDITION,CUMMINSIND,,,Cummins India Ltd.,,2024-JUN,FUTURE_RELATIVE_TO_SNAPSHOT,ind_prs07062024.pdf,Page 8,ACTIVE,Verified raw reconstitution event,,
EVT_00135,RAW_00135,RAW,"June 28, 2024","June 07, 2024",ADDITION,ADDITION,DIXON,,,Dixon Technologies (India) Ltd.,,2024-JUN,FUTURE_RELATIVE_TO_SNAPSHOT,ind_prs07062024.pdf,Page 8,ACTIVE,Verified raw reconstitution event,,
EVT_00136,RAW_00136,RAW,"June 28, 2024","June 07, 2024",ADDITION,ADDITION,EXIDEIND,,,Exide Industries Ltd.,,2024-JUN,FUTURE_RELATIVE_TO_SNAPSHOT,ind_prs07062024.pdf,Page 8,ACTIVE,Verified raw reconstitution event,,
EVT_00137,RAW_00137,RAW,"June 28, 2024","June 07, 2024",ADDITION,ADDITION,HBLPOWER,,,HBL Power Systems Ltd.,,2024-JUN,FUTURE_RELATIVE_TO_SNAPSHOT,ind_prs07062024.pdf,Page 8,ACTIVE,Verified raw reconstitution event,,
EVT_00138,RAW_00138,RAW,"June 28, 2024","June 07, 2024",ADDITION,ADDITION,HINDCOPPER,,,Hindustan Copper Ltd.,,2024-JUN,FUTURE_RELATIVE_TO_SNAPSHOT,ind_prs07062024.pdf,Page 8,ACTIVE,Verified raw reconstitution event,,
EVT_00139,RAW_00139,RAW,"June 28, 2024","June 07, 2024",ADDITION,ADDITION,POWERINDIA,,,Hitachi Energy India Ltd.,,2024-JUN,FUTURE_RELATIVE_TO_SNAPSHOT,ind_prs07062024.pdf,Page 8,ACTIVE,Verified raw reconstitution event,,
EVT_00140,RAW_00140,RAW,"June 28, 2024","June 07, 2024",ADDITION,ADDITION,HUDCO,,,Housing & Urban Development Corporation Ltd.,,2024-JUN,FUTURE_RELATIVE_TO_SNAPSHOT,ind_prs07062024.pdf,Page 8,ACTIVE,Verified raw reconstitution event,,
EVT_00141,RAW_00141,RAW,"June 28, 2024","June 07, 2024",ADDITION,ADDITION,JSL,,,Jindal Stainless Ltd.,,2024-JUN,FUTURE_RELATIVE_TO_SNAPSHOT,ind_prs07062024.pdf,Page 8,ACTIVE,Verified raw reconstitution event,,
EVT_00142,RAW_00142,RAW,"June 28, 2024","June 07, 2024",ADDITION,ADDITION,JWL,,,Jupiter Wagons Ltd.,,2024-JUN,FUTURE_RELATIVE_TO_SNAPSHOT,ind_prs07062024.pdf,Page 9,ACTIVE,Verified raw reconstitution event,,
EVT_00143,RAW_00143,RAW,"June 28, 2024","June 07, 2024",ADDITION,ADDITION,KPIL,,,Kalpataru Projects International Ltd.,,2024-JUN,FUTURE_RELATIVE_TO_SNAPSHOT,ind_prs07062024.pdf,Page 9,ACTIVE,Verified raw reconstitution event,,
EVT_00144,RAW_00144,RAW,"June 28, 2024","June 07, 2024",ADDITION,ADDITION,M&M,,,Mahindra & Mahindra Ltd.,,2024-JUN,FUTURE_RELATIVE_TO_SNAPSHOT,ind_prs07062024.pdf,Page 9,ACTIVE,Verified raw reconstitution event,,
EVT_00145,RAW_00145,RAW,"June 28, 2024","June 07, 2024",ADDITION,ADDITION,NATIONALUM,,,National Aluminium Co. Ltd.,,2024-JUN,FUTURE_RELATIVE_TO_SNAPSHOT,ind_prs07062024.pdf,Page 9,ACTIVE,Verified raw reconstitution event,,
EVT_00146,RAW_00146,RAW,"June 28, 2024","June 07, 2024",ADDITION,ADDITION,NBCC,,,NBCC (India) Ltd.,,2024-JUN,FUTURE_RELATIVE_TO_SNAPSHOT,ind_prs07062024.pdf,Page 9,ACTIVE,Verified raw reconstitution event,,
EVT_00147,RAW_00147,RAW,"June 28, 2024","June 07, 2024",ADDITION,ADDITION,NHPC,,,NHPC Ltd.,,2024-JUN,FUTURE_RELATIVE_TO_SNAPSHOT,ind_prs07062024.pdf,Page 9,ACTIVE,Verified raw reconstitution event,,
EVT_00148,RAW_00148,RAW,"June 28, 2024","June 07, 2024",ADDITION,ADDITION,OIL,,,Oil India Ltd.,,2024-JUN,FUTURE_RELATIVE_TO_SNAPSHOT,ind_prs07062024.pdf,Page 9,ACTIVE,Verified raw reconstitution event,,
EVT_00149,RAW_00149,RAW,"June 28, 2024","June 07, 2024",ADDITION,ADDITION,PNB,,,Punjab National Bank,,2024-JUN,FUTURE_RELATIVE_TO_SNAPSHOT,ind_prs07062024.pdf,Page 9,ACTIVE,Verified raw reconstitution event,,
EVT_00150,RAW_00150,RAW,"June 28, 2024","June 07, 2024",ADDITION,ADDITION,RVNL,,,Rail Vikas Nigam Ltd.,,2024-JUN,FUTURE_RELATIVE_TO_SNAPSHOT,ind_prs07062024.pdf,Page 9,ACTIVE,Verified raw reconstitution event,,
EVT_00151,RAW_00151,RAW,"June 28, 2024","June 07, 2024",ADDITION,ADDITION,MOTHERSON,,,Samvardhana Motherson International Ltd.,,2024-JUN,FUTURE_RELATIVE_TO_SNAPSHOT,ind_prs07062024.pdf,Page 9,ACTIVE,Verified raw reconstitution event,,
EVT_00152,RAW_00152,RAW,"June 28, 2024","June 07, 2024",ADDITION,ADDITION,SIEMENS,,,Siemens Ltd.,,2024-JUN,FUTURE_RELATIVE_TO_SNAPSHOT,ind_prs07062024.pdf,Page 9,ACTIVE,Verified raw reconstitution event,,
EVT_00153,RAW_00153,RAW,"June 28, 2024","June 07, 2024",ADDITION,ADDITION,SOBHA,,,Sobha Ltd.,,2024-JUN,FUTURE_RELATIVE_TO_SNAPSHOT,ind_prs07062024.pdf,Page 9,ACTIVE,Verified raw reconstitution event,,
EVT_00154,RAW_00154,RAW,"June 28, 2024","June 07, 2024",ADDITION,ADDITION,TATAPOWER,,,Tata Power Co. Ltd.,,2024-JUN,FUTURE_RELATIVE_TO_SNAPSHOT,ind_prs07062024.pdf,Page 9,ACTIVE,Verified raw reconstitution event,,
EVT_00155,RAW_00155,RAW,"June 28, 2024","June 07, 2024",ADDITION,ADDITION,THERMAX,,,Thermax Ltd.,,2024-JUN,FUTURE_RELATIVE_TO_SNAPSHOT,ind_prs07062024.pdf,Page 9,ACTIVE,Verified raw reconstitution event,,
EVT_00156,RAW_00156,RAW,"June 28, 2024","June 07, 2024",ADDITION,ADDITION,TITAGARH,,,Titagarh Rail Systems Ltd.,,2024-JUN,FUTURE_RELATIVE_TO_SNAPSHOT,ind_prs07062024.pdf,Page 9,ACTIVE,Verified raw reconstitution event,,
EVT_00157,RAW_00157,RAW,"June 28, 2024","June 07, 2024",ADDITION,ADDITION,ZYDUSLIFE,,,Zydus Lifesciences Ltd.,,2024-JUN,FUTURE_RELATIVE_TO_SNAPSHOT,ind_prs07062024.pdf,Page 9,ACTIVE,Verified raw reconstitution event,,
EVT_00158,RAW_00158,RAW,"September 14, 2020","September 07, 2020",DELETION,DELETION,ASAHIINDIA,,,Asahi India Glass Ltd.,,2020-SEP,FUTURE_RELATIVE_TO_SNAPSHOT,ind_prs07092020.pdf,Page 1,ACTIVE,Verified raw reconstitution event,OVR_003,
EVT_00159,RAW_00159,RAW,"September 14, 2020","September 07, 2020",DELETION,DELETION,JTEKTINDIA,,,JTEKT India Ltd.,,2020-SEP,FUTURE_RELATIVE_TO_SNAPSHOT,ind_prs07092020.pdf,Page 1,ACTIVE,Verified raw reconstitution event,OVR_003,
EVT_00160,RAW_00160,RAW,,"December 07, 2023",DELETION,DELETION,AUROPHARMA,,,Aurobindo Pharma Ltd.,,2023-DEC,PRIMARY_TARGET,ind_prs07122023.pdf,Page 8,ACTIVE,Verified raw reconstitution event,,
EVT_00161,RAW_00161,RAW,,"December 07, 2023",DELETION,DELETION,EXIDEIND,,,Exide Industries Ltd.,,2023-DEC,PRIMARY_TARGET,ind_prs07122023.pdf,Page 8,ACTIVE,Verified raw reconstitution event,,
EVT_00162,RAW_00162,RAW,,"December 07, 2023",DELETION,DELETION,HINDZINC,,,Hindustan Zinc Ltd.,,2023-DEC,PRIMARY_TARGET,ind_prs07122023.pdf,Page 8,ACTIVE,Verified raw reconstitution event,,
EVT_00163,RAW_00163,RAW,,"December 07, 2023",DELETION,DELETION,JMFINANCIL,,,JM Financial Ltd.,,2023-DEC,PRIMARY_TARGET,ind_prs07122023.pdf,Page 8,ACTIVE,Verified raw reconstitution event,,
EVT_00164,RAW_00164,RAW,,"December 07, 2023",DELETION,DELETION,RAIN,,,Rain Industries Ltd,,2023-DEC,PRIMARY_TARGET,ind_prs07122023.pdf,Page 8,ACTIVE,Verified raw reconstitution event,,
EVT_00165,RAW_00165,RAW,,"December 07, 2023",DELETION,DELETION,SANOFI,,,Sanofi India Ltd.,,2023-DEC,PRIMARY_TARGET,ind_prs07122023.pdf,Page 9,ACTIVE,Verified raw reconstitution event,,
EVT_00166,RAW_00166,RAW,,"December 07, 2023",ADDITION,ADDITION,DEEPAKFERT,,,Deepak Fertilisers & Petrochemicals Corp. Ltd.,,2023-DEC,PRIMARY_TARGET,ind_prs07122023.pdf,Page 9,ACTIVE,Verified raw reconstitution event,,
EVT_00167,RAW_00167,RAW,,"December 07, 2023",ADDITION,ADDITION,EIDPARRY,,,E.I.D. Parry (India) Ltd.,,2023-DEC,PRIMARY_TARGET,ind_prs07122023.pdf,Page 9,ACTIVE,Verified raw reconstitution event,,
EVT_00168,RAW_00168,RAW,,"December 07, 2023",ADDITION,ADDITION,HUDCO,,,Housing & Urban Development Corporation Ltd.,,2023-DEC,PRIMARY_TARGET,ind_prs07122023.pdf,Page 9,ACTIVE,Verified raw reconstitution event,,
EVT_00169,RAW_00169,RAW,,"December 07, 2023",ADDITION,ADDITION,IDFC,,,IDFC Ltd.,,2023-DEC,PRIMARY_TARGET,ind_prs07122023.pdf,Page 9,ACTIVE,Verified raw reconstitution event,,
EVT_00170,RAW_00170,RAW,,"December 07, 2023",ADDITION,ADDITION,SBIN,,,State Bank of India,,2023-DEC,PRIMARY_TARGET,ind_prs07122023.pdf,Page 9,ACTIVE,Verified raw reconstitution event,,
EVT_00171,RAW_00171,RAW,,"December 07, 2023",ADDITION,ADDITION,UPL,,,UPL Ltd.,,2023-DEC,PRIMARY_TARGET,ind_prs07122023.pdf,Page 9,ACTIVE,Verified raw reconstitution event,,
EVT_00172,RAW_00172,RAW,,"December 07, 2023",DELETION,DELETION,ABCAPITAL,,,Aditya Birla Capital Ltd.,,2023-DEC,PRIMARY_TARGET,ind_prs07122023.pdf,Page 9,ACTIVE,Verified raw reconstitution event,,
EVT_00173,RAW_00173,RAW,,"December 07, 2023",DELETION,DELETION,BANKBARODA,,,Bank of Baroda,,2023-DEC,PRIMARY_TARGET,ind_prs07122023.pdf,Page 9,ACTIVE,Verified raw reconstitution event,,
EVT_00174,RAW_00174,RAW,,"December 07, 2023",DELETION,DELETION,BANKINDIA,,,Bank of India,,2023-DEC,PRIMARY_TARGET,ind_prs07122023.pdf,Page 9,ACTIVE,Verified raw reconstitution event,,
EVT_00175,RAW_00175,RAW,,"December 07, 2023",DELETION,DELETION,BRITANNIA,,,Britannia Industries Ltd.,,2023-DEC,PRIMARY_TARGET,ind_prs07122023.pdf,Page 9,ACTIVE,Verified raw reconstitution event,,
EVT_00176,RAW_00176,RAW,,"December 07, 2023",DELETION,DELETION,EQUITASBNK,,,Equitas Small Finance Bank Ltd.,,2023-DEC,PRIMARY_TARGET,ind_prs07122023.pdf,Page 9,ACTIVE,Verified raw reconstitution event,,
EVT_00177,RAW_00177,RAW,,"December 07, 2023",DELETION,DELETION,FEDERALBNK,,,Federal Bank Ltd.,,2023-DEC,PRIMARY_TARGET,ind_prs07122023.pdf,Page 9,ACTIVE,Verified raw reconstitution event,,
EVT_00178,RAW_00178,RAW,,"December 07, 2023",DELETION,DELETION,FINCABLES,,,Finolex Cables Ltd.,,2023-DEC,PRIMARY_TARGET,ind_prs07122023.pdf,Page 9,ACTIVE,Verified raw reconstitution event,,
EVT_00179,RAW_00179,RAW,,"December 07, 2023",DELETION,DELETION,JINDALSTEL,,,Jindal Steel & Power Ltd.,,2023-DEC,PRIMARY_TARGET,ind_prs07122023.pdf,Page 9,ACTIVE,Verified raw reconstitution event,,
EVT_00180,RAW_00180,RAW,,"December 07, 2023",DELETION,DELETION,MRF,,,MRF Ltd.,,2023-DEC,PRIMARY_TARGET,ind_prs07122023.pdf,Page 9,ACTIVE,Verified raw reconstitution event,,
EVT_00181,RAW_00181,RAW,,"December 07, 2023",DELETION,DELETION,PNBHOUSING,,,PNB Housing Finance Ltd.,,2023-DEC,PRIMARY_TARGET,ind_prs07122023.pdf,Page 9,ACTIVE,Verified raw reconstitution event,,
EVT_00182,RAW_00182,RAW,,"December 07, 2023",DELETION,DELETION,RAYMOND,,,Raymond Ltd.,,2023-DEC,PRIMARY_TARGET,ind_prs07122023.pdf,Page 9,ACTIVE,Verified raw reconstitution event,,
EVT_00183,RAW_00183,RAW,,"December 07, 2023",DELETION,DELETION,SONATSOFTW,,,Sonata Software Ltd.,,2023-DEC,PRIMARY_TARGET,ind_prs07122023.pdf,Page 9,ACTIVE,Verified raw reconstitution event,,
EVT_00184,RAW_00184,RAW,,"December 07, 2023",DELETION,DELETION,TIINDIA,,,Tube Investments of India Ltd.,,2023-DEC,PRIMARY_TARGET,ind_prs07122023.pdf,Page 9,ACTIVE,Verified raw reconstitution event,,
EVT_00185,RAW_00185,RAW,,"December 07, 2023",ADDITION,ADDITION,ANGELONE,,,Angel One Ltd.,,2023-DEC,PRIMARY_TARGET,ind_prs07122023.pdf,Page 9,ACTIVE,Verified raw reconstitution event,,
EVT_00186,RAW_00186,RAW,,"December 07, 2023",ADDITION,ADDITION,APARINDS,,,Apar Industries Ltd.,,2023-DEC,PRIMARY_TARGET,ind_prs07122023.pdf,Page 9,ACTIVE,Verified raw reconstitution event,,
EVT_00187,RAW_00187,RAW,,"December 07, 2023",ADDITION,ADDITION,AUROPHARMA,,,Aurobindo Pharma Ltd.,,2023-DEC,PRIMARY_TARGET,ind_prs07122023.pdf,Page 10,ACTIVE,Verified raw reconstitution event,,
EVT_00188,RAW_00188,RAW,,"December 07, 2023",ADDITION,ADDITION,BSOFT,,,Birlasoft Ltd.,,2023-DEC,PRIMARY_TARGET,ind_prs07122023.pdf,Page 10,ACTIVE,Verified raw reconstitution event,,
EVT_00189,RAW_00189,RAW,,"December 07, 2023",ADDITION,ADDITION,BSE,,,BSE Ltd.,,2023-DEC,PRIMARY_TARGET,ind_prs07122023.pdf,Page 10,ACTIVE,Verified raw reconstitution event,,
EVT_00190,RAW_00190,RAW,,"December 07, 2023",ADDITION,ADDITION,KEI,,,KEI Industries Ltd.,,2023-DEC,PRIMARY_TARGET,ind_prs07122023.pdf,Page 10,ACTIVE,Verified raw reconstitution event,,
EVT_00191,RAW_00191,RAW,,"December 07, 2023",ADDITION,ADDITION,MCX,,,Multi Commodity Exchange of India Ltd.,,2023-DEC,PRIMARY_TARGET,ind_prs07122023.pdf,Page 10,ACTIVE,Verified raw reconstitution event,,
EVT_00192,RAW_00192,RAW,,"December 07, 2023",ADDITION,ADDITION,PAYTM,,,One 97 Communications Ltd.,,2023-DEC,PRIMARY_TARGET,ind_prs07122023.pdf,Page 10,ACTIVE,Verified raw reconstitution event,,
EVT_00193,RAW_00193,RAW,,"December 07, 2023",ADDITION,ADDITION,POLICYBZR,,,PB Fintech Ltd.,,2023-DEC,PRIMARY_TARGET,ind_prs07122023.pdf,Page 10,ACTIVE,Verified raw reconstitution event,,
EVT_00194,RAW_00194,RAW,,"December 07, 2023",ADDITION,ADDITION,PRESTIGE,,,Prestige Estates Projects Ltd.,,2023-DEC,PRIMARY_TARGET,ind_prs07122023.pdf,Page 10,ACTIVE,Verified raw reconstitution event,,
EVT_00195,RAW_00195,RAW,,"December 07, 2023",ADDITION,ADDITION,RVNL,,,Rail Vikas Nigam Ltd.,,2023-DEC,PRIMARY_TARGET,ind_prs07122023.pdf,Page 10,ACTIVE,Verified raw reconstitution event,,
EVT_00196,RAW_00196,RAW,,"December 07, 2023",ADDITION,ADDITION,TRENT,,,Trent Ltd.,,2023-DEC,PRIMARY_TARGET,ind_prs07122023.pdf,Page 10,ACTIVE,Verified raw reconstitution event,,
EVT_00197,RAW_00197,RAW,,"December 07, 2023",ADDITION,ADDITION,ZOMATO,,,Zomato Ltd.,,2023-DEC,PRIMARY_TARGET,ind_prs07122023.pdf,Page 10,ACTIVE,Verified raw reconstitution event,,
EVT_00198,RAW_00198,RAW,,"December 07, 2023",DELETION,DELETION,AWL,,,Adani Wilmar Ltd.,,2023-DEC,PRIMARY_TARGET,ind_prs07122023.pdf,Page 10,ACTIVE,Verified raw reconstitution event,,
EVT_00199,RAW_00199,RAW,,"December 07, 2023",DELETION,DELETION,GNFC,,,Gujarat Narmada Valley Fertilizers and Chemicals Ltd.,,2023-DEC,PRIMARY_TARGET,ind_prs07122023.pdf,Page 10,ACTIVE,Verified raw reconstitution event,,
EVT_00200,RAW_00200,RAW,,"December 07, 2023",DELETION,DELETION,IBULHSGFIN,,,Indiabulls Housing Finance Ltd.,,2023-DEC,PRIMARY_TARGET,ind_prs07122023.pdf,Page 10,ACTIVE,Verified raw reconstitution event,,
EVT_00201,RAW_00201,RAW,,"December 07, 2023",DELETION,DELETION,PFC,,,Power Finance Corporation Ltd.,,2023-DEC,PRIMARY_TARGET,ind_prs07122023.pdf,Page 10,ACTIVE,Verified raw reconstitution event,,
EVT_00202,RAW_00202,RAW,,"December 07, 2023",DELETION,DELETION,BATAINDIA,,,Bata India Ltd.,,2023-DEC,PRIMARY_TARGET,ind_prs07122023.pdf,Page 10,ACTIVE,Verified raw reconstitution event,,
EVT_00203,RAW_00203,RAW,,"December 07, 2023",DELETION,DELETION,BOSCHLTD,,,Bosch Ltd.,,2023-DEC,PRIMARY_TARGET,ind_prs07122023.pdf,Page 10,ACTIVE,Verified raw reconstitution event,,
EVT_00204,RAW_00204,RAW,,"December 07, 2023",DELETION,DELETION,AXISBANK,,,Axis Bank Ltd.,,2023-DEC,PRIMARY_TARGET,ind_prs07122023.pdf,Page 10,ACTIVE,Verified raw reconstitution event,,
EVT_00205,RAW_00205,RAW,,"December 07, 2023",DELETION,DELETION,SBICARD,,,SBI Cards and Payment Services Ltd.,,2023-DEC,PRIMARY_TARGET,ind_prs07122023.pdf,Page 10,ACTIVE,Verified raw reconstitution event,,
EVT_00206,RAW_00206,RAW,"December 31, 2021","December 08, 2021",DELETION,DELETION,BHEL,,,Bharat Heavy Electricals Ltd.,,2021-DEC,FUTURE_RELATIVE_TO_SNAPSHOT,ind_prs08122021.pdf,Page 6,ACTIVE,Verified raw reconstitution event,,
EVT_00207,RAW_00207,RAW,"December 31, 2021","December 08, 2021",DELETION,DELETION,BSE,,,BSE Ltd.,,2021-DEC,FUTURE_RELATIVE_TO_SNAPSHOT,ind_prs08122021.pdf,Page 6,ACTIVE,Verified raw reconstitution event,,
EVT_00208,RAW_00208,RAW,"December 31, 2021","December 08, 2021",DELETION,DELETION,DCBBANK,,,DCB Bank Ltd.,,2021-DEC,FUTURE_RELATIVE_TO_SNAPSHOT,ind_prs08122021.pdf,Page 6,ACTIVE,Verified raw reconstitution event,,
EVT_00209,RAW_00209,RAW,"December 31, 2021","December 08, 2021",DELETION,DELETION,ENGINERSIN,,,Engineers India Ltd.,,2021-DEC,FUTURE_RELATIVE_TO_SNAPSHOT,ind_prs08122021.pdf,Page 6,ACTIVE,Verified raw reconstitution event,,
EVT_00210,RAW_00210,RAW,"December 31, 2021","December 08, 2021",DELETION,DELETION,FSL,,,Firstsource Solutions Ltd.,,2021-DEC,FUTURE_RELATIVE_TO_SNAPSHOT,ind_prs08122021.pdf,Page 6,ACTIVE,Verified raw reconstitution event,,
EVT_00211,RAW_00211,RAW,"December 31, 2021","December 08, 2021",DELETION,DELETION,FRETAIL,,,Future Retail Ltd.,,2021-DEC,FUTURE_RELATIVE_TO_SNAPSHOT,ind_prs08122021.pdf,Page 6,ACTIVE,Verified raw reconstitution event,,
EVT_00212,RAW_00212,RAW,"December 31, 2021","December 08, 2021",DELETION,DELETION,GRAPHITE,,,Graphite India Ltd.,,2021-DEC,FUTURE_RELATIVE_TO_SNAPSHOT,ind_prs08122021.pdf,Page 6,ACTIVE,Verified raw reconstitution event,,
EVT_00213,RAW_00213,RAW,"December 31, 2021","December 08, 2021",DELETION,DELETION,HEG,,,H.E.G. Ltd.,,2021-DEC,FUTURE_RELATIVE_TO_SNAPSHOT,ind_prs08122021.pdf,Page 6,ACTIVE,Verified raw reconstitution event,,
EVT_00214,RAW_00214,RAW,"December 31, 2021","December 08, 2021",DELETION,DELETION,IDFC,,,IDFC Ltd.,,2021-DEC,FUTURE_RELATIVE_TO_SNAPSHOT,ind_prs08122021.pdf,Page 6,ACTIVE,Verified raw reconstitution event,,
EVT_00215,RAW_00215,RAW,"December 31, 2021","December 08, 2021",DELETION,DELETION,SCI,,,Shipping Corporation of India Ltd.,,2021-DEC,FUTURE_RELATIVE_TO_SNAPSHOT,ind_prs08122021.pdf,Page 6,ACTIVE,Verified raw reconstitution event,,
EVT_00216,RAW_00216,RAW,"December 31, 2021","December 08, 2021",DELETION,DELETION,TATACHEM,,,Tata Chemicals Ltd.,,2021-DEC,FUTURE_RELATIVE_TO_SNAPSHOT,ind_prs08122021.pdf,Page 6,ACTIVE,Verified raw reconstitution event,,
EVT_00217,RAW_00217,RAW,"December 31, 2021","December 08, 2021",DELETION,DELETION,TATAMOTORS,,,Tata Motors Ltd.,,2021-DEC,FUTURE_RELATIVE_TO_SNAPSHOT,ind_prs08122021.pdf,Page 6,ACTIVE,Verified raw reconstitution event,,
EVT_00218,RAW_00218,RAW,"December 31, 2021","December 08, 2021",DELETION,DELETION,TATAPOWER,,,Tata Power Co. Ltd.,,2021-DEC,FUTURE_RELATIVE_TO_SNAPSHOT,ind_prs08122021.pdf,Page 6,ACTIVE,Verified raw reconstitution event,,
EVT_00219,RAW_00219,RAW,"December 31, 2021","December 08, 2021",DELETION,DELETION,WELCORP,,,Welspun Corp Ltd.,,2021-DEC,FUTURE_RELATIVE_TO_SNAPSHOT,ind_prs08122021.pdf,Page 6,ACTIVE,Verified raw reconstitution event,,
EVT_00220,RAW_00220,RAW,"December 31, 2021","December 08, 2021",ADDITION,ADDITION,EDELWEISS,,,Edelweiss Financial Services Ltd.,,2021-DEC,FUTURE_RELATIVE_TO_SNAPSHOT,ind_prs08122021.pdf,Page 6,ACTIVE,Verified raw reconstitution event,,
EVT_00221,RAW_00221,RAW,"December 31, 2021","December 08, 2021",ADDITION,ADDITION,EQUITAS,,,Equitas Holdings Ltd.,,2021-DEC,FUTURE_RELATIVE_TO_SNAPSHOT,ind_prs08122021.pdf,Page 6,ACTIVE,Verified raw reconstitution event,,
EVT_00222,RAW_00222,RAW,"December 31, 2021","December 08, 2021",ADDITION,ADDITION,HINDZINC,,,Hindustan Zinc Ltd.,,2021-DEC,FUTURE_RELATIVE_TO_SNAPSHOT,ind_prs08122021.pdf,Page 6,ACTIVE,Verified raw reconstitution event,,
EVT_00223,RAW_00223,RAW,"December 31, 2021","December 08, 2021",ADDITION,ADDITION,INDIANB,,,Indian Bank,,2021-DEC,FUTURE_RELATIVE_TO_SNAPSHOT,ind_prs08122021.pdf,Page 6,ACTIVE,Verified raw reconstitution event,,
EVT_00224,RAW_00224,RAW,"December 31, 2021","December 08, 2021",ADDITION,ADDITION,IRFC,,,Indian Railway Finance Corporation Ltd.,,2021-DEC,FUTURE_RELATIVE_TO_SNAPSHOT,ind_prs08122021.pdf,Page 6,ACTIVE,Verified raw reconstitution event,,
EVT_00225,RAW_00225,RAW,"December 31, 2021","December 08, 2021",ADDITION,ADDITION,INDUSTOWER,,,Indus Towers Ltd.,,2021-DEC,FUTURE_RELATIVE_TO_SNAPSHOT,ind_prs08122021.pdf,Page 6,ACTIVE,Verified raw reconstitution event,,
EVT_00226,RAW_00226,RAW,"December 31, 2021","December 08, 2021",ADDITION,ADDITION,ITC,,,ITC Ltd.,,2021-DEC,FUTURE_RELATIVE_TO_SNAPSHOT,ind_prs08122021.pdf,Page 6,ACTIVE,Verified raw reconstitution event,,
EVT_00227,RAW_00227,RAW,"December 31, 2021","December 08, 2021",ADDITION,ADDITION,JMFINANCIL,,,JM Financial Ltd.,,2021-DEC,FUTURE_RELATIVE_TO_SNAPSHOT,ind_prs08122021.pdf,Page 6,ACTIVE,Verified raw reconstitution event,,
EVT_00228,RAW_00228,RAW,"December 31, 2021","December 08, 2021",ADDITION,ADDITION,PETRONET,,,Petronet LNG Ltd.,,2021-DEC,FUTURE_RELATIVE_TO_SNAPSHOT,ind_prs08122021.pdf,Page 6,ACTIVE,Verified raw reconstitution event,,
EVT_00229,RAW_00229,RAW,"December 31, 2021","December 08, 2021",ADDITION,ADDITION,POLYPLEX,,,Polyplex Corporation Ltd.,,2021-DEC,FUTURE_RELATIVE_TO_SNAPSHOT,ind_prs08122021.pdf,Page 6,ACTIVE,Verified raw reconstitution event,,
EVT_00230,RAW_00230,RAW,"December 31, 2021","December 08, 2021",ADDITION,ADDITION,POWERGRID,,,Power Grid Corporation of India Ltd.,,2021-DEC,FUTURE_RELATIVE_TO_SNAPSHOT,ind_prs08122021.pdf,Page 7,ACTIVE,Verified raw reconstitution event,,
EVT_00231,RAW_00231,RAW,"December 31, 2021","December 08, 2021",ADDITION,ADDITION,REDINGTON,,,Redington (India) Ltd.,,2021-DEC,FUTURE_RELATIVE_TO_SNAPSHOT,ind_prs08122021.pdf,Page 7,ACTIVE,Verified raw reconstitution event,,
EVT_00232,RAW_00232,RAW,"December 31, 2021","December 08, 2021",ADDITION,ADDITION,UNIONBANK,,,Union Bank of India,,2021-DEC,FUTURE_RELATIVE_TO_SNAPSHOT,ind_prs08122021.pdf,Page 7,ACTIVE,Verified raw reconstitution event,,
EVT_00233,RAW_00233,RAW,"December 31, 2021","December 08, 2021",ADDITION,ADDITION,VEDL,,,Vedanta Ltd.,,2021-DEC,FUTURE_RELATIVE_TO_SNAPSHOT,ind_prs08122021.pdf,Page 7,ACTIVE,Verified raw reconstitution event,,
EVT_00234,RAW_00234,RAW,"December 31, 2021","December 08, 2021",DELETION,DELETION,ADANIGREEN,,,Adani Green Energy Ltd.,,2021-DEC,FUTURE_RELATIVE_TO_SNAPSHOT,ind_prs08122021.pdf,Page 7,ACTIVE,Verified raw reconstitution event,,
EVT_00235,RAW_00235,RAW,"December 31, 2021","December 08, 2021",DELETION,DELETION,BALRAMCHIN,,,Balrampur Chini Mills Ltd.,,2021-DEC,FUTURE_RELATIVE_TO_SNAPSHOT,ind_prs08122021.pdf,Page 7,ACTIVE,Verified raw reconstitution event,,
EVT_00236,RAW_00236,RAW,"December 31, 2021","December 08, 2021",DELETION,DELETION,DIVISLAB,,,Divi's Laboratories Ltd.,,2021-DEC,FUTURE_RELATIVE_TO_SNAPSHOT,ind_prs08122021.pdf,Page 7,ACTIVE,Verified raw reconstitution event,,
EVT_00237,RAW_00237,RAW,"December 31, 2021","December 08, 2021",DELETION,DELETION,INDIAMART,,,Indiamart Intermesh Ltd.,,2021-DEC,FUTURE_RELATIVE_TO_SNAPSHOT,ind_prs08122021.pdf,Page 7,ACTIVE,Verified raw reconstitution event,,
EVT_00238,RAW_00238,RAW,"December 31, 2021","December 08, 2021",DELETION,DELETION,INTELLECT,,,Intellect Design Arena Ltd.,,2021-DEC,FUTURE_RELATIVE_TO_SNAPSHOT,ind_prs08122021.pdf,Page 7,ACTIVE,Verified raw reconstitution event,,
EVT_00239,RAW_00239,RAW,"December 31, 2021","December 08, 2021",DELETION,DELETION,JUBLFOOD,,,Jubilant Foodworks Ltd.,,2021-DEC,FUTURE_RELATIVE_TO_SNAPSHOT,ind_prs08122021.pdf,Page 7,ACTIVE,Verified raw reconstitution event,,
EVT_00240,RAW_00240,RAW,"December 31, 2021","December 08, 2021",DELETION,DELETION,NAVINFLUOR,,,Navin Fluorine International Ltd.,,2021-DEC,FUTURE_RELATIVE_TO_SNAPSHOT,ind_prs08122021.pdf,Page 7,ACTIVE,Verified raw reconstitution event,,
EVT_00241,RAW_00241,RAW,"December 31, 2021","December 08, 2021",ADDITION,ADDITION,ANGELONE,,,Angel One Ltd.,,2021-DEC,FUTURE_RELATIVE_TO_SNAPSHOT,ind_prs08122021.pdf,Page 7,ACTIVE,Verified raw reconstitution event,,
EVT_00242,RAW_00242,RAW,"December 31, 2021","December 08, 2021",ADDITION,ADDITION,BSE,,,BSE Ltd.,,2021-DEC,FUTURE_RELATIVE_TO_SNAPSHOT,ind_prs08122021.pdf,Page 7,ACTIVE,Verified raw reconstitution event,,
EVT_00243,RAW_00243,RAW,"December 31, 2021","December 08, 2021",ADDITION,ADDITION,CAMS,,,Computer Age Management Services Ltd.,,2021-DEC,FUTURE_RELATIVE_TO_SNAPSHOT,ind_prs08122021.pdf,Page 7,ACTIVE,Verified raw reconstitution event,,
EVT_00244,RAW_00244,RAW,"December 31, 2021","December 08, 2021",ADDITION,ADDITION,HAPPSTMNDS,,,Happiest Minds Technologies Ltd.,,2021-DEC,FUTURE_RELATIVE_TO_SNAPSHOT,ind_prs08122021.pdf,Page 7,ACTIVE,Verified raw reconstitution event,,
EVT_00245,RAW_00245,RAW,"December 31, 2021","December 08, 2021",ADDITION,ADDITION,IRCTC,,,"Indian Railway Catering And Tourism
Corporation Ltd.",,2021-DEC,FUTURE_RELATIVE_TO_SNAPSHOT,ind_prs08122021.pdf,Page 7,ACTIVE,Verified raw reconstitution event,,
EVT_00246,RAW_00246,RAW,"December 31, 2021","December 08, 2021",ADDITION,ADDITION,KEI,,,KEI Industries Ltd.,,2021-DEC,FUTURE_RELATIVE_TO_SNAPSHOT,ind_prs08122021.pdf,Page 7,ACTIVE,Verified raw reconstitution event,,
EVT_00247,RAW_00247,RAW,"December 31, 2021","December 08, 2021",ADDITION,ADDITION,LINDEINDIA,,,Linde India Ltd.,,2021-DEC,FUTURE_RELATIVE_TO_SNAPSHOT,ind_prs08122021.pdf,Page 7,ACTIVE,Verified raw reconstitution event,,
EVT_00248,RAW_00248,RAW,"December 31, 2021","December 08, 2021",ADDITION,ADDITION,RADICO,,,Radico Khaitan Ltd,,2021-DEC,FUTURE_RELATIVE_TO_SNAPSHOT,ind_prs08122021.pdf,Page 7,ACTIVE,Verified raw reconstitution event,,
EVT_00249,RAW_00249,RAW,"December 31, 2021","December 08, 2021",DELETION,DELETION,BPCL,,,Bharat Petroleum Corporation Ltd.,,2021-DEC,FUTURE_RELATIVE_TO_SNAPSHOT,ind_prs08122021.pdf,Page 8,ACTIVE,Verified raw reconstitution event,,
EVT_00250,RAW_00250,RAW,"December 31, 2021","December 08, 2021",DELETION,DELETION,ESCORTS,,,Escorts Ltd.,,2021-DEC,FUTURE_RELATIVE_TO_SNAPSHOT,ind_prs08122021.pdf,Page 8,ACTIVE,Verified raw reconstitution event,,
EVT_00251,RAW_00251,RAW,"December 31, 2021","December 08, 2021",DELETION,DELETION,NCC,,,NCC Ltd.,,2021-DEC,FUTURE_RELATIVE_TO_SNAPSHOT,ind_prs08122021.pdf,Page 8,ACTIVE,Verified raw reconstitution event,,
EVT_00252,RAW_00252,RAW,"December 31, 2021","December 08, 2021",ADDITION,ADDITION,HINDCOPPER,,,Hindustan Copper Ltd.,,2021-DEC,FUTURE_RELATIVE_TO_SNAPSHOT,ind_prs08122021.pdf,Page 8,ACTIVE,Verified raw reconstitution event,,
EVT_00253,RAW_00253,RAW,"December 31, 2021","December 08, 2021",ADDITION,ADDITION,IBREALEST,,,Indiabulls Real Estate Ltd.,,2021-DEC,FUTURE_RELATIVE_TO_SNAPSHOT,ind_prs08122021.pdf,Page 8,ACTIVE,Verified raw reconstitution event,,
EVT_00254,RAW_00254,RAW,"December 31, 2021","December 08, 2021",ADDITION,ADDITION,NATIONALUM,,,National Aluminium Co. Ltd.,,2021-DEC,FUTURE_RELATIVE_TO_SNAPSHOT,ind_prs08122021.pdf,Page 8,ACTIVE,Verified raw reconstitution event,,
EVT_00255,RAW_00255,RAW,"December 31, 2021","December 08, 2021",ADDITION,ADDITION,TATACHEM,,,Tata Chemicals Ltd.,,2021-DEC,FUTURE_RELATIVE_TO_SNAPSHOT,ind_prs08122021.pdf,Page 8,ACTIVE,Verified raw reconstitution event,,
EVT_00256,RAW_00256,RAW,"December 31, 2021","December 08, 2021",DELETION,DELETION,PFIZER,,,Pfizer Ltd.,,2021-DEC,FUTURE_RELATIVE_TO_SNAPSHOT,ind_prs08122021.pdf,Page 8,ACTIVE,Verified raw reconstitution event,,
EVT_00257,RAW_00257,RAW,"December 31, 2021","December 08, 2021",DELETION,DELETION,TATACONSUM,,,Tata Consumer Products Ltd.,,2021-DEC,FUTURE_RELATIVE_TO_SNAPSHOT,ind_prs08122021.pdf,Page 8,ACTIVE,Verified raw reconstitution event,,
EVT_00258,RAW_00258,RAW,"January 16, 2020","January 09, 2020",DELETION,DELETION,SUVEN,,,Suven Life Sciences Ltd.,,2020-JAN,FUTURE_RELATIVE_TO_SNAPSHOT,ind_prs09012020.pdf,Page 1,ACTIVE,Verified raw reconstitution event,,
EVT_00259,RAW_00259,RAW,"January 16, 2020","January 09, 2020",DELETION,DELETION,TATASTLBSL,,,Tata Steel BSL Ltd.,,2020-JAN,FUTURE_RELATIVE_TO_SNAPSHOT,ind_prs09012020.pdf,Page 1,ACTIVE,Verified raw reconstitution event,,
EVT_00260,RAW_00260,RAW,"February 17, 2023","February 09, 2023",DELETION,DELETION,INOXLEISUR,,,INOX Leisure Ltd.,,2023-MAR,FUTURE_RELATIVE_TO_SNAPSHOT,ind_prs09022023_1.pdf,Page 1,ACTIVE,Verified raw reconstitution event,,
EVT_00261,RAW_00261,RAW,"February 17, 2023","February 09, 2023",DELETION,DELETION,PPLPHARMA,,,Piramal Pharma Ltd.,,2023-MAR,FUTURE_RELATIVE_TO_SNAPSHOT,ind_prs09022023_1.pdf,Page 1,ACTIVE,Verified raw reconstitution event,,
EVT_00262,RAW_00262,RAW,,"June 09, 2023",DELETION,DELETION,EIDPARRY,,,E.I.D. Parry (India) Ltd.,,2023-JUN,PRIMARY_TARGET,ind_prs09062023.pdf,Page 7,ACTIVE,Verified raw reconstitution event,,
EVT_00263,RAW_00263,RAW,,"June 09, 2023",DELETION,DELETION,MGL,,,Mahanagar Gas Ltd.,,2023-JUN,PRIMARY_TARGET,ind_prs09062023.pdf,Page 7,ACTIVE,Verified raw reconstitution event,,
EVT_00264,RAW_00264,RAW,,"June 09, 2023",DELETION,DELETION,POLYPLEX,,,Polyplex Corporation Ltd.,,2023-JUN,PRIMARY_TARGET,ind_prs09062023.pdf,Page 7,ACTIVE,Verified raw reconstitution event,,
EVT_00265,RAW_00265,RAW,,"June 09, 2023",DELETION,DELETION,SHRIRAMFIN,,,Shriram Finance Ltd.,,2023-JUN,PRIMARY_TARGET,ind_prs09062023.pdf,Page 7,ACTIVE,Verified raw reconstitution event,,
EVT_00266,RAW_00266,RAW,,"June 09, 2023",DELETION,DELETION,TV18BRDCST,,,TV18 Broadcast Ltd.,,2023-JUN,PRIMARY_TARGET,ind_prs09062023.pdf,Page 7,ACTIVE,Verified raw reconstitution event,,
EVT_00267,RAW_00267,RAW,,"June 09, 2023",DELETION,DELETION,VTL,,,Vardhman Textiles Ltd.,,2023-JUN,PRIMARY_TARGET,ind_prs09062023.pdf,Page 7,ACTIVE,Verified raw reconstitution event,,
EVT_00268,RAW_00268,RAW,,"June 09, 2023",ADDITION,ADDITION,BCG,,,Brightcom Group Ltd.,,2023-JUN,PRIMARY_TARGET,ind_prs09062023.pdf,Page 7,ACTIVE,Verified raw reconstitution event,,
EVT_00269,RAW_00269,RAW,,"June 09, 2023",ADDITION,ADDITION,GSPL,,,Gujarat State Petronet Ltd.,,2023-JUN,PRIMARY_TARGET,ind_prs09062023.pdf,Page 7,ACTIVE,Verified raw reconstitution event,,
EVT_00270,RAW_00270,RAW,,"June 09, 2023",ADDITION,ADDITION,JMFINANCIL,,,JM Financial Ltd.,,2023-JUN,PRIMARY_TARGET,ind_prs09062023.pdf,Page 7,ACTIVE,Verified raw reconstitution event,,
EVT_00271,RAW_00271,RAW,,"June 09, 2023",ADDITION,ADDITION,NMDC,,,NMDC Ltd.,,2023-JUN,PRIMARY_TARGET,ind_prs09062023.pdf,Page 7,ACTIVE,Verified raw reconstitution event,,
EVT_00272,RAW_00272,RAW,,"June 09, 2023",ADDITION,ADDITION,PEL,,,Piramal Enterprises Ltd.,,2023-JUN,PRIMARY_TARGET,ind_prs09062023.pdf,Page 8,ACTIVE,Verified raw reconstitution event,,
EVT_00273,RAW_00273,RAW,,"June 09, 2023",ADDITION,ADDITION,SANOFI,,,Sanofi India Ltd.,,2023-JUN,PRIMARY_TARGET,ind_prs09062023.pdf,Page 8,ACTIVE,Verified raw reconstitution event,,
EVT_00274,RAW_00274,RAW,,"June 10, 2026",REPLACEMENT,REPLACEMENT,ANGELONE,,,Angel One Ltd.,,2026-JUN,PRIMARY_TARGET,ind_prs10062026.pdf,Page 8,RESOLVED,Expanded into derived DELETION and ADDITION state transitions,OVR_004,
EVT_00275,RAW_00275,RAW,,"June 10, 2026",REPLACEMENT,REPLACEMENT,ASTRAZEN,,,AstraZenca Pharma India Ltd.,,2026-JUN,PRIMARY_TARGET,ind_prs10062026.pdf,Page 8,RESOLVED,Expanded into derived DELETION and ADDITION state transitions,OVR_004,
EVT_00276,RAW_00276,RAW,,"June 10, 2026",REPLACEMENT,REPLACEMENT,GLAXO,,,Glaxosmithkline Pharmaceuticals Ltd.,,2026-JUN,PRIMARY_TARGET,ind_prs10062026.pdf,Page 8,RESOLVED,Expanded into derived DELETION and ADDITION state transitions,OVR_004,
EVT_00277,RAW_00277,RAW,,"June 10, 2026",ADDITION,ADDITION,INFY,,,Infosys Ltd.,,2026-JUN,PRIMARY_TARGET,ind_prs10062026.pdf,Page 8,ACTIVE,Verified raw reconstitution event,OVR_004,
EVT_00278,RAW_00278,RAW,,"June 10, 2026",ADDITION,ADDITION,JSWDULUX,,,JSW Dulux Ltd.,,2026-JUN,PRIMARY_TARGET,ind_prs10062026.pdf,Page 8,ACTIVE,Verified raw reconstitution event,OVR_004,
EVT_00279,RAW_00279,RAW,,"June 10, 2026",ADDITION,ADDITION,SCHNEIDER,,,Schneider Electric Infrastructure Ltd.,,2026-JUN,PRIMARY_TARGET,ind_prs10062026.pdf,Page 8,ACTIVE,Verified raw reconstitution event,OVR_004,
EVT_00280,RAW_00280,RAW,"October
16, 2024","October 10, 2024",DELETION,DELETION,TV18BRDCST,,,TV18 Broadcast Ltd.,,2024-SEP,FUTURE_RELATIVE_TO_SNAPSHOT,ind_prs10102024.pdf,Page 1,ACTIVE,Verified raw reconstitution event,,
EVT_00281,RAW_00281,RAW,"October
16, 2024","October 10, 2024",DELETION,DELETION,AKUMS,,,Akums Drugs and Pharmaceuticals Ltd.,,2024-SEP,FUTURE_RELATIVE_TO_SNAPSHOT,ind_prs10102024.pdf,Page 1,ACTIVE,Verified raw reconstitution event,,
EVT_00282,RAW_00282,RAW,"October 31, 2024","October 10, 2024",DELETION,DELETION,ABFRL,,,Aditya Birla Fashion and Retail Ltd.,,2024-SEP,FUTURE_RELATIVE_TO_SNAPSHOT,ind_prs10102024_1.pdf,Page 1,ACTIVE,Verified raw reconstitution event,,
EVT_00283,RAW_00283,RAW,"October 31, 2024","October 10, 2024",DELETION,DELETION,AFFLE,,,Affle (India) Ltd.,,2024-SEP,FUTURE_RELATIVE_TO_SNAPSHOT,ind_prs10102024_1.pdf,Page 1,ACTIVE,Verified raw reconstitution event,,
EVT_00284,RAW_00284,RAW,"October 31, 2024","October 10, 2024",DELETION,DELETION,BEML,,,BEML Ltd.,,2024-SEP,FUTURE_RELATIVE_TO_SNAPSHOT,ind_prs10102024_1.pdf,Page 1,ACTIVE,Verified raw reconstitution event,,
EVT_00285,RAW_00285,RAW,"October 31, 2024","October 10, 2024",DELETION,DELETION,CAPLIPOINT,,,Caplin Point Laboratories Ltd.,,2024-SEP,FUTURE_RELATIVE_TO_SNAPSHOT,ind_prs10102024_1.pdf,Page 1,ACTIVE,Verified raw reconstitution event,,
EVT_00286,RAW_00286,RAW,"October 31, 2024","October 10, 2024",DELETION,DELETION,ERIS,,,Eris Lifesciences Ltd.,,2024-SEP,FUTURE_RELATIVE_TO_SNAPSHOT,ind_prs10102024_1.pdf,Page 1,ACTIVE,Verified raw reconstitution event,,
EVT_00287,RAW_00287,RAW,"October 31, 2024","October 10, 2024",DELETION,DELETION,GNFC,,,Gujarat Narmada Valley Fertilizers and Chemicals Ltd.,,2024-SEP,FUTURE_RELATIVE_TO_SNAPSHOT,ind_prs10102024_1.pdf,Page 1,ACTIVE,Verified raw reconstitution event,,
EVT_00288,RAW_00288,RAW,"October 31, 2024","October 10, 2024",DELETION,DELETION,HBLPOWER,,,HBL Power Systems Ltd.,,2024-SEP,FUTURE_RELATIVE_TO_SNAPSHOT,ind_prs10102024_1.pdf,Page 1,ACTIVE,Verified raw reconstitution event,,
EVT_00289,RAW_00289,RAW,"October 31, 2024","October 10, 2024",DELETION,DELETION,IRCTC,,,Indian Railway Catering And Tourism Corporation Ltd.,,2024-SEP,FUTURE_RELATIVE_TO_SNAPSHOT,ind_prs10102024_1.pdf,Page 1,ACTIVE,Verified raw reconstitution event,,
EVT_00290,RAW_00290,RAW,"October 31, 2024","October 10, 2024",DELETION,DELETION,KNRCON,,,KNR Constructions Ltd.,,2024-SEP,FUTURE_RELATIVE_TO_SNAPSHOT,ind_prs10102024_1.pdf,Page 1,ACTIVE,Verified raw reconstitution event,,
EVT_00291,RAW_00291,RAW,"October 31, 2024","October 10, 2024",DELETION,DELETION,MAXHEALTH,,,Max Healthcare Institute Ltd.,,2024-SEP,FUTURE_RELATIVE_TO_SNAPSHOT,ind_prs10102024_1.pdf,Page 1,ACTIVE,Verified raw reconstitution event,,
EVT_00292,RAW_00292,RAW,"October 31, 2024","October 10, 2024",DELETION,DELETION,MMTC,,,MMTC Ltd.,,2024-SEP,FUTURE_RELATIVE_TO_SNAPSHOT,ind_prs10102024_1.pdf,Page 1,ACTIVE,Verified raw reconstitution event,,
EVT_00293,RAW_00293,RAW,"October 31, 2024","October 10, 2024",DELETION,DELETION,NH,,,Narayana Hrudayalaya Ltd.,,2024-SEP,FUTURE_RELATIVE_TO_SNAPSHOT,ind_prs10102024_1.pdf,Page 1,ACTIVE,Verified raw reconstitution event,,
EVT_00294,RAW_00294,RAW,"October 31, 2024","October 10, 2024",DELETION,DELETION,RCF,,,Rashtriya Chemicals & Fertilizers Ltd.,,2024-SEP,FUTURE_RELATIVE_TO_SNAPSHOT,ind_prs10102024_1.pdf,Page 1,ACTIVE,Verified raw reconstitution event,,
EVT_00295,RAW_00295,RAW,"October 31, 2024","October 10, 2024",DELETION,DELETION,SAIL,,,Steel Authority of India Ltd.,,2024-SEP,FUTURE_RELATIVE_TO_SNAPSHOT,ind_prs10102024_1.pdf,Page 1,ACTIVE,Verified raw reconstitution event,,
EVT_00296,RAW_00296,RAW,"October 31, 2024","October 10, 2024",DELETION,DELETION,TATAELXSI,,,Tata Elxsi Ltd.,,2024-SEP,FUTURE_RELATIVE_TO_SNAPSHOT,ind_prs10102024_1.pdf,Page 1,ACTIVE,Verified raw reconstitution event,,
EVT_00297,RAW_00297,RAW,"October 31, 2024","October 10, 2024",ADDITION,ADDITION,AKUMS,,,Akums Drugs and Pharmaceuticals Ltd.,,2024-SEP,FUTURE_RELATIVE_TO_SNAPSHOT,ind_prs10102024_1.pdf,Page 1,ACTIVE,Verified raw reconstitution event,,
EVT_00298,RAW_00298,RAW,"October 31, 2024","October 10, 2024",ADDITION,ADDITION,INDIACEM,,,India Cements Ltd.,,2024-SEP,FUTURE_RELATIVE_TO_SNAPSHOT,ind_prs10102024_1.pdf,Page 1,ACTIVE,Verified raw reconstitution event,,
EVT_00299,RAW_00299,RAW,"October 31, 2024","October 10, 2024",ADDITION,ADDITION,JYOTICNC,,,Jyoti CNC Automation Ltd.,,2024-SEP,FUTURE_RELATIVE_TO_SNAPSHOT,ind_prs10102024_1.pdf,Page 1,ACTIVE,Verified raw reconstitution event,,
EVT_00300,RAW_00300,RAW,"October 31, 2024","October 10, 2024",ADDITION,ADDITION,RVNL,,,Rail Vikas Nigam Ltd.,,2024-SEP,FUTURE_RELATIVE_TO_SNAPSHOT,ind_prs10102024_1.pdf,Page 2,ACTIVE,Verified raw reconstitution event,,
EVT_00301,RAW_00301,RAW,"October 31, 2024","October 10, 2024",ADDITION,ADDITION,TBOTEK,,,TBO Tek Ltd.,,2024-SEP,FUTURE_RELATIVE_TO_SNAPSHOT,ind_prs10102024_1.pdf,Page 2,ACTIVE,Verified raw reconstitution event,,
EVT_00302,RAW_00302,RAW,"August 08, 2022","July 11, 2022",DELETION,DELETION,NMDC,,,NMDC Ltd.,,2022-SEP,FUTURE_RELATIVE_TO_SNAPSHOT,ind_prs11072022.pdf,Page 1,ACTIVE,Verified raw reconstitution event,,
EVT_00303,RAW_00303,RAW,"August 08, 2022","July 11, 2022",DELETION,DELETION,PEL,,,Piramal Enterprises Ltd.,,2022-SEP,FUTURE_RELATIVE_TO_SNAPSHOT,ind_prs11072022.pdf,Page 1,ACTIVE,Verified raw reconstitution event,,
EVT_00304,RAW_00304,RAW,"August 08, 2022","July 11, 2022",DELETION,DELETION,SHRIRAMCIT,,,Shriram City Union Finance Ltd.,,2022-SEP,FUTURE_RELATIVE_TO_SNAPSHOT,ind_prs11072022.pdf,Page 1,ACTIVE,Verified raw reconstitution event,,
EVT_00305,RAW_00305,RAW,"August 08, 2022","July 11, 2022",ADDITION,ADDITION,CAMPUS,,,Campus Activewear Ltd.,,2022-SEP,FUTURE_RELATIVE_TO_SNAPSHOT,ind_prs11072022.pdf,Page 1,ACTIVE,Verified raw reconstitution event,,
EVT_00306,RAW_00306,RAW,"August 08, 2022","July 11, 2022",ADDITION,ADDITION,DELHIVERY,,,Delhivery Ltd.,,2022-SEP,FUTURE_RELATIVE_TO_SNAPSHOT,ind_prs11072022.pdf,Page 1,ACTIVE,Verified raw reconstitution event,,
EVT_00307,RAW_00307,RAW,"August 08, 2022","July 11, 2022",ADDITION,ADDITION,LICI,,,Life Insurance Corporation of India,,2022-SEP,FUTURE_RELATIVE_TO_SNAPSHOT,ind_prs11072022.pdf,Page 1,ACTIVE,Verified raw reconstitution event,,
EVT_00308,RAW_00308,RAW,"January 1, 2021","December 11, 2020",DELETION,DELETION,ASHOKLEY,,,Ashok Leyland Ltd.,,2021-JAN,FUTURE_RELATIVE_TO_SNAPSHOT,ind_prs11122020.pdf,Page 4,ACTIVE,Verified raw reconstitution event,,
EVT_00309,RAW_00309,RAW,"January 1, 2021","December 11, 2020",DELETION,DELETION,CARERATING,,,CARE Ratings Ltd.,,2021-JAN,FUTURE_RELATIVE_TO_SNAPSHOT,ind_prs11122020.pdf,Page 4,ACTIVE,Verified raw reconstitution event,,
EVT_00310,RAW_00310,RAW,"January 1, 2021","December 11, 2020",DELETION,DELETION,DCMSHRIRAM,,,DCM Shriram Ltd.,,2021-JAN,FUTURE_RELATIVE_TO_SNAPSHOT,ind_prs11122020.pdf,Page 4,ACTIVE,Verified raw reconstitution event,,
EVT_00311,RAW_00311,RAW,"January 1, 2021","December 11, 2020",DELETION,DELETION,EDELWEISS,,,Edelweiss Financial Services Ltd.,,2021-JAN,FUTURE_RELATIVE_TO_SNAPSHOT,ind_prs11122020.pdf,Page 4,ACTIVE,Verified raw reconstitution event,,
EVT_00312,RAW_00312,RAW,"January 1, 2021","December 11, 2020",DELETION,DELETION,GHCL,,,GHCL Ltd.,,2021-JAN,FUTURE_RELATIVE_TO_SNAPSHOT,ind_prs11122020.pdf,Page 4,ACTIVE,Verified raw reconstitution event,,
EVT_00313,RAW_00313,RAW,"January 1, 2021","December 11, 2020",DELETION,DELETION,HINDZINC,,,Hindustan Zinc Ltd.,,2021-JAN,FUTURE_RELATIVE_TO_SNAPSHOT,ind_prs11122020.pdf,Page 4,ACTIVE,Verified raw reconstitution event,,
EVT_00314,RAW_00314,RAW,"January 1, 2021","December 11, 2020",DELETION,DELETION,IIFL,,,IIFL Finance Ltd.,,2021-JAN,FUTURE_RELATIVE_TO_SNAPSHOT,ind_prs11122020.pdf,Page 4,ACTIVE,Verified raw reconstitution event,,
EVT_00315,RAW_00315,RAW,"January 1, 2021","December 11, 2020",DELETION,DELETION,IBREALEST,,,Indiabulls Real Estate Ltd.,,2021-JAN,FUTURE_RELATIVE_TO_SNAPSHOT,ind_prs11122020.pdf,Page 4,ACTIVE,Verified raw reconstitution event,,
EVT_00316,RAW_00316,RAW,"January 1, 2021","December 11, 2020",DELETION,DELETION,NLCINDIA,,,NLC India Ltd.,,2021-JAN,FUTURE_RELATIVE_TO_SNAPSHOT,ind_prs11122020.pdf,Page 4,ACTIVE,Verified raw reconstitution event,,
EVT_00317,RAW_00317,RAW,"January 1, 2021","December 11, 2020",DELETION,DELETION,RAJESHEXPO,,,Rajesh Exports Ltd.,,2021-JAN,FUTURE_RELATIVE_TO_SNAPSHOT,ind_prs11122020.pdf,Page 5,ACTIVE,Verified raw reconstitution event,,
EVT_00318,RAW_00318,RAW,"January 1, 2021","December 11, 2020",DELETION,DELETION,SJVN,,,SJVN Ltd.,,2021-JAN,FUTURE_RELATIVE_TO_SNAPSHOT,ind_prs11122020.pdf,Page 5,ACTIVE,Verified raw reconstitution event,,
EVT_00319,RAW_00319,RAW,"January 1, 2021","December 11, 2020",ADDITION,ADDITION,BANKBARODA,,,Bank of Baroda,,2021-JAN,FUTURE_RELATIVE_TO_SNAPSHOT,ind_prs11122020.pdf,Page 5,ACTIVE,Verified raw reconstitution event,,
EVT_00320,RAW_00320,RAW,"January 1, 2021","December 11, 2020",ADDITION,ADDITION,BANKINDIA,,,Bank of India,,2021-JAN,FUTURE_RELATIVE_TO_SNAPSHOT,ind_prs11122020.pdf,Page 5,ACTIVE,Verified raw reconstitution event,,
EVT_00321,RAW_00321,RAW,"January 1, 2021","December 11, 2020",ADDITION,ADDITION,FEDERALBNK,,,Federal Bank Ltd.,,2021-JAN,FUTURE_RELATIVE_TO_SNAPSHOT,ind_prs11122020.pdf,Page 5,ACTIVE,Verified raw reconstitution event,,
EVT_00322,RAW_00322,RAW,"January 1, 2021","December 11, 2020",ADDITION,ADDITION,FRETAIL,,,Future Retail Ltd.,,2021-JAN,FUTURE_RELATIVE_TO_SNAPSHOT,ind_prs11122020.pdf,Page 5,ACTIVE,Verified raw reconstitution event,,
EVT_00323,RAW_00323,RAW,"January 1, 2021","December 11, 2020",ADDITION,ADDITION,GAIL,,,GAIL (India) Ltd.,,2021-JAN,FUTURE_RELATIVE_TO_SNAPSHOT,ind_prs11122020.pdf,Page 5,ACTIVE,Verified raw reconstitution event,,
EVT_00324,RAW_00324,RAW,"January 1, 2021","December 11, 2020",ADDITION,ADDITION,GESHIP,,,Great Eastern Shipping Co. Ltd.,,2021-JAN,FUTURE_RELATIVE_TO_SNAPSHOT,ind_prs11122020.pdf,Page 5,ACTIVE,Verified raw reconstitution event,,
EVT_00325,RAW_00325,RAW,"January 1, 2021","December 11, 2020",ADDITION,ADDITION,LICHSGFIN,,,LIC Housing Finance Ltd.,,2021-JAN,FUTURE_RELATIVE_TO_SNAPSHOT,ind_prs11122020.pdf,Page 5,ACTIVE,Verified raw reconstitution event,,
EVT_00326,RAW_00326,RAW,"January 1, 2021","December 11, 2020",ADDITION,ADDITION,PNB,,,Punjab National Bank,,2021-JAN,FUTURE_RELATIVE_TO_SNAPSHOT,ind_prs11122020.pdf,Page 5,ACTIVE,Verified raw reconstitution event,,
EVT_00327,RAW_00327,RAW,"January 1, 2021","December 11, 2020",ADDITION,ADDITION,TATACHEM,,,Tata Chemicals Ltd.,,2021-JAN,FUTURE_RELATIVE_TO_SNAPSHOT,ind_prs11122020.pdf,Page 5,ACTIVE,Verified raw reconstitution event,,
EVT_00328,RAW_00328,RAW,"January 1, 2021","December 11, 2020",ADDITION,ADDITION,TATAMOTORS,,,Tata Motors Ltd.,,2021-JAN,FUTURE_RELATIVE_TO_SNAPSHOT,ind_prs11122020.pdf,Page 5,ACTIVE,Verified raw reconstitution event,,
EVT_00329,RAW_00329,RAW,"January 1, 2021","December 11, 2020",ADDITION,ADDITION,WELCORP,,,Welspun Corp Ltd.,,2021-JAN,FUTURE_RELATIVE_TO_SNAPSHOT,ind_prs11122020.pdf,Page 5,ACTIVE,Verified raw reconstitution event,,
EVT_00330,RAW_00330,RAW,"January 1, 2021","December 11, 2020",DELETION,DELETION,BHARTIARTL,,,Bharti Airtel Ltd.,,2021-JAN,FUTURE_RELATIVE_TO_SNAPSHOT,ind_prs11122020.pdf,Page 5,ACTIVE,Verified raw reconstitution event,,
EVT_00331,RAW_00331,RAW,"January 1, 2021","December 11, 2020",DELETION,DELETION,IGL,,,Indraprastha Gas Ltd.,,2021-JAN,FUTURE_RELATIVE_TO_SNAPSHOT,ind_prs11122020.pdf,Page 5,ACTIVE,Verified raw reconstitution event,,
EVT_00332,RAW_00332,RAW,"January 1, 2021","December 11, 2020",DELETION,DELETION,MANAPPURAM,,,Manappuram Finance Ltd.,,2021-JAN,FUTURE_RELATIVE_TO_SNAPSHOT,ind_prs11122020.pdf,Page 5,ACTIVE,Verified raw reconstitution event,,
EVT_00333,RAW_00333,RAW,"January 1, 2021","December 11, 2020",DELETION,DELETION,WHIRLPOOL,,,Whirlpool of India Ltd.,,2021-JAN,FUTURE_RELATIVE_TO_SNAPSHOT,ind_prs11122020.pdf,Page 5,ACTIVE,Verified raw reconstitution event,,
EVT_00334,RAW_00334,RAW,"January 1, 2021","December 11, 2020",ADDITION,ADDITION,ADANIGAS,,,Adani Gas Ltd.,,2021-JAN,FUTURE_RELATIVE_TO_SNAPSHOT,ind_prs11122020.pdf,Page 5,ACTIVE,Verified raw reconstitution event,,
EVT_00335,RAW_00335,RAW,"January 1, 2021","December 11, 2020",ADDITION,ADDITION,AMBER,,,Amber Enterprises India Ltd.,,2021-JAN,FUTURE_RELATIVE_TO_SNAPSHOT,ind_prs11122020.pdf,Page 5,ACTIVE,Verified raw reconstitution event,,
EVT_00336,RAW_00336,RAW,"January 1, 2021","December 11, 2020",ADDITION,ADDITION,BSOFT,,,Birlasoft Ltd.,,2021-JAN,FUTURE_RELATIVE_TO_SNAPSHOT,ind_prs11122020.pdf,Page 5,ACTIVE,Verified raw reconstitution event,,
EVT_00337,RAW_00337,RAW,"January 1, 2021","December 11, 2020",ADDITION,ADDITION,GMMPFAUDLR,,,GMM Pfaudler Ltd.,,2021-JAN,FUTURE_RELATIVE_TO_SNAPSHOT,ind_prs11122020.pdf,Page 5,ACTIVE,Verified raw reconstitution event,,
EVT_00338,RAW_00338,RAW,"January 1, 2021","December 11, 2020",DELETION,DELETION,EQUITAS,,,Equitas Holdings Ltd.,,2021-JAN,FUTURE_RELATIVE_TO_SNAPSHOT,ind_prs11122020.pdf,Page 6,ACTIVE,Verified raw reconstitution event,,
EVT_00339,RAW_00339,RAW,"January 1, 2021","December 11, 2020",DELETION,DELETION,HINDPETRO,,,Hindustan Petroleum Corporation Ltd.,,2021-JAN,FUTURE_RELATIVE_TO_SNAPSHOT,ind_prs11122020.pdf,Page 6,ACTIVE,Verified raw reconstitution event,,
EVT_00340,RAW_00340,RAW,"January 1, 2021","December 11, 2020",DELETION,DELETION,GRASIM,,,Grasim Industries Ltd.,,2021-JAN,FUTURE_RELATIVE_TO_SNAPSHOT,ind_prs11122020.pdf,Page 6,ACTIVE,Verified raw reconstitution event,,
EVT_00341,RAW_00341,RAW,"January 1, 2021","December 11, 2020",DELETION,DELETION,VEDL,,,Vedanta Ltd.,,2021-JAN,FUTURE_RELATIVE_TO_SNAPSHOT,ind_prs11122020.pdf,Page 6,ACTIVE,Verified raw reconstitution event,,
EVT_00342,RAW_00342,RAW,"January 1, 2021","December 11, 2020",DELETION,DELETION,KOTAKBANK,,,Kotak Mahindra Bank Ltd.,,2021-JAN,FUTURE_RELATIVE_TO_SNAPSHOT,ind_prs11122020.pdf,Page 6,ACTIVE,Verified raw reconstitution event,,
EVT_00343,RAW_00343,RAW,"January 1, 2021","December 11, 2020",DELETION,DELETION,PAGEIND,,,Page Industries Ltd.,,2021-JAN,FUTURE_RELATIVE_TO_SNAPSHOT,ind_prs11122020.pdf,Page 6,ACTIVE,Verified raw reconstitution event,,
EVT_00344,RAW_00344,RAW,"December 31, 2024","December 11, 2024",DELETION,DELETION,ABB,,,ABB India Ltd.,,2024-DEC,FUTURE_RELATIVE_TO_SNAPSHOT,ind_prs11122024.pdf,Page 9,ACTIVE,Verified raw reconstitution event,OVR_005,
EVT_00345,RAW_00345,RAW,"December 31, 2024","December 11, 2024",DELETION,DELETION,ADANIPORTS,,,Adani Ports and Special Economic Zone Ltd.,,2024-DEC,FUTURE_RELATIVE_TO_SNAPSHOT,ind_prs11122024.pdf,Page 9,ACTIVE,Verified raw reconstitution event,OVR_005,
EVT_00346,RAW_00346,RAW,"December 31, 2024","December 11, 2024",DELETION,DELETION,ADANIPOWER,,,Adani Power Ltd.,,2024-DEC,FUTURE_RELATIVE_TO_SNAPSHOT,ind_prs11122024.pdf,Page 9,ACTIVE,Verified raw reconstitution event,OVR_005,
EVT_00347,RAW_00347,RAW,"December 31, 2024","December 11, 2024",DELETION,DELETION,ANANDRATHI,,,Anand Rathi Wealth Ltd.,,2024-DEC,FUTURE_RELATIVE_TO_SNAPSHOT,ind_prs11122024.pdf,Page 9,ACTIVE,Verified raw reconstitution event,OVR_005,
EVT_00348,RAW_00348,RAW,"December 31, 2024","December 11, 2024",DELETION,DELETION,APARINDS,,,Apar Industries Ltd.,,2024-DEC,FUTURE_RELATIVE_TO_SNAPSHOT,ind_prs11122024.pdf,Page 9,ACTIVE,Verified raw reconstitution event,OVR_005,
EVT_00349,RAW_00349,RAW,"December 31, 2024","December 11, 2024",DELETION,DELETION,BAJAJ-AUTO,,,Bajaj Auto Ltd.,,2024-DEC,FUTURE_RELATIVE_TO_SNAPSHOT,ind_prs11122024.pdf,Page 9,ACTIVE,Verified raw reconstitution event,OVR_005,
EVT_00350,RAW_00350,RAW,"December 31, 2024","December 11, 2024",DELETION,DELETION,BDL,,,Bharat Dynamics Ltd.,,2024-DEC,FUTURE_RELATIVE_TO_SNAPSHOT,ind_prs11122024.pdf,Page 9,ACTIVE,Verified raw reconstitution event,OVR_005,
EVT_00351,RAW_00351,RAW,"December 31, 2024","December 11, 2024",DELETION,DELETION,BEL,,,Bharat Electronics Ltd.,,2024-DEC,FUTURE_RELATIVE_TO_SNAPSHOT,ind_prs11122024.pdf,Page 9,ACTIVE,Verified raw reconstitution event,OVR_005,
EVT_00352,RAW_00352,RAW,"December 31, 2024","December 11, 2024",DELETION,DELETION,BHEL,,,Bharat Heavy Electricals Ltd.,,2024-DEC,FUTURE_RELATIVE_TO_SNAPSHOT,ind_prs11122024.pdf,Page 9,ACTIVE,Verified raw reconstitution event,OVR_005,
EVT_00353,RAW_00353,RAW,"December 31, 2024","December 11, 2024",DELETION,DELETION,COCHINSHIP,,,Cochin Shipyard Ltd.,,2024-DEC,FUTURE_RELATIVE_TO_SNAPSHOT,ind_prs11122024.pdf,Page 10,ACTIVE,Verified raw reconstitution event,OVR_005,
EVT_00354,RAW_00354,RAW,"December 31, 2024","December 11, 2024",DELETION,DELETION,CUMMINSIND,,,Cummins India Ltd.,,2024-DEC,FUTURE_RELATIVE_TO_SNAPSHOT,ind_prs11122024.pdf,Page 10,ACTIVE,Verified raw reconstitution event,OVR_005,
EVT_00355,RAW_00355,RAW,"December 31, 2024","December 11, 2024",DELETION,DELETION,EXIDEIND,,,Exide Industries Ltd.,,2024-DEC,FUTURE_RELATIVE_TO_SNAPSHOT,ind_prs11122024.pdf,Page 10,ACTIVE,Verified raw reconstitution event,OVR_005,
EVT_00356,RAW_00356,RAW,"December 31, 2024","December 11, 2024",DELETION,DELETION,GPIL,,,Godawari Power & Ispat Ltd.,,2024-DEC,FUTURE_RELATIVE_TO_SNAPSHOT,ind_prs11122024.pdf,Page 10,ACTIVE,Verified raw reconstitution event,OVR_005,
EVT_00357,RAW_00357,RAW,"December 31, 2024","December 11, 2024",DELETION,DELETION,HBLPOWER,,,HBL Power Systems Ltd.,,2024-DEC,FUTURE_RELATIVE_TO_SNAPSHOT,ind_prs11122024.pdf,Page 10,ACTIVE,Verified raw reconstitution event,OVR_005,
EVT_00358,RAW_00358,RAW,"December 31, 2024","December 11, 2024",DELETION,DELETION,HAL,,,Hindustan Aeronautics Ltd.,,2024-DEC,FUTURE_RELATIVE_TO_SNAPSHOT,ind_prs11122024.pdf,Page 10,ACTIVE,Verified raw reconstitution event,OVR_005,
EVT_00359,RAW_00359,RAW,"December 31, 2024","December 11, 2024",DELETION,DELETION,HINDCOPPER,,,Hindustan Copper Ltd.,,2024-DEC,FUTURE_RELATIVE_TO_SNAPSHOT,ind_prs11122024.pdf,Page 10,ACTIVE,Verified raw reconstitution event,OVR_005,
EVT_00360,RAW_00360,RAW,"December 31, 2024","December 11, 2024",DELETION,DELETION,HUDCO,,,Housing & Urban Development Corporation Ltd.,,2024-DEC,FUTURE_RELATIVE_TO_SNAPSHOT,ind_prs11122024.pdf,Page 10,ACTIVE,Verified raw reconstitution event,OVR_005,
EVT_00361,RAW_00361,RAW,"December 31, 2024","December 11, 2024",DELETION,DELETION,IRFC,,,Indian Railway Finance Corporation Ltd.,,2024-DEC,FUTURE_RELATIVE_TO_SNAPSHOT,ind_prs11122024.pdf,Page 10,ACTIVE,Verified raw reconstitution event,OVR_005,
EVT_00362,RAW_00362,RAW,"December 31, 2024","December 11, 2024",DELETION,DELETION,JSL,,,Jindal Stainless Ltd.,,2024-DEC,FUTURE_RELATIVE_TO_SNAPSHOT,ind_prs11122024.pdf,Page 10,ACTIVE,Verified raw reconstitution event,OVR_005,
EVT_00363,RAW_00363,RAW,"December 31, 2024","December 11, 2024",DELETION,DELETION,JWL,,,Jupiter Wagons Ltd.,,2024-DEC,FUTURE_RELATIVE_TO_SNAPSHOT,ind_prs11122024.pdf,Page 10,ACTIVE,Verified raw reconstitution event,OVR_005,
EVT_00364,RAW_00364,RAW,"December 31, 2024","December 11, 2024",DELETION,DELETION,KPIL,,,Kalpataru Projects International Ltd.,,2024-DEC,FUTURE_RELATIVE_TO_SNAPSHOT,ind_prs11122024.pdf,Page 10,ACTIVE,Verified raw reconstitution event,OVR_005,
EVT_00365,RAW_00365,RAW,"December 31, 2024","December 11, 2024",DELETION,DELETION,MRPL,,,Mangalore Refinery & Petrochemicals Ltd.,,2024-DEC,FUTURE_RELATIVE_TO_SNAPSHOT,ind_prs11122024.pdf,Page 10,ACTIVE,Verified raw reconstitution event,OVR_005,
EVT_00366,RAW_00366,RAW,"December 31, 2024","December 11, 2024",DELETION,DELETION,NBCC,,,NBCC (India) Ltd.,,2024-DEC,FUTURE_RELATIVE_TO_SNAPSHOT,ind_prs11122024.pdf,Page 10,ACTIVE,Verified raw reconstitution event,OVR_005,
EVT_00367,RAW_00367,RAW,"December 31, 2024","December 11, 2024",DELETION,DELETION,NHPC,,,NHPC Ltd.,,2024-DEC,FUTURE_RELATIVE_TO_SNAPSHOT,ind_prs11122024.pdf,Page 10,ACTIVE,Verified raw reconstitution event,OVR_005,
EVT_00368,RAW_00368,RAW,"December 31, 2024","December 11, 2024",DELETION,DELETION,PFC,,,Power Finance Corporation Ltd.,,2024-DEC,FUTURE_RELATIVE_TO_SNAPSHOT,ind_prs11122024.pdf,Page 10,ACTIVE,Verified raw reconstitution event,OVR_005,
EVT_00369,RAW_00369,RAW,"December 31, 2024","December 11, 2024",DELETION,DELETION,PRESTIGE,,,Prestige Estates Projects Ltd.,,2024-DEC,FUTURE_RELATIVE_TO_SNAPSHOT,ind_prs11122024.pdf,Page 10,ACTIVE,Verified raw reconstitution event,OVR_005,
EVT_00370,RAW_00370,RAW,"December 31, 2024","December 11, 2024",DELETION,DELETION,PNB,,,Punjab National Bank,,2024-DEC,FUTURE_RELATIVE_TO_SNAPSHOT,ind_prs11122024.pdf,Page 10,ACTIVE,Verified raw reconstitution event,OVR_005,
EVT_00371,RAW_00371,RAW,"December 31, 2024","December 11, 2024",DELETION,DELETION,RVNL,,,Rail Vikas Nigam Ltd.,,2024-DEC,FUTURE_RELATIVE_TO_SNAPSHOT,ind_prs11122024.pdf,Page 10,ACTIVE,Verified raw reconstitution event,OVR_005,
EVT_00372,RAW_00372,RAW,"December 31, 2024","December 11, 2024",DELETION,DELETION,RECLTD,,,REC Ltd.,,2024-DEC,FUTURE_RELATIVE_TO_SNAPSHOT,ind_prs11122024.pdf,Page 10,ACTIVE,Verified raw reconstitution event,OVR_005,
EVT_00373,RAW_00373,RAW,"December 31, 2024","December 11, 2024",DELETION,DELETION,MOTHERSON,,,Samvardhana Motherson International Ltd.,,2024-DEC,FUTURE_RELATIVE_TO_SNAPSHOT,ind_prs11122024.pdf,Page 10,ACTIVE,Verified raw reconstitution event,OVR_005,
EVT_00374,RAW_00374,RAW,"December 31, 2024","December 11, 2024",DELETION,DELETION,SJVN,,,SJVN Ltd.,,2024-DEC,FUTURE_RELATIVE_TO_SNAPSHOT,ind_prs11122024.pdf,Page 10,ACTIVE,Verified raw reconstitution event,OVR_005,
EVT_00375,RAW_00375,RAW,"December 31, 2024","December 11, 2024",DELETION,DELETION,SOBHA,,,Sobha Ltd.,,2024-DEC,FUTURE_RELATIVE_TO_SNAPSHOT,ind_prs11122024.pdf,Page 10,ACTIVE,Verified raw reconstitution event,OVR_005,
EVT_00376,RAW_00376,RAW,"December 31, 2024","December 11, 2024",DELETION,DELETION,SOLARINDS,,,Solar Industries India Ltd.,,2024-DEC,FUTURE_RELATIVE_TO_SNAPSHOT,ind_prs11122024.pdf,Page 10,ACTIVE,Verified raw reconstitution event,OVR_005,
EVT_00377,RAW_00377,RAW,"December 31, 2024","December 11, 2024",DELETION,DELETION,SUZLON,,,Suzlon Energy Ltd.,,2024-DEC,FUTURE_RELATIVE_TO_SNAPSHOT,ind_prs11122024.pdf,Page 10,ACTIVE,Verified raw reconstitution event,OVR_005,
EVT_00378,RAW_00378,RAW,"December 31, 2024","December 11, 2024",DELETION,DELETION,TATAPOWER,,,Tata Power Co. Ltd.,,2024-DEC,FUTURE_RELATIVE_TO_SNAPSHOT,ind_prs11122024.pdf,Page 10,ACTIVE,Verified raw reconstitution event,OVR_005,
EVT_00379,RAW_00379,RAW,"December 31, 2024","December 11, 2024",DELETION,DELETION,THERMAX,,,Thermax Ltd.,,2024-DEC,FUTURE_RELATIVE_TO_SNAPSHOT,ind_prs11122024.pdf,Page 10,ACTIVE,Verified raw reconstitution event,OVR_005,
EVT_00380,RAW_00380,RAW,"December 31, 2024","December 11, 2024",DELETION,DELETION,TITAGARH,,,Titagarh Rail Systems Ltd.,,2024-DEC,FUTURE_RELATIVE_TO_SNAPSHOT,ind_prs11122024.pdf,Page 10,ACTIVE,Verified raw reconstitution event,OVR_005,
EVT_00381,RAW_00381,RAW,"December 31, 2024","December 11, 2024",DELETION,DELETION,TORNTPOWER,,,Torrent Power Ltd.,,2024-DEC,FUTURE_RELATIVE_TO_SNAPSHOT,ind_prs11122024.pdf,Page 10,ACTIVE,Verified raw reconstitution event,OVR_005,
EVT_00382,RAW_00382,RAW,"December 31, 2024","December 11, 2024",DELETION,DELETION,ZYDUSLIFE,,,Zydus Lifesciences Ltd.,,2024-DEC,FUTURE_RELATIVE_TO_SNAPSHOT,ind_prs11122024.pdf,Page 10,ACTIVE,Verified raw reconstitution event,OVR_005,
EVT_00383,RAW_00383,RAW,"December 31, 2024","December 11, 2024",ADDITION,ADDITION,360ONE,,,360 ONE WAM Ltd.,,2024-DEC,FUTURE_RELATIVE_TO_SNAPSHOT,ind_prs11122024.pdf,Page 10,ACTIVE,Verified raw reconstitution event,OVR_005,
EVT_00384,RAW_00384,RAW,"December 31, 2024","December 11, 2024",ADDITION,ADDITION,ABSLAMC,,,Aditya Birla Sun Life AMC Ltd.,,2024-DEC,FUTURE_RELATIVE_TO_SNAPSHOT,ind_prs11122024.pdf,Page 10,ACTIVE,Verified raw reconstitution event,OVR_005,
EVT_00385,RAW_00385,RAW,"December 31, 2024","December 11, 2024",ADDITION,ADDITION,AMBER,,,Amber Enterprises India Ltd.,,2024-DEC,FUTURE_RELATIVE_TO_SNAPSHOT,ind_prs11122024.pdf,Page 10,ACTIVE,Verified raw reconstitution event,OVR_005,
EVT_00386,RAW_00386,RAW,"December 31, 2024","December 11, 2024",ADDITION,ADDITION,ANANTRAJ,,,Anant Raj Ltd.,,2024-DEC,FUTURE_RELATIVE_TO_SNAPSHOT,ind_prs11122024.pdf,Page 11,ACTIVE,Verified raw reconstitution event,OVR_005,
EVT_00387,RAW_00387,RAW,"December 31, 2024","December 11, 2024",ADDITION,ADDITION,CAPLIPOINT,,,Caplin Point Laboratories Ltd.,,2024-DEC,FUTURE_RELATIVE_TO_SNAPSHOT,ind_prs11122024.pdf,Page 11,ACTIVE,Verified raw reconstitution event,OVR_005,
EVT_00388,RAW_00388,RAW,"December 31, 2024","December 11, 2024",ADDITION,ADDITION,CHOLAHLDNG,,,Cholamandalam Financial Holdings Ltd.,,2024-DEC,FUTURE_RELATIVE_TO_SNAPSHOT,ind_prs11122024.pdf,Page 11,ACTIVE,Verified raw reconstitution event,OVR_005,
EVT_00389,RAW_00389,RAW,"December 31, 2024","December 11, 2024",ADDITION,ADDITION,COFORGE,,,Coforge Ltd.,,2024-DEC,FUTURE_RELATIVE_TO_SNAPSHOT,ind_prs11122024.pdf,Page 11,ACTIVE,Verified raw reconstitution event,OVR_005,
EVT_00390,RAW_00390,RAW,"December 31, 2024","December 11, 2024",ADDITION,ADDITION,COROMANDEL,,,Coromandel International Ltd.,,2024-DEC,FUTURE_RELATIVE_TO_SNAPSHOT,ind_prs11122024.pdf,Page 11,ACTIVE,Verified raw reconstitution event,OVR_005,
EVT_00391,RAW_00391,RAW,"December 31, 2024","December 11, 2024",ADDITION,ADDITION,DEEPAKFERT,,,Deepak Fertilisers & Petrochemicals Corp. Ltd.,,2024-DEC,FUTURE_RELATIVE_TO_SNAPSHOT,ind_prs11122024.pdf,Page 11,ACTIVE,Verified raw reconstitution event,OVR_005,
EVT_00392,RAW_00392,RAW,"December 31, 2024","December 11, 2024",ADDITION,ADDITION,DIVISLAB,,,Divi's Laboratories Ltd.,,2024-DEC,FUTURE_RELATIVE_TO_SNAPSHOT,ind_prs11122024.pdf,Page 11,ACTIVE,Verified raw reconstitution event,OVR_005,
EVT_00393,RAW_00393,RAW,"December 31, 2024","December 11, 2024",ADDITION,ADDITION,FSL,,,Firstsource Solutions Ltd.,,2024-DEC,FUTURE_RELATIVE_TO_SNAPSHOT,ind_prs11122024.pdf,Page 11,ACTIVE,Verified raw reconstitution event,OVR_005,
EVT_00394,RAW_00394,RAW,"December 31, 2024","December 11, 2024",ADDITION,ADDITION,FORTIS,,,Fortis Healthcare Ltd.,,2024-DEC,FUTURE_RELATIVE_TO_SNAPSHOT,ind_prs11122024.pdf,Page 11,ACTIVE,Verified raw reconstitution event,OVR_005,
EVT_00395,RAW_00395,RAW,"December 31, 2024","December 11, 2024",ADDITION,ADDITION,GLENMARK,,,Glenmark Pharmaceuticals Ltd.,,2024-DEC,FUTURE_RELATIVE_TO_SNAPSHOT,ind_prs11122024.pdf,Page 11,ACTIVE,Verified raw reconstitution event,OVR_005,
EVT_00396,RAW_00396,RAW,"December 31, 2024","December 11, 2024",ADDITION,ADDITION,GODFRYPHLP,,,Godfrey Phillips India Ltd.,,2024-DEC,FUTURE_RELATIVE_TO_SNAPSHOT,ind_prs11122024.pdf,Page 11,ACTIVE,Verified raw reconstitution event,OVR_005,
EVT_00397,RAW_00397,RAW,"December 31, 2024","December 11, 2024",ADDITION,ADDITION,HSCL,,,Himadri Speciality Chemical Ltd.,,2024-DEC,FUTURE_RELATIVE_TO_SNAPSHOT,ind_prs11122024.pdf,Page 11,ACTIVE,Verified raw reconstitution event,OVR_005,
EVT_00398,RAW_00398,RAW,"December 31, 2024","December 11, 2024",ADDITION,ADDITION,INDIACEM,,,India Cements Ltd.,,2024-DEC,FUTURE_RELATIVE_TO_SNAPSHOT,ind_prs11122024.pdf,Page 11,ACTIVE,Verified raw reconstitution event,OVR_005,
EVT_00399,RAW_00399,RAW,"December 31, 2024","December 11, 2024",ADDITION,ADDITION,INDHOTEL,,,Indian Hotels Co. Ltd.,,2024-DEC,FUTURE_RELATIVE_TO_SNAPSHOT,ind_prs11122024.pdf,Page 11,ACTIVE,Verified raw reconstitution event,OVR_005,
EVT_00400,RAW_00400,RAW,"December 31, 2024","December 11, 2024",ADDITION,ADDITION,NAUKRI,,,Info Edge (India) Ltd.,,2024-DEC,FUTURE_RELATIVE_TO_SNAPSHOT,ind_prs11122024.pdf,Page 11,ACTIVE,Verified raw reconstitution event,OVR_005,
EVT_00401,RAW_00401,RAW,"December 31, 2024","December 11, 2024",ADDITION,ADDITION,JUBLPHARMA,,,Jubilant Pharmova Ltd.,,2024-DEC,FUTURE_RELATIVE_TO_SNAPSHOT,ind_prs11122024.pdf,Page 11,ACTIVE,Verified raw reconstitution event,OVR_005,
EVT_00402,RAW_00402,RAW,"December 31, 2024","December 11, 2024",ADDITION,ADDITION,KAYNES,,,Kaynes Technology India Ltd.,,2024-DEC,FUTURE_RELATIVE_TO_SNAPSHOT,ind_prs11122024.pdf,Page 11,ACTIVE,Verified raw reconstitution event,OVR_005,
EVT_00403,RAW_00403,RAW,"December 31, 2024","December 11, 2024",ADDITION,ADDITION,KEC,,,KEC International Ltd.,,2024-DEC,FUTURE_RELATIVE_TO_SNAPSHOT,ind_prs11122024.pdf,Page 11,ACTIVE,Verified raw reconstitution event,OVR_005,
EVT_00404,RAW_00404,RAW,"December 31, 2024","December 11, 2024",ADDITION,ADDITION,KFINTECH,,,KFin Technologies Ltd.,,2024-DEC,FUTURE_RELATIVE_TO_SNAPSHOT,ind_prs11122024.pdf,Page 11,ACTIVE,Verified raw reconstitution event,OVR_005,
EVT_00405,RAW_00405,RAW,"December 31, 2024","December 11, 2024",ADDITION,ADDITION,LLOYDSME,,,Lloyds Metals And Energy Ltd.,,2024-DEC,FUTURE_RELATIVE_TO_SNAPSHOT,ind_prs11122024.pdf,Page 11,ACTIVE,Verified raw reconstitution event,OVR_005,
EVT_00406,RAW_00406,RAW,"December 31, 2024","December 11, 2024",ADDITION,ADDITION,LUPIN,,,Lupin Ltd.,,2024-DEC,FUTURE_RELATIVE_TO_SNAPSHOT,ind_prs11122024.pdf,Page 11,ACTIVE,Verified raw reconstitution event,OVR_005,
EVT_00407,RAW_00407,RAW,"December 31, 2024","December 11, 2024",ADDITION,ADDITION,MCX,,,Multi Commodity Exchange of India Ltd.,,2024-DEC,FUTURE_RELATIVE_TO_SNAPSHOT,ind_prs11122024.pdf,Page 11,ACTIVE,Verified raw reconstitution event,OVR_005,
EVT_00408,RAW_00408,RAW,"December 31, 2024","December 11, 2024",ADDITION,ADDITION,NATCOPHARM,,,NATCO Pharma Ltd.,,2024-DEC,FUTURE_RELATIVE_TO_SNAPSHOT,ind_prs11122024.pdf,Page 11,ACTIVE,Verified raw reconstitution event,OVR_005,
EVT_00409,RAW_00409,RAW,"December 31, 2024","December 11, 2024",ADDITION,ADDITION,NETWEB,,,Netweb Technologies India Ltd.,,2024-DEC,FUTURE_RELATIVE_TO_SNAPSHOT,ind_prs11122024.pdf,Page 11,ACTIVE,Verified raw reconstitution event,OVR_005,
EVT_00410,RAW_00410,RAW,"December 31, 2024","December 11, 2024",ADDITION,ADDITION,OFSS,,,Oracle Financial Services Software Ltd.,,2024-DEC,FUTURE_RELATIVE_TO_SNAPSHOT,ind_prs11122024.pdf,Page 11,ACTIVE,Verified raw reconstitution event,OVR_005,
EVT_00411,RAW_00411,RAW,"December 31, 2024","December 11, 2024",ADDITION,ADDITION,POLICYBZR,,,PB Fintech Ltd.,,2024-DEC,FUTURE_RELATIVE_TO_SNAPSHOT,ind_prs11122024.pdf,Page 11,ACTIVE,Verified raw reconstitution event,OVR_005,
EVT_00412,RAW_00412,RAW,"December 31, 2024","December 11, 2024",ADDITION,ADDITION,PCBL,,,PCBL Ltd.,,2024-DEC,FUTURE_RELATIVE_TO_SNAPSHOT,ind_prs11122024.pdf,Page 11,ACTIVE,Verified raw reconstitution event,OVR_005,
EVT_00413,RAW_00413,RAW,"December 31, 2024","December 11, 2024",ADDITION,ADDITION,PERSISTENT,,,Persistent Systems Ltd.,,2024-DEC,FUTURE_RELATIVE_TO_SNAPSHOT,ind_prs11122024.pdf,Page 11,ACTIVE,Verified raw reconstitution event,OVR_005,
EVT_00414,RAW_00414,RAW,"December 31, 2024","December 11, 2024",ADDITION,ADDITION,PPLPHARMA,,,Piramal Pharma Ltd.,,2024-DEC,FUTURE_RELATIVE_TO_SNAPSHOT,ind_prs11122024.pdf,Page 11,ACTIVE,Verified raw reconstitution event,OVR_005,
EVT_00415,RAW_00415,RAW,"December 31, 2024","December 11, 2024",ADDITION,ADDITION,POLYMED,,,Poly Medicure Ltd.,,2024-DEC,FUTURE_RELATIVE_TO_SNAPSHOT,ind_prs11122024.pdf,Page 11,ACTIVE,Verified raw reconstitution event,OVR_005,
EVT_00416,RAW_00416,RAW,"December 31, 2024","December 11, 2024",ADDITION,ADDITION,RADICO,,,Radico Khaitan Ltd,,2024-DEC,FUTURE_RELATIVE_TO_SNAPSHOT,ind_prs11122024.pdf,Page 11,ACTIVE,Verified raw reconstitution event,OVR_005,
EVT_00417,RAW_00417,RAW,"December 31, 2024","December 11, 2024",ADDITION,ADDITION,SUVENPHAR,,,Suven Pharmaceuticals Ltd.,,2024-DEC,FUTURE_RELATIVE_TO_SNAPSHOT,ind_prs11122024.pdf,Page 11,ACTIVE,Verified raw reconstitution event,OVR_005,
EVT_00418,RAW_00418,RAW,"December 31, 2024","December 11, 2024",ADDITION,ADDITION,TECHM,,,Tech Mahindra Ltd.,,2024-DEC,FUTURE_RELATIVE_TO_SNAPSHOT,ind_prs11122024.pdf,Page 11,ACTIVE,Verified raw reconstitution event,OVR_005,
EVT_00419,RAW_00419,RAW,"December 31, 2024","December 11, 2024",ADDITION,ADDITION,UNITDSPR,,,United Spirits Ltd.,,2024-DEC,FUTURE_RELATIVE_TO_SNAPSHOT,ind_prs11122024.pdf,Page 11,ACTIVE,Verified raw reconstitution event,OVR_005,
EVT_00420,RAW_00420,RAW,"December 31, 2024","December 11, 2024",ADDITION,ADDITION,VOLTAS,,,Voltas Ltd.,,2024-DEC,FUTURE_RELATIVE_TO_SNAPSHOT,ind_prs11122024.pdf,Page 11,ACTIVE,Verified raw reconstitution event,OVR_005,
EVT_00421,RAW_00421,RAW,"December 31, 2024","December 11, 2024",ADDITION,ADDITION,ZOMATO,,,Zomato Ltd.,,2024-DEC,FUTURE_RELATIVE_TO_SNAPSHOT,ind_prs11122024.pdf,Page 11,ACTIVE,Verified raw reconstitution event,OVR_005,
EVT_00422,RAW_00422,RAW,"December 31, 2025","December 11, 2025",DELETION,DELETION,SKFINDIA,,,SKF India Ltd.,,2025-DEC,FUTURE_RELATIVE_TO_SNAPSHOT,ind_prs11122025.pdf,Page 1,ACTIVE,Verified raw reconstitution event,,
EVT_00423,RAW_00423,RAW,"December 31, 2025","December 11, 2025",DELETION,DELETION,JSWCEMENT,,,JSW Cement Ltd.,,2025-DEC,FUTURE_RELATIVE_TO_SNAPSHOT,ind_prs11122025.pdf,Page 1,ACTIVE,Verified raw reconstitution event,,
EVT_00424,RAW_00424,RAW,"March 27, 2020","March 12, 2020",DELETION,DELETION,GAYAPROJ,,,Gayatri Projects Ltd.,,2020-MAR,FUTURE_RELATIVE_TO_SNAPSHOT,ind_prs12032020.pdf,Page 4,ACTIVE,Verified raw reconstitution event,,
EVT_00425,RAW_00425,RAW,"March 27, 2020","March 12, 2020",DELETION,DELETION,SHILPAMED,,,Shilpa Medicare Ltd.*,,2020-MAR,FUTURE_RELATIVE_TO_SNAPSHOT,ind_prs12032020.pdf,Page 4,ACTIVE,Verified raw reconstitution event,,
EVT_00426,RAW_00426,RAW,"March 30, 2026","March 12, 2026",DELETION,DELETION,AKUMS,,,Akums Drugs and Pharmaceuticals Ltd.,,2026-MAR,FUTURE_RELATIVE_TO_SNAPSHOT,ind_prs12032026.pdf,Page 6,ACTIVE,Verified raw reconstitution event,OVR_006,
EVT_00427,RAW_00427,RAW,"March 30, 2026","March 12, 2026",DELETION,DELETION,APLLTD,,,Alembic Pharmaceuticals Ltd.,,2026-MAR,FUTURE_RELATIVE_TO_SNAPSHOT,ind_prs12032026.pdf,Page 6,ACTIVE,Verified raw reconstitution event,OVR_006,
EVT_00428,RAW_00428,RAW,"March 30, 2026","March 12, 2026",DELETION,DELETION,ALKYLAMINE,,,Alkyl Amines Chemicals Ltd.,,2026-MAR,FUTURE_RELATIVE_TO_SNAPSHOT,ind_prs12032026.pdf,Page 6,ACTIVE,Verified raw reconstitution event,OVR_006,
EVT_00429,RAW_00429,RAW,"March 30, 2026","March 12, 2026",DELETION,DELETION,ASTRAZEN,,,AstraZenca Pharma India Ltd.,,2026-MAR,FUTURE_RELATIVE_TO_SNAPSHOT,ind_prs12032026.pdf,Page 6,ACTIVE,Verified raw reconstitution event,OVR_006,
EVT_00430,RAW_00430,RAW,"March 30, 2026","March 12, 2026",DELETION,DELETION,BASF,,,BASF India Ltd.,,2026-MAR,FUTURE_RELATIVE_TO_SNAPSHOT,ind_prs12032026.pdf,Page 6,ACTIVE,Verified raw reconstitution event,OVR_006,
EVT_00431,RAW_00431,RAW,"March 30, 2026","March 12, 2026",DELETION,DELETION,CAMPUS,,,Campus Activewear Ltd.,,2026-MAR,FUTURE_RELATIVE_TO_SNAPSHOT,ind_prs12032026.pdf,Page 6,ACTIVE,Verified raw reconstitution event,OVR_006,
EVT_00432,RAW_00432,RAW,"March 30, 2026","March 12, 2026",DELETION,DELETION,GUJGASLTD,,,Gujarat Gas Ltd.,,2026-MAR,FUTURE_RELATIVE_TO_SNAPSHOT,ind_prs12032026.pdf,Page 6,ACTIVE,Verified raw reconstitution event,OVR_006,
EVT_00433,RAW_00433,RAW,"March 30, 2026","March 12, 2026",DELETION,DELETION,INOXINDIA,,,INOX India Ltd.,,2026-MAR,FUTURE_RELATIVE_TO_SNAPSHOT,ind_prs12032026.pdf,Page 6,ACTIVE,Verified raw reconstitution event,OVR_006,
EVT_00434,RAW_00434,RAW,"March 30, 2026","March 12, 2026",DELETION,DELETION,JYOTHYLAB,,,Jyothy Labs Ltd.,,2026-MAR,FUTURE_RELATIVE_TO_SNAPSHOT,ind_prs12032026.pdf,Page 6,ACTIVE,Verified raw reconstitution event,OVR_006,
EVT_00435,RAW_00435,RAW,"March 30, 2026","March 12, 2026",DELETION,DELETION,KIRLOSBROS,,,Kirloskar Brothers Ltd.,,2026-MAR,FUTURE_RELATIVE_TO_SNAPSHOT,ind_prs12032026.pdf,Page 6,ACTIVE,Verified raw reconstitution event,OVR_006,
EVT_00436,RAW_00436,RAW,"March 30, 2026","March 12, 2026",DELETION,DELETION,KSB,,,KSB Ltd.,,2026-MAR,FUTURE_RELATIVE_TO_SNAPSHOT,ind_prs12032026.pdf,Page 6,ACTIVE,Verified raw reconstitution event,OVR_006,
EVT_00437,RAW_00437,RAW,"March 30, 2026","March 12, 2026",DELETION,DELETION,METROPOLIS,,,Metropolis Healthcare Ltd.,,2026-MAR,FUTURE_RELATIVE_TO_SNAPSHOT,ind_prs12032026.pdf,Page 6,ACTIVE,Verified raw reconstitution event,OVR_006,
EVT_00438,RAW_00438,RAW,"March 30, 2026","March 12, 2026",DELETION,DELETION,PGHH,,,Procter & Gamble Hygiene & Health Care Ltd.,,2026-MAR,FUTURE_RELATIVE_TO_SNAPSHOT,ind_prs12032026.pdf,Page 6,ACTIVE,Verified raw reconstitution event,OVR_006,
EVT_00439,RAW_00439,RAW,"March 30, 2026","March 12, 2026",DELETION,DELETION,RCF,,,Rashtriya Chemicals & Fertilizers Ltd.,,2026-MAR,FUTURE_RELATIVE_TO_SNAPSHOT,ind_prs12032026.pdf,Page 6,ACTIVE,Verified raw reconstitution event,OVR_006,
EVT_00440,RAW_00440,RAW,"March 30, 2026","March 12, 2026",DELETION,DELETION,RELINFRA,,,Reliance Infrastructure Ltd.,,2026-MAR,FUTURE_RELATIVE_TO_SNAPSHOT,ind_prs12032026.pdf,Page 6,ACTIVE,Verified raw reconstitution event,OVR_006,
EVT_00441,RAW_00441,RAW,"March 30, 2026","March 12, 2026",DELETION,DELETION,SUNDRMFAST,,,Sundram Fasteners Ltd.,,2026-MAR,FUTURE_RELATIVE_TO_SNAPSHOT,ind_prs12032026.pdf,Page 6,ACTIVE,Verified raw reconstitution event,OVR_006,
EVT_00442,RAW_00442,RAW,"March 30, 2026","March 12, 2026",DELETION,DELETION,VGUARD,,,V-Guard Industries Ltd.,,2026-MAR,FUTURE_RELATIVE_TO_SNAPSHOT,ind_prs12032026.pdf,Page 6,ACTIVE,Verified raw reconstitution event,OVR_006,
EVT_00443,RAW_00443,RAW,"March 30, 2026","March 12, 2026",ADDITION,ADDITION,CPPLUS,,,Aditya Infotech Ltd.,,2026-MAR,FUTURE_RELATIVE_TO_SNAPSHOT,ind_prs12032026.pdf,Page 6,ACTIVE,Verified raw reconstitution event,OVR_006,
EVT_00444,RAW_00444,RAW,"March 30, 2026","March 12, 2026",ADDITION,ADDITION,CEMPRO,,,Cemindia Projects Ltd.,,2026-MAR,FUTURE_RELATIVE_TO_SNAPSHOT,ind_prs12032026.pdf,Page 6,ACTIVE,Verified raw reconstitution event,OVR_006,
EVT_00445,RAW_00445,RAW,"March 30, 2026","March 12, 2026",ADDITION,ADDITION,GABRIEL,,,Gabriel India Ltd.,,2026-MAR,FUTURE_RELATIVE_TO_SNAPSHOT,ind_prs12032026.pdf,Page 6,ACTIVE,Verified raw reconstitution event,OVR_006,
EVT_00446,RAW_00446,RAW,"March 30, 2026","March 12, 2026",ADDITION,ADDITION,GALLANTT,,,Gallantt Ispat Ltd.,,2026-MAR,FUTURE_RELATIVE_TO_SNAPSHOT,ind_prs12032026.pdf,Page 6,ACTIVE,Verified raw reconstitution event,OVR_006,
EVT_00447,RAW_00447,RAW,"March 30, 2026","March 12, 2026",ADDITION,ADDITION,SPLPETRO,,,Supreme Petrochem Ltd.,,2026-MAR,FUTURE_RELATIVE_TO_SNAPSHOT,ind_prs12032026.pdf,Page 6,ACTIVE,Verified raw reconstitution event,OVR_006,
EVT_00448,RAW_00448,RAW,"March 30, 2026","March 12, 2026",ADDITION,ADDITION,TEGA,,,Tega Industries Ltd.,,2026-MAR,FUTURE_RELATIVE_TO_SNAPSHOT,ind_prs12032026.pdf,Page 6,ACTIVE,Verified raw reconstitution event,OVR_006,
EVT_00449,RAW_00449,RAW,"March 30, 2026","March 12, 2026",ADDITION,ADDITION,TENNIND,,,Tenneco Clean Air India Ltd.,,2026-MAR,FUTURE_RELATIVE_TO_SNAPSHOT,ind_prs12032026.pdf,Page 6,ACTIVE,Verified raw reconstitution event,OVR_006,
EVT_00450,RAW_00450,RAW,"March 30, 2026","March 12, 2026",ADDITION,ADDITION,ZYDUSWELL,,,Zydus Wellness Ltd.,,2026-MAR,FUTURE_RELATIVE_TO_SNAPSHOT,ind_prs12032026.pdf,Page 6,ACTIVE,Verified raw reconstitution event,OVR_006,
EVT_00451,RAW_00451,RAW,"March 28, 2025","March 13, 2025",DELETION,DELETION,ACI,,,Archean Chemical Industries Ltd.,,2025-MAR,FUTURE_RELATIVE_TO_SNAPSHOT,ind_prs13032025.pdf,Page 6,ACTIVE,Verified raw reconstitution event,,
EVT_00452,RAW_00452,RAW,"March 28, 2025","March 13, 2025",DELETION,DELETION,AVANTIFEED,,,Avanti Feeds Ltd.,,2025-MAR,FUTURE_RELATIVE_TO_SNAPSHOT,ind_prs13032025.pdf,Page 6,ACTIVE,Verified raw reconstitution event,,
EVT_00453,RAW_00453,RAW,"March 28, 2025","March 13, 2025",DELETION,DELETION,BALAMINES,,,Balaji Amines Ltd.,,2025-MAR,FUTURE_RELATIVE_TO_SNAPSHOT,ind_prs13032025.pdf,Page 6,ACTIVE,Verified raw reconstitution event,,
EVT_00454,RAW_00454,RAW,"March 28, 2025","March 13, 2025",DELETION,DELETION,CELLO,,,Cello World Ltd.,,2025-MAR,FUTURE_RELATIVE_TO_SNAPSHOT,ind_prs13032025.pdf,Page 6,ACTIVE,Verified raw reconstitution event,,
EVT_00455,RAW_00455,RAW,"March 28, 2025","March 13, 2025",DELETION,DELETION,CIEINDIA,,,CIE Automotive India Ltd.,,2025-MAR,FUTURE_RELATIVE_TO_SNAPSHOT,ind_prs13032025.pdf,Page 6,ACTIVE,Verified raw reconstitution event,,
EVT_00456,RAW_00456,RAW,"March 28, 2025","March 13, 2025",DELETION,DELETION,FINEORG,,,Fine Organic Industries Ltd.,,2025-MAR,FUTURE_RELATIVE_TO_SNAPSHOT,ind_prs13032025.pdf,Page 6,ACTIVE,Verified raw reconstitution event,,
EVT_00457,RAW_00457,RAW,"March 28, 2025","March 13, 2025",DELETION,DELETION,GRINDWELL,,,Grindwell Norton Ltd.,,2025-MAR,FUTURE_RELATIVE_TO_SNAPSHOT,ind_prs13032025.pdf,Page 7,ACTIVE,Verified raw reconstitution event,,
EVT_00458,RAW_00458,RAW,"March 28, 2025","March 13, 2025",DELETION,DELETION,GAEL,,,Gujarat Ambuja Exports Ltd.,,2025-MAR,FUTURE_RELATIVE_TO_SNAPSHOT,ind_prs13032025.pdf,Page 7,ACTIVE,Verified raw reconstitution event,,
EVT_00459,RAW_00459,RAW,"March 28, 2025","March 13, 2025",DELETION,DELETION,GSFC,,,Gujarat State Fertilizers & Chemicals Ltd.,,2025-MAR,FUTURE_RELATIVE_TO_SNAPSHOT,ind_prs13032025.pdf,Page 7,ACTIVE,Verified raw reconstitution event,,
EVT_00460,RAW_00460,RAW,"March 28, 2025","March 13, 2025",DELETION,DELETION,KSB,,,KSB Ltd.,,2025-MAR,FUTURE_RELATIVE_TO_SNAPSHOT,ind_prs13032025.pdf,Page 7,ACTIVE,Verified raw reconstitution event,,
EVT_00461,RAW_00461,RAW,"March 28, 2025","March 13, 2025",DELETION,DELETION,METROBRAND,,,Metro Brands Ltd.,,2025-MAR,FUTURE_RELATIVE_TO_SNAPSHOT,ind_prs13032025.pdf,Page 7,ACTIVE,Verified raw reconstitution event,,
EVT_00462,RAW_00462,RAW,"March 28, 2025","March 13, 2025",DELETION,DELETION,NUVOCO,,,Nuvoco Vistas Corporation Ltd.,,2025-MAR,FUTURE_RELATIVE_TO_SNAPSHOT,ind_prs13032025.pdf,Page 7,ACTIVE,Verified raw reconstitution event,,
EVT_00463,RAW_00463,RAW,"March 28, 2025","March 13, 2025",DELETION,DELETION,PGHH,,,Procter & Gamble Hygiene & Health Care Ltd.,,2025-MAR,FUTURE_RELATIVE_TO_SNAPSHOT,ind_prs13032025.pdf,Page 7,ACTIVE,Verified raw reconstitution event,,
EVT_00464,RAW_00464,RAW,"March 28, 2025","March 13, 2025",DELETION,DELETION,RATNAMANI,,,Ratnamani Metals & Tubes Ltd.,,2025-MAR,FUTURE_RELATIVE_TO_SNAPSHOT,ind_prs13032025.pdf,Page 7,ACTIVE,Verified raw reconstitution event,,
EVT_00465,RAW_00465,RAW,"March 28, 2025","March 13, 2025",DELETION,DELETION,SANOFI,,,Sanofi India Ltd.,,2025-MAR,FUTURE_RELATIVE_TO_SNAPSHOT,ind_prs13032025.pdf,Page 7,ACTIVE,Verified raw reconstitution event,,
EVT_00466,RAW_00466,RAW,"March 28, 2025","March 13, 2025",DELETION,DELETION,SUNDRMFAST,,,Sundram Fasteners Ltd.,,2025-MAR,FUTURE_RELATIVE_TO_SNAPSHOT,ind_prs13032025.pdf,Page 7,ACTIVE,Verified raw reconstitution event,,
EVT_00467,RAW_00467,RAW,"March 28, 2025","March 13, 2025",DELETION,DELETION,TVSSCS,,,TVS Supply Chain Solutions Ltd.,,2025-MAR,FUTURE_RELATIVE_TO_SNAPSHOT,ind_prs13032025.pdf,Page 7,ACTIVE,Verified raw reconstitution event,,
EVT_00468,RAW_00468,RAW,"March 28, 2025","March 13, 2025",DELETION,DELETION,VINATIORGA,,,Vinati Organics Ltd.,,2025-MAR,FUTURE_RELATIVE_TO_SNAPSHOT,ind_prs13032025.pdf,Page 7,ACTIVE,Verified raw reconstitution event,,
EVT_00469,RAW_00469,RAW,"March 28, 2025","March 13, 2025",ADDITION,ADDITION,AFCONS,,,Afcons Infrastructure Ltd.,,2025-MAR,FUTURE_RELATIVE_TO_SNAPSHOT,ind_prs13032025.pdf,Page 7,ACTIVE,Verified raw reconstitution event,,
EVT_00470,RAW_00470,RAW,"March 28, 2025","March 13, 2025",ADDITION,ADDITION,ALIVUS,,,Alivus Life Sciences Ltd.,,2025-MAR,FUTURE_RELATIVE_TO_SNAPSHOT,ind_prs13032025.pdf,Page 7,ACTIVE,Verified raw reconstitution event,,
EVT_00471,RAW_00471,RAW,"March 28, 2025","March 13, 2025",ADDITION,ADDITION,FIRSTCRY,,,Brainbees Solutions Ltd.,,2025-MAR,FUTURE_RELATIVE_TO_SNAPSHOT,ind_prs13032025.pdf,Page 7,ACTIVE,Verified raw reconstitution event,,
EVT_00472,RAW_00472,RAW,"March 28, 2025","March 13, 2025",ADDITION,ADDITION,HYUNDAI,,,Hyundai Motor India Ltd.,,2025-MAR,FUTURE_RELATIVE_TO_SNAPSHOT,ind_prs13032025.pdf,Page 7,ACTIVE,Verified raw reconstitution event,,
EVT_00473,RAW_00473,RAW,"March 28, 2025","March 13, 2025",ADDITION,ADDITION,IGIL,,,International Gemmological Institute (India) Ltd.,,2025-MAR,FUTURE_RELATIVE_TO_SNAPSHOT,ind_prs13032025.pdf,Page 7,ACTIVE,Verified raw reconstitution event,,
EVT_00474,RAW_00474,RAW,"March 28, 2025","March 13, 2025",ADDITION,ADDITION,LTFOODS,,,LT Foods Ltd.,,2025-MAR,FUTURE_RELATIVE_TO_SNAPSHOT,ind_prs13032025.pdf,Page 7,ACTIVE,Verified raw reconstitution event,,
EVT_00475,RAW_00475,RAW,"March 28, 2025","March 13, 2025",ADDITION,ADDITION,NAVA,,,Nava Ltd.,,2025-MAR,FUTURE_RELATIVE_TO_SNAPSHOT,ind_prs13032025.pdf,Page 7,ACTIVE,Verified raw reconstitution event,,
EVT_00476,RAW_00476,RAW,"March 28, 2025","March 13, 2025",ADDITION,ADDITION,NEULANDLAB,,,Neuland Laboratories Ltd.,,2025-MAR,FUTURE_RELATIVE_TO_SNAPSHOT,ind_prs13032025.pdf,Page 7,ACTIVE,Verified raw reconstitution event,,
EVT_00477,RAW_00477,RAW,"March 28, 2025","March 13, 2025",ADDITION,ADDITION,PGEL,,,PG Electroplast Ltd.,,2025-MAR,FUTURE_RELATIVE_TO_SNAPSHOT,ind_prs13032025.pdf,Page 7,ACTIVE,Verified raw reconstitution event,,
EVT_00478,RAW_00478,RAW,"March 28, 2025","March 13, 2025",ADDITION,ADDITION,TARIL,,,Transformers And Rectifiers (India) Ltd.,,2025-MAR,FUTURE_RELATIVE_TO_SNAPSHOT,ind_prs13032025.pdf,Page 7,ACTIVE,Verified raw reconstitution event,,
EVT_00479,RAW_00479,RAW,"March 28, 2025","March 13, 2025",ADDITION,ADDITION,VMM,,,Vishal Mega Mart Ltd.,,2025-MAR,FUTURE_RELATIVE_TO_SNAPSHOT,ind_prs13032025.pdf,Page 7,ACTIVE,Verified raw reconstitution event,,
EVT_00480,RAW_00480,RAW,"March 28, 2025","March 13, 2025",ADDITION,ADDITION,WAAREEENER,,,Waaree Energies Ltd.,,2025-MAR,FUTURE_RELATIVE_TO_SNAPSHOT,ind_prs13032025.pdf,Page 7,ACTIVE,Verified raw reconstitution event,,
EVT_00481,RAW_00481,RAW,"July
17, 2026","July 13, 2026",DELETION,DELETION,JBCHEPHARM,,,J.B. Chemicals & Pharmaceuticals Ltd.,,2026-JUL,FUTURE_RELATIVE_TO_SNAPSHOT,ind_prs13072026_1.pdf,Page 1,ACTIVE,Verified raw reconstitution event,,
EVT_00482,RAW_00482,RAW,"July
17, 2026","July 13, 2026",DELETION,DELETION,PFOCUS,,,Prime Focus Ltd.,,2026-JUL,FUTURE_RELATIVE_TO_SNAPSHOT,ind_prs13072026_1.pdf,Page 1,ACTIVE,Verified raw reconstitution event,,
EVT_00483,RAW_00483,RAW,"June 30, 2021","June 15, 2021",DELETION,DELETION,MOTHERSUMI,,,Motherson Sumi Systems Ltd.,,2021-JUN,FUTURE_RELATIVE_TO_SNAPSHOT,ind_prs15062021.pdf,Page 1,ACTIVE,Verified raw reconstitution event,,
EVT_00484,RAW_00484,RAW,"June 30, 2021","June 15, 2021",DELETION,DELETION,GLAND,,,Gland Pharma Ltd.,,2021-JUN,FUTURE_RELATIVE_TO_SNAPSHOT,ind_prs15062021.pdf,Page 1,ACTIVE,Verified raw reconstitution event,,
EVT_00485,RAW_00485,RAW,"June 30, 2022","June 15, 2022",DELETION,DELETION,EQUITAS,,,Equitas Holdings Ltd.,,2022-JUN,FUTURE_RELATIVE_TO_SNAPSHOT,ind_prs15062022.pdf,Page 6,ACTIVE,Verified raw reconstitution event,,
EVT_00486,RAW_00486,RAW,"June 30, 2022","June 15, 2022",DELETION,DELETION,GESHIP,,,Great Eastern Shipping Co. Ltd.,,2022-JUN,FUTURE_RELATIVE_TO_SNAPSHOT,ind_prs15062022.pdf,Page 6,ACTIVE,Verified raw reconstitution event,,
EVT_00487,RAW_00487,RAW,"June 30, 2022","June 15, 2022",DELETION,DELETION,GNFC,,,Gujarat Narmada Valley Fertilizers and Chem. Ltd.,,2022-JUN,FUTURE_RELATIVE_TO_SNAPSHOT,ind_prs15062022.pdf,Page 6,ACTIVE,Verified raw reconstitution event,,
EVT_00488,RAW_00488,RAW,"June 30, 2022","June 15, 2022",DELETION,DELETION,IRB,,,IRB Infrastructure Developers Ltd.,,2022-JUN,FUTURE_RELATIVE_TO_SNAPSHOT,ind_prs15062022.pdf,Page 6,ACTIVE,Verified raw reconstitution event,,
EVT_00489,RAW_00489,RAW,"June 30, 2022","June 15, 2022",DELETION,DELETION,JMFINANCIL,,,JM Financial Ltd.,,2022-JUN,FUTURE_RELATIVE_TO_SNAPSHOT,ind_prs15062022.pdf,Page 6,ACTIVE,Verified raw reconstitution event,,
EVT_00490,RAW_00490,RAW,"June 30, 2022","June 15, 2022",DELETION,DELETION,UJJIVAN,,,Ujjivan Financial Services Ltd.,,2022-JUN,FUTURE_RELATIVE_TO_SNAPSHOT,ind_prs15062022.pdf,Page 6,ACTIVE,Verified raw reconstitution event,,
EVT_00491,RAW_00491,RAW,"June 30, 2022","June 15, 2022",ADDITION,ADDITION,AUROPHARMA,,,Aurobindo Pharma Ltd.,,2022-JUN,FUTURE_RELATIVE_TO_SNAPSHOT,ind_prs15062022.pdf,Page 6,ACTIVE,Verified raw reconstitution event,,
EVT_00492,RAW_00492,RAW,"June 30, 2022","June 15, 2022",ADDITION,ADDITION,MGL,,,Mahanagar Gas Ltd.,,2022-JUN,FUTURE_RELATIVE_TO_SNAPSHOT,ind_prs15062022.pdf,Page 6,ACTIVE,Verified raw reconstitution event,,
EVT_00493,RAW_00493,RAW,"June 30, 2022","June 15, 2022",ADDITION,ADDITION,MANAPPURAM,,,Manappuram Finance Ltd.,,2022-JUN,FUTURE_RELATIVE_TO_SNAPSHOT,ind_prs15062022.pdf,Page 6,ACTIVE,Verified raw reconstitution event,,
EVT_00494,RAW_00494,RAW,"June 30, 2022","June 15, 2022",ADDITION,ADDITION,PFIZER,,,Pfizer Ltd.,,2022-JUN,FUTURE_RELATIVE_TO_SNAPSHOT,ind_prs15062022.pdf,Page 6,ACTIVE,Verified raw reconstitution event,,
EVT_00495,RAW_00495,RAW,"June 30, 2022","June 15, 2022",ADDITION,ADDITION,RBLBANK,,,RBL Bank Ltd.,,2022-JUN,FUTURE_RELATIVE_TO_SNAPSHOT,ind_prs15062022.pdf,Page 6,ACTIVE,Verified raw reconstitution event,,
EVT_00496,RAW_00496,RAW,"June 30, 2022","June 15, 2022",ADDITION,ADDITION,SRTRANSFIN,,,Shriram Transport Finance Co. Ltd.,,2022-JUN,FUTURE_RELATIVE_TO_SNAPSHOT,ind_prs15062022.pdf,Page 6,ACTIVE,Verified raw reconstitution event,,
EVT_00497,RAW_00497,RAW,,"September 15, 2023",DELETION,DELETION,BASF,,,BASF India Ltd.,,2023-SEP,PRIMARY_TARGET,ind_prs15092023.pdf,Page 5,ACTIVE,Verified raw reconstitution event,,
EVT_00498,RAW_00498,RAW,,"September 15, 2023",DELETION,DELETION,BPCL,,,Bharat Petroleum Corporation Ltd.,,2023-SEP,PRIMARY_TARGET,ind_prs15092023.pdf,Page 5,ACTIVE,Verified raw reconstitution event,,
EVT_00499,RAW_00499,RAW,,"September 15, 2023",DELETION,DELETION,BORORENEW,,,Borosil Renewables Ltd.,,2023-SEP,PRIMARY_TARGET,ind_prs15092023.pdf,Page 5,ACTIVE,Verified raw reconstitution event,,
EVT_00500,RAW_00500,RAW,,"September 15, 2023",DELETION,DELETION,FINPIPE,,,Finolex Industries Ltd.,,2023-SEP,PRIMARY_TARGET,ind_prs15092023.pdf,Page 5,ACTIVE,Verified raw reconstitution event,,
EVT_00501,RAW_00501,RAW,,"September 15, 2023",DELETION,DELETION,GREENPANEL,,,Greenpanel Industries Ltd.,,2023-SEP,PRIMARY_TARGET,ind_prs15092023.pdf,Page 5,ACTIVE,Verified raw reconstitution event,,
EVT_00502,RAW_00502,RAW,,"September 15, 2023",DELETION,DELETION,HGS,,,Hinduja Global Solutions Ltd.,,2023-SEP,PRIMARY_TARGET,ind_prs15092023.pdf,Page 5,ACTIVE,Verified raw reconstitution event,,
EVT_00503,RAW_00503,RAW,,"September 15, 2023",DELETION,DELETION,HAL,,,Hindustan Aeronautics Ltd.,,2023-SEP,PRIMARY_TARGET,ind_prs15092023.pdf,Page 5,ACTIVE,Verified raw reconstitution event,,
EVT_00504,RAW_00504,RAW,,"September 15, 2023",DELETION,DELETION,IFBIND,,,IFB Industries Ltd.,,2023-SEP,PRIMARY_TARGET,ind_prs15092023.pdf,Page 5,ACTIVE,Verified raw reconstitution event,,
EVT_00505,RAW_00505,RAW,,"September 15, 2023",DELETION,DELETION,NAUKRI,,,Info Edge (India) Ltd.,,2023-SEP,PRIMARY_TARGET,ind_prs15092023.pdf,Page 5,ACTIVE,Verified raw reconstitution event,,
EVT_00506,RAW_00506,RAW,,"September 15, 2023",DELETION,DELETION,KENNAMET,,,Kennametal India Ltd.,,2023-SEP,PRIMARY_TARGET,ind_prs15092023.pdf,Page 5,ACTIVE,Verified raw reconstitution event,,
EVT_00507,RAW_00507,RAW,,"September 15, 2023",DELETION,DELETION,NOCIL,,,NOCIL Ltd.,,2023-SEP,PRIMARY_TARGET,ind_prs15092023.pdf,Page 5,ACTIVE,Verified raw reconstitution event,,
EVT_00508,RAW_00508,RAW,,"September 15, 2023",DELETION,DELETION,TCIEXP,,,TCI Express Ltd.,,2023-SEP,PRIMARY_TARGET,ind_prs15092023.pdf,Page 5,ACTIVE,Verified raw reconstitution event,,
EVT_00509,RAW_00509,RAW,,"September 15, 2023",DELETION,DELETION,TCI,,,Transport Corporation of India Ltd.,,2023-SEP,PRIMARY_TARGET,ind_prs15092023.pdf,Page 5,ACTIVE,Verified raw reconstitution event,,
EVT_00510,RAW_00510,RAW,,"September 15, 2023",ADDITION,ADDITION,ALLCARGO,,,Allcargo Logistics Ltd.,,2023-SEP,PRIMARY_TARGET,ind_prs15092023.pdf,Page 5,ACTIVE,Verified raw reconstitution event,,
EVT_00511,RAW_00511,RAW,,"September 15, 2023",ADDITION,ADDITION,CHAMBLFERT,,,Chambal Fertilizers & Chemicals Ltd.,,2023-SEP,PRIMARY_TARGET,ind_prs15092023.pdf,Page 5,ACTIVE,Verified raw reconstitution event,,
EVT_00512,RAW_00512,RAW,,"September 15, 2023",ADDITION,ADDITION,GILLETTE,,,Gillette India Ltd.,,2023-SEP,PRIMARY_TARGET,ind_prs15092023.pdf,Page 5,ACTIVE,Verified raw reconstitution event,,
EVT_00513,RAW_00513,RAW,,"September 15, 2023",ADDITION,ADDITION,GLS,,,Glenmark Life Sciences Ltd.,,2023-SEP,PRIMARY_TARGET,ind_prs15092023.pdf,Page 5,ACTIVE,Verified raw reconstitution event,,
EVT_00514,RAW_00514,RAW,,"September 15, 2023",ADDITION,ADDITION,GPIL,,,Godawari Power & Ispat Ltd.,,2023-SEP,PRIMARY_TARGET,ind_prs15092023.pdf,Page 6,ACTIVE,Verified raw reconstitution event,,
EVT_00515,RAW_00515,RAW,,"September 15, 2023",ADDITION,ADDITION,HEG,,,H.E.G. Ltd.,,2023-SEP,PRIMARY_TARGET,ind_prs15092023.pdf,Page 6,ACTIVE,Verified raw reconstitution event,,
EVT_00516,RAW_00516,RAW,,"September 15, 2023",ADDITION,ADDITION,IRCON,,,IRCON International Ltd.,,2023-SEP,PRIMARY_TARGET,ind_prs15092023.pdf,Page 6,ACTIVE,Verified raw reconstitution event,,
EVT_00517,RAW_00517,RAW,,"September 15, 2023",ADDITION,ADDITION,JINDALSAW,,,Jindal Saw Ltd.,,2023-SEP,PRIMARY_TARGET,ind_prs15092023.pdf,Page 6,ACTIVE,Verified raw reconstitution event,,
EVT_00518,RAW_00518,RAW,,"September 15, 2023",ADDITION,ADDITION,KIRLFER,,,Kirloskar Ferrous Industries Ltd.,,2023-SEP,PRIMARY_TARGET,ind_prs15092023.pdf,Page 6,ACTIVE,Verified raw reconstitution event,,
EVT_00519,RAW_00519,RAW,,"September 15, 2023",ADDITION,ADDITION,PGHL,,,Procter & Gamble Health Ltd.,,2023-SEP,PRIMARY_TARGET,ind_prs15092023.pdf,Page 6,ACTIVE,Verified raw reconstitution event,,
EVT_00520,RAW_00520,RAW,,"September 15, 2023",ADDITION,ADDITION,SAFARI,,,Safari Industries (India) Ltd.,,2023-SEP,PRIMARY_TARGET,ind_prs15092023.pdf,Page 6,ACTIVE,Verified raw reconstitution event,,
EVT_00521,RAW_00521,RAW,,"September 15, 2023",ADDITION,ADDITION,SYRMA,,,Syrma SGS Technology Ltd.,,2023-SEP,PRIMARY_TARGET,ind_prs15092023.pdf,Page 6,ACTIVE,Verified raw reconstitution event,,
EVT_00522,RAW_00522,RAW,,"September 15, 2023",ADDITION,ADDITION,USHAMART,,,Usha Martin Ltd.,,2023-SEP,PRIMARY_TARGET,ind_prs15092023.pdf,Page 6,ACTIVE,Verified raw reconstitution event,,
EVT_00523,RAW_00523,RAW,"September 30, 2025","September 15, 2025",DELETION,DELETION,ALIVUS,,,Alivus Life Sciences Ltd.,,2025-SEP,FUTURE_RELATIVE_TO_SNAPSHOT,ind_prs15092025.pdf,Page 5,ACTIVE,Verified raw reconstitution event,,
EVT_00524,RAW_00524,RAW,"September 30, 2025","September 15, 2025",DELETION,DELETION,APOLLOHOSP,,,Apollo Hospitals Enterprise Ltd.,,2025-SEP,FUTURE_RELATIVE_TO_SNAPSHOT,ind_prs15092025.pdf,Page 5,ACTIVE,Verified raw reconstitution event,,
EVT_00525,RAW_00525,RAW,"September 30, 2025","September 15, 2025",DELETION,DELETION,COALINDIA,,,Coal India Ltd.,,2025-SEP,FUTURE_RELATIVE_TO_SNAPSHOT,ind_prs15092025.pdf,Page 5,ACTIVE,Verified raw reconstitution event,,
EVT_00526,RAW_00526,RAW,"September 30, 2025","September 15, 2025",DELETION,DELETION,FINPIPE,,,Finolex Industries Ltd.,,2025-SEP,FUTURE_RELATIVE_TO_SNAPSHOT,ind_prs15092025.pdf,Page 5,ACTIVE,Verified raw reconstitution event,,
EVT_00527,RAW_00527,RAW,"September 30, 2025","September 15, 2025",DELETION,DELETION,NYKAA,,,FSN E-Commerce Ventures Ltd.,,2025-SEP,FUTURE_RELATIVE_TO_SNAPSHOT,ind_prs15092025.pdf,Page 5,ACTIVE,Verified raw reconstitution event,,
EVT_00528,RAW_00528,RAW,"September 30, 2025","September 15, 2025",DELETION,DELETION,IOC,,,Indian Oil Corporation Ltd.,,2025-SEP,FUTURE_RELATIVE_TO_SNAPSHOT,ind_prs15092025.pdf,Page 5,ACTIVE,Verified raw reconstitution event,,
EVT_00529,RAW_00529,RAW,"September 30, 2025","September 15, 2025",DELETION,DELETION,KANSAINER,,,Kansai Nerolac Paints Ltd.,,2025-SEP,FUTURE_RELATIVE_TO_SNAPSHOT,ind_prs15092025.pdf,Page 5,ACTIVE,Verified raw reconstitution event,,
EVT_00530,RAW_00530,RAW,"September 30, 2025","September 15, 2025",DELETION,DELETION,MAHSEAMLES,,,Maharashtra Seamless Ltd.,,2025-SEP,FUTURE_RELATIVE_TO_SNAPSHOT,ind_prs15092025.pdf,Page 5,ACTIVE,Verified raw reconstitution event,,
EVT_00531,RAW_00531,RAW,"September 30, 2025","September 15, 2025",DELETION,DELETION,MANKIND,,,Mankind Pharma Ltd.,,2025-SEP,FUTURE_RELATIVE_TO_SNAPSHOT,ind_prs15092025.pdf,Page 5,ACTIVE,Verified raw reconstitution event,,
EVT_00532,RAW_00532,RAW,"September 30, 2025","September 15, 2025",DELETION,DELETION,MASTEK,,,Mastek Ltd.,,2025-SEP,FUTURE_RELATIVE_TO_SNAPSHOT,ind_prs15092025.pdf,Page 5,ACTIVE,Verified raw reconstitution event,,
EVT_00533,RAW_00533,RAW,"September 30, 2025","September 15, 2025",DELETION,DELETION,MINDACORP,,,Minda Corporation Ltd.,,2025-SEP,FUTURE_RELATIVE_TO_SNAPSHOT,ind_prs15092025.pdf,Page 5,ACTIVE,Verified raw reconstitution event,,
EVT_00534,RAW_00534,RAW,"September 30, 2025","September 15, 2025",DELETION,DELETION,RAYMOND,,,Raymond Ltd.,,2025-SEP,FUTURE_RELATIVE_TO_SNAPSHOT,ind_prs15092025.pdf,Page 5,ACTIVE,Verified raw reconstitution event,,
EVT_00535,RAW_00535,RAW,"September 30, 2025","September 15, 2025",DELETION,DELETION,ROUTE,,,Route Mobile Ltd.,,2025-SEP,FUTURE_RELATIVE_TO_SNAPSHOT,ind_prs15092025.pdf,Page 5,ACTIVE,Verified raw reconstitution event,,
EVT_00536,RAW_00536,RAW,"September 30, 2025","September 15, 2025",DELETION,DELETION,SWSOLAR,,,Sterling and Wilson Renewable Energy Ltd.,,2025-SEP,FUTURE_RELATIVE_TO_SNAPSHOT,ind_prs15092025.pdf,Page 5,ACTIVE,Verified raw reconstitution event,,
EVT_00537,RAW_00537,RAW,"September 30, 2025","September 15, 2025",DELETION,DELETION,TANLA,,,Tanla Platforms Ltd.,,2025-SEP,FUTURE_RELATIVE_TO_SNAPSHOT,ind_prs15092025.pdf,Page 6,ACTIVE,Verified raw reconstitution event,,
EVT_00538,RAW_00538,RAW,"September 30, 2025","September 15, 2025",DELETION,DELETION,ZFCVINDIA,,,ZF Commercial Vehicle Control Systems India Ltd.,,2025-SEP,FUTURE_RELATIVE_TO_SNAPSHOT,ind_prs15092025.pdf,Page 6,ACTIVE,Verified raw reconstitution event,,
EVT_00539,RAW_00539,RAW,"September 30, 2025","September 15, 2025",ADDITION,ADDITION,AKZOINDIA,,,Akzo Nobel India Ltd.,,2025-SEP,FUTURE_RELATIVE_TO_SNAPSHOT,ind_prs15092025.pdf,Page 6,ACTIVE,Verified raw reconstitution event,,
EVT_00540,RAW_00540,RAW,"September 30, 2025","September 15, 2025",ADDITION,ADDITION,BLUEJET,,,Blue Jet Healthcare Ltd.,,2025-SEP,FUTURE_RELATIVE_TO_SNAPSHOT,ind_prs15092025.pdf,Page 6,ACTIVE,Verified raw reconstitution event,,
EVT_00541,RAW_00541,RAW,"September 30, 2025","September 15, 2025",ADDITION,ADDITION,EMCURE,,,Emcure Pharmaceuticals Ltd.,,2025-SEP,FUTURE_RELATIVE_TO_SNAPSHOT,ind_prs15092025.pdf,Page 6,ACTIVE,Verified raw reconstitution event,,
EVT_00542,RAW_00542,RAW,"September 30, 2025","September 15, 2025",ADDITION,ADDITION,FORCEMOT,,,Force Motors Ltd.,,2025-SEP,FUTURE_RELATIVE_TO_SNAPSHOT,ind_prs15092025.pdf,Page 6,ACTIVE,Verified raw reconstitution event,,
EVT_00543,RAW_00543,RAW,"September 30, 2025","September 15, 2025",ADDITION,ADDITION,GRAVITA,,,Gravita India Ltd.,,2025-SEP,FUTURE_RELATIVE_TO_SNAPSHOT,ind_prs15092025.pdf,Page 6,ACTIVE,Verified raw reconstitution event,,
EVT_00544,RAW_00544,RAW,"September 30, 2025","September 15, 2025",ADDITION,ADDITION,HEXT,,,Hexaware Technologies Ltd.,,2025-SEP,FUTURE_RELATIVE_TO_SNAPSHOT,ind_prs15092025.pdf,Page 6,ACTIVE,Verified raw reconstitution event,,
EVT_00545,RAW_00545,RAW,"September 30, 2025","September 15, 2025",ADDITION,ADDITION,HINDALCO,,,Hindalco Industries Ltd.,,2025-SEP,FUTURE_RELATIVE_TO_SNAPSHOT,ind_prs15092025.pdf,Page 6,ACTIVE,Verified raw reconstitution event,,
EVT_00546,RAW_00546,RAW,"September 30, 2025","September 15, 2025",ADDITION,ADDITION,INDUSTOWER,,,Indus Towers Ltd.,,2025-SEP,FUTURE_RELATIVE_TO_SNAPSHOT,ind_prs15092025.pdf,Page 6,ACTIVE,Verified raw reconstitution event,,
EVT_00547,RAW_00547,RAW,"September 30, 2025","September 15, 2025",ADDITION,ADDITION,JUBLPHARMA,,,Jubilant Pharmova Ltd.,,2025-SEP,FUTURE_RELATIVE_TO_SNAPSHOT,ind_prs15092025.pdf,Page 6,ACTIVE,Verified raw reconstitution event,,
EVT_00548,RAW_00548,RAW,"September 30, 2025","September 15, 2025",ADDITION,ADDITION,KSB,,,KSB Ltd.,,2025-SEP,FUTURE_RELATIVE_TO_SNAPSHOT,ind_prs15092025.pdf,Page 6,ACTIVE,Verified raw reconstitution event,,
EVT_00549,RAW_00549,RAW,"September 30, 2025","September 15, 2025",ADDITION,ADDITION,NUVOCO,,,Nuvoco Vistas Corporation Ltd.,,2025-SEP,FUTURE_RELATIVE_TO_SNAPSHOT,ind_prs15092025.pdf,Page 6,ACTIVE,Verified raw reconstitution event,,
EVT_00550,RAW_00550,RAW,"September 30, 2025","September 15, 2025",ADDITION,ADDITION,PGHH,,,Procter & Gamble Hygiene & Health Care Ltd.,,2025-SEP,FUTURE_RELATIVE_TO_SNAPSHOT,ind_prs15092025.pdf,Page 6,ACTIVE,Verified raw reconstitution event,,
EVT_00551,RAW_00551,RAW,"September 30, 2025","September 15, 2025",ADDITION,ADDITION,SAILIFE,,,Sai Life Sciences Ltd.,,2025-SEP,FUTURE_RELATIVE_TO_SNAPSHOT,ind_prs15092025.pdf,Page 6,ACTIVE,Verified raw reconstitution event,,
EVT_00552,RAW_00552,RAW,"September 30, 2025","September 15, 2025",ADDITION,ADDITION,SWIGGY,,,Swiggy Ltd.,,2025-SEP,FUTURE_RELATIVE_TO_SNAPSHOT,ind_prs15092025.pdf,Page 6,ACTIVE,Verified raw reconstitution event,,
EVT_00553,RAW_00553,RAW,"September 30, 2025","September 15, 2025",ADDITION,ADDITION,TRIDENT,,,Trident Ltd.,,2025-SEP,FUTURE_RELATIVE_TO_SNAPSHOT,ind_prs15092025.pdf,Page 6,ACTIVE,Verified raw reconstitution event,,
EVT_00554,RAW_00554,RAW,"September 30, 2025","September 15, 2025",ADDITION,ADDITION,WELSPUNLIV,,,Welspun Living Ltd.,,2025-SEP,FUTURE_RELATIVE_TO_SNAPSHOT,ind_prs15092025.pdf,Page 6,ACTIVE,Verified raw reconstitution event,,
EVT_00555,RAW_00555,RAW,"September 30, 2025","September 15, 2025",DELETION,DELETION,CGPOWER,,,CG Power and Industrial Solutions Ltd.,,2025-SEP,FUTURE_RELATIVE_TO_SNAPSHOT,ind_prs15092025.pdf,Page 6,ACTIVE,Verified raw reconstitution event,,
EVT_00556,RAW_00556,RAW,"September 30, 2025","September 15, 2025",DELETION,DELETION,SRF,,,SRF Ltd.,,2025-SEP,FUTURE_RELATIVE_TO_SNAPSHOT,ind_prs15092025.pdf,Page 6,ACTIVE,Verified raw reconstitution event,,
EVT_00557,RAW_00557,RAW,"September 23, 2025","September 15, 2025",DELETION,DELETION,PEL,,,Piramal Enterprises Ltd.,,2025-SEP,FUTURE_RELATIVE_TO_SNAPSHOT,ind_prs15092025_1.pdf,Page 1,ACTIVE,Verified raw reconstitution event,OVR_013,
EVT_00558,RAW_00558,RAW,"September 23, 2025","September 15, 2025",DELETION,DELETION,RELINFRA,,,Reliance Infrastructure Ltd.,,2025-SEP,FUTURE_RELATIVE_TO_SNAPSHOT,ind_prs15092025_1.pdf,Page 1,ACTIVE,Verified raw reconstitution event,OVR_013,
EVT_00559,RAW_00559,RAW,,"September 16, 2022",DELETION,DELETION,EQUITAS,,,Equitas Holdings Ltd.,,2022-SEP,PRIMARY_TARGET,ind_prs16092022.pdf,Page 1,ACTIVE,Verified raw reconstitution event,,
EVT_00560,RAW_00560,RAW,,"September 16, 2022",DELETION,DELETION,SHOPERSTOP,,,Shoppers Stop Ltd.,,2022-SEP,PRIMARY_TARGET,ind_prs16092022.pdf,Page 1,ACTIVE,Verified raw reconstitution event,,
EVT_00561,RAW_00561,RAW,"March 31, 2023","February 17, 2023",DELETION,DELETION,ABSLAMC,,,Aditya Birla Sun Life AMC Ltd.,,2023-MAR,FUTURE_RELATIVE_TO_SNAPSHOT,ind_prs17022023_1.pdf,Page 1,ACTIVE,Verified raw reconstitution event,,
EVT_00562,RAW_00562,RAW,"March 31, 2023","February 17, 2023",DELETION,DELETION,ALOKINDS,,,Alok Industries Ltd.,,2023-MAR,FUTURE_RELATIVE_TO_SNAPSHOT,ind_prs17022023_1.pdf,Page 1,ACTIVE,Verified raw reconstitution event,,
EVT_00563,RAW_00563,RAW,"March 31, 2023","February 17, 2023",DELETION,DELETION,ASTRAZEN,,,AstraZenca Pharma India Ltd.,,2023-MAR,FUTURE_RELATIVE_TO_SNAPSHOT,ind_prs17022023_1.pdf,Page 2,ACTIVE,Verified raw reconstitution event,,
EVT_00564,RAW_00564,RAW,"March 31, 2023","February 17, 2023",DELETION,DELETION,BHARATRAS,,,Bharat Rasayan Ltd.,,2023-MAR,FUTURE_RELATIVE_TO_SNAPSHOT,ind_prs17022023_1.pdf,Page 2,ACTIVE,Verified raw reconstitution event,,
EVT_00565,RAW_00565,RAW,"March 31, 2023","February 17, 2023",DELETION,DELETION,CAPLIPOINT,,,Caplin Point Laboratories Ltd.,,2023-MAR,FUTURE_RELATIVE_TO_SNAPSHOT,ind_prs17022023_1.pdf,Page 2,ACTIVE,Verified raw reconstitution event,,
EVT_00566,RAW_00566,RAW,"March 31, 2023","February 17, 2023",DELETION,DELETION,DHANI,,,Dhani Services Ltd.,,2023-MAR,FUTURE_RELATIVE_TO_SNAPSHOT,ind_prs17022023_1.pdf,Page 2,ACTIVE,Verified raw reconstitution event,,
EVT_00567,RAW_00567,RAW,"March 31, 2023","February 17, 2023",DELETION,DELETION,DBL,,,Dilip Buildcon Ltd.,,2023-MAR,FUTURE_RELATIVE_TO_SNAPSHOT,ind_prs17022023_1.pdf,Page 2,ACTIVE,Verified raw reconstitution event,,
EVT_00568,RAW_00568,RAW,"March 31, 2023","February 17, 2023",DELETION,DELETION,HATSUN,,,Hatsun Agro Product Ltd.,,2023-MAR,FUTURE_RELATIVE_TO_SNAPSHOT,ind_prs17022023_1.pdf,Page 2,ACTIVE,Verified raw reconstitution event,,
EVT_00569,RAW_00569,RAW,"March 31, 2023","February 17, 2023",DELETION,DELETION,INDOCO,,,Indoco Remedies Ltd.,,2023-MAR,FUTURE_RELATIVE_TO_SNAPSHOT,ind_prs17022023_1.pdf,Page 2,ACTIVE,Verified raw reconstitution event,,
EVT_00570,RAW_00570,RAW,"March 31, 2023","February 17, 2023",DELETION,DELETION,MOIL,,,MOIL Ltd.,,2023-MAR,FUTURE_RELATIVE_TO_SNAPSHOT,ind_prs17022023_1.pdf,Page 2,ACTIVE,Verified raw reconstitution event,,
EVT_00571,RAW_00571,RAW,"March 31, 2023","February 17, 2023",DELETION,DELETION,PRIVISCL,,,Privi Speciality Chemicals Ltd.,,2023-MAR,FUTURE_RELATIVE_TO_SNAPSHOT,ind_prs17022023_1.pdf,Page 2,ACTIVE,Verified raw reconstitution event,,
EVT_00572,RAW_00572,RAW,"March 31, 2023","February 17, 2023",DELETION,DELETION,PGHL,,,Procter & Gamble Health Ltd.,,2023-MAR,FUTURE_RELATIVE_TO_SNAPSHOT,ind_prs17022023_1.pdf,Page 2,ACTIVE,Verified raw reconstitution event,,
EVT_00573,RAW_00573,RAW,"March 31, 2023","February 17, 2023",DELETION,DELETION,SFL,,,Sheela Foam Ltd.,,2023-MAR,FUTURE_RELATIVE_TO_SNAPSHOT,ind_prs17022023_1.pdf,Page 2,ACTIVE,Verified raw reconstitution event,,
EVT_00574,RAW_00574,RAW,"March 31, 2023","February 17, 2023",DELETION,DELETION,SHILPAMED,,,Shilpa Medicare Ltd.,,2023-MAR,FUTURE_RELATIVE_TO_SNAPSHOT,ind_prs17022023_1.pdf,Page 2,ACTIVE,Verified raw reconstitution event,,
EVT_00575,RAW_00575,RAW,"March 31, 2023","February 17, 2023",DELETION,DELETION,SIS,,,SIS Ltd.,,2023-MAR,FUTURE_RELATIVE_TO_SNAPSHOT,ind_prs17022023_1.pdf,Page 2,ACTIVE,Verified raw reconstitution event,,
EVT_00576,RAW_00576,RAW,"March 31, 2023","February 17, 2023",DELETION,DELETION,SUDARSCHEM,,,Sudarshan Chemical Industries Ltd.,,2023-MAR,FUTURE_RELATIVE_TO_SNAPSHOT,ind_prs17022023_1.pdf,Page 2,ACTIVE,Verified raw reconstitution event,,
EVT_00577,RAW_00577,RAW,"March 31, 2023","February 17, 2023",DELETION,DELETION,SYMPHONY,,,Symphony Ltd.,,2023-MAR,FUTURE_RELATIVE_TO_SNAPSHOT,ind_prs17022023_1.pdf,Page 2,ACTIVE,Verified raw reconstitution event,,
EVT_00578,RAW_00578,RAW,"March 31, 2023","February 17, 2023",DELETION,DELETION,TATACOFFEE,,,Tata Coffee Ltd.*,,2023-MAR,FUTURE_RELATIVE_TO_SNAPSHOT,ind_prs17022023_1.pdf,Page 2,ACTIVE,Verified raw reconstitution event,,
EVT_00579,RAW_00579,RAW,"March 31, 2023","February 17, 2023",DELETION,DELETION,THYROCARE,,,Thyrocare Technologies Ltd.,,2023-MAR,FUTURE_RELATIVE_TO_SNAPSHOT,ind_prs17022023_1.pdf,Page 2,ACTIVE,Verified raw reconstitution event,,
EVT_00580,RAW_00580,RAW,"March 31, 2023","February 17, 2023",DELETION,DELETION,WOCKPHARMA,,,Wockhardt Ltd.,,2023-MAR,FUTURE_RELATIVE_TO_SNAPSHOT,ind_prs17022023_1.pdf,Page 2,ACTIVE,Verified raw reconstitution event,,
EVT_00581,RAW_00581,RAW,"March 31, 2023","February 17, 2023",ADDITION,ADDITION,AARTIIND,,,Aarti Industries Ltd.,,2023-MAR,FUTURE_RELATIVE_TO_SNAPSHOT,ind_prs17022023_1.pdf,Page 2,ACTIVE,Verified raw reconstitution event,,
EVT_00582,RAW_00582,RAW,"March 31, 2023","February 17, 2023",ADDITION,ADDITION,ADANIPOWER,,,Adani Power Ltd.,,2023-MAR,FUTURE_RELATIVE_TO_SNAPSHOT,ind_prs17022023_1.pdf,Page 2,ACTIVE,Verified raw reconstitution event,,
EVT_00583,RAW_00583,RAW,"March 31, 2023","February 17, 2023",ADDITION,ADDITION,APARINDS,,,Apar Industries Ltd.,,2023-MAR,FUTURE_RELATIVE_TO_SNAPSHOT,ind_prs17022023_1.pdf,Page 2,ACTIVE,Verified raw reconstitution event,,
EVT_00584,RAW_00584,RAW,"March 31, 2023","February 17, 2023",ADDITION,ADDITION,ACI,,,Archean Chemical Industries Ltd.,,2023-MAR,FUTURE_RELATIVE_TO_SNAPSHOT,ind_prs17022023_1.pdf,Page 2,ACTIVE,Verified raw reconstitution event,,
EVT_00585,RAW_00585,RAW,"March 31, 2023","February 17, 2023",ADDITION,ADDITION,BIKAJI,,,Bikaji Foods International Ltd.,,2023-MAR,FUTURE_RELATIVE_TO_SNAPSHOT,ind_prs17022023_1.pdf,Page 2,ACTIVE,Verified raw reconstitution event,,
EVT_00586,RAW_00586,RAW,"March 31, 2023","February 17, 2023",ADDITION,ADDITION,BLS,,,BLS International Services Ltd.,,2023-MAR,FUTURE_RELATIVE_TO_SNAPSHOT,ind_prs17022023_1.pdf,Page 2,ACTIVE,Verified raw reconstitution event,,
EVT_00587,RAW_00587,RAW,"March 31, 2023","February 17, 2023",ADDITION,ADDITION,CRAFTSMAN,,,Craftsman Automation Ltd.,,2023-MAR,FUTURE_RELATIVE_TO_SNAPSHOT,ind_prs17022023_1.pdf,Page 2,ACTIVE,Verified raw reconstitution event,,
EVT_00588,RAW_00588,RAW,"March 31, 2023","February 17, 2023",ADDITION,ADDITION,DATAPATTNS,,,Data Patterns (India) Ltd.,,2023-MAR,FUTURE_RELATIVE_TO_SNAPSHOT,ind_prs17022023_1.pdf,Page 2,ACTIVE,Verified raw reconstitution event,,
EVT_00589,RAW_00589,RAW,"March 31, 2023","February 17, 2023",ADDITION,ADDITION,FIVESTAR,,,Five-Star Business Finance Ltd.,,2023-MAR,FUTURE_RELATIVE_TO_SNAPSHOT,ind_prs17022023_1.pdf,Page 2,ACTIVE,Verified raw reconstitution event,,
EVT_00590,RAW_00590,RAW,"March 31, 2023","February 17, 2023",ADDITION,ADDITION,MEDANTA,,,Global Health Ltd.,,2023-MAR,FUTURE_RELATIVE_TO_SNAPSHOT,ind_prs17022023_1.pdf,Page 2,ACTIVE,Verified raw reconstitution event,,
EVT_00591,RAW_00591,RAW,"March 31, 2023","February 17, 2023",ADDITION,ADDITION,INGERRAND,,,Ingersoll Rand (India) Ltd.,,2023-MAR,FUTURE_RELATIVE_TO_SNAPSHOT,ind_prs17022023_1.pdf,Page 2,ACTIVE,Verified raw reconstitution event,,
EVT_00592,RAW_00592,RAW,"March 31, 2023","February 17, 2023",ADDITION,ADDITION,JINDWORLD,,,Jindal Worldwide Ltd.,,2023-MAR,FUTURE_RELATIVE_TO_SNAPSHOT,ind_prs17022023_1.pdf,Page 2,ACTIVE,Verified raw reconstitution event,,
EVT_00593,RAW_00593,RAW,"March 31, 2023","February 17, 2023",ADDITION,ADDITION,KENNAMET,,,Kennametal India Ltd.,,2023-MAR,FUTURE_RELATIVE_TO_SNAPSHOT,ind_prs17022023_1.pdf,Page 2,ACTIVE,Verified raw reconstitution event,,
EVT_00594,RAW_00594,RAW,"March 31, 2023","February 17, 2023",ADDITION,ADDITION,RUSTOMJEE,,,Keystone Realtors Ltd.,,2023-MAR,FUTURE_RELATIVE_TO_SNAPSHOT,ind_prs17022023_1.pdf,Page 2,ACTIVE,Verified raw reconstitution event,,
EVT_00595,RAW_00595,RAW,"March 31, 2023","February 17, 2023",ADDITION,ADDITION,KFINTECH,,,KFin Technologies Ltd.,,2023-MAR,FUTURE_RELATIVE_TO_SNAPSHOT,ind_prs17022023_1.pdf,Page 3,ACTIVE,Verified raw reconstitution event,,
EVT_00596,RAW_00596,RAW,"March 31, 2023","February 17, 2023",ADDITION,ADDITION,KSB,,,KSB Ltd.,,2023-MAR,FUTURE_RELATIVE_TO_SNAPSHOT,ind_prs17022023_1.pdf,Page 3,ACTIVE,Verified raw reconstitution event,,
EVT_00597,RAW_00597,RAW,"March 31, 2023","February 17, 2023",ADDITION,ADDITION,MFL,,,Meghmani Finechem Ltd.,,2023-MAR,FUTURE_RELATIVE_TO_SNAPSHOT,ind_prs17022023_1.pdf,Page 3,ACTIVE,Verified raw reconstitution event,,
EVT_00598,RAW_00598,RAW,"March 31, 2023","February 17, 2023",ADDITION,ADDITION,NMDC,,,NMDC Ltd.,,2023-MAR,FUTURE_RELATIVE_TO_SNAPSHOT,ind_prs17022023_1.pdf,Page 3,ACTIVE,Verified raw reconstitution event,,
EVT_00599,RAW_00599,RAW,"March 31, 2023","February 17, 2023",ADDITION,ADDITION,PEL,,,Piramal Enterprises Ltd.,,2023-MAR,FUTURE_RELATIVE_TO_SNAPSHOT,ind_prs17022023_1.pdf,Page 3,ACTIVE,Verified raw reconstitution event,,
EVT_00600,RAW_00600,RAW,"March 31, 2023","February 17, 2023",ADDITION,ADDITION,TMB,,,Tamilnad Mercantile Bank Ltd.,,2023-MAR,FUTURE_RELATIVE_TO_SNAPSHOT,ind_prs17022023_1.pdf,Page 3,ACTIVE,Verified raw reconstitution event,,
EVT_00601,RAW_00601,RAW,"March 21, 2025","March 17, 2025",DELETION,DELETION,ISEC,,,ICICI Securities Ltd.,,2025-MAR,FUTURE_RELATIVE_TO_SNAPSHOT,ind_prs17032025.pdf,Page 1,ACTIVE,Verified raw reconstitution event,OVR_015,
EVT_00602,RAW_00602,RAW,"March 21, 2025","March 17, 2025",DELETION,DELETION,RAYMONDLSL,,,Raymond Lifestyle Ltd.,,2025-MAR,FUTURE_RELATIVE_TO_SNAPSHOT,ind_prs17032025.pdf,Page 1,ACTIVE,Verified raw reconstitution event,OVR_015,
EVT_00603,RAW_00603,RAW,"July 31, 2026","July 17, 2026",DELETION,DELETION,ATGL,,,Adani Total Gas Ltd.,,2026-JUL,FUTURE_RELATIVE_TO_SNAPSHOT,ind_prs17072026_1.pdf,Page 1,ACTIVE,Verified raw reconstitution event,,
EVT_00604,RAW_00604,RAW,"July 31, 2026","July 17, 2026",DELETION,DELETION,ELECON,,,Elecon Engineering Co. Ltd.,,2026-JUL,FUTURE_RELATIVE_TO_SNAPSHOT,ind_prs17072026_1.pdf,Page 1,ACTIVE,Verified raw reconstitution event,,
EVT_00605,RAW_00605,RAW,"July 31, 2026","July 17, 2026",DELETION,DELETION,TORNTPHARM,,,Torrent Pharmaceuticals Ltd.,,2026-JUL,FUTURE_RELATIVE_TO_SNAPSHOT,ind_prs17072026_1.pdf,Page 1,ACTIVE,Verified raw reconstitution event,,
EVT_00606,RAW_00606,RAW,"July 31, 2026","July 17, 2026",ADDITION,ADDITION,ACC,,,ACC Ltd.,,2026-JUL,FUTURE_RELATIVE_TO_SNAPSHOT,ind_prs17072026_1.pdf,Page 2,ACTIVE,Verified raw reconstitution event,,
EVT_00607,RAW_00607,RAW,"July 31, 2026","July 17, 2026",ADDITION,ADDITION,AMBUJACEM,,,Ambuja Cements Ltd.,,2026-JUL,FUTURE_RELATIVE_TO_SNAPSHOT,ind_prs17072026_1.pdf,Page 2,ACTIVE,Verified raw reconstitution event,,
EVT_00608,RAW_00608,RAW,"July 31, 2026","July 17, 2026",ADDITION,ADDITION,HINDZINC,,,Hindustan Zinc Ltd.,,2026-JUL,FUTURE_RELATIVE_TO_SNAPSHOT,ind_prs17072026_1.pdf,Page 2,ACTIVE,Verified raw reconstitution event,,
EVT_00609,RAW_00609,RAW,"July 31, 2026","July 17, 2026",ADDITION,ADDITION,LAURUSLABS,,,Laurus Labs Ltd.,,2026-JUL,FUTURE_RELATIVE_TO_SNAPSHOT,ind_prs17072026_1.pdf,Page 2,ACTIVE,Verified raw reconstitution event,,
EVT_00610,RAW_00610,RAW,"July 31, 2026","July 17, 2026",ADDITION,ADDITION,TMCV,,,Tata Motors Ltd.,,2026-JUL,FUTURE_RELATIVE_TO_SNAPSHOT,ind_prs17072026_1.pdf,Page 2,ACTIVE,Verified raw reconstitution event,,
EVT_00611,RAW_00611,RAW,"September 29, 2023","August 17, 2023",DELETION,DELETION,BASF,,,BASF India Ltd.,,2023-SEP,FUTURE_RELATIVE_TO_SNAPSHOT,ind_prs17082023.pdf,Page 2,ACTIVE,Verified raw reconstitution event,OVR_016,
EVT_00612,RAW_00612,RAW,"September 29, 2023","August 17, 2023",DELETION,DELETION,GARFIBRES,,,Garware Technical Fibres Ltd.,,2023-SEP,FUTURE_RELATIVE_TO_SNAPSHOT,ind_prs17082023.pdf,Page 2,ACTIVE,Verified raw reconstitution event,OVR_016,
EVT_00613,RAW_00613,RAW,"September 29, 2023","August 17, 2023",DELETION,DELETION,GODREJAGRO,,,Godrej Agrovet Ltd.,,2023-SEP,FUTURE_RELATIVE_TO_SNAPSHOT,ind_prs17082023.pdf,Page 2,ACTIVE,Verified raw reconstitution event,OVR_016,
EVT_00614,RAW_00614,RAW,"September 29, 2023","August 17, 2023",DELETION,DELETION,GREENPANEL,,,Greenpanel Industries Ltd.,,2023-SEP,FUTURE_RELATIVE_TO_SNAPSHOT,ind_prs17082023.pdf,Page 2,ACTIVE,Verified raw reconstitution event,OVR_016,
EVT_00615,RAW_00615,RAW,"September 29, 2023","August 17, 2023",DELETION,DELETION,HIKAL,,,Hikal Ltd.,,2023-SEP,FUTURE_RELATIVE_TO_SNAPSHOT,ind_prs17082023.pdf,Page 2,ACTIVE,Verified raw reconstitution event,OVR_016,
EVT_00616,RAW_00616,RAW,"September 29, 2023","August 17, 2023",DELETION,DELETION,HGS,,,Hinduja Global Solutions Ltd.,,2023-SEP,FUTURE_RELATIVE_TO_SNAPSHOT,ind_prs17082023.pdf,Page 2,ACTIVE,Verified raw reconstitution event,OVR_016,
EVT_00617,RAW_00617,RAW,"September 29, 2023","August 17, 2023",DELETION,DELETION,IFBIND,,,IFB Industries Ltd.,,2023-SEP,FUTURE_RELATIVE_TO_SNAPSHOT,ind_prs17082023.pdf,Page 2,ACTIVE,Verified raw reconstitution event,OVR_016,
EVT_00618,RAW_00618,RAW,"September 29, 2023","August 17, 2023",DELETION,DELETION,IBREALEST,,,Indiabulls Real Estate Ltd.,,2023-SEP,FUTURE_RELATIVE_TO_SNAPSHOT,ind_prs17082023.pdf,Page 2,ACTIVE,Verified raw reconstitution event,OVR_016,
EVT_00619,RAW_00619,RAW,"September 29, 2023","August 17, 2023",DELETION,DELETION,JINDWORLD,,,Jindal Worldwide Ltd.,,2023-SEP,FUTURE_RELATIVE_TO_SNAPSHOT,ind_prs17082023.pdf,Page 2,ACTIVE,Verified raw reconstitution event,OVR_016,
EVT_00620,RAW_00620,RAW,"September 29, 2023","August 17, 2023",DELETION,DELETION,KENNAMET,,,Kennametal India Ltd.,,2023-SEP,FUTURE_RELATIVE_TO_SNAPSHOT,ind_prs17082023.pdf,Page 2,ACTIVE,Verified raw reconstitution event,OVR_016,
EVT_00621,RAW_00621,RAW,"September 29, 2023","August 17, 2023",DELETION,DELETION,RUSTOMJEE,,,Keystone Realtors Ltd.,,2023-SEP,FUTURE_RELATIVE_TO_SNAPSHOT,ind_prs17082023.pdf,Page 2,ACTIVE,Verified raw reconstitution event,OVR_016,
EVT_00622,RAW_00622,RAW,"September 29, 2023","August 17, 2023",DELETION,DELETION,MAHLOG,,,Mahindra Logistics Ltd.,,2023-SEP,FUTURE_RELATIVE_TO_SNAPSHOT,ind_prs17082023.pdf,Page 2,ACTIVE,Verified raw reconstitution event,OVR_016,
EVT_00623,RAW_00623,RAW,"September 29, 2023","August 17, 2023",DELETION,DELETION,NOCIL,,,NOCIL Ltd.,,2023-SEP,FUTURE_RELATIVE_TO_SNAPSHOT,ind_prs17082023.pdf,Page 2,ACTIVE,Verified raw reconstitution event,OVR_016,
EVT_00624,RAW_00624,RAW,"September 29, 2023","August 17, 2023",DELETION,DELETION,TMB,,,Tamilnad Mercantile Bank Ltd.,,2023-SEP,FUTURE_RELATIVE_TO_SNAPSHOT,ind_prs17082023.pdf,Page 2,ACTIVE,Verified raw reconstitution event,OVR_016,
EVT_00625,RAW_00625,RAW,"September 29, 2023","August 17, 2023",DELETION,DELETION,TCIEXP,,,TCI Express Ltd.,,2023-SEP,FUTURE_RELATIVE_TO_SNAPSHOT,ind_prs17082023.pdf,Page 2,ACTIVE,Verified raw reconstitution event,OVR_016,
EVT_00626,RAW_00626,RAW,"September 29, 2023","August 17, 2023",DELETION,DELETION,TCNSBRANDS,,,TCNS Clothing Co. Ltd.,,2023-SEP,FUTURE_RELATIVE_TO_SNAPSHOT,ind_prs17082023.pdf,Page 2,ACTIVE,Verified raw reconstitution event,OVR_016,
EVT_00627,RAW_00627,RAW,"September 29, 2023","August 17, 2023",DELETION,DELETION,TCI,,,Transport Corporation of India Ltd.,,2023-SEP,FUTURE_RELATIVE_TO_SNAPSHOT,ind_prs17082023.pdf,Page 2,ACTIVE,Verified raw reconstitution event,OVR_016,
EVT_00628,RAW_00628,RAW,"September 29, 2023","August 17, 2023",DELETION,DELETION,UFLEX,,,UFLEX Ltd.,,2023-SEP,FUTURE_RELATIVE_TO_SNAPSHOT,ind_prs17082023.pdf,Page 2,ACTIVE,Verified raw reconstitution event,OVR_016,
EVT_00629,RAW_00629,RAW,"September 29, 2023","August 17, 2023",ADDITION,ADDITION,ALLCARGO,,,Allcargo Logistics Ltd.,,2023-SEP,FUTURE_RELATIVE_TO_SNAPSHOT,ind_prs17082023.pdf,Page 2,ACTIVE,Verified raw reconstitution event,OVR_016,
EVT_00630,RAW_00630,RAW,"September 29, 2023","August 17, 2023",ADDITION,ADDITION,ALOKINDS,,,Alok Industries Ltd.,,2023-SEP,FUTURE_RELATIVE_TO_SNAPSHOT,ind_prs17082023.pdf,Page 2,ACTIVE,Verified raw reconstitution event,OVR_016,
EVT_00631,RAW_00631,RAW,"September 29, 2023","August 17, 2023",ADDITION,ADDITION,GILLETTE,,,Gillette India Ltd.,,2023-SEP,FUTURE_RELATIVE_TO_SNAPSHOT,ind_prs17082023.pdf,Page 2,ACTIVE,Verified raw reconstitution event,OVR_016,
EVT_00632,RAW_00632,RAW,"September 29, 2023","August 17, 2023",ADDITION,ADDITION,GLS,,,Glenmark Life Sciences Ltd.,,2023-SEP,FUTURE_RELATIVE_TO_SNAPSHOT,ind_prs17082023.pdf,Page 2,ACTIVE,Verified raw reconstitution event,OVR_016,
EVT_00633,RAW_00633,RAW,"September 29, 2023","August 17, 2023",ADDITION,ADDITION,GPIL,,,Godawari Power & Ispat Ltd.,,2023-SEP,FUTURE_RELATIVE_TO_SNAPSHOT,ind_prs17082023.pdf,Page 2,ACTIVE,Verified raw reconstitution event,OVR_016,
EVT_00634,RAW_00634,RAW,"September 29, 2023","August 17, 2023",ADDITION,ADDITION,IRCON,,,IRCON International Ltd.,,2023-SEP,FUTURE_RELATIVE_TO_SNAPSHOT,ind_prs17082023.pdf,Page 2,ACTIVE,Verified raw reconstitution event,OVR_016,
EVT_00635,RAW_00635,RAW,"September 29, 2023","August 17, 2023",ADDITION,ADDITION,JINDALSAW,,,Jindal Saw Ltd.,,2023-SEP,FUTURE_RELATIVE_TO_SNAPSHOT,ind_prs17082023.pdf,Page 2,ACTIVE,Verified raw reconstitution event,OVR_016,
EVT_00636,RAW_00636,RAW,"September 29, 2023","August 17, 2023",ADDITION,ADDITION,KAYNES,,,Kaynes Technology India Ltd.,,2023-SEP,FUTURE_RELATIVE_TO_SNAPSHOT,ind_prs17082023.pdf,Page 2,ACTIVE,Verified raw reconstitution event,OVR_016,
EVT_00637,RAW_00637,RAW,"September 29, 2023","August 17, 2023",ADDITION,ADDITION,KIRLFER,,,Kirloskar Ferrous Industries Ltd.,,2023-SEP,FUTURE_RELATIVE_TO_SNAPSHOT,ind_prs17082023.pdf,Page 2,ACTIVE,Verified raw reconstitution event,OVR_016,
EVT_00638,RAW_00638,RAW,"September 29, 2023","August 17, 2023",ADDITION,ADDITION,MINDACORP,,,Minda Corporation Ltd.,,2023-SEP,FUTURE_RELATIVE_TO_SNAPSHOT,ind_prs17082023.pdf,Page 2,ACTIVE,Verified raw reconstitution event,OVR_016,
EVT_00639,RAW_00639,RAW,"September 29, 2023","August 17, 2023",ADDITION,ADDITION,PGHL,,,Procter & Gamble Health Ltd.,,2023-SEP,FUTURE_RELATIVE_TO_SNAPSHOT,ind_prs17082023.pdf,Page 2,ACTIVE,Verified raw reconstitution event,OVR_016,
EVT_00640,RAW_00640,RAW,"September 29, 2023","August 17, 2023",ADDITION,ADDITION,SAFARI,,,Safari Industries (India) Ltd.,,2023-SEP,FUTURE_RELATIVE_TO_SNAPSHOT,ind_prs17082023.pdf,Page 3,ACTIVE,Verified raw reconstitution event,OVR_016,
EVT_00641,RAW_00641,RAW,"September 29, 2023","August 17, 2023",ADDITION,ADDITION,SAREGAMA,,,Saregama India Ltd,,2023-SEP,FUTURE_RELATIVE_TO_SNAPSHOT,ind_prs17082023.pdf,Page 3,ACTIVE,Verified raw reconstitution event,OVR_016,
EVT_00642,RAW_00642,RAW,"September 29, 2023","August 17, 2023",ADDITION,ADDITION,SFL,,,Sheela Foam Ltd.,,2023-SEP,FUTURE_RELATIVE_TO_SNAPSHOT,ind_prs17082023.pdf,Page 3,ACTIVE,Verified raw reconstitution event,OVR_016,
EVT_00643,RAW_00643,RAW,"September 29, 2023","August 17, 2023",ADDITION,ADDITION,SYMPHONY,,,Symphony Ltd.,,2023-SEP,FUTURE_RELATIVE_TO_SNAPSHOT,ind_prs17082023.pdf,Page 3,ACTIVE,Verified raw reconstitution event,OVR_016,
EVT_00644,RAW_00644,RAW,"September 29, 2023","August 17, 2023",ADDITION,ADDITION,SYRMA,,,Syrma SGS Technology Ltd.,,2023-SEP,FUTURE_RELATIVE_TO_SNAPSHOT,ind_prs17082023.pdf,Page 3,ACTIVE,Verified raw reconstitution event,OVR_016,
EVT_00645,RAW_00645,RAW,"September 29, 2023","August 17, 2023",ADDITION,ADDITION,UJJIVANSFB,,,Ujjivan Small Finance Bank Ltd.,,2023-SEP,FUTURE_RELATIVE_TO_SNAPSHOT,ind_prs17082023.pdf,Page 3,ACTIVE,Verified raw reconstitution event,OVR_016,
EVT_00646,RAW_00646,RAW,"September 29, 2023","August 17, 2023",ADDITION,ADDITION,USHAMART,,,Usha Martin Ltd.,,2023-SEP,FUTURE_RELATIVE_TO_SNAPSHOT,ind_prs17082023.pdf,Page 3,ACTIVE,Verified raw reconstitution event,OVR_016,
EVT_00647,RAW_00647,RAW,"September 27, 2019","September 17, 2019",DELETION,DELETION,THOMASCOOK,,,Thomas Cook (India) Ltd.,,2019-SEP,FUTURE_RELATIVE_TO_SNAPSHOT,ind_prs17092019.pdf,Page 1,ACTIVE,Verified raw reconstitution event,OVR_017,
EVT_00648,RAW_00648,RAW,"September 27, 2019","September 17, 2019",DELETION,DELETION,IIFL,,,IIFL Finance Ltd.,,2019-SEP,FUTURE_RELATIVE_TO_SNAPSHOT,ind_prs17092019.pdf,Page 1,ACTIVE,Verified raw reconstitution event,OVR_017,
EVT_00649,RAW_00649,RAW,"October 26, 2023","October 17, 2023",DELETION,DELETION,KIRLFER,,,Kirloskar Ferrous Industries Ltd.,,2023-SEP,FUTURE_RELATIVE_TO_SNAPSHOT,ind_prs17102023.pdf,Page 1,ACTIVE,Verified raw reconstitution event,OVR_018,
EVT_00650,RAW_00650,RAW,"October 26, 2023","October 17, 2023",DELETION,DELETION,CONCORDBIO,,,Concord Biotech Ltd.,,2023-SEP,FUTURE_RELATIVE_TO_SNAPSHOT,ind_prs17102023.pdf,Page 1,ACTIVE,Verified raw reconstitution event,OVR_018,
EVT_00651,RAW_00651,RAW,"October 31, 2025","October 17, 2025",DELETION,DELETION,CENTURYPLY,,,Century Plyboards (India) Ltd.,,2025-SEP,FUTURE_RELATIVE_TO_SNAPSHOT,ind_prs17102025.pdf,Page 2,ACTIVE,Verified raw reconstitution event,,
EVT_00652,RAW_00652,RAW,"October 31, 2025","October 17, 2025",DELETION,DELETION,HONASA,,,Honasa Consumer Ltd.,,2025-SEP,FUTURE_RELATIVE_TO_SNAPSHOT,ind_prs17102025.pdf,Page 2,ACTIVE,Verified raw reconstitution event,,
EVT_00653,RAW_00653,RAW,"October 31, 2025","October 17, 2025",DELETION,DELETION,NATCOPHARM,,,NATCO Pharma Ltd.,,2025-SEP,FUTURE_RELATIVE_TO_SNAPSHOT,ind_prs17102025.pdf,Page 2,ACTIVE,Verified raw reconstitution event,,
EVT_00654,RAW_00654,RAW,"October 31, 2025","October 17, 2025",DELETION,DELETION,OIL,,,Oil India Ltd.,,2025-SEP,FUTURE_RELATIVE_TO_SNAPSHOT,ind_prs17102025.pdf,Page 2,ACTIVE,Verified raw reconstitution event,,
EVT_00655,RAW_00655,RAW,"October 31, 2025","October 17, 2025",DELETION,DELETION,POLYMED,,,Poly Medicure Ltd.,,2025-SEP,FUTURE_RELATIVE_TO_SNAPSHOT,ind_prs17102025.pdf,Page 2,ACTIVE,Verified raw reconstitution event,,
EVT_00656,RAW_00656,RAW,"October 31, 2025","October 17, 2025",DELETION,DELETION,RKFORGE,,,Ramkrishna Forgings Ltd.,,2025-SEP,FUTURE_RELATIVE_TO_SNAPSHOT,ind_prs17102025.pdf,Page 2,ACTIVE,Verified raw reconstitution event,,
EVT_00657,RAW_00657,RAW,"October 31, 2025","October 17, 2025",DELETION,DELETION,WAAREEENER,,,Waaree Energies Ltd.,,2025-SEP,FUTURE_RELATIVE_TO_SNAPSHOT,ind_prs17102025.pdf,Page 2,ACTIVE,Verified raw reconstitution event,,
EVT_00658,RAW_00658,RAW,"October 31, 2025","October 17, 2025",ADDITION,ADDITION,ABFRL,,,Aditya Birla Fashion and Retail Ltd.,,2025-SEP,FUTURE_RELATIVE_TO_SNAPSHOT,ind_prs17102025.pdf,Page 2,ACTIVE,Verified raw reconstitution event,,
EVT_00659,RAW_00659,RAW,"October 31, 2025","October 17, 2025",ADDITION,ADDITION,ABLBL,,,Aditya Birla Lifestyle Brands Ltd.,,2025-SEP,FUTURE_RELATIVE_TO_SNAPSHOT,ind_prs17102025.pdf,Page 2,ACTIVE,Verified raw reconstitution event,,
EVT_00660,RAW_00660,RAW,"October 31, 2025","October 17, 2025",ADDITION,ADDITION,COHANCE,,,Cohance Lifesciences Ltd.,,2025-SEP,FUTURE_RELATIVE_TO_SNAPSHOT,ind_prs17102025.pdf,Page 2,ACTIVE,Verified raw reconstitution event,,
EVT_00661,RAW_00661,RAW,"October 31, 2025","October 17, 2025",ADDITION,ADDITION,INOXWIND,,,Inox Wind Ltd.,,2025-SEP,FUTURE_RELATIVE_TO_SNAPSHOT,ind_prs17102025.pdf,Page 2,ACTIVE,Verified raw reconstitution event,,
EVT_00662,RAW_00662,RAW,"October 31, 2025","October 17, 2025",ADDITION,ADDITION,NBCC,,,NBCC (India) Ltd.,,2025-SEP,FUTURE_RELATIVE_TO_SNAPSHOT,ind_prs17102025.pdf,Page 2,ACTIVE,Verified raw reconstitution event,,
EVT_00663,RAW_00663,RAW,"October 31, 2025","October 17, 2025",ADDITION,ADDITION,RELINFRA,,,Reliance Infrastructure Ltd.,,2025-SEP,FUTURE_RELATIVE_TO_SNAPSHOT,ind_prs17102025.pdf,Page 2,ACTIVE,Verified raw reconstitution event,,
EVT_00664,RAW_00664,RAW,"October 31, 2025","October 17, 2025",ADDITION,ADDITION,SWANCORP,,,Swan Corp Ltd.,,2025-SEP,FUTURE_RELATIVE_TO_SNAPSHOT,ind_prs17102025.pdf,Page 2,ACTIVE,Verified raw reconstitution event,,
EVT_00665,RAW_00665,RAW,"November 28, 2025","November 17, 2025",DELETION,DELETION,VBL,,,Varun Beverages Ltd.,,2025-NOV,FUTURE_RELATIVE_TO_SNAPSHOT,ind_prs17112025_1.pdf,Page 2,ACTIVE,Verified raw reconstitution event,,
EVT_00666,RAW_00666,RAW,"November 28, 2025","November 17, 2025",DELETION,DELETION,RCF,,,Rashtriya Chemicals & Fertilizers Ltd.,,2025-NOV,FUTURE_RELATIVE_TO_SNAPSHOT,ind_prs17112025_1.pdf,Page 2,ACTIVE,Verified raw reconstitution event,,
EVT_00667,RAW_00667,RAW,"February 28, 2025","February 18, 2025",DELETION,DELETION,RAJESHEXPO,,,Rajesh Exports Ltd.,,2025-MAR,FUTURE_RELATIVE_TO_SNAPSHOT,ind_prs18022025.pdf,Page 1,ACTIVE,Verified raw reconstitution event,,
EVT_00668,RAW_00668,RAW,"February 28, 2025","February 18, 2025",DELETION,DELETION,SIEMENS,,,Siemens Ltd.,,2025-MAR,FUTURE_RELATIVE_TO_SNAPSHOT,ind_prs18022025.pdf,Page 1,ACTIVE,Verified raw reconstitution event,,
EVT_00669,RAW_00669,RAW,"February 28, 2025","February 18, 2025",DELETION,DELETION,MANKIND,,,Mankind Pharma Ltd.,,2025-MAR,FUTURE_RELATIVE_TO_SNAPSHOT,ind_prs18022025.pdf,Page 1,ACTIVE,Verified raw reconstitution event,,
EVT_00670,RAW_00670,RAW,"February 28, 2025","February 18, 2025",DELETION,DELETION,DIXON,,,Dixon Technologies (India) Ltd.,,2025-MAR,FUTURE_RELATIVE_TO_SNAPSHOT,ind_prs18022025.pdf,Page 1,ACTIVE,Verified raw reconstitution event,,
EVT_00671,RAW_00671,RAW,"November 25, 2020","November 18, 2020",DELETION,DELETION,INFIBEAM,,,Infibeam Avenues Ltd.,,2020-NOV,FUTURE_RELATIVE_TO_SNAPSHOT,ind_prs18112020.pdf,Page 1,ACTIVE,Verified raw reconstitution event,,
EVT_00672,RAW_00672,RAW,"November 25, 2020","November 18, 2020",DELETION,DELETION,MAHINDCIE,,,Mahindra CIE Automotive Ltd.,,2020-NOV,FUTURE_RELATIVE_TO_SNAPSHOT,ind_prs18112020.pdf,Page 1,ACTIVE,Verified raw reconstitution event,,
EVT_00673,RAW_00673,RAW,"December 26, 2019","December 18, 2019",DELETION,DELETION,CGPOWER,,,CG Power and Industrial Solutions Ltd.,,2019-DEC,FUTURE_RELATIVE_TO_SNAPSHOT,ind_prs18122019.pdf,Page 1,ACTIVE,Verified raw reconstitution event,,
EVT_00674,RAW_00674,RAW,"December 26, 2019","December 18, 2019",DELETION,DELETION,COFFEEDAY,,,Coffee Day Enterprises Ltd.,,2019-DEC,FUTURE_RELATIVE_TO_SNAPSHOT,ind_prs18122019.pdf,Page 1,ACTIVE,Verified raw reconstitution event,,
EVT_00675,RAW_00675,RAW,"December 26, 2019","December 18, 2019",DELETION,DELETION,COX&KINGS,,,Cox & Kings Ltd.,,2019-DEC,FUTURE_RELATIVE_TO_SNAPSHOT,ind_prs18122019.pdf,Page 1,ACTIVE,Verified raw reconstitution event,,
EVT_00676,RAW_00676,RAW,"December 26, 2019","December 18, 2019",ADDITION,ADDITION,AFFLE,,,Affle (India) Ltd.,,2019-DEC,FUTURE_RELATIVE_TO_SNAPSHOT,ind_prs18122019.pdf,Page 1,ACTIVE,Verified raw reconstitution event,,
EVT_00677,RAW_00677,RAW,"December 26, 2019","December 18, 2019",ADDITION,ADDITION,MIDHANI,,,Mishra Dhatu Nigam Ltd.,,2019-DEC,FUTURE_RELATIVE_TO_SNAPSHOT,ind_prs18122019.pdf,Page 1,ACTIVE,Verified raw reconstitution event,,
EVT_00678,RAW_00678,RAW,"December 26, 2019","December 18, 2019",ADDITION,ADDITION,RESPONIND,,,Responsive Industries Ltd.,,2019-DEC,FUTURE_RELATIVE_TO_SNAPSHOT,ind_prs18122019.pdf,Page 1,ACTIVE,Verified raw reconstitution event,,
EVT_00679,RAW_00679,RAW,"January 31, 2024","January 19, 2024",ADDITION,ADDITION,JUBLPHARMA,,,Jubilant Pharmova Ltd.,,2024-JAN,FUTURE_RELATIVE_TO_SNAPSHOT,ind_prs19012024.pdf,Page 1,ACTIVE,Verified raw reconstitution event,,
EVT_00680,RAW_00680,RAW,"January 31, 2024","January 19, 2024",ADDITION,ADDITION,RCF,,,Rashtriya Chemicals & Fertilizers Ltd.,,2024-JAN,FUTURE_RELATIVE_TO_SNAPSHOT,ind_prs19012024.pdf,Page 1,ACTIVE,Verified raw reconstitution event,,
EVT_00681,RAW_00681,RAW,"March 28, 2024","March 19, 2024",ADDITION,ADDITION,"INDIAN RENEWABLE ENERGY DEV.
AGENCY LTD.",,,Nifty 500,,2024-MAR,FUTURE_RELATIVE_TO_SNAPSHOT,ind_prs19032024.pdf,Page 1,ACTIVE,Verified raw reconstitution event,OVR_021,
EVT_00682,RAW_00682,RAW,"March 28, 2024","March 19, 2024",ADDITION,ADDITION,BSE LTD.*,,,Nifty Smallcap 250,,2024-MAR,FUTURE_RELATIVE_TO_SNAPSHOT,ind_prs19032024.pdf,Page 1,ACTIVE,Verified raw reconstitution event,OVR_021,
EVT_00683,RAW_00683,RAW,,"April 19, 2023",DELETION,DELETION,BAJAJELEC,,,Bajaj Electricals Ltd.,,2023-MAR,PRIMARY_TARGET,ind_prs19042023_1.pdf,Page 2,ACTIVE,Verified raw reconstitution event,OVR_022,
EVT_00684,RAW_00684,RAW,,"April 19, 2023",DELETION,DELETION,EDELWEISS,,,Edelweiss Financial Services Ltd.,,2023-MAR,PRIMARY_TARGET,ind_prs19042023_1.pdf,Page 2,ACTIVE,Verified raw reconstitution event,OVR_022,
EVT_00685,RAW_00685,RAW,,"April 19, 2023",DELETION,DELETION,ERIS,,,Eris Lifesciences Ltd.,,2023-MAR,PRIMARY_TARGET,ind_prs19042023_1.pdf,Page 2,ACTIVE,Verified raw reconstitution event,OVR_022,
EVT_00686,RAW_00686,RAW,,"April 19, 2023",DELETION,DELETION,NSLNISP,,,NMDC Steel Ltd.,,2023-MAR,PRIMARY_TARGET,ind_prs19042023_1.pdf,Page 2,ACTIVE,Verified raw reconstitution event,OVR_022,
EVT_00687,RAW_00687,RAW,"December 27, 2019","December 19, 2019",DELETION,DELETION,DEN,,,Den Networks Ltd.,,2019-DEC,FUTURE_RELATIVE_TO_SNAPSHOT,ind_prs19122019.pdf,Page 1,ACTIVE,Verified raw reconstitution event,,
EVT_00688,RAW_00688,RAW,"December 27, 2019","December 19, 2019",DELETION,DELETION,HATHWAY,,,Hathway Cable & Datacom Ltd.,,2019-DEC,FUTURE_RELATIVE_TO_SNAPSHOT,ind_prs19122019.pdf,Page 1,ACTIVE,Verified raw reconstitution event,,
EVT_00689,RAW_00689,RAW,"December 27, 2019","December 19, 2019",DELETION,DELETION,KENNAMET,,,Kennametal India Ltd.,,2019-DEC,FUTURE_RELATIVE_TO_SNAPSHOT,ind_prs19122019.pdf,Page 1,ACTIVE,Verified raw reconstitution event,,
EVT_00690,RAW_00690,RAW,"December 27, 2019","December 19, 2019",DELETION,DELETION,TASTYBITE,,,Tasty Bite Eatables Ltd.,,2019-DEC,FUTURE_RELATIVE_TO_SNAPSHOT,ind_prs19122019.pdf,Page 1,ACTIVE,Verified raw reconstitution event,,
EVT_00691,RAW_00691,RAW,"February 27, 2026","February 20, 2026",ADDITION,ADDITION,ENRIN,,,Siemens Energy India Ltd.,,2026-MAR,FUTURE_RELATIVE_TO_SNAPSHOT,ind_prs20022026_2.pdf,Page 1,ACTIVE,Verified raw reconstitution event,,
EVT_00692,RAW_00692,RAW,"May 29, 2026","May 20, 2026",ADDITION,ADDITION,CIEINDIA,,,CIE Automotive India Ltd.,,2026-MAY,FUTURE_RELATIVE_TO_SNAPSHOT,ind_prs20052026_1.pdf,Page 1,ACTIVE,Verified raw reconstitution event,,
EVT_00693,RAW_00693,RAW,,"October 20, 2022",DELETION,DELETION,AFFLE,,,Affle (India) Ltd.,,2022-SEP,PRIMARY_TARGET,ind_prs20102022_1.pdf,Page 1,ACTIVE,Verified raw reconstitution event,,
EVT_00694,RAW_00694,RAW,,"October 20, 2022",DELETION,DELETION,CAPLIPOINT,,,Caplin Point Laboratories Ltd.,,2022-SEP,PRIMARY_TARGET,ind_prs20102022_1.pdf,Page 1,ACTIVE,Verified raw reconstitution event,,
EVT_00695,RAW_00695,RAW,,"October 20, 2022",DELETION,DELETION,VARROC,,,Varroc Engineering Ltd.,,2022-SEP,PRIMARY_TARGET,ind_prs20102022_1.pdf,Page 1,ACTIVE,Verified raw reconstitution event,,
EVT_00696,RAW_00696,RAW,,"October 20, 2022",ADDITION,ADDITION,ECLERX,,,eClerx Services Ltd.,,2022-SEP,PRIMARY_TARGET,ind_prs20102022_1.pdf,Page 1,ACTIVE,Verified raw reconstitution event,,
EVT_00697,RAW_00697,RAW,,"October 20, 2022",ADDITION,ADDITION,ENGINERSIN,,,Engineers India Ltd.,,2022-SEP,PRIMARY_TARGET,ind_prs20102022_1.pdf,Page 1,ACTIVE,Verified raw reconstitution event,,
EVT_00698,RAW_00698,RAW,,"October 20, 2022",ADDITION,ADDITION,FINCABLES,,,Finolex Cables Ltd.,,2022-SEP,PRIMARY_TARGET,ind_prs20102022_1.pdf,Page 1,ACTIVE,Verified raw reconstitution event,,
EVT_00699,RAW_00699,RAW,,"October 20, 2022",ADDITION,ADDITION,FLUOROCHEM,,,Gujarat Fluorochemicals Ltd.,,2022-SEP,PRIMARY_TARGET,ind_prs20102022_1.pdf,Page 1,ACTIVE,Verified raw reconstitution event,,
EVT_00700,RAW_00700,RAW,,"October 20, 2022",ADDITION,ADDITION,HINDCOPPER,,,Hindustan Copper Ltd.,,2022-SEP,PRIMARY_TARGET,ind_prs20102022_1.pdf,Page 1,ACTIVE,Verified raw reconstitution event,,
EVT_00701,RAW_00701,RAW,,"October 20, 2022",ADDITION,ADDITION,IGL,,,Indraprastha Gas Ltd.,,2022-SEP,PRIMARY_TARGET,ind_prs20102022_1.pdf,Page 1,ACTIVE,Verified raw reconstitution event,,
EVT_00702,RAW_00702,RAW,,"October 20, 2022",ADDITION,ADDITION,JSL,,,Jindal Stainless Ltd.,,2022-SEP,PRIMARY_TARGET,ind_prs20102022_1.pdf,Page 1,ACTIVE,Verified raw reconstitution event,,
EVT_00703,RAW_00703,RAW,,"October 20, 2022",ADDITION,ADDITION,JINDALSTEL,,,Jindal Steel & Power Ltd.,,2022-SEP,PRIMARY_TARGET,ind_prs20102022_1.pdf,Page 1,ACTIVE,Verified raw reconstitution event,,
EVT_00704,RAW_00704,RAW,,"October 20, 2022",ADDITION,ADDITION,NATCOPHARM,,,NATCO Pharma Ltd.,,2022-SEP,PRIMARY_TARGET,ind_prs20102022_1.pdf,Page 1,ACTIVE,Verified raw reconstitution event,,
EVT_00705,RAW_00705,RAW,,"October 20, 2022",ADDITION,ADDITION,OIL,,,Oil India Ltd.,,2022-SEP,PRIMARY_TARGET,ind_prs20102022_1.pdf,Page 1,ACTIVE,Verified raw reconstitution event,,
EVT_00706,RAW_00706,RAW,,"October 20, 2022",ADDITION,ADDITION,OLECTRA,,,Olectra Greentech Ltd.,,2022-SEP,PRIMARY_TARGET,ind_prs20102022_1.pdf,Page 1,ACTIVE,Verified raw reconstitution event,,
EVT_00707,RAW_00707,RAW,,"October 20, 2022",ADDITION,ADDITION,POLYMED,,,Poly Medicure Ltd.,,2022-SEP,PRIMARY_TARGET,ind_prs20102022_1.pdf,Page 1,ACTIVE,Verified raw reconstitution event,,
EVT_00708,RAW_00708,RAW,,"October 20, 2022",ADDITION,ADDITION,RAJESHEXPO,,,Rajesh Exports Ltd.,,2022-SEP,PRIMARY_TARGET,ind_prs20102022_1.pdf,Page 2,ACTIVE,Verified raw reconstitution event,,
EVT_00709,RAW_00709,RAW,,"October 20, 2022",ADDITION,ADDITION,SCI,,,Shipping Corporation of India Ltd.,,2022-SEP,PRIMARY_TARGET,ind_prs20102022_1.pdf,Page 2,ACTIVE,Verified raw reconstitution event,,
EVT_00710,RAW_00710,RAW,,"October 20, 2022",ADDITION,ADDITION,SAIL,,,Steel Authority of India Ltd.,,2022-SEP,PRIMARY_TARGET,ind_prs20102022_1.pdf,Page 2,ACTIVE,Verified raw reconstitution event,,
EVT_00711,RAW_00711,RAW,,"October 20, 2022",ADDITION,ADDITION,SWSOLAR,,,Sterling and Wilson Renewable Energy Ltd.,,2022-SEP,PRIMARY_TARGET,ind_prs20102022_1.pdf,Page 2,ACTIVE,Verified raw reconstitution event,,
EVT_00712,RAW_00712,RAW,,"February 21, 2023",ADDITION,ADDITION,PPLPHARMA,,,Piramal Pharma Ltd.,,2023-MAR,PRIMARY_TARGET,ind_prs21022023.pdf,Page 1,ACTIVE,Verified raw reconstitution event,,
EVT_00713,RAW_00713,RAW,"March 28, 2025","February 21, 2025",DELETION,DELETION,ACI,,,Archean Chemical Industries Ltd.,,2025-MAR,FUTURE_RELATIVE_TO_SNAPSHOT,ind_prs21022025.pdf,Page 2,ACTIVE,Verified raw reconstitution event,,
EVT_00714,RAW_00714,RAW,"March 28, 2025","February 21, 2025",DELETION,DELETION,AVANTIFEED,,,Avanti Feeds Ltd.,,2025-MAR,FUTURE_RELATIVE_TO_SNAPSHOT,ind_prs21022025.pdf,Page 2,ACTIVE,Verified raw reconstitution event,,
EVT_00715,RAW_00715,RAW,"March 28, 2025","February 21, 2025",DELETION,DELETION,BALAMINES,,,Balaji Amines Ltd.,,2025-MAR,FUTURE_RELATIVE_TO_SNAPSHOT,ind_prs21022025.pdf,Page 2,ACTIVE,Verified raw reconstitution event,,
EVT_00716,RAW_00716,RAW,"March 28, 2025","February 21, 2025",DELETION,DELETION,BIRLACORPN,,,Birla Corporation Ltd.,,2025-MAR,FUTURE_RELATIVE_TO_SNAPSHOT,ind_prs21022025.pdf,Page 2,ACTIVE,Verified raw reconstitution event,,
EVT_00717,RAW_00717,RAW,"March 28, 2025","February 21, 2025",DELETION,DELETION,CELLO,,,Cello World Ltd.,,2025-MAR,FUTURE_RELATIVE_TO_SNAPSHOT,ind_prs21022025.pdf,Page 2,ACTIVE,Verified raw reconstitution event,,
EVT_00718,RAW_00718,RAW,"March 28, 2025","February 21, 2025",DELETION,DELETION,CHEMPLASTS,,,Chemplast Sanmar Ltd.,,2025-MAR,FUTURE_RELATIVE_TO_SNAPSHOT,ind_prs21022025.pdf,Page 2,ACTIVE,Verified raw reconstitution event,,
EVT_00719,RAW_00719,RAW,"March 28, 2025","February 21, 2025",DELETION,DELETION,CIEINDIA,,,CIE Automotive India Ltd.,,2025-MAR,FUTURE_RELATIVE_TO_SNAPSHOT,ind_prs21022025.pdf,Page 2,ACTIVE,Verified raw reconstitution event,,
EVT_00720,RAW_00720,RAW,"March 28, 2025","February 21, 2025",DELETION,DELETION,EASEMYTRIP,,,Easy Trip Planners Ltd.,,2025-MAR,FUTURE_RELATIVE_TO_SNAPSHOT,ind_prs21022025.pdf,Page 2,ACTIVE,Verified raw reconstitution event,,
EVT_00721,RAW_00721,RAW,"March 28, 2025","February 21, 2025",DELETION,DELETION,EQUITASBNK,,,Equitas Small Finance Bank Ltd.,,2025-MAR,FUTURE_RELATIVE_TO_SNAPSHOT,ind_prs21022025.pdf,Page 2,ACTIVE,Verified raw reconstitution event,,
EVT_00722,RAW_00722,RAW,"March 28, 2025","February 21, 2025",DELETION,DELETION,FINEORG,,,Fine Organic Industries Ltd.,,2025-MAR,FUTURE_RELATIVE_TO_SNAPSHOT,ind_prs21022025.pdf,Page 2,ACTIVE,Verified raw reconstitution event,,
EVT_00723,RAW_00723,RAW,"March 28, 2025","February 21, 2025",DELETION,DELETION,GRINFRA,,,G R Infraprojects Ltd.,,2025-MAR,FUTURE_RELATIVE_TO_SNAPSHOT,ind_prs21022025.pdf,Page 2,ACTIVE,Verified raw reconstitution event,,
EVT_00724,RAW_00724,RAW,"March 28, 2025","February 21, 2025",DELETION,DELETION,GRINDWELL,,,Grindwell Norton Ltd.,,2025-MAR,FUTURE_RELATIVE_TO_SNAPSHOT,ind_prs21022025.pdf,Page 2,ACTIVE,Verified raw reconstitution event,,
EVT_00725,RAW_00725,RAW,"March 28, 2025","February 21, 2025",DELETION,DELETION,GAEL,,,Gujarat Ambuja Exports Ltd.,,2025-MAR,FUTURE_RELATIVE_TO_SNAPSHOT,ind_prs21022025.pdf,Page 2,ACTIVE,Verified raw reconstitution event,,
EVT_00726,RAW_00726,RAW,"March 28, 2025","February 21, 2025",DELETION,DELETION,GSFC,,,Gujarat State Fertilizers & Chemicals Ltd.,,2025-MAR,FUTURE_RELATIVE_TO_SNAPSHOT,ind_prs21022025.pdf,Page 2,ACTIVE,Verified raw reconstitution event,,
EVT_00727,RAW_00727,RAW,"March 28, 2025","February 21, 2025",DELETION,DELETION,JKLAKSHMI,,,JK Lakshmi Cement Ltd.,,2025-MAR,FUTURE_RELATIVE_TO_SNAPSHOT,ind_prs21022025.pdf,Page 2,ACTIVE,Verified raw reconstitution event,,
EVT_00728,RAW_00728,RAW,"March 28, 2025","February 21, 2025",DELETION,DELETION,KSB,,,KSB Ltd.,,2025-MAR,FUTURE_RELATIVE_TO_SNAPSHOT,ind_prs21022025.pdf,Page 2,ACTIVE,Verified raw reconstitution event,,
EVT_00729,RAW_00729,RAW,"March 28, 2025","February 21, 2025",DELETION,DELETION,MAHLIFE,,,Mahindra Lifespace Developers Ltd.,,2025-MAR,FUTURE_RELATIVE_TO_SNAPSHOT,ind_prs21022025.pdf,Page 2,ACTIVE,Verified raw reconstitution event,,
EVT_00730,RAW_00730,RAW,"March 28, 2025","February 21, 2025",DELETION,DELETION,METROBRAND,,,Metro Brands Ltd.,,2025-MAR,FUTURE_RELATIVE_TO_SNAPSHOT,ind_prs21022025.pdf,Page 2,ACTIVE,Verified raw reconstitution event,,
EVT_00731,RAW_00731,RAW,"March 28, 2025","February 21, 2025",DELETION,DELETION,NUVOCO,,,Nuvoco Vistas Corporation Ltd.,,2025-MAR,FUTURE_RELATIVE_TO_SNAPSHOT,ind_prs21022025.pdf,Page 2,ACTIVE,Verified raw reconstitution event,,
EVT_00732,RAW_00732,RAW,"March 28, 2025","February 21, 2025",DELETION,DELETION,PGHH,,,Procter & Gamble Hygiene & Health Care Ltd.,,2025-MAR,FUTURE_RELATIVE_TO_SNAPSHOT,ind_prs21022025.pdf,Page 2,ACTIVE,Verified raw reconstitution event,,
EVT_00733,RAW_00733,RAW,"March 28, 2025","February 21, 2025",DELETION,DELETION,RAJESHEXPO,,,Rajesh Exports Ltd.,,2025-MAR,FUTURE_RELATIVE_TO_SNAPSHOT,ind_prs21022025.pdf,Page 2,ACTIVE,Verified raw reconstitution event,,
EVT_00734,RAW_00734,RAW,"March 28, 2025","February 21, 2025",DELETION,DELETION,RATNAMANI,,,Ratnamani Metals & Tubes Ltd.,,2025-MAR,FUTURE_RELATIVE_TO_SNAPSHOT,ind_prs21022025.pdf,Page 2,ACTIVE,Verified raw reconstitution event,,
EVT_00735,RAW_00735,RAW,"March 28, 2025","February 21, 2025",DELETION,DELETION,SANOFI,,,Sanofi India Ltd.,,2025-MAR,FUTURE_RELATIVE_TO_SNAPSHOT,ind_prs21022025.pdf,Page 2,ACTIVE,Verified raw reconstitution event,,
EVT_00736,RAW_00736,RAW,"March 28, 2025","February 21, 2025",DELETION,DELETION,SPARC,,,Sun Pharma Advanced Research Company Ltd.,,2025-MAR,FUTURE_RELATIVE_TO_SNAPSHOT,ind_prs21022025.pdf,Page 2,ACTIVE,Verified raw reconstitution event,,
EVT_00737,RAW_00737,RAW,"March 28, 2025","February 21, 2025",DELETION,DELETION,SUNDRMFAST,,,Sundram Fasteners Ltd.,,2025-MAR,FUTURE_RELATIVE_TO_SNAPSHOT,ind_prs21022025.pdf,Page 2,ACTIVE,Verified raw reconstitution event,,
EVT_00738,RAW_00738,RAW,"March 28, 2025","February 21, 2025",DELETION,DELETION,TVSSCS,,,TVS Supply Chain Solutions Ltd.,,2025-MAR,FUTURE_RELATIVE_TO_SNAPSHOT,ind_prs21022025.pdf,Page 2,ACTIVE,Verified raw reconstitution event,,
EVT_00739,RAW_00739,RAW,"March 28, 2025","February 21, 2025",DELETION,DELETION,UJJIVANSFB,,,Ujjivan Small Finance Bank Ltd.,,2025-MAR,FUTURE_RELATIVE_TO_SNAPSHOT,ind_prs21022025.pdf,Page 2,ACTIVE,Verified raw reconstitution event,,
EVT_00740,RAW_00740,RAW,"March 28, 2025","February 21, 2025",DELETION,DELETION,VIPIND,,,V.I.P. Industries Ltd.,,2025-MAR,FUTURE_RELATIVE_TO_SNAPSHOT,ind_prs21022025.pdf,Page 2,ACTIVE,Verified raw reconstitution event,,
EVT_00741,RAW_00741,RAW,"March 28, 2025","February 21, 2025",DELETION,DELETION,VARROC,,,Varroc Engineering Ltd.,,2025-MAR,FUTURE_RELATIVE_TO_SNAPSHOT,ind_prs21022025.pdf,Page 2,ACTIVE,Verified raw reconstitution event,,
EVT_00742,RAW_00742,RAW,"March 28, 2025","February 21, 2025",DELETION,DELETION,VINATIORGA,,,Vinati Organics Ltd.,,2025-MAR,FUTURE_RELATIVE_TO_SNAPSHOT,ind_prs21022025.pdf,Page 2,ACTIVE,Verified raw reconstitution event,,
EVT_00743,RAW_00743,RAW,"March 28, 2025","February 21, 2025",ADDITION,ADDITION,ACMESOLAR,,,ACME Solar Holdings Ltd.,,2025-MAR,FUTURE_RELATIVE_TO_SNAPSHOT,ind_prs21022025.pdf,Page 3,ACTIVE,Verified raw reconstitution event,,
EVT_00744,RAW_00744,RAW,"March 28, 2025","February 21, 2025",ADDITION,ADDITION,AFCONS,,,Afcons Infrastructure Ltd.,,2025-MAR,FUTURE_RELATIVE_TO_SNAPSHOT,ind_prs21022025.pdf,Page 3,ACTIVE,Verified raw reconstitution event,,
EVT_00745,RAW_00745,RAW,"March 28, 2025","February 21, 2025",ADDITION,ADDITION,ALIVUS,,,Alivus Life Sciences Ltd.,,2025-MAR,FUTURE_RELATIVE_TO_SNAPSHOT,ind_prs21022025.pdf,Page 3,ACTIVE,Verified raw reconstitution event,,
EVT_00746,RAW_00746,RAW,"March 28, 2025","February 21, 2025",ADDITION,ADDITION,AIIL,,,Authum Investment & Infrastructure Ltd.,,2025-MAR,FUTURE_RELATIVE_TO_SNAPSHOT,ind_prs21022025.pdf,Page 3,ACTIVE,Verified raw reconstitution event,,
EVT_00747,RAW_00747,RAW,"March 28, 2025","February 21, 2025",ADDITION,ADDITION,BAJAJHFL,,,Bajaj Housing Finance Ltd.,,2025-MAR,FUTURE_RELATIVE_TO_SNAPSHOT,ind_prs21022025.pdf,Page 3,ACTIVE,Verified raw reconstitution event,,
EVT_00748,RAW_00748,RAW,"March 28, 2025","February 21, 2025",ADDITION,ADDITION,FIRSTCRY,,,Brainbees Solutions Ltd.,,2025-MAR,FUTURE_RELATIVE_TO_SNAPSHOT,ind_prs21022025.pdf,Page 3,ACTIVE,Verified raw reconstitution event,,
EVT_00749,RAW_00749,RAW,"March 28, 2025","February 21, 2025",ADDITION,ADDITION,DCMSHRIRAM,,,DCM Shriram Ltd.,,2025-MAR,FUTURE_RELATIVE_TO_SNAPSHOT,ind_prs21022025.pdf,Page 3,ACTIVE,Verified raw reconstitution event,,
EVT_00750,RAW_00750,RAW,"March 28, 2025","February 21, 2025",ADDITION,ADDITION,GRAVITA,,,Gravita India Ltd.,,2025-MAR,FUTURE_RELATIVE_TO_SNAPSHOT,ind_prs21022025.pdf,Page 3,ACTIVE,Verified raw reconstitution event,,
EVT_00751,RAW_00751,RAW,"March 28, 2025","February 21, 2025",ADDITION,ADDITION,HYUNDAI,,,Hyundai Motor India Ltd.,,2025-MAR,FUTURE_RELATIVE_TO_SNAPSHOT,ind_prs21022025.pdf,Page 3,ACTIVE,Verified raw reconstitution event,,
EVT_00752,RAW_00752,RAW,"March 28, 2025","February 21, 2025",ADDITION,ADDITION,IGIL,,,International Gemmological Institute (India) Ltd.,,2025-MAR,FUTURE_RELATIVE_TO_SNAPSHOT,ind_prs21022025.pdf,Page 3,ACTIVE,Verified raw reconstitution event,,
EVT_00753,RAW_00753,RAW,"March 28, 2025","February 21, 2025",ADDITION,ADDITION,IKS,,,Inventurus Knowledge Solutions Ltd.,,2025-MAR,FUTURE_RELATIVE_TO_SNAPSHOT,ind_prs21022025.pdf,Page 3,ACTIVE,Verified raw reconstitution event,,
EVT_00754,RAW_00754,RAW,"March 28, 2025","February 21, 2025",ADDITION,ADDITION,JSWHL,,,JSW Holdings Ltd.,,2025-MAR,FUTURE_RELATIVE_TO_SNAPSHOT,ind_prs21022025.pdf,Page 3,ACTIVE,Verified raw reconstitution event,,
EVT_00755,RAW_00755,RAW,"March 28, 2025","February 21, 2025",ADDITION,ADDITION,LTFOODS,,,LT Foods Ltd.,,2025-MAR,FUTURE_RELATIVE_TO_SNAPSHOT,ind_prs21022025.pdf,Page 3,ACTIVE,Verified raw reconstitution event,,
EVT_00756,RAW_00756,RAW,"March 28, 2025","February 21, 2025",ADDITION,ADDITION,NAVA,,,Nava Ltd.,,2025-MAR,FUTURE_RELATIVE_TO_SNAPSHOT,ind_prs21022025.pdf,Page 3,ACTIVE,Verified raw reconstitution event,,
EVT_00757,RAW_00757,RAW,"March 28, 2025","February 21, 2025",ADDITION,ADDITION,NEULANDLAB,,,Neuland Laboratories Ltd.,,2025-MAR,FUTURE_RELATIVE_TO_SNAPSHOT,ind_prs21022025.pdf,Page 3,ACTIVE,Verified raw reconstitution event,,
EVT_00758,RAW_00758,RAW,"March 28, 2025","February 21, 2025",ADDITION,ADDITION,NIVABUPA,,,Niva Bupa Health Insurance Company Ltd.,,2025-MAR,FUTURE_RELATIVE_TO_SNAPSHOT,ind_prs21022025.pdf,Page 3,ACTIVE,Verified raw reconstitution event,,
EVT_00759,RAW_00759,RAW,"March 28, 2025","February 21, 2025",ADDITION,ADDITION,NTPCGREEN,,,NTPC Green Energy Ltd.,,2025-MAR,FUTURE_RELATIVE_TO_SNAPSHOT,ind_prs21022025.pdf,Page 3,ACTIVE,Verified raw reconstitution event,,
EVT_00760,RAW_00760,RAW,"March 28, 2025","February 21, 2025",ADDITION,ADDITION,OLAELEC,,,Ola Electric Mobility Ltd.,,2025-MAR,FUTURE_RELATIVE_TO_SNAPSHOT,ind_prs21022025.pdf,Page 3,ACTIVE,Verified raw reconstitution event,,
EVT_00761,RAW_00761,RAW,"March 28, 2025","February 21, 2025",ADDITION,ADDITION,PGEL,,,PG Electroplast Ltd.,,2025-MAR,FUTURE_RELATIVE_TO_SNAPSHOT,ind_prs21022025.pdf,Page 3,ACTIVE,Verified raw reconstitution event,,
EVT_00762,RAW_00762,RAW,"March 28, 2025","February 21, 2025",ADDITION,ADDITION,PREMIERENE,,,Premier Energies Ltd.,,2025-MAR,FUTURE_RELATIVE_TO_SNAPSHOT,ind_prs21022025.pdf,Page 3,ACTIVE,Verified raw reconstitution event,,
EVT_00763,RAW_00763,RAW,"March 28, 2025","February 21, 2025",ADDITION,ADDITION,RPOWER,,,Reliance Power Ltd.,,2025-MAR,FUTURE_RELATIVE_TO_SNAPSHOT,ind_prs21022025.pdf,Page 3,ACTIVE,Verified raw reconstitution event,,
EVT_00764,RAW_00764,RAW,"March 28, 2025","February 21, 2025",ADDITION,ADDITION,SAGILITY,,,Sagility India Ltd.,,2025-MAR,FUTURE_RELATIVE_TO_SNAPSHOT,ind_prs21022025.pdf,Page 3,ACTIVE,Verified raw reconstitution event,,
EVT_00765,RAW_00765,RAW,"March 28, 2025","February 21, 2025",ADDITION,ADDITION,SAILIFE,,,Sai Life Sciences Ltd.,,2025-MAR,FUTURE_RELATIVE_TO_SNAPSHOT,ind_prs21022025.pdf,Page 3,ACTIVE,Verified raw reconstitution event,,
EVT_00766,RAW_00766,RAW,"March 28, 2025","February 21, 2025",ADDITION,ADDITION,SARDAEN,,,Sarda Energy and Minerals Ltd.,,2025-MAR,FUTURE_RELATIVE_TO_SNAPSHOT,ind_prs21022025.pdf,Page 3,ACTIVE,Verified raw reconstitution event,,
EVT_00767,RAW_00767,RAW,"March 28, 2025","February 21, 2025",ADDITION,ADDITION,SWIGGY,,,Swiggy Ltd.,,2025-MAR,FUTURE_RELATIVE_TO_SNAPSHOT,ind_prs21022025.pdf,Page 3,ACTIVE,Verified raw reconstitution event,,
EVT_00768,RAW_00768,RAW,"March 28, 2025","February 21, 2025",ADDITION,ADDITION,TARIL,,,Transformers And Rectifiers (India) Ltd.,,2025-MAR,FUTURE_RELATIVE_TO_SNAPSHOT,ind_prs21022025.pdf,Page 3,ACTIVE,Verified raw reconstitution event,,
EVT_00769,RAW_00769,RAW,"March 28, 2025","February 21, 2025",ADDITION,ADDITION,VMM,,,Vishal Mega Mart Ltd.,,2025-MAR,FUTURE_RELATIVE_TO_SNAPSHOT,ind_prs21022025.pdf,Page 3,ACTIVE,Verified raw reconstitution event,,
EVT_00770,RAW_00770,RAW,"March 28, 2025","February 21, 2025",ADDITION,ADDITION,WAAREEENER,,,Waaree Energies Ltd.,,2025-MAR,FUTURE_RELATIVE_TO_SNAPSHOT,ind_prs21022025.pdf,Page 3,ACTIVE,Verified raw reconstitution event,,
EVT_00771,RAW_00771,RAW,"March 28, 2025","February 21, 2025",ADDITION,ADDITION,WOCKPHARMA,,,Wockhardt Ltd.,,2025-MAR,FUTURE_RELATIVE_TO_SNAPSHOT,ind_prs21022025.pdf,Page 3,ACTIVE,Verified raw reconstitution event,,
EVT_00772,RAW_00772,RAW,"March 28, 2025","February 21, 2025",ADDITION,ADDITION,ZENTEC,,,Zen Technologies Ltd.,,2025-MAR,FUTURE_RELATIVE_TO_SNAPSHOT,ind_prs21022025.pdf,Page 3,ACTIVE,Verified raw reconstitution event,,
EVT_00773,RAW_00773,RAW,"April 30, 2025","April 21, 2025",ADDITION,ADDITION,SAGILITY,,,Sagility India Ltd.,,2025-MAR,FUTURE_RELATIVE_TO_SNAPSHOT,ind_prs21042025_1.pdf,Page 1,ACTIVE,Verified raw reconstitution event,,
EVT_00774,RAW_00774,RAW,"April 30, 2025","April 21, 2025",ADDITION,ADDITION,SUNDRMFAST,,,Sundram Fasteners Ltd.,,2025-MAR,FUTURE_RELATIVE_TO_SNAPSHOT,ind_prs21042025_1.pdf,Page 1,ACTIVE,Verified raw reconstitution event,,
EVT_00775,RAW_00775,RAW,"April 30, 2025","April 21, 2025",ADDITION,ADDITION,VBL,,,Varun Beverages Ltd.,,2025-MAR,FUTURE_RELATIVE_TO_SNAPSHOT,ind_prs21042025_1.pdf,Page 1,ACTIVE,Verified raw reconstitution event,,
EVT_00776,RAW_00776,RAW,"June 28, 2024","June 21, 2024",DELETION,DELETION,ABB,,,ABB India Ltd.,,2024-JUN,FUTURE_RELATIVE_TO_SNAPSHOT,ind_prs21062024_1.pdf,Page 1,ACTIVE,Verified raw reconstitution event,,
EVT_00777,RAW_00777,RAW,"April 29, 2021","April 22, 2021",DELETION,DELETION,GHCL,,,GHCL Ltd.,,2021-MAR,FUTURE_RELATIVE_TO_SNAPSHOT,ind_prs22042021.pdf,Page 1,ACTIVE,Verified raw reconstitution event,,
EVT_00778,RAW_00778,RAW,"April 29, 2021","April 22, 2021",DELETION,DELETION,TATASTLBSL,,,Tata Steel BSL Ltd.,,2021-MAR,FUTURE_RELATIVE_TO_SNAPSHOT,ind_prs22042021.pdf,Page 1,ACTIVE,Verified raw reconstitution event,,
EVT_00779,RAW_00779,RAW,"April 29, 2021","April 22, 2021",DELETION,DELETION,BURGERKING,,,Burger King India Ltd.,,2021-MAR,FUTURE_RELATIVE_TO_SNAPSHOT,ind_prs22042021.pdf,Page 1,ACTIVE,Verified raw reconstitution event,,
EVT_00780,RAW_00780,RAW,"April 29, 2021","April 22, 2021",DELETION,DELETION,INFIBEAM,,,Infibeam Avenues Ltd.,,2021-MAR,FUTURE_RELATIVE_TO_SNAPSHOT,ind_prs22042021.pdf,Page 1,ACTIVE,Verified raw reconstitution event,,
EVT_00781,RAW_00781,RAW,"May 31, 2024","May 22, 2024",DELETION,DELETION,ABBOTINDIA,,,Abbott India Ltd.,,2024-MAY,FUTURE_RELATIVE_TO_SNAPSHOT,ind_prs22052024.pdf,Page 1,ACTIVE,Verified raw reconstitution event,,
EVT_00782,RAW_00782,RAW,"May 31, 2024","May 22, 2024",DELETION,DELETION,ADANIENT,,,Adani Enterprises Ltd.,,2024-MAY,FUTURE_RELATIVE_TO_SNAPSHOT,ind_prs22052024.pdf,Page 1,ACTIVE,Verified raw reconstitution event,,
EVT_00783,RAW_00783,RAW,"May 31, 2024","May 22, 2024",DELETION,DELETION,AIAENG,,,AIA Engineering Ltd.,,2024-MAY,FUTURE_RELATIVE_TO_SNAPSHOT,ind_prs22052024.pdf,Page 1,ACTIVE,Verified raw reconstitution event,,
EVT_00784,RAW_00784,RAW,"May 31, 2024","May 22, 2024",DELETION,DELETION,BIOCON,,,Biocon Ltd.,,2024-MAY,FUTURE_RELATIVE_TO_SNAPSHOT,ind_prs22052024.pdf,Page 1,ACTIVE,Verified raw reconstitution event,,
EVT_00785,RAW_00785,RAW,"May 31, 2024","May 22, 2024",DELETION,DELETION,BIRLACORPN,,,Birla Corporation Ltd.,,2024-MAY,FUTURE_RELATIVE_TO_SNAPSHOT,ind_prs22052024.pdf,Page 1,ACTIVE,Verified raw reconstitution event,,
EVT_00786,RAW_00786,RAW,"May 31, 2024","May 22, 2024",DELETION,DELETION,CAMS,,,Computer Age Management Services Ltd.,,2024-MAY,FUTURE_RELATIVE_TO_SNAPSHOT,ind_prs22052024.pdf,Page 1,ACTIVE,Verified raw reconstitution event,,
EVT_00787,RAW_00787,RAW,"May 31, 2024","May 22, 2024",DELETION,DELETION,CONCOR,,,Container Corporation of India Ltd.,,2024-MAY,FUTURE_RELATIVE_TO_SNAPSHOT,ind_prs22052024.pdf,Page 1,ACTIVE,Verified raw reconstitution event,,
EVT_00788,RAW_00788,RAW,"May 31, 2024","May 22, 2024",DELETION,DELETION,DIVISLAB,,,Divi's Laboratories Ltd.,,2024-MAY,FUTURE_RELATIVE_TO_SNAPSHOT,ind_prs22052024.pdf,Page 1,ACTIVE,Verified raw reconstitution event,,
EVT_00789,RAW_00789,RAW,"May 31, 2024","May 22, 2024",DELETION,DELETION,GRASIM,,,Grasim Industries Ltd.,,2024-MAY,FUTURE_RELATIVE_TO_SNAPSHOT,ind_prs22052024.pdf,Page 1,ACTIVE,Verified raw reconstitution event,,
EVT_00790,RAW_00790,RAW,"May 31, 2024","May 22, 2024",DELETION,DELETION,HONAUT,,,Honeywell Automation India Ltd.,,2024-MAY,FUTURE_RELATIVE_TO_SNAPSHOT,ind_prs22052024.pdf,Page 2,ACTIVE,Verified raw reconstitution event,,
EVT_00791,RAW_00791,RAW,"May 31, 2024","May 22, 2024",DELETION,DELETION,IRCON,,,IRCON International Ltd.,,2024-MAY,FUTURE_RELATIVE_TO_SNAPSHOT,ind_prs22052024.pdf,Page 2,ACTIVE,Verified raw reconstitution event,,
EVT_00792,RAW_00792,RAW,"May 31, 2024","May 22, 2024",DELETION,DELETION,JINDALSAW,,,Jindal Saw Ltd.,,2024-MAY,FUTURE_RELATIVE_TO_SNAPSHOT,ind_prs22052024.pdf,Page 2,ACTIVE,Verified raw reconstitution event,,
EVT_00793,RAW_00793,RAW,"May 31, 2024","May 22, 2024",DELETION,DELETION,JKLAKSHMI,,,JK Lakshmi Cement Ltd.,,2024-MAY,FUTURE_RELATIVE_TO_SNAPSHOT,ind_prs22052024.pdf,Page 2,ACTIVE,Verified raw reconstitution event,,
EVT_00794,RAW_00794,RAW,"May 31, 2024","May 22, 2024",DELETION,DELETION,JUBLPHARMA,,,Jubilant Pharmova Ltd.,,2024-MAY,FUTURE_RELATIVE_TO_SNAPSHOT,ind_prs22052024.pdf,Page 2,ACTIVE,Verified raw reconstitution event,,
EVT_00795,RAW_00795,RAW,"May 31, 2024","May 22, 2024",DELETION,DELETION,LAURUSLABS,,,Laurus Labs Ltd.,,2024-MAY,FUTURE_RELATIVE_TO_SNAPSHOT,ind_prs22052024.pdf,Page 2,ACTIVE,Verified raw reconstitution event,,
EVT_00796,RAW_00796,RAW,"May 31, 2024","May 22, 2024",DELETION,DELETION,NMDC,,,NMDC Ltd.,,2024-MAY,FUTURE_RELATIVE_TO_SNAPSHOT,ind_prs22052024.pdf,Page 2,ACTIVE,Verified raw reconstitution event,,
EVT_00797,RAW_00797,RAW,"May 31, 2024","May 22, 2024",DELETION,DELETION,PPLPHARMA,,,Piramal Pharma Ltd.,,2024-MAY,FUTURE_RELATIVE_TO_SNAPSHOT,ind_prs22052024.pdf,Page 2,ACTIVE,Verified raw reconstitution event,,
EVT_00798,RAW_00798,RAW,"May 31, 2024","May 22, 2024",DELETION,DELETION,PNCINFRA,,,PNC Infratech Ltd.,,2024-MAY,FUTURE_RELATIVE_TO_SNAPSHOT,ind_prs22052024.pdf,Page 2,ACTIVE,Verified raw reconstitution event,,
EVT_00799,RAW_00799,RAW,"May 31, 2024","May 22, 2024",DELETION,DELETION,PRESTIGE,,,Prestige Estates Projects Ltd.,,2024-MAY,FUTURE_RELATIVE_TO_SNAPSHOT,ind_prs22052024.pdf,Page 2,ACTIVE,Verified raw reconstitution event,,
EVT_00800,RAW_00800,RAW,"May 31, 2024","May 22, 2024",DELETION,DELETION,SUZLON,,,Suzlon Energy Ltd.,,2024-MAY,FUTURE_RELATIVE_TO_SNAPSHOT,ind_prs22052024.pdf,Page 2,ACTIVE,Verified raw reconstitution event,,
EVT_00801,RAW_00801,RAW,"May 31, 2024","May 22, 2024",DELETION,DELETION,TATACOMM,,,Tata Communications Ltd.,,2024-MAY,FUTURE_RELATIVE_TO_SNAPSHOT,ind_prs22052024.pdf,Page 2,ACTIVE,Verified raw reconstitution event,,
EVT_00802,RAW_00802,RAW,"May 31, 2024","May 22, 2024",DELETION,DELETION,TATASTEEL,,,Tata Steel Ltd.,,2024-MAY,FUTURE_RELATIVE_TO_SNAPSHOT,ind_prs22052024.pdf,Page 2,ACTIVE,Verified raw reconstitution event,,
EVT_00803,RAW_00803,RAW,"May 31, 2024","May 22, 2024",DELETION,DELETION,TVSMOTOR,,,TVS Motor Company Ltd.,,2024-MAY,FUTURE_RELATIVE_TO_SNAPSHOT,ind_prs22052024.pdf,Page 2,ACTIVE,Verified raw reconstitution event,,
EVT_00804,RAW_00804,RAW,"May 31, 2024","May 22, 2024",DELETION,DELETION,UPL,,,UPL Ltd.,,2024-MAY,FUTURE_RELATIVE_TO_SNAPSHOT,ind_prs22052024.pdf,Page 2,ACTIVE,Verified raw reconstitution event,,
EVT_00805,RAW_00805,RAW,"May 31, 2024","May 22, 2024",DELETION,DELETION,WELSPUNLIV,,,Welspun Living Ltd.,,2024-MAY,FUTURE_RELATIVE_TO_SNAPSHOT,ind_prs22052024.pdf,Page 2,ACTIVE,Verified raw reconstitution event,,
EVT_00806,RAW_00806,RAW,"May 31, 2024","May 22, 2024",ADDITION,ADDITION,ATGL,,,Adani Total Gas Ltd.,,2024-MAY,FUTURE_RELATIVE_TO_SNAPSHOT,ind_prs22052024.pdf,Page 2,ACTIVE,Verified raw reconstitution event,,
EVT_00807,RAW_00807,RAW,"May 31, 2024","May 22, 2024",ADDITION,ADDITION,ABFRL,,,Aditya Birla Fashion and Retail Ltd.,,2024-MAY,FUTURE_RELATIVE_TO_SNAPSHOT,ind_prs22052024.pdf,Page 2,ACTIVE,Verified raw reconstitution event,,
EVT_00808,RAW_00808,RAW,"May 31, 2024","May 22, 2024",ADDITION,ADDITION,AFFLE,,,Affle (India) Ltd.,,2024-MAY,FUTURE_RELATIVE_TO_SNAPSHOT,ind_prs22052024.pdf,Page 2,ACTIVE,Verified raw reconstitution event,,
EVT_00809,RAW_00809,RAW,"May 31, 2024","May 22, 2024",ADDITION,ADDITION,ASTERDM,,,Aster DM Healthcare Ltd.,,2024-MAY,FUTURE_RELATIVE_TO_SNAPSHOT,ind_prs22052024.pdf,Page 2,ACTIVE,Verified raw reconstitution event,,
EVT_00810,RAW_00810,RAW,"May 31, 2024","May 22, 2024",ADDITION,ADDITION,BATAINDIA,,,Bata India Ltd.,,2024-MAY,FUTURE_RELATIVE_TO_SNAPSHOT,ind_prs22052024.pdf,Page 2,ACTIVE,Verified raw reconstitution event,,
EVT_00811,RAW_00811,RAW,"May 31, 2024","May 22, 2024",ADDITION,ADDITION,CAPLIPOINT,,,Caplin Point Laboratories Ltd.,,2024-MAY,FUTURE_RELATIVE_TO_SNAPSHOT,ind_prs22052024.pdf,Page 2,ACTIVE,Verified raw reconstitution event,,
EVT_00812,RAW_00812,RAW,"May 31, 2024","May 22, 2024",ADDITION,ADDITION,FDC,,,FDC Ltd.,,2024-MAY,FUTURE_RELATIVE_TO_SNAPSHOT,ind_prs22052024.pdf,Page 2,ACTIVE,Verified raw reconstitution event,,
EVT_00813,RAW_00813,RAW,"May 31, 2024","May 22, 2024",ADDITION,ADDITION,FINCABLES,,,Finolex Cables Ltd.,,2024-MAY,FUTURE_RELATIVE_TO_SNAPSHOT,ind_prs22052024.pdf,Page 2,ACTIVE,Verified raw reconstitution event,,
EVT_00814,RAW_00814,RAW,"May 31, 2024","May 22, 2024",ADDITION,ADDITION,FINPIPE,,,Finolex Industries Ltd.,,2024-MAY,FUTURE_RELATIVE_TO_SNAPSHOT,ind_prs22052024.pdf,Page 2,ACTIVE,Verified raw reconstitution event,,
EVT_00815,RAW_00815,RAW,"May 31, 2024","May 22, 2024",ADDITION,ADDITION,FORTIS,,,Fortis Healthcare Ltd.,,2024-MAY,FUTURE_RELATIVE_TO_SNAPSHOT,ind_prs22052024.pdf,Page 2,ACTIVE,Verified raw reconstitution event,,
EVT_00816,RAW_00816,RAW,"May 31, 2024","May 22, 2024",ADDITION,ADDITION,NYKAA,,,FSN E-Commerce Ventures Ltd.,,2024-MAY,FUTURE_RELATIVE_TO_SNAPSHOT,ind_prs22052024.pdf,Page 2,ACTIVE,Verified raw reconstitution event,,
EVT_00817,RAW_00817,RAW,"May 31, 2024","May 22, 2024",ADDITION,ADDITION,INDUSTOWER,,,Indus Towers Ltd.,,2024-MAY,FUTURE_RELATIVE_TO_SNAPSHOT,ind_prs22052024.pdf,Page 2,ACTIVE,Verified raw reconstitution event,,
EVT_00818,RAW_00818,RAW,"May 31, 2024","May 22, 2024",ADDITION,ADDITION,LODHA,,,Macrotech Developers Ltd.,,2024-MAY,FUTURE_RELATIVE_TO_SNAPSHOT,ind_prs22052024.pdf,Page 2,ACTIVE,Verified raw reconstitution event,,
EVT_00819,RAW_00819,RAW,"May 31, 2024","May 22, 2024",ADDITION,ADDITION,MAXHEALTH,,,Max Healthcare Institute Ltd.,,2024-MAY,FUTURE_RELATIVE_TO_SNAPSHOT,ind_prs22052024.pdf,Page 2,ACTIVE,Verified raw reconstitution event,,
EVT_00820,RAW_00820,RAW,"May 31, 2024","May 22, 2024",ADDITION,ADDITION,MEDPLUS,,,Medplus Health Services Ltd.,,2024-MAY,FUTURE_RELATIVE_TO_SNAPSHOT,ind_prs22052024.pdf,Page 2,ACTIVE,Verified raw reconstitution event,,
EVT_00821,RAW_00821,RAW,"May 31, 2024","May 22, 2024",ADDITION,ADDITION,METROBRAND,,,Metro Brands Ltd.,,2024-MAY,FUTURE_RELATIVE_TO_SNAPSHOT,ind_prs22052024.pdf,Page 2,ACTIVE,Verified raw reconstitution event,,
EVT_00822,RAW_00822,RAW,"May 31, 2024","May 22, 2024",ADDITION,ADDITION,MINDACORP,,,Minda Corporation Ltd.,,2024-MAY,FUTURE_RELATIVE_TO_SNAPSHOT,ind_prs22052024.pdf,Page 2,ACTIVE,Verified raw reconstitution event,,
EVT_00823,RAW_00823,RAW,"May 31, 2024","May 22, 2024",ADDITION,ADDITION,MMTC,,,MMTC Ltd.,,2024-MAY,FUTURE_RELATIVE_TO_SNAPSHOT,ind_prs22052024.pdf,Page 3,ACTIVE,Verified raw reconstitution event,,
EVT_00824,RAW_00824,RAW,"May 31, 2024","May 22, 2024",ADDITION,ADDITION,PRAJIND,,,Praj Industries Ltd.,,2024-MAY,FUTURE_RELATIVE_TO_SNAPSHOT,ind_prs22052024.pdf,Page 3,ACTIVE,Verified raw reconstitution event,,
EVT_00825,RAW_00825,RAW,"May 31, 2024","May 22, 2024",ADDITION,ADDITION,PRSMJOHNSN,,,Prism Johnson Ltd.,,2024-MAY,FUTURE_RELATIVE_TO_SNAPSHOT,ind_prs22052024.pdf,Page 3,ACTIVE,Verified raw reconstitution event,,
EVT_00826,RAW_00826,RAW,"May 31, 2024","May 22, 2024",ADDITION,ADDITION,ROUTE,,,Route Mobile Ltd.,,2024-MAY,FUTURE_RELATIVE_TO_SNAPSHOT,ind_prs22052024.pdf,Page 3,ACTIVE,Verified raw reconstitution event,,
EVT_00827,RAW_00827,RAW,"May 31, 2024","May 22, 2024",ADDITION,ADDITION,SUNPHARMA,,,Sun Pharmaceutical Industries Ltd.,,2024-MAY,FUTURE_RELATIVE_TO_SNAPSHOT,ind_prs22052024.pdf,Page 3,ACTIVE,Verified raw reconstitution event,,
EVT_00828,RAW_00828,RAW,"May 31, 2024","May 22, 2024",ADDITION,ADDITION,TRENT,,,Trent Ltd.,,2024-MAY,FUTURE_RELATIVE_TO_SNAPSHOT,ind_prs22052024.pdf,Page 3,ACTIVE,Verified raw reconstitution event,,
EVT_00829,RAW_00829,RAW,"May 31, 2024","May 22, 2024",ADDITION,ADDITION,ZENSARTECH,,,Zensar Technolgies Ltd.,,2024-MAY,FUTURE_RELATIVE_TO_SNAPSHOT,ind_prs22052024.pdf,Page 3,ACTIVE,Verified raw reconstitution event,,
EVT_00830,RAW_00830,RAW,"May 31, 2024","May 22, 2024",ADDITION,ADDITION,ZYDUSLIFE,,,Zydus Lifesciences Ltd.,,2024-MAY,FUTURE_RELATIVE_TO_SNAPSHOT,ind_prs22052024.pdf,Page 3,ACTIVE,Verified raw reconstitution event,,
EVT_00831,RAW_00831,RAW,"May 31, 2024","May 22, 2024",ADDITION,ADDITION,COFORGE,,,Coforge Ltd.,,2024-MAY,FUTURE_RELATIVE_TO_SNAPSHOT,ind_prs22052024.pdf,Page 3,ACTIVE,Verified raw reconstitution event,,
EVT_00832,RAW_00832,RAW,"May 31, 2024","May 22, 2024",ADDITION,ADDITION,LUPIN,,,Lupin Ltd.,,2024-MAY,FUTURE_RELATIVE_TO_SNAPSHOT,ind_prs22052024.pdf,Page 3,ACTIVE,Verified raw reconstitution event,,
EVT_00833,RAW_00833,RAW,"May 31, 2024","May 22, 2024",ADDITION,ADDITION,SRF,,,SRF Ltd.,,2024-MAY,FUTURE_RELATIVE_TO_SNAPSHOT,ind_prs22052024.pdf,Page 3,ACTIVE,Verified raw reconstitution event,,
EVT_00834,RAW_00834,RAW,"May 31, 2024","May 22, 2024",ADDITION,ADDITION,TIINDIA,,,Tube Investments of India Ltd.,,2024-MAY,FUTURE_RELATIVE_TO_SNAPSHOT,ind_prs22052024.pdf,Page 3,ACTIVE,Verified raw reconstitution event,,
EVT_00835,RAW_00835,RAW,"September 30, 2025","August 22, 2025",DELETION,DELETION,ALIVUS,,,Alivus Life Sciences Ltd.,,2025-SEP,FUTURE_RELATIVE_TO_SNAPSHOT,ind_prs22082025.pdf,Page 2,ACTIVE,Verified raw reconstitution event,,
EVT_00836,RAW_00836,RAW,"September 30, 2025","August 22, 2025",DELETION,DELETION,GNFC,,,Gujarat Narmada Valley Fertilizers and Chemicals Ltd.,,2025-SEP,FUTURE_RELATIVE_TO_SNAPSHOT,ind_prs22082025.pdf,Page 2,ACTIVE,Verified raw reconstitution event,,
EVT_00837,RAW_00837,RAW,"September 30, 2025","August 22, 2025",DELETION,DELETION,GPPL,,,Gujarat Pipavav Port Ltd.,,2025-SEP,FUTURE_RELATIVE_TO_SNAPSHOT,ind_prs22082025.pdf,Page 2,ACTIVE,Verified raw reconstitution event,,
EVT_00838,RAW_00838,RAW,"September 30, 2025","August 22, 2025",DELETION,DELETION,JSWHL,,,JSW Holdings Ltd.,,2025-SEP,FUTURE_RELATIVE_TO_SNAPSHOT,ind_prs22082025.pdf,Page 2,ACTIVE,Verified raw reconstitution event,,
EVT_00839,RAW_00839,RAW,"September 30, 2025","August 22, 2025",DELETION,DELETION,JUSTDIAL,,,Justdial Ltd.,,2025-SEP,FUTURE_RELATIVE_TO_SNAPSHOT,ind_prs22082025.pdf,Page 2,ACTIVE,Verified raw reconstitution event,,
EVT_00840,RAW_00840,RAW,"September 30, 2025","August 22, 2025",DELETION,DELETION,KANSAINER,,,Kansai Nerolac Paints Ltd.,,2025-SEP,FUTURE_RELATIVE_TO_SNAPSHOT,ind_prs22082025.pdf,Page 2,ACTIVE,Verified raw reconstitution event,,
EVT_00841,RAW_00841,RAW,"September 30, 2025","August 22, 2025",DELETION,DELETION,KNRCON,,,KNR Constructions Ltd.,,2025-SEP,FUTURE_RELATIVE_TO_SNAPSHOT,ind_prs22082025.pdf,Page 2,ACTIVE,Verified raw reconstitution event,,
EVT_00842,RAW_00842,RAW,"September 30, 2025","August 22, 2025",DELETION,DELETION,MASTEK,,,Mastek Ltd.,,2025-SEP,FUTURE_RELATIVE_TO_SNAPSHOT,ind_prs22082025.pdf,Page 2,ACTIVE,Verified raw reconstitution event,,
EVT_00843,RAW_00843,RAW,"September 30, 2025","August 22, 2025",DELETION,DELETION,NETWORK18,,,Network18 Media & Investments Ltd.,,2025-SEP,FUTURE_RELATIVE_TO_SNAPSHOT,ind_prs22082025.pdf,Page 2,ACTIVE,Verified raw reconstitution event,,
EVT_00844,RAW_00844,RAW,"September 30, 2025","August 22, 2025",DELETION,DELETION,PNCINFRA,,,PNC Infratech Ltd.,,2025-SEP,FUTURE_RELATIVE_TO_SNAPSHOT,ind_prs22082025.pdf,Page 2,ACTIVE,Verified raw reconstitution event,,
EVT_00845,RAW_00845,RAW,"September 30, 2025","August 22, 2025",DELETION,DELETION,RTNINDIA,,,RattanIndia Enterprises Ltd.,,2025-SEP,FUTURE_RELATIVE_TO_SNAPSHOT,ind_prs22082025.pdf,Page 2,ACTIVE,Verified raw reconstitution event,,
EVT_00846,RAW_00846,RAW,"September 30, 2025","August 22, 2025",DELETION,DELETION,RAYMONDLSL,,,Raymond Lifestyle Ltd.,,2025-SEP,FUTURE_RELATIVE_TO_SNAPSHOT,ind_prs22082025.pdf,Page 2,ACTIVE,Verified raw reconstitution event,,
EVT_00847,RAW_00847,RAW,"September 30, 2025","August 22, 2025",DELETION,DELETION,RAYMOND,,,Raymond Ltd.,,2025-SEP,FUTURE_RELATIVE_TO_SNAPSHOT,ind_prs22082025.pdf,Page 2,ACTIVE,Verified raw reconstitution event,,
EVT_00848,RAW_00848,RAW,"September 30, 2025","August 22, 2025",DELETION,DELETION,ROUTE,,,Route Mobile Ltd.,,2025-SEP,FUTURE_RELATIVE_TO_SNAPSHOT,ind_prs22082025.pdf,Page 2,ACTIVE,Verified raw reconstitution event,,
EVT_00849,RAW_00849,RAW,"September 30, 2025","August 22, 2025",DELETION,DELETION,RENUKA,,,Shree Renuka Sugars Ltd.,,2025-SEP,FUTURE_RELATIVE_TO_SNAPSHOT,ind_prs22082025.pdf,Page 2,ACTIVE,Verified raw reconstitution event,,
EVT_00850,RAW_00850,RAW,"September 30, 2025","August 22, 2025",DELETION,DELETION,SWSOLAR,,,Sterling and Wilson Renewable Energy Ltd.,,2025-SEP,FUTURE_RELATIVE_TO_SNAPSHOT,ind_prs22082025.pdf,Page 2,ACTIVE,Verified raw reconstitution event,,
EVT_00851,RAW_00851,RAW,"September 30, 2025","August 22, 2025",DELETION,DELETION,TANLA,,,Tanla Platforms Ltd.,,2025-SEP,FUTURE_RELATIVE_TO_SNAPSHOT,ind_prs22082025.pdf,Page 2,ACTIVE,Verified raw reconstitution event,,
EVT_00852,RAW_00852,RAW,"September 30, 2025","August 22, 2025",DELETION,DELETION,WESTLIFE,,,Westlife Foodworld Ltd.,,2025-SEP,FUTURE_RELATIVE_TO_SNAPSHOT,ind_prs22082025.pdf,Page 2,ACTIVE,Verified raw reconstitution event,,
EVT_00853,RAW_00853,RAW,"September 30, 2025","August 22, 2025",ADDITION,ADDITION,ABLBL,,,Aditya Birla Lifestyle Brands Ltd.,,2025-SEP,FUTURE_RELATIVE_TO_SNAPSHOT,ind_prs22082025.pdf,Page 2,ACTIVE,Verified raw reconstitution event,,
EVT_00854,RAW_00854,RAW,"September 30, 2025","August 22, 2025",ADDITION,ADDITION,AEGISVOPAK,,,Aegis Vopak Terminals Ltd.,,2025-SEP,FUTURE_RELATIVE_TO_SNAPSHOT,ind_prs22082025.pdf,Page 2,ACTIVE,Verified raw reconstitution event,,
EVT_00855,RAW_00855,RAW,"September 30, 2025","August 22, 2025",ADDITION,ADDITION,AKZOINDIA,,,Akzo Nobel India Ltd.,,2025-SEP,FUTURE_RELATIVE_TO_SNAPSHOT,ind_prs22082025.pdf,Page 2,ACTIVE,Verified raw reconstitution event,,
EVT_00856,RAW_00856,RAW,"September 30, 2025","August 22, 2025",ADDITION,ADDITION,ATHERENERG,,,Ather Energy Ltd.,,2025-SEP,FUTURE_RELATIVE_TO_SNAPSHOT,ind_prs22082025.pdf,Page 2,ACTIVE,Verified raw reconstitution event,,
EVT_00857,RAW_00857,RAW,"September 30, 2025","August 22, 2025",ADDITION,ADDITION,BLUEJET,,,Blue Jet Healthcare Ltd.,,2025-SEP,FUTURE_RELATIVE_TO_SNAPSHOT,ind_prs22082025.pdf,Page 2,ACTIVE,Verified raw reconstitution event,,
EVT_00858,RAW_00858,RAW,"September 30, 2025","August 22, 2025",ADDITION,ADDITION,CHOICEIN,,,Choice International Ltd.,,2025-SEP,FUTURE_RELATIVE_TO_SNAPSHOT,ind_prs22082025.pdf,Page 2,ACTIVE,Verified raw reconstitution event,,
EVT_00859,RAW_00859,RAW,"September 30, 2025","August 22, 2025",ADDITION,ADDITION,AGARWALEYE,,,Dr. Agarwal's Health Care Ltd.,,2025-SEP,FUTURE_RELATIVE_TO_SNAPSHOT,ind_prs22082025.pdf,Page 2,ACTIVE,Verified raw reconstitution event,,
EVT_00860,RAW_00860,RAW,"September 30, 2025","August 22, 2025",ADDITION,ADDITION,FORCEMOT,,,Force Motors Ltd.,,2025-SEP,FUTURE_RELATIVE_TO_SNAPSHOT,ind_prs22082025.pdf,Page 2,ACTIVE,Verified raw reconstitution event,,
EVT_00861,RAW_00861,RAW,"September 30, 2025","August 22, 2025",ADDITION,ADDITION,HEXT,,,Hexaware Technologies Ltd.,,2025-SEP,FUTURE_RELATIVE_TO_SNAPSHOT,ind_prs22082025.pdf,Page 2,ACTIVE,Verified raw reconstitution event,,
EVT_00862,RAW_00862,RAW,"September 30, 2025","August 22, 2025",ADDITION,ADDITION,ITCHOTELS,,,ITC Hotels Ltd.,,2025-SEP,FUTURE_RELATIVE_TO_SNAPSHOT,ind_prs22082025.pdf,Page 2,ACTIVE,Verified raw reconstitution event,,
EVT_00863,RAW_00863,RAW,"September 30, 2025","August 22, 2025",ADDITION,ADDITION,KSB,,,KSB Ltd.,,2025-SEP,FUTURE_RELATIVE_TO_SNAPSHOT,ind_prs22082025.pdf,Page 2,ACTIVE,Verified raw reconstitution event,,
EVT_00864,RAW_00864,RAW,"September 30, 2025","August 22, 2025",ADDITION,ADDITION,MAHSCOOTER,,,Maharashtra Scooters Ltd.,,2025-SEP,FUTURE_RELATIVE_TO_SNAPSHOT,ind_prs22082025.pdf,Page 3,ACTIVE,Verified raw reconstitution event,,
EVT_00865,RAW_00865,RAW,"September 30, 2025","August 22, 2025",ADDITION,ADDITION,NUVOCO,,,Nuvoco Vistas Corporation Ltd.,,2025-SEP,FUTURE_RELATIVE_TO_SNAPSHOT,ind_prs22082025.pdf,Page 3,ACTIVE,Verified raw reconstitution event,,
EVT_00866,RAW_00866,RAW,"September 30, 2025","August 22, 2025",ADDITION,ADDITION,ONESOURCE,,,Onesource Specialty Pharma Ltd.,,2025-SEP,FUTURE_RELATIVE_TO_SNAPSHOT,ind_prs22082025.pdf,Page 3,ACTIVE,Verified raw reconstitution event,,
EVT_00867,RAW_00867,RAW,"September 30, 2025","August 22, 2025",ADDITION,ADDITION,PGHH,,,Procter & Gamble Hygiene & Health Care Ltd.,,2025-SEP,FUTURE_RELATIVE_TO_SNAPSHOT,ind_prs22082025.pdf,Page 3,ACTIVE,Verified raw reconstitution event,,
EVT_00868,RAW_00868,RAW,"September 30, 2025","August 22, 2025",ADDITION,ADDITION,THELEELA,,,Schloss Bangalore Ltd.,,2025-SEP,FUTURE_RELATIVE_TO_SNAPSHOT,ind_prs22082025.pdf,Page 3,ACTIVE,Verified raw reconstitution event,,
EVT_00869,RAW_00869,RAW,"September 30, 2025","August 22, 2025",ADDITION,ADDITION,ENRIN,,,Siemens Energy India Ltd.,,2025-SEP,FUTURE_RELATIVE_TO_SNAPSHOT,ind_prs22082025.pdf,Page 3,ACTIVE,Verified raw reconstitution event,,
EVT_00870,RAW_00870,RAW,"September 30, 2025","August 22, 2025",ADDITION,ADDITION,VENTIVE,,,Ventive Hospitality Ltd.,,2025-SEP,FUTURE_RELATIVE_TO_SNAPSHOT,ind_prs22082025.pdf,Page 3,ACTIVE,Verified raw reconstitution event,,
EVT_00871,RAW_00871,RAW,"August 29, 2025","August 22, 2025",DELETION,DELETION,ABREL,,,Aditya Birla Real Estate Ltd.,,2025-SEP,FUTURE_RELATIVE_TO_SNAPSHOT,ind_prs22082025_1.pdf,Page 1,ACTIVE,Verified raw reconstitution event,,
EVT_00872,RAW_00872,RAW,"August 29, 2025","August 22, 2025",DELETION,DELETION,AEGISLOG,,,Aegis Logistics Ltd.,,2025-SEP,FUTURE_RELATIVE_TO_SNAPSHOT,ind_prs22082025_1.pdf,Page 1,ACTIVE,Verified raw reconstitution event,,
EVT_00873,RAW_00873,RAW,"August 29, 2025","August 22, 2025",DELETION,DELETION,INDIACEM,,,India Cements Ltd.,,2025-SEP,FUTURE_RELATIVE_TO_SNAPSHOT,ind_prs22082025_1.pdf,Page 1,ACTIVE,Verified raw reconstitution event,,
EVT_00874,RAW_00874,RAW,"August 29, 2025","August 22, 2025",DELETION,DELETION,PIIND,,,PI Industries Ltd.,,2025-SEP,FUTURE_RELATIVE_TO_SNAPSHOT,ind_prs22082025_1.pdf,Page 1,ACTIVE,Verified raw reconstitution event,,
EVT_00875,RAW_00875,RAW,"August 29, 2025","August 22, 2025",DELETION,DELETION,SHREECEM,,,Shree Cement Ltd.,,2025-SEP,FUTURE_RELATIVE_TO_SNAPSHOT,ind_prs22082025_1.pdf,Page 1,ACTIVE,Verified raw reconstitution event,,
EVT_00876,RAW_00876,RAW,"August 29, 2025","August 22, 2025",DELETION,DELETION,SONACOMS,,,Sona BLW Precision Forgings Ltd.,,2025-SEP,FUTURE_RELATIVE_TO_SNAPSHOT,ind_prs22082025_1.pdf,Page 1,ACTIVE,Verified raw reconstitution event,,
EVT_00877,RAW_00877,RAW,"August 29, 2025","August 22, 2025",ADDITION,ADDITION,MAXHEALTH,,,Max Healthcare Institute Ltd.,,2025-SEP,FUTURE_RELATIVE_TO_SNAPSHOT,ind_prs22082025_1.pdf,Page 1,ACTIVE,Verified raw reconstitution event,,
EVT_00878,RAW_00878,RAW,"August 29, 2025","August 22, 2025",ADDITION,ADDITION,RAYMOND,,,Raymond Ltd.,,2025-SEP,FUTURE_RELATIVE_TO_SNAPSHOT,ind_prs22082025_1.pdf,Page 1,ACTIVE,Verified raw reconstitution event,,
EVT_00879,RAW_00879,RAW,"August 29, 2025","August 22, 2025",ADDITION,ADDITION,TORNTPHARM,,,Torrent Pharmaceuticals Ltd.,,2025-SEP,FUTURE_RELATIVE_TO_SNAPSHOT,ind_prs22082025_1.pdf,Page 1,ACTIVE,Verified raw reconstitution event,,
EVT_00880,RAW_00880,RAW,"August 29, 2025","August 22, 2025",ADDITION,ADDITION,TORNTPOWER,,,Torrent Power Ltd.,,2025-SEP,FUTURE_RELATIVE_TO_SNAPSHOT,ind_prs22082025_1.pdf,Page 1,ACTIVE,Verified raw reconstitution event,,
EVT_00881,RAW_00881,RAW,"August 29, 2025","August 22, 2025",ADDITION,ADDITION,WOCKPHARMA,,,Wockhardt Ltd.,,2025-SEP,FUTURE_RELATIVE_TO_SNAPSHOT,ind_prs22082025_1.pdf,Page 1,ACTIVE,Verified raw reconstitution event,,
EVT_00882,RAW_00882,RAW,,"October 22, 2021",DELETION,DELETION,GMRINFRA,,,GMR Infrastructure Ltd.,,2021-SEP,PRIMARY_TARGET,ind_prs22102021.pdf,Page 3,ACTIVE,Verified raw reconstitution event,OVR_028,
EVT_00883,RAW_00883,RAW,,"October 22, 2021",DELETION,DELETION,SONACOMS,,,Sona BLW Precision Forgings Ltd.,,2021-SEP,PRIMARY_TARGET,ind_prs22102021.pdf,Page 3,ACTIVE,Verified raw reconstitution event,OVR_028,
EVT_00884,RAW_00884,RAW,"November 29, 2024","November 22, 2024",ADDITION,ADDITION,NSLNISP,,,NMDC Steel Ltd.,,2024-NOV,FUTURE_RELATIVE_TO_SNAPSHOT,ind_prs22112024.pdf,Page 1,ACTIVE,Verified raw reconstitution event,,
EVT_00885,RAW_00885,RAW,"November 29, 2024","November 22, 2024",ADDITION,ADDITION,SAIL,,,Steel Authority of India Ltd.,,2024-NOV,FUTURE_RELATIVE_TO_SNAPSHOT,ind_prs22112024.pdf,Page 1,ACTIVE,Verified raw reconstitution event,,
EVT_00886,RAW_00886,RAW,,"December 22, 2022",DELETION,DELETION,SAREGAMA,,,Saregama India Ltd.,,2022-DEC,PRIMARY_TARGET,ind_prs22122022.pdf,Page 1,ACTIVE,Verified raw reconstitution event,,
EVT_00887,RAW_00887,RAW,,"December 22, 2022",DELETION,DELETION,RAINBOW,,,Rainbow Childrens Medicare Ltd.,,2022-DEC,PRIMARY_TARGET,ind_prs22122022.pdf,Page 1,ACTIVE,Verified raw reconstitution event,,
EVT_00888,RAW_00888,RAW,,"February 23, 2021",DELETION,DELETION,BOMDYEING,,,Bombay Dyeing & Manufacturing Co. Ltd.,,2021-MAR,PRIMARY_TARGET,ind_prs23022021.pdf,Page 2,ACTIVE,Verified raw reconstitution event,,
EVT_00889,RAW_00889,RAW,,"February 23, 2021",DELETION,DELETION,CARERATING,,,CARE Ratings Ltd.,,2021-MAR,PRIMARY_TARGET,ind_prs23022021.pdf,Page 2,ACTIVE,Verified raw reconstitution event,,
EVT_00890,RAW_00890,RAW,,"February 23, 2021",DELETION,DELETION,CHENNPETRO,,,Chennai Petroleum Corporation Ltd.,,2021-MAR,PRIMARY_TARGET,ind_prs23022021.pdf,Page 2,ACTIVE,Verified raw reconstitution event,,
EVT_00891,RAW_00891,RAW,,"February 23, 2021",DELETION,DELETION,DBCORP,,,D.B.Corp Ltd.,,2021-MAR,PRIMARY_TARGET,ind_prs23022021.pdf,Page 2,ACTIVE,Verified raw reconstitution event,,
EVT_00892,RAW_00892,RAW,,"February 23, 2021",DELETION,DELETION,ESABINDIA,,,ESAB India Ltd.,,2021-MAR,PRIMARY_TARGET,ind_prs23022021.pdf,Page 2,ACTIVE,Verified raw reconstitution event,,
EVT_00893,RAW_00893,RAW,,"February 23, 2021",DELETION,DELETION,GMDCLTD,,,Gujarat Mineral Development Corporation Ltd.,,2021-MAR,PRIMARY_TARGET,ind_prs23022021.pdf,Page 2,ACTIVE,Verified raw reconstitution event,,
EVT_00894,RAW_00894,RAW,,"February 23, 2021",DELETION,DELETION,HATHWAY,,,Hathway Cable & Datacom Ltd.,,2021-MAR,PRIMARY_TARGET,ind_prs23022021.pdf,Page 2,ACTIVE,Verified raw reconstitution event,,
EVT_00895,RAW_00895,RAW,,"February 23, 2021",DELETION,DELETION,HERITGFOOD,,,Heritage Foods Ltd.,,2021-MAR,PRIMARY_TARGET,ind_prs23022021.pdf,Page 2,ACTIVE,Verified raw reconstitution event,,
EVT_00896,RAW_00896,RAW,,"February 23, 2021",DELETION,DELETION,ICRA,,,ICRA Ltd.,,2021-MAR,PRIMARY_TARGET,ind_prs23022021.pdf,Page 2,ACTIVE,Verified raw reconstitution event,,
EVT_00897,RAW_00897,RAW,,"February 23, 2021",DELETION,DELETION,JAGRAN,,,Jagran Prakashan Ltd.,,2021-MAR,PRIMARY_TARGET,ind_prs23022021.pdf,Page 2,ACTIVE,Verified raw reconstitution event,,
EVT_00898,RAW_00898,RAW,,"February 23, 2021",DELETION,DELETION,JAICORPLTD,,,Jai Corp Ltd.,,2021-MAR,PRIMARY_TARGET,ind_prs23022021.pdf,Page 2,ACTIVE,Verified raw reconstitution event,,
EVT_00899,RAW_00899,RAW,,"February 23, 2021",DELETION,DELETION,J&KBANK,,,Jammu & Kashmir Bank Ltd.,,2021-MAR,PRIMARY_TARGET,ind_prs23022021.pdf,Page 2,ACTIVE,Verified raw reconstitution event,,
EVT_00900,RAW_00900,RAW,,"February 23, 2021",DELETION,DELETION,KTKBANK,,,Karnataka Bank Ltd.,,2021-MAR,PRIMARY_TARGET,ind_prs23022021.pdf,Page 2,ACTIVE,Verified raw reconstitution event,,
EVT_00901,RAW_00901,RAW,,"February 23, 2021",DELETION,DELETION,KOLTEPATIL,,,Kolte-Patil Developers Ltd.,,2021-MAR,PRIMARY_TARGET,ind_prs23022021.pdf,Page 2,ACTIVE,Verified raw reconstitution event,,
EVT_00902,RAW_00902,RAW,,"February 23, 2021",DELETION,DELETION,NAVNETEDUL,,,Navneet Education Ltd.,,2021-MAR,PRIMARY_TARGET,ind_prs23022021.pdf,Page 2,ACTIVE,Verified raw reconstitution event,,
EVT_00903,RAW_00903,RAW,,"February 23, 2021",DELETION,DELETION,OMAXE,,,Omaxe Ltd.,,2021-MAR,PRIMARY_TARGET,ind_prs23022021.pdf,Page 2,ACTIVE,Verified raw reconstitution event,,
EVT_00904,RAW_00904,RAW,,"February 23, 2021",DELETION,DELETION,ORIENTCEM,,,Orient Cement Ltd.,,2021-MAR,PRIMARY_TARGET,ind_prs23022021.pdf,Page 2,ACTIVE,Verified raw reconstitution event,,
EVT_00905,RAW_00905,RAW,,"February 23, 2021",DELETION,DELETION,PRAJIND,,,Praj Industries Ltd.,,2021-MAR,PRIMARY_TARGET,ind_prs23022021.pdf,Page 2,ACTIVE,Verified raw reconstitution event,,
EVT_00906,RAW_00906,RAW,,"February 23, 2021",DELETION,DELETION,PSPPROJECT,,,PSP Projects Ltd.,,2021-MAR,PRIMARY_TARGET,ind_prs23022021.pdf,Page 2,ACTIVE,Verified raw reconstitution event,,
EVT_00907,RAW_00907,RAW,,"February 23, 2021",DELETION,DELETION,PTC,,,PTC India Ltd.,,2021-MAR,PRIMARY_TARGET,ind_prs23022021.pdf,Page 2,ACTIVE,Verified raw reconstitution event,,
EVT_00908,RAW_00908,RAW,,"February 23, 2021",DELETION,DELETION,SOUTHBANK,,,South Indian Bank Ltd.,,2021-MAR,PRIMARY_TARGET,ind_prs23022021.pdf,Page 2,ACTIVE,Verified raw reconstitution event,,
EVT_00909,RAW_00909,RAW,,"February 23, 2021",DELETION,DELETION,SWARAJENG,,,Swaraj Engines Ltd.,,2021-MAR,PRIMARY_TARGET,ind_prs23022021.pdf,Page 2,ACTIVE,Verified raw reconstitution event,,
EVT_00910,RAW_00910,RAW,,"February 23, 2021",DELETION,DELETION,TVTODAY,,,TV Today Network Ltd.,,2021-MAR,PRIMARY_TARGET,ind_prs23022021.pdf,Page 2,ACTIVE,Verified raw reconstitution event,,
EVT_00911,RAW_00911,RAW,,"February 23, 2021",DELETION,DELETION,VRLLOG,,,VRL Logistics Ltd.,,2021-MAR,PRIMARY_TARGET,ind_prs23022021.pdf,Page 2,ACTIVE,Verified raw reconstitution event,,
EVT_00912,RAW_00912,RAW,,"February 23, 2021",ADDITION,ADDITION,ANGELBRKG,,,Angel Broking Ltd.,,2021-MAR,PRIMARY_TARGET,ind_prs23022021.pdf,Page 2,ACTIVE,Verified raw reconstitution event,,
EVT_00913,RAW_00913,RAW,,"February 23, 2021",ADDITION,ADDITION,ASAHIINDIA,,,Asahi India Glass Ltd.,,2021-MAR,PRIMARY_TARGET,ind_prs23022021.pdf,Page 2,ACTIVE,Verified raw reconstitution event,,
EVT_00914,RAW_00914,RAW,,"February 23, 2021",ADDITION,ADDITION,BALAMINES,,,Balaji Amines Ltd.,,2021-MAR,PRIMARY_TARGET,ind_prs23022021.pdf,Page 2,ACTIVE,Verified raw reconstitution event,,
EVT_00915,RAW_00915,RAW,,"February 23, 2021",ADDITION,ADDITION,CAMS,,,Computer Age Management Services Ltd.,,2021-MAR,PRIMARY_TARGET,ind_prs23022021.pdf,Page 2,ACTIVE,Verified raw reconstitution event,,
EVT_00916,RAW_00916,RAW,,"February 23, 2021",ADDITION,ADDITION,HAPPSTMNDS,,,Happiest Minds Technologies Ltd.,,2021-MAR,PRIMARY_TARGET,ind_prs23022021.pdf,Page 2,ACTIVE,Verified raw reconstitution event,,
EVT_00917,RAW_00917,RAW,,"February 23, 2021",ADDITION,ADDITION,HEMIPROP,,,Hemisphere Properties India Ltd.,,2021-MAR,PRIMARY_TARGET,ind_prs23022021.pdf,Page 2,ACTIVE,Verified raw reconstitution event,,
EVT_00918,RAW_00918,RAW,,"February 23, 2021",ADDITION,ADDITION,ICIL,,,Indo Count Industries Ltd.,,2021-MAR,PRIMARY_TARGET,ind_prs23022021.pdf,Page 2,ACTIVE,Verified raw reconstitution event,,
EVT_00919,RAW_00919,RAW,,"February 23, 2021",ADDITION,ADDITION,INTELLECT,,,Intellect Design Arena Ltd.,,2021-MAR,PRIMARY_TARGET,ind_prs23022021.pdf,Page 3,ACTIVE,Verified raw reconstitution event,,
EVT_00920,RAW_00920,RAW,,"February 23, 2021",ADDITION,ADDITION,KPRMILL,,,K.P.R. Mill Ltd.,,2021-MAR,PRIMARY_TARGET,ind_prs23022021.pdf,Page 3,ACTIVE,Verified raw reconstitution event,,
EVT_00921,RAW_00921,RAW,,"February 23, 2021",ADDITION,ADDITION,KPITTECH,,,KPIT Technologies Ltd.,,2021-MAR,PRIMARY_TARGET,ind_prs23022021.pdf,Page 3,ACTIVE,Verified raw reconstitution event,,
EVT_00922,RAW_00922,RAW,,"February 23, 2021",ADDITION,ADDITION,MAXHEALTH,,,Max Healthcare Institute Ltd.,,2021-MAR,PRIMARY_TARGET,ind_prs23022021.pdf,Page 3,ACTIVE,Verified raw reconstitution event,,
EVT_00923,RAW_00923,RAW,,"February 23, 2021",ADDITION,ADDITION,MAZDOCK,,,Mazagoan Dock Shipbuilders Ltd.,,2021-MAR,PRIMARY_TARGET,ind_prs23022021.pdf,Page 3,ACTIVE,Verified raw reconstitution event,,
EVT_00924,RAW_00924,RAW,,"February 23, 2021",ADDITION,ADDITION,PRINCEPIPE,,,Prince Pipes and Fittings Ltd.,,2021-MAR,PRIMARY_TARGET,ind_prs23022021.pdf,Page 3,ACTIVE,Verified raw reconstitution event,,
EVT_00925,RAW_00925,RAW,,"February 23, 2021",ADDITION,ADDITION,RESPONIND,,,Responsive Industries Ltd.,,2021-MAR,PRIMARY_TARGET,ind_prs23022021.pdf,Page 3,ACTIVE,Verified raw reconstitution event,,
EVT_00926,RAW_00926,RAW,,"February 23, 2021",ADDITION,ADDITION,ROSSARI,,,Rossari Biotech Ltd.,,2021-MAR,PRIMARY_TARGET,ind_prs23022021.pdf,Page 3,ACTIVE,Verified raw reconstitution event,,
EVT_00927,RAW_00927,RAW,,"February 23, 2021",ADDITION,ADDITION,ROUTE,,,Route Mobile Ltd.,,2021-MAR,PRIMARY_TARGET,ind_prs23022021.pdf,Page 3,ACTIVE,Verified raw reconstitution event,,
EVT_00928,RAW_00928,RAW,,"February 23, 2021",ADDITION,ADDITION,SHARDACROP,,,Sharda Cropchem Ltd.,,2021-MAR,PRIMARY_TARGET,ind_prs23022021.pdf,Page 3,ACTIVE,Verified raw reconstitution event,,
EVT_00929,RAW_00929,RAW,,"February 23, 2021",ADDITION,ADDITION,SPANDANA,,,Spandana Sphoorty Financial Ltd.,,2021-MAR,PRIMARY_TARGET,ind_prs23022021.pdf,Page 3,ACTIVE,Verified raw reconstitution event,,
EVT_00930,RAW_00930,RAW,,"February 23, 2021",ADDITION,ADDITION,SUNCLAYLTD,,,Sundaram Clayton Ltd.,,2021-MAR,PRIMARY_TARGET,ind_prs23022021.pdf,Page 3,ACTIVE,Verified raw reconstitution event,,
EVT_00931,RAW_00931,RAW,,"February 23, 2021",ADDITION,ADDITION,TANLA,,,Tanla Platforms Ltd.,,2021-MAR,PRIMARY_TARGET,ind_prs23022021.pdf,Page 3,ACTIVE,Verified raw reconstitution event,,
EVT_00932,RAW_00932,RAW,,"February 23, 2021",ADDITION,ADDITION,TRITURBINE,,,Triveni Turbine Ltd.,,2021-MAR,PRIMARY_TARGET,ind_prs23022021.pdf,Page 3,ACTIVE,Verified raw reconstitution event,,
EVT_00933,RAW_00933,RAW,,"February 23, 2021",ADDITION,ADDITION,UTIAMC,,,UTI Asset Management Company Ltd.,,2021-MAR,PRIMARY_TARGET,ind_prs23022021.pdf,Page 3,ACTIVE,Verified raw reconstitution event,,
EVT_00934,RAW_00934,RAW,,"February 23, 2021",ADDITION,ADDITION,VALIANTORG,,,Valiant Organics Ltd.,,2021-MAR,PRIMARY_TARGET,ind_prs23022021.pdf,Page 3,ACTIVE,Verified raw reconstitution event,,
EVT_00935,RAW_00935,RAW,,"February 23, 2021",ADDITION,ADDITION,VEDL,,,Vedanta Ltd.,,2021-MAR,PRIMARY_TARGET,ind_prs23022021.pdf,Page 3,ACTIVE,Verified raw reconstitution event,,
EVT_00936,RAW_00936,RAW,"March 30, 2026","February 23, 2026",DELETION,DELETION,AKUMS,,,Akums Drugs and Pharmaceuticals Ltd.,,2026-MAR,FUTURE_RELATIVE_TO_SNAPSHOT,ind_prs23022026.pdf,Page 1,ACTIVE,Verified raw reconstitution event,,
EVT_00937,RAW_00937,RAW,"March 30, 2026","February 23, 2026",DELETION,DELETION,APLLTD,,,Alembic Pharmaceuticals Ltd.,,2026-MAR,FUTURE_RELATIVE_TO_SNAPSHOT,ind_prs23022026.pdf,Page 1,ACTIVE,Verified raw reconstitution event,,
EVT_00938,RAW_00938,RAW,"March 30, 2026","February 23, 2026",DELETION,DELETION,ALKYLAMINE,,,Alkyl Amines Chemicals Ltd.,,2026-MAR,FUTURE_RELATIVE_TO_SNAPSHOT,ind_prs23022026.pdf,Page 1,ACTIVE,Verified raw reconstitution event,,
EVT_00939,RAW_00939,RAW,"March 30, 2026","February 23, 2026",DELETION,DELETION,ALOKINDS,,,Alok Industries Ltd.,,2026-MAR,FUTURE_RELATIVE_TO_SNAPSHOT,ind_prs23022026.pdf,Page 1,ACTIVE,Verified raw reconstitution event,,
EVT_00940,RAW_00940,RAW,"March 30, 2026","February 23, 2026",DELETION,DELETION,ASTRAZEN,,,AstraZenca Pharma India Ltd.,,2026-MAR,FUTURE_RELATIVE_TO_SNAPSHOT,ind_prs23022026.pdf,Page 1,ACTIVE,Verified raw reconstitution event,,
EVT_00941,RAW_00941,RAW,"March 30, 2026","February 23, 2026",DELETION,DELETION,BASF,,,BASF India Ltd.,,2026-MAR,FUTURE_RELATIVE_TO_SNAPSHOT,ind_prs23022026.pdf,Page 1,ACTIVE,Verified raw reconstitution event,,
EVT_00942,RAW_00942,RAW,"March 30, 2026","February 23, 2026",DELETION,DELETION,CAMPUS,,,Campus Activewear Ltd.,,2026-MAR,FUTURE_RELATIVE_TO_SNAPSHOT,ind_prs23022026.pdf,Page 1,ACTIVE,Verified raw reconstitution event,,
EVT_00943,RAW_00943,RAW,"March 30, 2026","February 23, 2026",DELETION,DELETION,CENTURYPLY,,,Century Plyboards (India) Ltd.,,2026-MAR,FUTURE_RELATIVE_TO_SNAPSHOT,ind_prs23022026.pdf,Page 1,ACTIVE,Verified raw reconstitution event,,
EVT_00944,RAW_00944,RAW,"March 30, 2026","February 23, 2026",DELETION,DELETION,CERA,,,Cera Sanitaryware Ltd,,2026-MAR,FUTURE_RELATIVE_TO_SNAPSHOT,ind_prs23022026.pdf,Page 1,ACTIVE,Verified raw reconstitution event,,
EVT_00945,RAW_00945,RAW,"March 30, 2026","February 23, 2026",DELETION,DELETION,AGARWALEYE,,,Dr. Agarwal's Health Care Ltd.,,2026-MAR,FUTURE_RELATIVE_TO_SNAPSHOT,ind_prs23022026.pdf,Page 1,ACTIVE,Verified raw reconstitution event,,
EVT_00946,RAW_00946,RAW,"March 30, 2026","February 23, 2026",DELETION,DELETION,FINPIPE,,,Finolex Industries Ltd.,,2026-MAR,FUTURE_RELATIVE_TO_SNAPSHOT,ind_prs23022026.pdf,Page 1,ACTIVE,Verified raw reconstitution event,,
EVT_00947,RAW_00947,RAW,"March 30, 2026","February 23, 2026",DELETION,DELETION,GODREJAGRO,,,Godrej Agrovet Ltd.,,2026-MAR,FUTURE_RELATIVE_TO_SNAPSHOT,ind_prs23022026.pdf,Page 1,ACTIVE,Verified raw reconstitution event,,
EVT_00948,RAW_00948,RAW,"March 30, 2026","February 23, 2026",DELETION,DELETION,GUJGASLTD,,,Gujarat Gas Ltd.,,2026-MAR,FUTURE_RELATIVE_TO_SNAPSHOT,ind_prs23022026.pdf,Page 1,ACTIVE,Verified raw reconstitution event,,
EVT_00949,RAW_00949,RAW,"March 30, 2026","February 23, 2026",DELETION,DELETION,HAPPSTMNDS,,,Happiest Minds Technologies Ltd.,,2026-MAR,FUTURE_RELATIVE_TO_SNAPSHOT,ind_prs23022026.pdf,Page 1,ACTIVE,Verified raw reconstitution event,,
EVT_00950,RAW_00950,RAW,"March 30, 2026","February 23, 2026",DELETION,DELETION,INOXINDIA,,,INOX India Ltd.,,2026-MAR,FUTURE_RELATIVE_TO_SNAPSHOT,ind_prs23022026.pdf,Page 1,ACTIVE,Verified raw reconstitution event,,
EVT_00951,RAW_00951,RAW,"March 30, 2026","February 23, 2026",DELETION,DELETION,JYOTHYLAB,,,Jyothy Labs Ltd.,,2026-MAR,FUTURE_RELATIVE_TO_SNAPSHOT,ind_prs23022026.pdf,Page 1,ACTIVE,Verified raw reconstitution event,,
EVT_00952,RAW_00952,RAW,"March 30, 2026","February 23, 2026",DELETION,DELETION,KIRLOSBROS,,,Kirloskar Brothers Ltd.,,2026-MAR,FUTURE_RELATIVE_TO_SNAPSHOT,ind_prs23022026.pdf,Page 1,ACTIVE,Verified raw reconstitution event,,
EVT_00953,RAW_00953,RAW,"March 30, 2026","February 23, 2026",DELETION,DELETION,KSB,,,KSB Ltd.,,2026-MAR,FUTURE_RELATIVE_TO_SNAPSHOT,ind_prs23022026.pdf,Page 1,ACTIVE,Verified raw reconstitution event,,
EVT_00954,RAW_00954,RAW,"March 30, 2026","February 23, 2026",DELETION,DELETION,MAHSCOOTER,,,Maharashtra Scooters Ltd.,,2026-MAR,FUTURE_RELATIVE_TO_SNAPSHOT,ind_prs23022026.pdf,Page 2,ACTIVE,Verified raw reconstitution event,,
EVT_00955,RAW_00955,RAW,"March 30, 2026","February 23, 2026",DELETION,DELETION,MAHSEAMLES,,,Maharashtra Seamless Ltd.,,2026-MAR,FUTURE_RELATIVE_TO_SNAPSHOT,ind_prs23022026.pdf,Page 2,ACTIVE,Verified raw reconstitution event,,
EVT_00956,RAW_00956,RAW,"March 30, 2026","February 23, 2026",DELETION,DELETION,METROPOLIS,,,Metropolis Healthcare Ltd.,,2026-MAR,FUTURE_RELATIVE_TO_SNAPSHOT,ind_prs23022026.pdf,Page 2,ACTIVE,Verified raw reconstitution event,,
EVT_00957,RAW_00957,RAW,"March 30, 2026","February 23, 2026",DELETION,DELETION,PRAJIND,,,Praj Industries Ltd.,,2026-MAR,FUTURE_RELATIVE_TO_SNAPSHOT,ind_prs23022026.pdf,Page 2,ACTIVE,Verified raw reconstitution event,,
EVT_00958,RAW_00958,RAW,"March 30, 2026","February 23, 2026",DELETION,DELETION,PGHH,,,Procter & Gamble Hygiene & Health Care Ltd.,,2026-MAR,FUTURE_RELATIVE_TO_SNAPSHOT,ind_prs23022026.pdf,Page 2,ACTIVE,Verified raw reconstitution event,,
EVT_00959,RAW_00959,RAW,"March 30, 2026","February 23, 2026",DELETION,DELETION,RCF,,,Rashtriya Chemicals & Fertilizers Ltd.,,2026-MAR,FUTURE_RELATIVE_TO_SNAPSHOT,ind_prs23022026.pdf,Page 2,ACTIVE,Verified raw reconstitution event,,
EVT_00960,RAW_00960,RAW,"March 30, 2026","February 23, 2026",DELETION,DELETION,RELINFRA,,,Reliance Infrastructure Ltd.,,2026-MAR,FUTURE_RELATIVE_TO_SNAPSHOT,ind_prs23022026.pdf,Page 2,ACTIVE,Verified raw reconstitution event,,
EVT_00961,RAW_00961,RAW,"March 30, 2026","February 23, 2026",DELETION,DELETION,SUNDRMFAST,,,Sundram Fasteners Ltd.,,2026-MAR,FUTURE_RELATIVE_TO_SNAPSHOT,ind_prs23022026.pdf,Page 2,ACTIVE,Verified raw reconstitution event,,
EVT_00962,RAW_00962,RAW,"March 30, 2026","February 23, 2026",DELETION,DELETION,TRIVENI,,,Triveni Engineering & Industries Ltd.,,2026-MAR,FUTURE_RELATIVE_TO_SNAPSHOT,ind_prs23022026.pdf,Page 2,ACTIVE,Verified raw reconstitution event,,
EVT_00963,RAW_00963,RAW,"March 30, 2026","February 23, 2026",DELETION,DELETION,DBREALTY,,,Valor Estate Ltd.,,2026-MAR,FUTURE_RELATIVE_TO_SNAPSHOT,ind_prs23022026.pdf,Page 2,ACTIVE,Verified raw reconstitution event,,
EVT_00964,RAW_00964,RAW,"March 30, 2026","February 23, 2026",DELETION,DELETION,MANYAVAR,,,Vedant Fashions Ltd.,,2026-MAR,FUTURE_RELATIVE_TO_SNAPSHOT,ind_prs23022026.pdf,Page 2,ACTIVE,Verified raw reconstitution event,,
EVT_00965,RAW_00965,RAW,"March 30, 2026","February 23, 2026",DELETION,DELETION,VENTIVE,,,Ventive Hospitality Ltd.,,2026-MAR,FUTURE_RELATIVE_TO_SNAPSHOT,ind_prs23022026.pdf,Page 2,ACTIVE,Verified raw reconstitution event,,
EVT_00966,RAW_00966,RAW,"March 30, 2026","February 23, 2026",DELETION,DELETION,VGUARD,,,V-Guard Industries Ltd.,,2026-MAR,FUTURE_RELATIVE_TO_SNAPSHOT,ind_prs23022026.pdf,Page 2,ACTIVE,Verified raw reconstitution event,,
EVT_00967,RAW_00967,RAW,"March 30, 2026","February 23, 2026",ADDITION,ADDITION,ACUTAAS,,,Acutaas Chemicals Ltd.,,2026-MAR,FUTURE_RELATIVE_TO_SNAPSHOT,ind_prs23022026.pdf,Page 2,ACTIVE,Verified raw reconstitution event,,
EVT_00968,RAW_00968,RAW,"March 30, 2026","February 23, 2026",ADDITION,ADDITION,CPPLUS,,,Aditya Infotech Ltd.,,2026-MAR,FUTURE_RELATIVE_TO_SNAPSHOT,ind_prs23022026.pdf,Page 2,ACTIVE,Verified raw reconstitution event,,
EVT_00969,RAW_00969,RAW,"March 30, 2026","February 23, 2026",ADDITION,ADDITION,ABDL,,,Allied Blenders and Distillers Ltd.,,2026-MAR,FUTURE_RELATIVE_TO_SNAPSHOT,ind_prs23022026.pdf,Page 2,ACTIVE,Verified raw reconstitution event,,
EVT_00970,RAW_00970,RAW,"March 30, 2026","February 23, 2026",ADDITION,ADDITION,ANTHEM,,,Anthem Biosciences Ltd.,,2026-MAR,FUTURE_RELATIVE_TO_SNAPSHOT,ind_prs23022026.pdf,Page 2,ACTIVE,Verified raw reconstitution event,,
EVT_00971,RAW_00971,RAW,"March 30, 2026","February 23, 2026",ADDITION,ADDITION,ANURAS,,,Anupam Rasayan India Ltd.,,2026-MAR,FUTURE_RELATIVE_TO_SNAPSHOT,ind_prs23022026.pdf,Page 2,ACTIVE,Verified raw reconstitution event,,
EVT_00972,RAW_00972,RAW,"March 30, 2026","February 23, 2026",ADDITION,ADDITION,BELRISE,,,Belrise Industries Ltd.,,2026-MAR,FUTURE_RELATIVE_TO_SNAPSHOT,ind_prs23022026.pdf,Page 2,ACTIVE,Verified raw reconstitution event,,
EVT_00973,RAW_00973,RAW,"March 30, 2026","February 23, 2026",ADDITION,ADDITION,GROWW,,,Billionbrains Garage Ventures Ltd.,,2026-MAR,FUTURE_RELATIVE_TO_SNAPSHOT,ind_prs23022026.pdf,Page 2,ACTIVE,Verified raw reconstitution event,,
EVT_00974,RAW_00974,RAW,"March 30, 2026","February 23, 2026",ADDITION,ADDITION,CANHLIFE,,,Canara HSBC Life Insurance Company Ltd.,,2026-MAR,FUTURE_RELATIVE_TO_SNAPSHOT,ind_prs23022026.pdf,Page 2,ACTIVE,Verified raw reconstitution event,,
EVT_00975,RAW_00975,RAW,"March 30, 2026","February 23, 2026",ADDITION,ADDITION,CARTRADE,,,Cartrade Tech Ltd.,,2026-MAR,FUTURE_RELATIVE_TO_SNAPSHOT,ind_prs23022026.pdf,Page 2,ACTIVE,Verified raw reconstitution event,,
EVT_00976,RAW_00976,RAW,"March 30, 2026","February 23, 2026",ADDITION,ADDITION,CEMPRO,,,Cemindia Projects Ltd.,,2026-MAR,FUTURE_RELATIVE_TO_SNAPSHOT,ind_prs23022026.pdf,Page 2,ACTIVE,Verified raw reconstitution event,,
EVT_00977,RAW_00977,RAW,"March 30, 2026","February 23, 2026",ADDITION,ADDITION,EMMVEE,,,Emmvee Photovoltaic Power Ltd.,,2026-MAR,FUTURE_RELATIVE_TO_SNAPSHOT,ind_prs23022026.pdf,Page 2,ACTIVE,Verified raw reconstitution event,,
EVT_00978,RAW_00978,RAW,"March 30, 2026","February 23, 2026",ADDITION,ADDITION,GABRIEL,,,Gabriel India Ltd.,,2026-MAR,FUTURE_RELATIVE_TO_SNAPSHOT,ind_prs23022026.pdf,Page 2,ACTIVE,Verified raw reconstitution event,,
EVT_00979,RAW_00979,RAW,"March 30, 2026","February 23, 2026",ADDITION,ADDITION,GALLANTT,,,Gallantt Ispat Ltd.,,2026-MAR,FUTURE_RELATIVE_TO_SNAPSHOT,ind_prs23022026.pdf,Page 2,ACTIVE,Verified raw reconstitution event,,
EVT_00980,RAW_00980,RAW,"March 30, 2026","February 23, 2026",ADDITION,ADDITION,HDBFS,,,HDB Financial Services Ltd.,,2026-MAR,FUTURE_RELATIVE_TO_SNAPSHOT,ind_prs23022026.pdf,Page 2,ACTIVE,Verified raw reconstitution event,,
EVT_00981,RAW_00981,RAW,"March 30, 2026","February 23, 2026",ADDITION,ADDITION,ICICIAMC,,,ICICI Prudential Asset Management Company Ltd.,,2026-MAR,FUTURE_RELATIVE_TO_SNAPSHOT,ind_prs23022026.pdf,Page 2,ACTIVE,Verified raw reconstitution event,,
EVT_00982,RAW_00982,RAW,"March 30, 2026","February 23, 2026",ADDITION,ADDITION,JAINREC,,,Jain Resource Recycling Ltd.,,2026-MAR,FUTURE_RELATIVE_TO_SNAPSHOT,ind_prs23022026.pdf,Page 2,ACTIVE,Verified raw reconstitution event,,
EVT_00983,RAW_00983,RAW,"March 30, 2026","February 23, 2026",ADDITION,ADDITION,LENSKART,,,Lenskart Solutions Ltd.,,2026-MAR,FUTURE_RELATIVE_TO_SNAPSHOT,ind_prs23022026.pdf,Page 2,ACTIVE,Verified raw reconstitution event,,
EVT_00984,RAW_00984,RAW,"March 30, 2026","February 23, 2026",ADDITION,ADDITION,LGEINDIA,,,LG Electronics India Ltd.,,2026-MAR,FUTURE_RELATIVE_TO_SNAPSHOT,ind_prs23022026.pdf,Page 2,ACTIVE,Verified raw reconstitution event,,
EVT_00985,RAW_00985,RAW,"March 30, 2026","February 23, 2026",ADDITION,ADDITION,MEESHO,,,Meesho Ltd.,,2026-MAR,FUTURE_RELATIVE_TO_SNAPSHOT,ind_prs23022026.pdf,Page 2,ACTIVE,Verified raw reconstitution event,,
EVT_00986,RAW_00986,RAW,"March 30, 2026","February 23, 2026",ADDITION,ADDITION,PARADEEP,,,Paradeep Phosphates Ltd.,,2026-MAR,FUTURE_RELATIVE_TO_SNAPSHOT,ind_prs23022026.pdf,Page 2,ACTIVE,Verified raw reconstitution event,,
EVT_00987,RAW_00987,RAW,"March 30, 2026","February 23, 2026",ADDITION,ADDITION,PWL,,,Physicswallah Ltd.,,2026-MAR,FUTURE_RELATIVE_TO_SNAPSHOT,ind_prs23022026.pdf,Page 3,ACTIVE,Verified raw reconstitution event,,
EVT_00988,RAW_00988,RAW,"March 30, 2026","February 23, 2026",ADDITION,ADDITION,PINELABS,,,Pine Labs Ltd.,,2026-MAR,FUTURE_RELATIVE_TO_SNAPSHOT,ind_prs23022026.pdf,Page 3,ACTIVE,Verified raw reconstitution event,,
EVT_00989,RAW_00989,RAW,"March 30, 2026","February 23, 2026",ADDITION,ADDITION,PIRAMALFIN,,,Piramal Finance Ltd.,,2026-MAR,FUTURE_RELATIVE_TO_SNAPSHOT,ind_prs23022026.pdf,Page 3,ACTIVE,Verified raw reconstitution event,,
EVT_00990,RAW_00990,RAW,"March 30, 2026","February 23, 2026",ADDITION,ADDITION,SPLPETRO,,,Supreme Petrochem Ltd.,,2026-MAR,FUTURE_RELATIVE_TO_SNAPSHOT,ind_prs23022026.pdf,Page 3,ACTIVE,Verified raw reconstitution event,,
EVT_00991,RAW_00991,RAW,"March 30, 2026","February 23, 2026",ADDITION,ADDITION,TATACAP,,,Tata Capital Ltd.,,2026-MAR,FUTURE_RELATIVE_TO_SNAPSHOT,ind_prs23022026.pdf,Page 3,ACTIVE,Verified raw reconstitution event,,
EVT_00992,RAW_00992,RAW,"March 30, 2026","February 23, 2026",ADDITION,ADDITION,TMCV,,,Tata Motors Ltd.,,2026-MAR,FUTURE_RELATIVE_TO_SNAPSHOT,ind_prs23022026.pdf,Page 3,ACTIVE,Verified raw reconstitution event,,
EVT_00993,RAW_00993,RAW,"March 30, 2026","February 23, 2026",ADDITION,ADDITION,TEGA,,,Tega Industries Ltd.,,2026-MAR,FUTURE_RELATIVE_TO_SNAPSHOT,ind_prs23022026.pdf,Page 3,ACTIVE,Verified raw reconstitution event,,
EVT_00994,RAW_00994,RAW,"March 30, 2026","February 23, 2026",ADDITION,ADDITION,TENNIND,,,Tenneco Clean Air India Ltd.,,2026-MAR,FUTURE_RELATIVE_TO_SNAPSHOT,ind_prs23022026.pdf,Page 3,ACTIVE,Verified raw reconstitution event,,
EVT_00995,RAW_00995,RAW,"March 30, 2026","February 23, 2026",ADDITION,ADDITION,TRAVELFOOD,,,Travel Food Services Ltd.,,2026-MAR,FUTURE_RELATIVE_TO_SNAPSHOT,ind_prs23022026.pdf,Page 3,ACTIVE,Verified raw reconstitution event,,
EVT_00996,RAW_00996,RAW,"March 30, 2026","February 23, 2026",ADDITION,ADDITION,URBANCO,,,Urban Company Ltd.,,2026-MAR,FUTURE_RELATIVE_TO_SNAPSHOT,ind_prs23022026.pdf,Page 3,ACTIVE,Verified raw reconstitution event,,
EVT_00997,RAW_00997,RAW,"March 30, 2026","February 23, 2026",ADDITION,ADDITION,ZYDUSWELL,,,Zydus Wellness Ltd.,,2026-MAR,FUTURE_RELATIVE_TO_SNAPSHOT,ind_prs23022026.pdf,Page 3,ACTIVE,Verified raw reconstitution event,,
EVT_00998,RAW_00998,RAW,"March 27, 2020","March 23, 2020",DELETION,DELETION,GAYAPROJ,,,Gayatri Projects Ltd.,,2020-MAR,FUTURE_RELATIVE_TO_SNAPSHOT,ind_prs23032020.pdf,Page 1,ACTIVE,Verified raw reconstitution event,OVR_030,
EVT_00999,RAW_00999,RAW,"March 27, 2020","March 23, 2020",DELETION,DELETION,FLUOROCHEM,,,Gujarat Fluorochemicals Ltd.,,2020-MAR,FUTURE_RELATIVE_TO_SNAPSHOT,ind_prs23032020.pdf,Page 1,ACTIVE,Verified raw reconstitution event,OVR_030,
EVT_01000,RAW_01000,RAW,"August 30, 2022","August 23, 2022",DELETION,DELETION,AARTIDRUGS,,,Aarti Drugs Ltd.,,2022-SEP,FUTURE_RELATIVE_TO_SNAPSHOT,ind_prs23082022.pdf,Page 1,ACTIVE,Verified raw reconstitution event,,
EVT_01001,RAW_01001,RAW,"August 30, 2022","August 23, 2022",DELETION,DELETION,CROMPTON,,,Crompton Greaves Consumer Electricals Ltd.,,2022-SEP,FUTURE_RELATIVE_TO_SNAPSHOT,ind_prs23082022.pdf,Page 1,ACTIVE,Verified raw reconstitution event,,
EVT_01002,RAW_01002,RAW,"August 30, 2022","August 23, 2022",DELETION,DELETION,GODREJAGRO,,,Godrej Agrovet Ltd.,,2022-SEP,FUTURE_RELATIVE_TO_SNAPSHOT,ind_prs23082022.pdf,Page 1,ACTIVE,Verified raw reconstitution event,,
EVT_01003,RAW_01003,RAW,"August 30, 2022","August 23, 2022",DELETION,DELETION,ROUTE,,,Route Mobile Ltd.,,2022-SEP,FUTURE_RELATIVE_TO_SNAPSHOT,ind_prs23082022.pdf,Page 1,ACTIVE,Verified raw reconstitution event,,
EVT_01004,RAW_01004,RAW,"August 30, 2022","August 23, 2022",DELETION,DELETION,SUDARSCHEM,,,Sudarshan Chemical Industries Ltd.,,2022-SEP,FUTURE_RELATIVE_TO_SNAPSHOT,ind_prs23082022.pdf,Page 1,ACTIVE,Verified raw reconstitution event,,
EVT_01005,RAW_01005,RAW,"August 30, 2022","August 23, 2022",DELETION,DELETION,WELCORP,,,Welspun Corp Ltd.,,2022-SEP,FUTURE_RELATIVE_TO_SNAPSHOT,ind_prs23082022.pdf,Page 1,ACTIVE,Verified raw reconstitution event,,
EVT_01006,RAW_01006,RAW,"August 30, 2022","August 23, 2022",ADDITION,ADDITION,BORORENEW,,,Borosil Renewables Ltd.,,2022-SEP,FUTURE_RELATIVE_TO_SNAPSHOT,ind_prs23082022.pdf,Page 1,ACTIVE,Verified raw reconstitution event,,
EVT_01007,RAW_01007,RAW,"August 30, 2022","August 23, 2022",ADDITION,ADDITION,CLEAN,,,Clean Science and Technology Ltd.,,2022-SEP,FUTURE_RELATIVE_TO_SNAPSHOT,ind_prs23082022.pdf,Page 1,ACTIVE,Verified raw reconstitution event,,
EVT_01008,RAW_01008,RAW,"August 30, 2022","August 23, 2022",ADDITION,ADDITION,GPPL,,,Gujarat Pipavav Port Ltd.,,2022-SEP,FUTURE_RELATIVE_TO_SNAPSHOT,ind_prs23082022.pdf,Page 1,ACTIVE,Verified raw reconstitution event,,
EVT_01009,RAW_01009,RAW,"August 30, 2022","August 23, 2022",ADDITION,ADDITION,NUVOCO,,,Nuvoco Vistas Corporation Ltd.,,2022-SEP,FUTURE_RELATIVE_TO_SNAPSHOT,ind_prs23082022.pdf,Page 1,ACTIVE,Verified raw reconstitution event,,
EVT_01010,RAW_01010,RAW,"August 30, 2022","August 23, 2022",ADDITION,ADDITION,SHREECEM,,,Shree Cement Ltd.,,2022-SEP,FUTURE_RELATIVE_TO_SNAPSHOT,ind_prs23082022.pdf,Page 2,ACTIVE,Verified raw reconstitution event,,
EVT_01011,RAW_01011,RAW,"August 30, 2022","August 23, 2022",ADDITION,ADDITION,SOBHA,,,Sobha Ltd.,,2022-SEP,FUTURE_RELATIVE_TO_SNAPSHOT,ind_prs23082022.pdf,Page 2,ACTIVE,Verified raw reconstitution event,,
EVT_01012,RAW_01012,RAW,"August 30, 2022","August 23, 2022",ADDITION,ADDITION,VIPIND,,,V.I.P. Industries Ltd.,,2022-SEP,FUTURE_RELATIVE_TO_SNAPSHOT,ind_prs23082022.pdf,Page 2,ACTIVE,Verified raw reconstitution event,,
EVT_01013,RAW_01013,RAW,"August 30, 2022","August 23, 2022",ADDITION,ADDITION,ZENSARTECH,,,Zensar Technolgies Ltd.,,2022-SEP,FUTURE_RELATIVE_TO_SNAPSHOT,ind_prs23082022.pdf,Page 2,ACTIVE,Verified raw reconstitution event,,
EVT_01014,RAW_01014,RAW,"August 30, 2022","August 23, 2022",ADDITION,ADDITION,ZFCVINDIA,,,ZF Commercial Vehicle Control Systems India Ltd.,,2022-SEP,FUTURE_RELATIVE_TO_SNAPSHOT,ind_prs23082022.pdf,Page 2,ACTIVE,Verified raw reconstitution event,,
EVT_01015,RAW_01015,RAW,"August 30, 2022","August 23, 2022",ADDITION,ADDITION,ZYDUSLIFE,,,Zydus Lifesciences Ltd.,,2022-SEP,FUTURE_RELATIVE_TO_SNAPSHOT,ind_prs23082022.pdf,Page 2,ACTIVE,Verified raw reconstitution event,,
EVT_01016,RAW_01016,RAW,"August 31, 2023","August 23, 2023",DELETION,DELETION,GPPL,,,Gujarat Pipavav Port Ltd.,,2023-SEP,FUTURE_RELATIVE_TO_SNAPSHOT,ind_prs23082023.pdf,Page 1,ACTIVE,Verified raw reconstitution event,,
EVT_01017,RAW_01017,RAW,"August 31, 2023","August 23, 2023",DELETION,DELETION,MAHLIFE,,,Mahindra Lifespace Developers Ltd.,,2023-SEP,FUTURE_RELATIVE_TO_SNAPSHOT,ind_prs23082023.pdf,Page 1,ACTIVE,Verified raw reconstitution event,,
EVT_01018,RAW_01018,RAW,"August 31, 2023","August 23, 2023",DELETION,DELETION,MAHLOG,,,Mahindra Logistics Ltd.,,2023-SEP,FUTURE_RELATIVE_TO_SNAPSHOT,ind_prs23082023.pdf,Page 1,ACTIVE,Verified raw reconstitution event,,
EVT_01019,RAW_01019,RAW,"August 31, 2023","August 23, 2023",DELETION,DELETION,PFIZER,,,Pfizer Ltd.,,2023-SEP,FUTURE_RELATIVE_TO_SNAPSHOT,ind_prs23082023.pdf,Page 1,ACTIVE,Verified raw reconstitution event,,
EVT_01020,RAW_01020,RAW,"August 31, 2023","August 23, 2023",DELETION,DELETION,ZENSARTECH,,,Zensar Technolgies Ltd.,,2023-SEP,FUTURE_RELATIVE_TO_SNAPSHOT,ind_prs23082023.pdf,Page 1,ACTIVE,Verified raw reconstitution event,,
EVT_01021,RAW_01021,RAW,"August 31, 2023","August 23, 2023",DELETION,DELETION,ZYDUSLIFE,,,Zydus Lifesciences Ltd.,,2023-SEP,FUTURE_RELATIVE_TO_SNAPSHOT,ind_prs23082023.pdf,Page 1,ACTIVE,Verified raw reconstitution event,,
EVT_01022,RAW_01022,RAW,"August 31, 2023","August 23, 2023",ADDITION,ADDITION,AEGISCHEM,,,Aegis Logistics Ltd.,,2023-SEP,FUTURE_RELATIVE_TO_SNAPSHOT,ind_prs23082023.pdf,Page 1,ACTIVE,Verified raw reconstitution event,,
EVT_01023,RAW_01023,RAW,"August 31, 2023","August 23, 2023",ADDITION,ADDITION,ACI,,,Archean Chemical Industries Ltd.,,2023-SEP,FUTURE_RELATIVE_TO_SNAPSHOT,ind_prs23082023.pdf,Page 1,ACTIVE,Verified raw reconstitution event,,
EVT_01024,RAW_01024,RAW,"August 31, 2023","August 23, 2023",ADDITION,ADDITION,BIOCON,,,Biocon Ltd.,,2023-SEP,FUTURE_RELATIVE_TO_SNAPSHOT,ind_prs23082023.pdf,Page 1,ACTIVE,Verified raw reconstitution event,,
EVT_01025,RAW_01025,RAW,"August 31, 2023","August 23, 2023",ADDITION,ADDITION,METROPOLIS,,,Metropolis Healthcare Ltd.,,2023-SEP,FUTURE_RELATIVE_TO_SNAPSHOT,ind_prs23082023.pdf,Page 1,ACTIVE,Verified raw reconstitution event,,
EVT_01026,RAW_01026,RAW,"August 31, 2023","August 23, 2023",ADDITION,ADDITION,THERMAX,,,Thermax Ltd.,,2023-SEP,FUTURE_RELATIVE_TO_SNAPSHOT,ind_prs23082023.pdf,Page 1,ACTIVE,Verified raw reconstitution event,,
EVT_01027,RAW_01027,RAW,"September 30, 2024","August 23, 2024",DELETION,DELETION,AETHER,,,Aether Industries Ltd.,,2024-SEP,FUTURE_RELATIVE_TO_SNAPSHOT,ind_prs23082024.pdf,Page 3,ACTIVE,Verified raw reconstitution event,OVR_031,
EVT_01028,RAW_01028,RAW,"September 30, 2024","August 23, 2024",DELETION,DELETION,ALLCARGO,,,Allcargo Logistics Ltd.,,2024-SEP,FUTURE_RELATIVE_TO_SNAPSHOT,ind_prs23082024.pdf,Page 3,ACTIVE,Verified raw reconstitution event,OVR_031,
EVT_01029,RAW_01029,RAW,"September 30, 2024","August 23, 2024",DELETION,DELETION,ANURAS,,,Anupam Rasayan India Ltd.,,2024-SEP,FUTURE_RELATIVE_TO_SNAPSHOT,ind_prs23082024.pdf,Page 3,ACTIVE,Verified raw reconstitution event,OVR_031,
EVT_01030,RAW_01030,RAW,"September 30, 2024","August 23, 2024",DELETION,DELETION,BORORENEW,,,Borosil Renewables Ltd.,,2024-SEP,FUTURE_RELATIVE_TO_SNAPSHOT,ind_prs23082024.pdf,Page 3,ACTIVE,Verified raw reconstitution event,OVR_031,
EVT_01031,RAW_01031,RAW,"September 30, 2024","August 23, 2024",DELETION,DELETION,CSBBANK,,,CSB Bank Ltd.,,2024-SEP,FUTURE_RELATIVE_TO_SNAPSHOT,ind_prs23082024.pdf,Page 3,ACTIVE,Verified raw reconstitution event,OVR_031,
EVT_01032,RAW_01032,RAW,"September 30, 2024","August 23, 2024",DELETION,DELETION,DCMSHRIRAM,,,DCM Shriram Ltd.,,2024-SEP,FUTURE_RELATIVE_TO_SNAPSHOT,ind_prs23082024.pdf,Page 3,ACTIVE,Verified raw reconstitution event,OVR_031,
EVT_01033,RAW_01033,RAW,"September 30, 2024","August 23, 2024",DELETION,DELETION,EPL,,,EPL Ltd.,,2024-SEP,FUTURE_RELATIVE_TO_SNAPSHOT,ind_prs23082024.pdf,Page 3,ACTIVE,Verified raw reconstitution event,OVR_031,
EVT_01034,RAW_01034,RAW,"September 30, 2024","August 23, 2024",DELETION,DELETION,FDC,,,FDC Ltd.,,2024-SEP,FUTURE_RELATIVE_TO_SNAPSHOT,ind_prs23082024.pdf,Page 3,ACTIVE,Verified raw reconstitution event,OVR_031,
EVT_01035,RAW_01035,RAW,"September 30, 2024","August 23, 2024",DELETION,DELETION,GLS,,,Glenmark Life Sciences Ltd.,,2024-SEP,FUTURE_RELATIVE_TO_SNAPSHOT,ind_prs23082024.pdf,Page 3,ACTIVE,Verified raw reconstitution event,OVR_031,
EVT_01036,RAW_01036,RAW,"September 30, 2024","August 23, 2024",DELETION,DELETION,GMMPFAUDLR,,,GMM Pfaudler Ltd.,,2024-SEP,FUTURE_RELATIVE_TO_SNAPSHOT,ind_prs23082024.pdf,Page 3,ACTIVE,Verified raw reconstitution event,OVR_031,
EVT_01037,RAW_01037,RAW,"September 30, 2024","August 23, 2024",DELETION,DELETION,HAPPYFORGE,,,Happy Forgings Ltd.,,2024-SEP,FUTURE_RELATIVE_TO_SNAPSHOT,ind_prs23082024.pdf,Page 3,ACTIVE,Verified raw reconstitution event,OVR_031,
EVT_01038,RAW_01038,RAW,"September 30, 2024","August 23, 2024",DELETION,DELETION,INDIGOPNTS,,,Indigo Paints Ltd.,,2024-SEP,FUTURE_RELATIVE_TO_SNAPSHOT,ind_prs23082024.pdf,Page 3,ACTIVE,Verified raw reconstitution event,OVR_031,
EVT_01039,RAW_01039,RAW,"September 30, 2024","August 23, 2024",DELETION,DELETION,JAIBALAJI,,,Jai Balaji Industries Ltd.,,2024-SEP,FUTURE_RELATIVE_TO_SNAPSHOT,ind_prs23082024.pdf,Page 3,ACTIVE,Verified raw reconstitution event,OVR_031,
EVT_01040,RAW_01040,RAW,"September 30, 2024","August 23, 2024",DELETION,DELETION,JKPAPER,,,JK Paper Ltd.,,2024-SEP,FUTURE_RELATIVE_TO_SNAPSHOT,ind_prs23082024.pdf,Page 3,ACTIVE,Verified raw reconstitution event,OVR_031,
EVT_01041,RAW_01041,RAW,"September 30, 2024","August 23, 2024",DELETION,DELETION,KRBL,,,KRBL Ltd.,,2024-SEP,FUTURE_RELATIVE_TO_SNAPSHOT,ind_prs23082024.pdf,Page 3,ACTIVE,Verified raw reconstitution event,OVR_031,
EVT_01042,RAW_01042,RAW,"September 30, 2024","August 23, 2024",DELETION,DELETION,LXCHEM,,,Laxmi Organic Industries Ltd.,,2024-SEP,FUTURE_RELATIVE_TO_SNAPSHOT,ind_prs23082024.pdf,Page 3,ACTIVE,Verified raw reconstitution event,OVR_031,
EVT_01043,RAW_01043,RAW,"September 30, 2024","August 23, 2024",DELETION,DELETION,MHRIL,,,Mahindra Holidays & Resorts India Ltd.,,2024-SEP,FUTURE_RELATIVE_TO_SNAPSHOT,ind_prs23082024.pdf,Page 3,ACTIVE,Verified raw reconstitution event,OVR_031,
EVT_01044,RAW_01044,RAW,"September 30, 2024","August 23, 2024",DELETION,DELETION,MEDPLUS,,,Medplus Health Services Ltd.,,2024-SEP,FUTURE_RELATIVE_TO_SNAPSHOT,ind_prs23082024.pdf,Page 3,ACTIVE,Verified raw reconstitution event,OVR_031,
EVT_01045,RAW_01045,RAW,"September 30, 2024","August 23, 2024",DELETION,DELETION,MTARTECH,,,MTAR Technologies Ltd.,,2024-SEP,FUTURE_RELATIVE_TO_SNAPSHOT,ind_prs23082024.pdf,Page 3,ACTIVE,Verified raw reconstitution event,OVR_031,
EVT_01046,RAW_01046,RAW,"September 30, 2024","August 23, 2024",DELETION,DELETION,PRINCEPIPE,,,Prince Pipes and Fittings Ltd.,,2024-SEP,FUTURE_RELATIVE_TO_SNAPSHOT,ind_prs23082024.pdf,Page 3,ACTIVE,Verified raw reconstitution event,OVR_031,
EVT_01047,RAW_01047,RAW,"September 30, 2024","August 23, 2024",DELETION,DELETION,RBA,,,Restaurant Brands Asia Ltd.,,2024-SEP,FUTURE_RELATIVE_TO_SNAPSHOT,ind_prs23082024.pdf,Page 3,ACTIVE,Verified raw reconstitution event,OVR_031,
EVT_01048,RAW_01048,RAW,"September 30, 2024","August 23, 2024",DELETION,DELETION,SAFARI,,,Safari Industries (India) Ltd.,,2024-SEP,FUTURE_RELATIVE_TO_SNAPSHOT,ind_prs23082024.pdf,Page 3,ACTIVE,Verified raw reconstitution event,OVR_031,
EVT_01049,RAW_01049,RAW,"September 30, 2024","August 23, 2024",DELETION,DELETION,STLTECH,,,Sterlite Technologies Ltd.,,2024-SEP,FUTURE_RELATIVE_TO_SNAPSHOT,ind_prs23082024.pdf,Page 3,ACTIVE,Verified raw reconstitution event,OVR_031,
EVT_01050,RAW_01050,RAW,"September 30, 2024","August 23, 2024",DELETION,DELETION,SUNTECK,,,Sunteck Realty Ltd.,,2024-SEP,FUTURE_RELATIVE_TO_SNAPSHOT,ind_prs23082024.pdf,Page 3,ACTIVE,Verified raw reconstitution event,OVR_031,
EVT_01051,RAW_01051,RAW,"September 30, 2024","August 23, 2024",DELETION,DELETION,TMB,,,Tamilnad Mercantile Bank Ltd.,,2024-SEP,FUTURE_RELATIVE_TO_SNAPSHOT,ind_prs23082024.pdf,Page 3,ACTIVE,Verified raw reconstitution event,OVR_031,
EVT_01052,RAW_01052,RAW,"September 30, 2024","August 23, 2024",DELETION,DELETION,VAIBHAVGBL,,,Vaibhav Global Ltd.,,2024-SEP,FUTURE_RELATIVE_TO_SNAPSHOT,ind_prs23082024.pdf,Page 3,ACTIVE,Verified raw reconstitution event,OVR_031,
EVT_01053,RAW_01053,RAW,"September 30, 2024","August 23, 2024",DELETION,DELETION,IDEA,,,Vodafone Idea Ltd.,,2024-SEP,FUTURE_RELATIVE_TO_SNAPSHOT,ind_prs23082024.pdf,Page 3,ACTIVE,Verified raw reconstitution event,OVR_031,
EVT_01054,RAW_01054,RAW,"September 30, 2024","August 23, 2024",ADDITION,ADDITION,AADHARHFC,,,Aadhar Housing Finance Ltd.,,2024-SEP,FUTURE_RELATIVE_TO_SNAPSHOT,ind_prs23082024.pdf,Page 3,ACTIVE,Verified raw reconstitution event,OVR_031,
EVT_01055,RAW_01055,RAW,"September 30, 2024","August 23, 2024",ADDITION,ADDITION,ABSLAMC,,,Aditya Birla Sun Life AMC Ltd.,,2024-SEP,FUTURE_RELATIVE_TO_SNAPSHOT,ind_prs23082024.pdf,Page 3,ACTIVE,Verified raw reconstitution event,OVR_031,
EVT_01056,RAW_01056,RAW,"September 30, 2024","August 23, 2024",ADDITION,ADDITION,ANANTRAJ,,,Anant Raj Ltd.,,2024-SEP,FUTURE_RELATIVE_TO_SNAPSHOT,ind_prs23082024.pdf,Page 4,ACTIVE,Verified raw reconstitution event,OVR_031,
EVT_01057,RAW_01057,RAW,"September 30, 2024","August 23, 2024",ADDITION,ADDITION,BASF,,,BASF India Ltd.,,2024-SEP,FUTURE_RELATIVE_TO_SNAPSHOT,ind_prs23082024.pdf,Page 4,ACTIVE,Verified raw reconstitution event,OVR_031,
EVT_01058,RAW_01058,RAW,"September 30, 2024","August 23, 2024",ADDITION,ADDITION,BHARTIHEXA,,,Bharti Hexacom Ltd.,,2024-SEP,FUTURE_RELATIVE_TO_SNAPSHOT,ind_prs23082024.pdf,Page 4,ACTIVE,Verified raw reconstitution event,OVR_031,
EVT_01059,RAW_01059,RAW,"September 30, 2024","August 23, 2024",ADDITION,ADDITION,GRINFRA,,,G R Infraprojects Ltd.,,2024-SEP,FUTURE_RELATIVE_TO_SNAPSHOT,ind_prs23082024.pdf,Page 4,ACTIVE,Verified raw reconstitution event,OVR_031,
EVT_01060,RAW_01060,RAW,"September 30, 2024","August 23, 2024",ADDITION,ADDITION,GET&D,,,GE T&D India Ltd.,,2024-SEP,FUTURE_RELATIVE_TO_SNAPSHOT,ind_prs23082024.pdf,Page 4,ACTIVE,Verified raw reconstitution event,OVR_031,
EVT_01061,RAW_01061,RAW,"September 30, 2024","August 23, 2024",ADDITION,ADDITION,GODIGIT,,,Go Digit General Insurance Ltd.,,2024-SEP,FUTURE_RELATIVE_TO_SNAPSHOT,ind_prs23082024.pdf,Page 4,ACTIVE,Verified raw reconstitution event,OVR_031,
EVT_01062,RAW_01062,RAW,"September 30, 2024","August 23, 2024",ADDITION,ADDITION,GODREJAGRO,,,Godrej Agrovet Ltd.,,2024-SEP,FUTURE_RELATIVE_TO_SNAPSHOT,ind_prs23082024.pdf,Page 4,ACTIVE,Verified raw reconstitution event,OVR_031,
EVT_01063,RAW_01063,RAW,"September 30, 2024","August 23, 2024",ADDITION,ADDITION,IFCI,,,IFCI Ltd.,,2024-SEP,FUTURE_RELATIVE_TO_SNAPSHOT,ind_prs23082024.pdf,Page 4,ACTIVE,Verified raw reconstitution event,OVR_031,
EVT_01064,RAW_01064,RAW,"September 30, 2024","August 23, 2024",ADDITION,ADDITION,INDGN,,,Indegene Ltd.,,2024-SEP,FUTURE_RELATIVE_TO_SNAPSHOT,ind_prs23082024.pdf,Page 4,ACTIVE,Verified raw reconstitution event,OVR_031,
EVT_01065,RAW_01065,RAW,"September 30, 2024","August 23, 2024",ADDITION,ADDITION,IREDA,,,Indian Renewable Energy Development Agency Ltd.,,2024-SEP,FUTURE_RELATIVE_TO_SNAPSHOT,ind_prs23082024.pdf,Page 4,ACTIVE,Verified raw reconstitution event,OVR_031,
EVT_01066,RAW_01066,RAW,"September 30, 2024","August 23, 2024",ADDITION,ADDITION,INOXINDIA,,,INOX India Ltd.,,2024-SEP,FUTURE_RELATIVE_TO_SNAPSHOT,ind_prs23082024.pdf,Page 4,ACTIVE,Verified raw reconstitution event,OVR_031,
EVT_01067,RAW_01067,RAW,"September 30, 2024","August 23, 2024",ADDITION,ADDITION,JPPOWER,,,Jaiprakash Power Ventures Ltd.,,2024-SEP,FUTURE_RELATIVE_TO_SNAPSHOT,ind_prs23082024.pdf,Page 4,ACTIVE,Verified raw reconstitution event,OVR_031,
EVT_01068,RAW_01068,RAW,"September 30, 2024","August 23, 2024",ADDITION,ADDITION,JKTYRE,,,JK Tyre & Industries Ltd.,,2024-SEP,FUTURE_RELATIVE_TO_SNAPSHOT,ind_prs23082024.pdf,Page 4,ACTIVE,Verified raw reconstitution event,OVR_031,
EVT_01069,RAW_01069,RAW,"September 30, 2024","August 23, 2024",ADDITION,ADDITION,JYOTICNC,,,Jyoti CNC Automation Ltd.,,2024-SEP,FUTURE_RELATIVE_TO_SNAPSHOT,ind_prs23082024.pdf,Page 4,ACTIVE,Verified raw reconstitution event,OVR_031,
EVT_01070,RAW_01070,RAW,"September 30, 2024","August 23, 2024",ADDITION,ADDITION,KIRLOSBROS,,,Kirloskar Brothers Ltd.,,2024-SEP,FUTURE_RELATIVE_TO_SNAPSHOT,ind_prs23082024.pdf,Page 4,ACTIVE,Verified raw reconstitution event,OVR_031,
EVT_01071,RAW_01071,RAW,"September 30, 2024","August 23, 2024",ADDITION,ADDITION,KIRLOSENG,,,Kirloskar Oil Eng Ltd.,,2024-SEP,FUTURE_RELATIVE_TO_SNAPSHOT,ind_prs23082024.pdf,Page 4,ACTIVE,Verified raw reconstitution event,OVR_031,
EVT_01072,RAW_01072,RAW,"September 30, 2024","August 23, 2024",ADDITION,ADDITION,NETWEB,,,Netweb Technologies India Ltd.,,2024-SEP,FUTURE_RELATIVE_TO_SNAPSHOT,ind_prs23082024.pdf,Page 4,ACTIVE,Verified raw reconstitution event,OVR_031,
EVT_01073,RAW_01073,RAW,"September 30, 2024","August 23, 2024",ADDITION,ADDITION,NEWGEN,,,Newgen Software Technologies Ltd.,,2024-SEP,FUTURE_RELATIVE_TO_SNAPSHOT,ind_prs23082024.pdf,Page 4,ACTIVE,Verified raw reconstitution event,OVR_031,
EVT_01074,RAW_01074,RAW,"September 30, 2024","August 23, 2024",ADDITION,ADDITION,PFIZER,,,Pfizer Ltd.,,2024-SEP,FUTURE_RELATIVE_TO_SNAPSHOT,ind_prs23082024.pdf,Page 4,ACTIVE,Verified raw reconstitution event,OVR_031,
EVT_01075,RAW_01075,RAW,"September 30, 2024","August 23, 2024",ADDITION,ADDITION,PTCIL,,,PTC Industries Ltd.,,2024-SEP,FUTURE_RELATIVE_TO_SNAPSHOT,ind_prs23082024.pdf,Page 4,ACTIVE,Verified raw reconstitution event,OVR_031,
EVT_01076,RAW_01076,RAW,"September 30, 2024","August 23, 2024",ADDITION,ADDITION,SCI,,,Shipping Corporation of India Ltd.,,2024-SEP,FUTURE_RELATIVE_TO_SNAPSHOT,ind_prs23082024.pdf,Page 4,ACTIVE,Verified raw reconstitution event,OVR_031,
EVT_01077,RAW_01077,RAW,"September 30, 2024","August 23, 2024",ADDITION,ADDITION,TBOTEK,,,TBO Tek Ltd.,,2024-SEP,FUTURE_RELATIVE_TO_SNAPSHOT,ind_prs23082024.pdf,Page 4,ACTIVE,Verified raw reconstitution event,OVR_031,
EVT_01078,RAW_01078,RAW,"September 30, 2024","August 23, 2024",ADDITION,ADDITION,TECHNOE,,,Techno Electric & Engineering Company Ltd.,,2024-SEP,FUTURE_RELATIVE_TO_SNAPSHOT,ind_prs23082024.pdf,Page 4,ACTIVE,Verified raw reconstitution event,OVR_031,
EVT_01079,RAW_01079,RAW,"September 30, 2024","August 23, 2024",ADDITION,ADDITION,DBREALTY,,,Valor Estate Ltd.,,2024-SEP,FUTURE_RELATIVE_TO_SNAPSHOT,ind_prs23082024.pdf,Page 4,ACTIVE,Verified raw reconstitution event,OVR_031,
EVT_01080,RAW_01080,RAW,"September 30, 2024","August 23, 2024",ADDITION,ADDITION,VINATIORGA,,,Vinati Organics Ltd.,,2024-SEP,FUTURE_RELATIVE_TO_SNAPSHOT,ind_prs23082024.pdf,Page 4,ACTIVE,Verified raw reconstitution event,OVR_031,
EVT_01081,RAW_01081,RAW,"September 30, 2024","September 23, 2024",DELETION,DELETION,AETHER,,,Aether Industries Ltd.,,2024-SEP,FUTURE_RELATIVE_TO_SNAPSHOT,ind_prs23092024.pdf,Page 5,ACTIVE,Verified raw reconstitution event,OVR_033,
EVT_01082,RAW_01082,RAW,"September 30, 2024","September 23, 2024",DELETION,DELETION,ALLCARGO,,,Allcargo Logistics Ltd.,,2024-SEP,FUTURE_RELATIVE_TO_SNAPSHOT,ind_prs23092024.pdf,Page 5,ACTIVE,Verified raw reconstitution event,OVR_033,
EVT_01083,RAW_01083,RAW,"September 30, 2024","September 23, 2024",DELETION,DELETION,ANURAS,,,Anupam Rasayan India Ltd.,,2024-SEP,FUTURE_RELATIVE_TO_SNAPSHOT,ind_prs23092024.pdf,Page 5,ACTIVE,Verified raw reconstitution event,OVR_033,
EVT_01084,RAW_01084,RAW,"September 30, 2024","September 23, 2024",DELETION,DELETION,BEL,,,Bharat Electronics Ltd.,,2024-SEP,FUTURE_RELATIVE_TO_SNAPSHOT,ind_prs23092024.pdf,Page 5,ACTIVE,Verified raw reconstitution event,OVR_033,
EVT_01085,RAW_01085,RAW,"September 30, 2024","September 23, 2024",DELETION,DELETION,CLEAN,,,Clean Science and Technology Ltd.,,2024-SEP,FUTURE_RELATIVE_TO_SNAPSHOT,ind_prs23092024.pdf,Page 5,ACTIVE,Verified raw reconstitution event,OVR_033,
EVT_01086,RAW_01086,RAW,"September 30, 2024","September 23, 2024",DELETION,DELETION,ENGINERSIN,,,Engineers India Ltd.,,2024-SEP,FUTURE_RELATIVE_TO_SNAPSHOT,ind_prs23092024.pdf,Page 5,ACTIVE,Verified raw reconstitution event,OVR_033,
EVT_01087,RAW_01087,RAW,"September 30, 2024","September 23, 2024",DELETION,DELETION,EPL,,,EPL Ltd.,,2024-SEP,FUTURE_RELATIVE_TO_SNAPSHOT,ind_prs23092024.pdf,Page 5,ACTIVE,Verified raw reconstitution event,OVR_033,
EVT_01088,RAW_01088,RAW,"September 30, 2024","September 23, 2024",DELETION,DELETION,FDC,,,FDC Ltd.,,2024-SEP,FUTURE_RELATIVE_TO_SNAPSHOT,ind_prs23092024.pdf,Page 5,ACTIVE,Verified raw reconstitution event,OVR_033,
EVT_01089,RAW_01089,RAW,"September 30, 2024","September 23, 2024",DELETION,DELETION,GLS,,,Glenmark Life Sciences Ltd.,,2024-SEP,FUTURE_RELATIVE_TO_SNAPSHOT,ind_prs23092024.pdf,Page 5,ACTIVE,Verified raw reconstitution event,OVR_033,
EVT_01090,RAW_01090,RAW,"September 30, 2024","September 23, 2024",DELETION,DELETION,GMMPFAUDLR,,,GMM Pfaudler Ltd.,,2024-SEP,FUTURE_RELATIVE_TO_SNAPSHOT,ind_prs23092024.pdf,Page 5,ACTIVE,Verified raw reconstitution event,OVR_033,
EVT_01091,RAW_01091,RAW,"September 30, 2024","September 23, 2024",DELETION,DELETION,HAPPYFORGE,,,Happy Forgings Ltd.,,2024-SEP,FUTURE_RELATIVE_TO_SNAPSHOT,ind_prs23092024.pdf,Page 5,ACTIVE,Verified raw reconstitution event,OVR_033,
EVT_01092,RAW_01092,RAW,"September 30, 2024","September 23, 2024",DELETION,DELETION,INDIGOPNTS,,,Indigo Paints Ltd.,,2024-SEP,FUTURE_RELATIVE_TO_SNAPSHOT,ind_prs23092024.pdf,Page 5,ACTIVE,Verified raw reconstitution event,OVR_033,
EVT_01093,RAW_01093,RAW,"September 30, 2024","September 23, 2024",DELETION,DELETION,INDUSTOWER,,,Indus Towers Ltd.,,2024-SEP,FUTURE_RELATIVE_TO_SNAPSHOT,ind_prs23092024.pdf,Page 6,ACTIVE,Verified raw reconstitution event,OVR_033,
EVT_01094,RAW_01094,RAW,"September 30, 2024","September 23, 2024",DELETION,DELETION,JAIBALAJI,,,Jai Balaji Industries Ltd.,,2024-SEP,FUTURE_RELATIVE_TO_SNAPSHOT,ind_prs23092024.pdf,Page 6,ACTIVE,Verified raw reconstitution event,OVR_033,
EVT_01095,RAW_01095,RAW,"September 30, 2024","September 23, 2024",DELETION,DELETION,KAYNES,,,Kaynes Technology India Ltd.,,2024-SEP,FUTURE_RELATIVE_TO_SNAPSHOT,ind_prs23092024.pdf,Page 6,ACTIVE,Verified raw reconstitution event,OVR_033,
EVT_01096,RAW_01096,RAW,"September 30, 2024","September 23, 2024",DELETION,DELETION,KFINTECH,,,Kfin Technologies Ltd.,,2024-SEP,FUTURE_RELATIVE_TO_SNAPSHOT,ind_prs23092024.pdf,Page 6,ACTIVE,Verified raw reconstitution event,OVR_033,
EVT_01097,RAW_01097,RAW,"September 30, 2024","September 23, 2024",DELETION,DELETION,KRBL,,,KRBL Ltd.,,2024-SEP,FUTURE_RELATIVE_TO_SNAPSHOT,ind_prs23092024.pdf,Page 6,ACTIVE,Verified raw reconstitution event,OVR_033,
EVT_01098,RAW_01098,RAW,"September 30, 2024","September 23, 2024",DELETION,DELETION,KIMS,,,Krishna Institute of Medical Sciences Ltd.,,2024-SEP,FUTURE_RELATIVE_TO_SNAPSHOT,ind_prs23092024.pdf,Page 6,ACTIVE,Verified raw reconstitution event,OVR_033,
EVT_01099,RAW_01099,RAW,"September 30, 2024","September 23, 2024",DELETION,DELETION,LXCHEM,,,Laxmi Organic Industries Ltd.,,2024-SEP,FUTURE_RELATIVE_TO_SNAPSHOT,ind_prs23092024.pdf,Page 6,ACTIVE,Verified raw reconstitution event,OVR_033,
EVT_01100,RAW_01100,RAW,"September 30, 2024","September 23, 2024",DELETION,DELETION,MEDPLUS,,,Medplus Health Services Ltd.,,2024-SEP,FUTURE_RELATIVE_TO_SNAPSHOT,ind_prs23092024.pdf,Page 6,ACTIVE,Verified raw reconstitution event,OVR_033,
EVT_01101,RAW_01101,RAW,"September 30, 2024","September 23, 2024",DELETION,DELETION,PCBL,,,PCBL Ltd.,,2024-SEP,FUTURE_RELATIVE_TO_SNAPSHOT,ind_prs23092024.pdf,Page 6,ACTIVE,Verified raw reconstitution event,OVR_033,
EVT_01102,RAW_01102,RAW,"September 30, 2024","September 23, 2024",DELETION,DELETION,PRINCEPIPE,,,Prince Pipes and Fittings Ltd.,,2024-SEP,FUTURE_RELATIVE_TO_SNAPSHOT,ind_prs23092024.pdf,Page 6,ACTIVE,Verified raw reconstitution event,OVR_033,
EVT_01103,RAW_01103,RAW,"September 30, 2024","September 23, 2024",DELETION,DELETION,RITES,,,RITES Ltd.,,2024-SEP,FUTURE_RELATIVE_TO_SNAPSHOT,ind_prs23092024.pdf,Page 6,ACTIVE,Verified raw reconstitution event,OVR_033,
EVT_01104,RAW_01104,RAW,"September 30, 2024","September 23, 2024",DELETION,DELETION,SAFARI,,,Safari Industries (India) Ltd.,,2024-SEP,FUTURE_RELATIVE_TO_SNAPSHOT,ind_prs23092024.pdf,Page 6,ACTIVE,Verified raw reconstitution event,OVR_033,
EVT_01105,RAW_01105,RAW,"September 30, 2024","September 23, 2024",DELETION,DELETION,VAIBHAVGBL,,,Vaibhav Global Ltd.,,2024-SEP,FUTURE_RELATIVE_TO_SNAPSHOT,ind_prs23092024.pdf,Page 6,ACTIVE,Verified raw reconstitution event,OVR_033,
EVT_01106,RAW_01106,RAW,"September 30, 2024","September 23, 2024",DELETION,DELETION,MANYAVAR,,,Vedant Fashions Ltd.,,2024-SEP,FUTURE_RELATIVE_TO_SNAPSHOT,ind_prs23092024.pdf,Page 6,ACTIVE,Verified raw reconstitution event,OVR_033,
EVT_01107,RAW_01107,RAW,"September 30, 2024","September 23, 2024",DELETION,DELETION,ZENSARTECH,,,Zensar Technolgies Ltd.,,2024-SEP,FUTURE_RELATIVE_TO_SNAPSHOT,ind_prs23092024.pdf,Page 6,ACTIVE,Verified raw reconstitution event,OVR_033,
EVT_01108,RAW_01108,RAW,"September 30, 2024","September 23, 2024",ADDITION,ADDITION,ANANTRAJ,,,Anant Raj Ltd.,,2024-SEP,FUTURE_RELATIVE_TO_SNAPSHOT,ind_prs23092024.pdf,Page 6,ACTIVE,Verified raw reconstitution event,OVR_033,
EVT_01109,RAW_01109,RAW,"September 30, 2024","September 23, 2024",ADDITION,ADDITION,BASF,,,BASF India Ltd.,,2024-SEP,FUTURE_RELATIVE_TO_SNAPSHOT,ind_prs23092024.pdf,Page 6,ACTIVE,Verified raw reconstitution event,OVR_033,
EVT_01110,RAW_01110,RAW,"September 30, 2024","September 23, 2024",ADDITION,ADDITION,BPCL,,,Bharat Petroleum Corporation Ltd.,,2024-SEP,FUTURE_RELATIVE_TO_SNAPSHOT,ind_prs23092024.pdf,Page 6,ACTIVE,Verified raw reconstitution event,OVR_033,
EVT_01111,RAW_01111,RAW,"September 30, 2024","September 23, 2024",ADDITION,ADDITION,BBTC,,,Bombay Burmah Trading Corporation Ltd.,,2024-SEP,FUTURE_RELATIVE_TO_SNAPSHOT,ind_prs23092024.pdf,Page 6,ACTIVE,Verified raw reconstitution event,OVR_033,
EVT_01112,RAW_01112,RAW,"September 30, 2024","September 23, 2024",ADDITION,ADDITION,GET&D,,,GE T&D India Ltd.,,2024-SEP,FUTURE_RELATIVE_TO_SNAPSHOT,ind_prs23092024.pdf,Page 6,ACTIVE,Verified raw reconstitution event,OVR_033,
EVT_01113,RAW_01113,RAW,"September 30, 2024","September 23, 2024",ADDITION,ADDITION,IOC,,,Indian Oil Corporation Ltd.,,2024-SEP,FUTURE_RELATIVE_TO_SNAPSHOT,ind_prs23092024.pdf,Page 6,ACTIVE,Verified raw reconstitution event,OVR_033,
EVT_01114,RAW_01114,RAW,"September 30, 2024","September 23, 2024",ADDITION,ADDITION,INOXINDIA,,,INOX India Ltd.,,2024-SEP,FUTURE_RELATIVE_TO_SNAPSHOT,ind_prs23092024.pdf,Page 6,ACTIVE,Verified raw reconstitution event,OVR_033,
EVT_01115,RAW_01115,RAW,"September 30, 2024","September 23, 2024",ADDITION,ADDITION,KIRLOSBROS,,,Kirloskar Brothers Ltd.,,2024-SEP,FUTURE_RELATIVE_TO_SNAPSHOT,ind_prs23092024.pdf,Page 6,ACTIVE,Verified raw reconstitution event,OVR_033,
EVT_01116,RAW_01116,RAW,"September 30, 2024","September 23, 2024",ADDITION,ADDITION,NETWEB,,,Netweb Technologies India Ltd.,,2024-SEP,FUTURE_RELATIVE_TO_SNAPSHOT,ind_prs23092024.pdf,Page 6,ACTIVE,Verified raw reconstitution event,OVR_033,
EVT_01117,RAW_01117,RAW,"September 30, 2024","September 23, 2024",ADDITION,ADDITION,RKFORGE,,,Ramkrishna Forgings Ltd.,,2024-SEP,FUTURE_RELATIVE_TO_SNAPSHOT,ind_prs23092024.pdf,Page 6,ACTIVE,Verified raw reconstitution event,OVR_033,
EVT_01118,RAW_01118,RAW,"September 30, 2024","September 23, 2024",ADDITION,ADDITION,SCI,,,Shipping Corporation of India Ltd.,,2024-SEP,FUTURE_RELATIVE_TO_SNAPSHOT,ind_prs23092024.pdf,Page 6,ACTIVE,Verified raw reconstitution event,OVR_033,
EVT_01119,RAW_01119,RAW,"September 30, 2024","September 23, 2024",ADDITION,ADDITION,SWSOLAR,,,Sterling and Wilson Renewable Energy Ltd.,,2024-SEP,FUTURE_RELATIVE_TO_SNAPSHOT,ind_prs23092024.pdf,Page 6,ACTIVE,Verified raw reconstitution event,OVR_033,
EVT_01120,RAW_01120,RAW,"September 30, 2024","September 23, 2024",ADDITION,ADDITION,SUZLON,,,Suzlon Energy Ltd.,,2024-SEP,FUTURE_RELATIVE_TO_SNAPSHOT,ind_prs23092024.pdf,Page 6,ACTIVE,Verified raw reconstitution event,OVR_033,
EVT_01121,RAW_01121,RAW,"September 30, 2024","September 23, 2024",ADDITION,ADDITION,VINATIORGA,,,Vinati Organics Ltd.,,2024-SEP,FUTURE_RELATIVE_TO_SNAPSHOT,ind_prs23092024.pdf,Page 6,ACTIVE,Verified raw reconstitution event,OVR_033,
EVT_01122,RAW_01122,RAW,"September 30, 2024","September 23, 2024",DELETION,DELETION,CUMMINSIND,,,Cummins India Ltd.,,2024-SEP,FUTURE_RELATIVE_TO_SNAPSHOT,ind_prs23092024.pdf,Page 7,ACTIVE,Verified raw reconstitution event,OVR_033,
EVT_01123,RAW_01123,RAW,"March
31, 2022","February 24, 2022",DELETION,DELETION,ALEMBICLTD,,,Alembic Ltd.,,2022-MAR,FUTURE_RELATIVE_TO_SNAPSHOT,ind_prs24022022_1.pdf,Page 3,ACTIVE,Verified raw reconstitution event,OVR_034,
EVT_01124,RAW_01124,RAW,"March
31, 2022","February 24, 2022",DELETION,DELETION,ASHOKA,,,Ashoka Buildcon Ltd.,,2022-MAR,FUTURE_RELATIVE_TO_SNAPSHOT,ind_prs24022022_1.pdf,Page 3,ACTIVE,Verified raw reconstitution event,OVR_034,
EVT_01125,RAW_01125,RAW,"March
31, 2022","February 24, 2022",DELETION,DELETION,BAJAJCON,,,Bajaj Consumer Care Ltd.,,2022-MAR,FUTURE_RELATIVE_TO_SNAPSHOT,ind_prs24022022_1.pdf,Page 3,ACTIVE,Verified raw reconstitution event,OVR_034,
EVT_01126,RAW_01126,RAW,"March
31, 2022","February 24, 2022",DELETION,DELETION,BHARATRAS,,,Bharat Rasayan Ltd.,,2022-MAR,FUTURE_RELATIVE_TO_SNAPSHOT,ind_prs24022022_1.pdf,Page 3,ACTIVE,Verified raw reconstitution event,OVR_034,
EVT_01127,RAW_01127,RAW,"March
31, 2022","February 24, 2022",DELETION,DELETION,CGCL,,,Capri Global Capital Ltd.,,2022-MAR,FUTURE_RELATIVE_TO_SNAPSHOT,ind_prs24022022_1.pdf,Page 3,ACTIVE,Verified raw reconstitution event,OVR_034,
EVT_01128,RAW_01128,RAW,"March
31, 2022","February 24, 2022",DELETION,DELETION,DCBBANK,,,DCB Bank Ltd.,,2022-MAR,FUTURE_RELATIVE_TO_SNAPSHOT,ind_prs24022022_1.pdf,Page 3,ACTIVE,Verified raw reconstitution event,OVR_034,
EVT_01129,RAW_01129,RAW,"March
31, 2022","February 24, 2022",DELETION,DELETION,DHANUKA,,,Dhanuka Agritech Ltd.,,2022-MAR,FUTURE_RELATIVE_TO_SNAPSHOT,ind_prs24022022_1.pdf,Page 3,ACTIVE,Verified raw reconstitution event,OVR_034,
EVT_01130,RAW_01130,RAW,"March
31, 2022","February 24, 2022",DELETION,DELETION,FRETAIL,,,Future Retail Ltd.,,2022-MAR,FUTURE_RELATIVE_TO_SNAPSHOT,ind_prs24022022_1.pdf,Page 3,ACTIVE,Verified raw reconstitution event,OVR_034,
EVT_01131,RAW_01131,RAW,"March
31, 2022","February 24, 2022",DELETION,DELETION,GILLETTE,,,Gillette India Ltd.,,2022-MAR,FUTURE_RELATIVE_TO_SNAPSHOT,ind_prs24022022_1.pdf,Page 3,ACTIVE,Verified raw reconstitution event,OVR_034,
EVT_01132,RAW_01132,RAW,"March
31, 2022","February 24, 2022",DELETION,DELETION,GREAVESCOT,,,Greaves Cotton Ltd.,,2022-MAR,FUTURE_RELATIVE_TO_SNAPSHOT,ind_prs24022022_1.pdf,Page 3,ACTIVE,Verified raw reconstitution event,OVR_034,
EVT_01133,RAW_01133,RAW,"March
31, 2022","February 24, 2022",DELETION,DELETION,HEIDELBERG,,,HeidelbergCement India Ltd.,,2022-MAR,FUTURE_RELATIVE_TO_SNAPSHOT,ind_prs24022022_1.pdf,Page 3,ACTIVE,Verified raw reconstitution event,OVR_034,
EVT_01134,RAW_01134,RAW,"March
31, 2022","February 24, 2022",DELETION,DELETION,INGERRAND,,,Ingersoll Rand (India) Ltd.,,2022-MAR,FUTURE_RELATIVE_TO_SNAPSHOT,ind_prs24022022_1.pdf,Page 3,ACTIVE,Verified raw reconstitution event,OVR_034,
EVT_01135,RAW_01135,RAW,"March
31, 2022","February 24, 2022",DELETION,DELETION,IOLCP,,,IOL Chem and Pharma Ltd.,,2022-MAR,FUTURE_RELATIVE_TO_SNAPSHOT,ind_prs24022022_1.pdf,Page 3,ACTIVE,Verified raw reconstitution event,OVR_034,
EVT_01136,RAW_01136,RAW,"March
31, 2022","February 24, 2022",DELETION,DELETION,JINDALSAW,,,Jindal Saw Ltd.,,2022-MAR,FUTURE_RELATIVE_TO_SNAPSHOT,ind_prs24022022_1.pdf,Page 3,ACTIVE,Verified raw reconstitution event,OVR_034,
EVT_01137,RAW_01137,RAW,"March
31, 2022","February 24, 2022",DELETION,DELETION,JKTYRE,,,JK Tyre & Industries Ltd.,,2022-MAR,FUTURE_RELATIVE_TO_SNAPSHOT,ind_prs24022022_1.pdf,Page 3,ACTIVE,Verified raw reconstitution event,OVR_034,
EVT_01138,RAW_01138,RAW,"March
31, 2022","February 24, 2022",DELETION,DELETION,JCHAC,,,"Johnson Controls - Hitachi Air Conditioning India
Ltd.",,2022-MAR,FUTURE_RELATIVE_TO_SNAPSHOT,ind_prs24022022_1.pdf,Page 3,ACTIVE,Verified raw reconstitution event,OVR_034,
EVT_01139,RAW_01139,RAW,"March
31, 2022","February 24, 2022",DELETION,DELETION,KSCL,,,Kaveri Seed Company Ltd.,,2022-MAR,FUTURE_RELATIVE_TO_SNAPSHOT,ind_prs24022022_1.pdf,Page 3,ACTIVE,Verified raw reconstitution event,OVR_034,
EVT_01140,RAW_01140,RAW,"March
31, 2022","February 24, 2022",DELETION,DELETION,KSB,,,KSB Ltd.,,2022-MAR,FUTURE_RELATIVE_TO_SNAPSHOT,ind_prs24022022_1.pdf,Page 3,ACTIVE,Verified raw reconstitution event,OVR_034,
EVT_01141,RAW_01141,RAW,"March
31, 2022","February 24, 2022",DELETION,DELETION,LAOPALA,,,La Opala RG Ltd.,,2022-MAR,FUTURE_RELATIVE_TO_SNAPSHOT,ind_prs24022022_1.pdf,Page 3,ACTIVE,Verified raw reconstitution event,OVR_034,
EVT_01142,RAW_01142,RAW,"March
31, 2022","February 24, 2022",DELETION,DELETION,LEMONTREE,,,Lemon Tree Hotels Ltd.,,2022-MAR,FUTURE_RELATIVE_TO_SNAPSHOT,ind_prs24022022_1.pdf,Page 3,ACTIVE,Verified raw reconstitution event,OVR_034,
EVT_01143,RAW_01143,RAW,"March
31, 2022","February 24, 2022",DELETION,DELETION,MINDACORP,,,Minda Corporation Ltd.,,2022-MAR,FUTURE_RELATIVE_TO_SNAPSHOT,ind_prs24022022_1.pdf,Page 3,ACTIVE,Verified raw reconstitution event,OVR_034,
EVT_01144,RAW_01144,RAW,"March
31, 2022","February 24, 2022",DELETION,DELETION,MIDHANI,,,Mishra Dhatu Nigam Ltd.,,2022-MAR,FUTURE_RELATIVE_TO_SNAPSHOT,ind_prs24022022_1.pdf,Page 3,ACTIVE,Verified raw reconstitution event,OVR_034,
EVT_01145,RAW_01145,RAW,"March
31, 2022","February 24, 2022",DELETION,DELETION,NFL,,,National Fertilizers Ltd.,,2022-MAR,FUTURE_RELATIVE_TO_SNAPSHOT,ind_prs24022022_1.pdf,Page 3,ACTIVE,Verified raw reconstitution event,OVR_034,
EVT_01146,RAW_01146,RAW,"March
31, 2022","February 24, 2022",DELETION,DELETION,NILKAMAL,,,Nilkamal Ltd.,,2022-MAR,FUTURE_RELATIVE_TO_SNAPSHOT,ind_prs24022022_1.pdf,Page 3,ACTIVE,Verified raw reconstitution event,OVR_034,
EVT_01147,RAW_01147,RAW,"March
31, 2022","February 24, 2022",DELETION,DELETION,SCHNEIDER,,,Schneider Electric Infrastructure Ltd.,,2022-MAR,FUTURE_RELATIVE_TO_SNAPSHOT,ind_prs24022022_1.pdf,Page 3,ACTIVE,Verified raw reconstitution event,OVR_034,
EVT_01148,RAW_01148,RAW,"March
31, 2022","February 24, 2022",DELETION,DELETION,SHARDACROP,,,Sharda Cropchem Ltd.,,2022-MAR,FUTURE_RELATIVE_TO_SNAPSHOT,ind_prs24022022_1.pdf,Page 3,ACTIVE,Verified raw reconstitution event,OVR_034,
EVT_01149,RAW_01149,RAW,"March
31, 2022","February 24, 2022",DELETION,DELETION,SPANDANA,,,Spandana Sphoorty Financial Ltd.,,2022-MAR,FUTURE_RELATIVE_TO_SNAPSHOT,ind_prs24022022_1.pdf,Page 3,ACTIVE,Verified raw reconstitution event,OVR_034,
EVT_01150,RAW_01150,RAW,"March
31, 2022","February 24, 2022",DELETION,DELETION,STARCEMENT,,,Star Cement Ltd.,,2022-MAR,FUTURE_RELATIVE_TO_SNAPSHOT,ind_prs24022022_1.pdf,Page 3,ACTIVE,Verified raw reconstitution event,OVR_034,
EVT_01151,RAW_01151,RAW,"March
31, 2022","February 24, 2022",DELETION,DELETION,TASTYBITE,,,Tasty Bite Eatables Ltd.,,2022-MAR,FUTURE_RELATIVE_TO_SNAPSHOT,ind_prs24022022_1.pdf,Page 3,ACTIVE,Verified raw reconstitution event,OVR_034,
EVT_01152,RAW_01152,RAW,"March
31, 2022","February 24, 2022",DELETION,DELETION,UJJIVAN,,,Ujjivan Financial Services Ltd.,,2022-MAR,FUTURE_RELATIVE_TO_SNAPSHOT,ind_prs24022022_1.pdf,Page 3,ACTIVE,Verified raw reconstitution event,OVR_034,
EVT_01153,RAW_01153,RAW,"March
31, 2022","February 24, 2022",DELETION,DELETION,UJJIVANSFB,,,Ujjivan Small Finance Bank Ltd.,,2022-MAR,FUTURE_RELATIVE_TO_SNAPSHOT,ind_prs24022022_1.pdf,Page 3,ACTIVE,Verified raw reconstitution event,OVR_034,
EVT_01154,RAW_01154,RAW,"March
31, 2022","February 24, 2022",DELETION,DELETION,VALIANTORG,,,Valiant Organics Ltd.,,2022-MAR,FUTURE_RELATIVE_TO_SNAPSHOT,ind_prs24022022_1.pdf,Page 3,ACTIVE,Verified raw reconstitution event,OVR_034,
EVT_01155,RAW_01155,RAW,"March
31, 2022","February 24, 2022",ADDITION,ADDITION,ABSLAMC,,,Aditya Birla Sun Life AMC Ltd.,,2022-MAR,FUTURE_RELATIVE_TO_SNAPSHOT,ind_prs24022022_1.pdf,Page 4,ACTIVE,Verified raw reconstitution event,OVR_034,
EVT_01156,RAW_01156,RAW,"March
31, 2022","February 24, 2022",ADDITION,ADDITION,ALLCARGO,,,Allcargo Logistics Ltd.,,2022-MAR,FUTURE_RELATIVE_TO_SNAPSHOT,ind_prs24022022_1.pdf,Page 4,ACTIVE,Verified raw reconstitution event,OVR_034,
EVT_01157,RAW_01157,RAW,"March
31, 2022","February 24, 2022",ADDITION,ADDITION,APTUS,,,Aptus Value Housing Finance India Ltd.,,2022-MAR,FUTURE_RELATIVE_TO_SNAPSHOT,ind_prs24022022_1.pdf,Page 4,ACTIVE,Verified raw reconstitution event,OVR_034,
EVT_01158,RAW_01158,RAW,"March
31, 2022","February 24, 2022",ADDITION,ADDITION,BORORENEW,,,Borosil Renewables Ltd.,,2022-MAR,FUTURE_RELATIVE_TO_SNAPSHOT,ind_prs24022022_1.pdf,Page 4,ACTIVE,Verified raw reconstitution event,OVR_034,
EVT_01159,RAW_01159,RAW,"March
31, 2022","February 24, 2022",ADDITION,ADDITION,BCG,,,Brightcom Group Ltd.,,2022-MAR,FUTURE_RELATIVE_TO_SNAPSHOT,ind_prs24022022_1.pdf,Page 4,ACTIVE,Verified raw reconstitution event,OVR_034,
EVT_01160,RAW_01160,RAW,"March
31, 2022","February 24, 2022",ADDITION,ADDITION,MAPMYINDIA,,,C.E. Info Systems Ltd.,,2022-MAR,FUTURE_RELATIVE_TO_SNAPSHOT,ind_prs24022022_1.pdf,Page 4,ACTIVE,Verified raw reconstitution event,OVR_034,
EVT_01161,RAW_01161,RAW,"March
31, 2022","February 24, 2022",ADDITION,ADDITION,CHEMPLASTS,,,Chemplast Sanmar Ltd.,,2022-MAR,FUTURE_RELATIVE_TO_SNAPSHOT,ind_prs24022022_1.pdf,Page 4,ACTIVE,Verified raw reconstitution event,OVR_034,
EVT_01162,RAW_01162,RAW,"March
31, 2022","February 24, 2022",ADDITION,ADDITION,CLEAN,,,Clean Science and Technology Ltd.,,2022-MAR,FUTURE_RELATIVE_TO_SNAPSHOT,ind_prs24022022_1.pdf,Page 4,ACTIVE,Verified raw reconstitution event,OVR_034,
EVT_01163,RAW_01163,RAW,"March
31, 2022","February 24, 2022",ADDITION,ADDITION,DEVYANI,,,Devyani International Ltd.,,2022-MAR,FUTURE_RELATIVE_TO_SNAPSHOT,ind_prs24022022_1.pdf,Page 4,ACTIVE,Verified raw reconstitution event,OVR_034,
EVT_01164,RAW_01164,RAW,"March
31, 2022","February 24, 2022",ADDITION,ADDITION,EASEMYTRIP,,,Easy Trip Planners Ltd.,,2022-MAR,FUTURE_RELATIVE_TO_SNAPSHOT,ind_prs24022022_1.pdf,Page 4,ACTIVE,Verified raw reconstitution event,OVR_034,
EVT_01165,RAW_01165,RAW,"March
31, 2022","February 24, 2022",ADDITION,ADDITION,NYKAA,,,FSN E-Commerce Ventures Ltd.,,2022-MAR,FUTURE_RELATIVE_TO_SNAPSHOT,ind_prs24022022_1.pdf,Page 4,ACTIVE,Verified raw reconstitution event,OVR_034,
EVT_01166,RAW_01166,RAW,"March
31, 2022","February 24, 2022",ADDITION,ADDITION,GRINFRA,,,G R Infraprojects Ltd.,,2022-MAR,FUTURE_RELATIVE_TO_SNAPSHOT,ind_prs24022022_1.pdf,Page 4,ACTIVE,Verified raw reconstitution event,OVR_034,
EVT_01167,RAW_01167,RAW,"March
31, 2022","February 24, 2022",ADDITION,ADDITION,GLS,,,Glenmark Life Sciences Ltd.,,2022-MAR,FUTURE_RELATIVE_TO_SNAPSHOT,ind_prs24022022_1.pdf,Page 4,ACTIVE,Verified raw reconstitution event,OVR_034,
EVT_01168,RAW_01168,RAW,"March
31, 2022","February 24, 2022",ADDITION,ADDITION,GOCOLORS,,,Go Fashion (India) Ltd.,,2022-MAR,FUTURE_RELATIVE_TO_SNAPSHOT,ind_prs24022022_1.pdf,Page 4,ACTIVE,Verified raw reconstitution event,OVR_034,
EVT_01169,RAW_01169,RAW,"March
31, 2022","February 24, 2022",ADDITION,ADDITION,HLEGLAS,,,HLE Glascoat Ltd.,,2022-MAR,FUTURE_RELATIVE_TO_SNAPSHOT,ind_prs24022022_1.pdf,Page 4,ACTIVE,Verified raw reconstitution event,OVR_034,
EVT_01170,RAW_01170,RAW,"March
31, 2022","February 24, 2022",ADDITION,ADDITION,KIMS,,,Krishna Institute of Medical Sciences Ltd.,,2022-MAR,FUTURE_RELATIVE_TO_SNAPSHOT,ind_prs24022022_1.pdf,Page 4,ACTIVE,Verified raw reconstitution event,OVR_034,
EVT_01171,RAW_01171,RAW,"March
31, 2022","February 24, 2022",ADDITION,ADDITION,LATENTVIEW,,,Latent View Analytics Ltd.,,2022-MAR,FUTURE_RELATIVE_TO_SNAPSHOT,ind_prs24022022_1.pdf,Page 4,ACTIVE,Verified raw reconstitution event,OVR_034,
EVT_01172,RAW_01172,RAW,"March
31, 2022","February 24, 2022",ADDITION,ADDITION,MEDPLUS,,,Medplus Health Services Ltd.,,2022-MAR,FUTURE_RELATIVE_TO_SNAPSHOT,ind_prs24022022_1.pdf,Page 4,ACTIVE,Verified raw reconstitution event,OVR_034,
EVT_01173,RAW_01173,RAW,"March
31, 2022","February 24, 2022",ADDITION,ADDITION,METROBRAND,,,Metro Brands Ltd.,,2022-MAR,FUTURE_RELATIVE_TO_SNAPSHOT,ind_prs24022022_1.pdf,Page 4,ACTIVE,Verified raw reconstitution event,OVR_034,
EVT_01174,RAW_01174,RAW,"March
31, 2022","February 24, 2022",ADDITION,ADDITION,NUVOCO,,,Nuvoco Vistas Corporation Ltd.,,2022-MAR,FUTURE_RELATIVE_TO_SNAPSHOT,ind_prs24022022_1.pdf,Page 4,ACTIVE,Verified raw reconstitution event,OVR_034,
EVT_01175,RAW_01175,RAW,"March
31, 2022","February 24, 2022",ADDITION,ADDITION,PAYTM,,,One 97 Communications Ltd.,,2022-MAR,FUTURE_RELATIVE_TO_SNAPSHOT,ind_prs24022022_1.pdf,Page 4,ACTIVE,Verified raw reconstitution event,OVR_034,
EVT_01176,RAW_01176,RAW,"March
31, 2022","February 24, 2022",ADDITION,ADDITION,POLICYBZR,,,PB Fintech Ltd.,,2022-MAR,FUTURE_RELATIVE_TO_SNAPSHOT,ind_prs24022022_1.pdf,Page 4,ACTIVE,Verified raw reconstitution event,OVR_034,
EVT_01177,RAW_01177,RAW,"March
31, 2022","February 24, 2022",ADDITION,ADDITION,PRIVISCL,,,Privi Speciality Chemicals Ltd.,,2022-MAR,FUTURE_RELATIVE_TO_SNAPSHOT,ind_prs24022022_1.pdf,Page 4,ACTIVE,Verified raw reconstitution event,OVR_034,
EVT_01178,RAW_01178,RAW,"March
31, 2022","February 24, 2022",ADDITION,ADDITION,RTNINDIA,,,RattanIndia Enterprises Ltd.,,2022-MAR,FUTURE_RELATIVE_TO_SNAPSHOT,ind_prs24022022_1.pdf,Page 4,ACTIVE,Verified raw reconstitution event,OVR_034,
EVT_01179,RAW_01179,RAW,"March
31, 2022","February 24, 2022",ADDITION,ADDITION,SAPPHIRE,,,Sapphire Foods India Ltd.,,2022-MAR,FUTURE_RELATIVE_TO_SNAPSHOT,ind_prs24022022_1.pdf,Page 4,ACTIVE,Verified raw reconstitution event,OVR_034,
EVT_01180,RAW_01180,RAW,"March
31, 2022","February 24, 2022",ADDITION,ADDITION,SAREGAMA,,,Saregama India Ltd,,2022-MAR,FUTURE_RELATIVE_TO_SNAPSHOT,ind_prs24022022_1.pdf,Page 4,ACTIVE,Verified raw reconstitution event,OVR_034,
EVT_01181,RAW_01181,RAW,"March
31, 2022","February 24, 2022",ADDITION,ADDITION,RENUKA,,,Shree Renuka Sugars Ltd.,,2022-MAR,FUTURE_RELATIVE_TO_SNAPSHOT,ind_prs24022022_1.pdf,Page 4,ACTIVE,Verified raw reconstitution event,OVR_034,
EVT_01182,RAW_01182,RAW,"March
31, 2022","February 24, 2022",ADDITION,ADDITION,SHYAMMETL,,,Shyam Metalics and Energy Ltd.,,2022-MAR,FUTURE_RELATIVE_TO_SNAPSHOT,ind_prs24022022_1.pdf,Page 4,ACTIVE,Verified raw reconstitution event,OVR_034,
EVT_01183,RAW_01183,RAW,"March
31, 2022","February 24, 2022",ADDITION,ADDITION,STARHEALTH,,,Star Health and Allied Insurance Company Ltd.,,2022-MAR,FUTURE_RELATIVE_TO_SNAPSHOT,ind_prs24022022_1.pdf,Page 4,ACTIVE,Verified raw reconstitution event,OVR_034,
EVT_01184,RAW_01184,RAW,"March
31, 2022","February 24, 2022",ADDITION,ADDITION,TATAINVEST,,,Tata Investment Corporation Ltd.,,2022-MAR,FUTURE_RELATIVE_TO_SNAPSHOT,ind_prs24022022_1.pdf,Page 4,ACTIVE,Verified raw reconstitution event,OVR_034,
EVT_01185,RAW_01185,RAW,"March
31, 2022","February 24, 2022",ADDITION,ADDITION,VIJAYA,,,Vijaya Diagnostic Centre Ltd.,,2022-MAR,FUTURE_RELATIVE_TO_SNAPSHOT,ind_prs24022022_1.pdf,Page 4,ACTIVE,Verified raw reconstitution event,OVR_034,
EVT_01186,RAW_01186,RAW,"March
31, 2022","February 24, 2022",ADDITION,ADDITION,ZOMATO,,,Zomato Ltd.,,2022-MAR,FUTURE_RELATIVE_TO_SNAPSHOT,ind_prs24022022_1.pdf,Page 4,ACTIVE,Verified raw reconstitution event,OVR_034,
EVT_01187,RAW_01187,RAW,"April 26, 2024","April 24, 2024",DELETION,DELETION,BCG,,,Brightcom Group Ltd.,,2024-MAR,FUTURE_RELATIVE_TO_SNAPSHOT,ind_prs24042024.pdf,Page 2,ACTIVE,Verified raw reconstitution event,,
EVT_01188,RAW_01188,RAW,"April 26, 2024","April 24, 2024",DELETION,DELETION,IIFL,,,IIFL Finance Ltd.,,2024-MAR,FUTURE_RELATIVE_TO_SNAPSHOT,ind_prs24042024.pdf,Page 2,ACTIVE,Verified raw reconstitution event,,
EVT_01189,RAW_01189,RAW,"May 31, 2022","May 24, 2022",DELETION,DELETION,JSLHISAR,,,Jindal Stainless (Hisar) Ltd.,,2022-MAY,FUTURE_RELATIVE_TO_SNAPSHOT,ind_prs24052022.pdf,Page 1,ACTIVE,Verified raw reconstitution event,,
EVT_01190,RAW_01190,RAW,"May 31, 2022","May 24, 2022",DELETION,DELETION,TRIVENI,,,Triveni Engineering & Industries Ltd.,,2022-MAY,FUTURE_RELATIVE_TO_SNAPSHOT,ind_prs24052022.pdf,Page 1,ACTIVE,Verified raw reconstitution event,,
EVT_01191,RAW_01191,RAW,"July 31, 2023","July 24, 2023",DELETION,DELETION,ATGL,,,Adani Total Gas Ltd.,,2023-JUL,FUTURE_RELATIVE_TO_SNAPSHOT,ind_prs24072023.pdf,Page 1,ACTIVE,Verified raw reconstitution event,,
EVT_01192,RAW_01192,RAW,"July 31, 2023","July 24, 2023",DELETION,DELETION,AWL,,,Adani Wilmar Ltd.,,2023-JUL,FUTURE_RELATIVE_TO_SNAPSHOT,ind_prs24072023.pdf,Page 1,ACTIVE,Verified raw reconstitution event,,
EVT_01193,RAW_01193,RAW,"July 31, 2023","July 24, 2023",DELETION,DELETION,BALKRISIND,,,Balkrishna Industries Ltd.,,2023-JUL,FUTURE_RELATIVE_TO_SNAPSHOT,ind_prs24072023.pdf,Page 1,ACTIVE,Verified raw reconstitution event,,
EVT_01194,RAW_01194,RAW,"July 31, 2023","July 24, 2023",DELETION,DELETION,GLAXO,,,Glaxosmithkline Pharmaceuticals Ltd.,,2023-JUL,FUTURE_RELATIVE_TO_SNAPSHOT,ind_prs24072023.pdf,Page 1,ACTIVE,Verified raw reconstitution event,,
EVT_01195,RAW_01195,RAW,"July 31, 2023","July 24, 2023",DELETION,DELETION,SWSOLAR,,,Sterling and Wilson Renewable Energy Ltd.,,2023-JUL,FUTURE_RELATIVE_TO_SNAPSHOT,ind_prs24072023.pdf,Page 1,ACTIVE,Verified raw reconstitution event,,
EVT_01196,RAW_01196,RAW,"July 31, 2023","July 24, 2023",ADDITION,ADDITION,CROMPTON,,,Crompton Greaves Consumer Electricals Ltd.,,2023-JUL,FUTURE_RELATIVE_TO_SNAPSHOT,ind_prs24072023.pdf,Page 1,ACTIVE,Verified raw reconstitution event,,
EVT_01197,RAW_01197,RAW,"July 31, 2023","July 24, 2023",ADDITION,ADDITION,TATACHEM,,,Tata Chemicals Ltd.,,2023-JUL,FUTURE_RELATIVE_TO_SNAPSHOT,ind_prs24072023.pdf,Page 1,ACTIVE,Verified raw reconstitution event,,
EVT_01198,RAW_01198,RAW,"July 31, 2024","July 24, 2024",DELETION,DELETION,AMBUJACEM,,,Ambuja Cements Ltd.,,2024-JUL,FUTURE_RELATIVE_TO_SNAPSHOT,ind_prs24072024.pdf,Page 1,ACTIVE,Verified raw reconstitution event,,
EVT_01199,RAW_01199,RAW,"July 31, 2024","July 24, 2024",DELETION,DELETION,CERA,,,Cera Sanitaryware Ltd,,2024-JUL,FUTURE_RELATIVE_TO_SNAPSHOT,ind_prs24072024.pdf,Page 1,ACTIVE,Verified raw reconstitution event,,
EVT_01200,RAW_01200,RAW,"July 31, 2024","July 24, 2024",DELETION,DELETION,LALPATHLAB,,,Dr. Lal Path Labs Ltd.,,2024-JUL,FUTURE_RELATIVE_TO_SNAPSHOT,ind_prs24072024.pdf,Page 1,ACTIVE,Verified raw reconstitution event,,
EVT_01201,RAW_01201,RAW,"July 31, 2024","July 24, 2024",DELETION,DELETION,INFY,,,Infosys Ltd.,,2024-JUL,FUTURE_RELATIVE_TO_SNAPSHOT,ind_prs24072024.pdf,Page 1,ACTIVE,Verified raw reconstitution event,,
EVT_01202,RAW_01202,RAW,"July 31, 2024","July 24, 2024",DELETION,DELETION,WIPRO,,,Wipro Ltd.,,2024-JUL,FUTURE_RELATIVE_TO_SNAPSHOT,ind_prs24072024.pdf,Page 1,ACTIVE,Verified raw reconstitution event,,
EVT_01203,RAW_01203,RAW,"July 31, 2024","July 24, 2024",ADDITION,ADDITION,DALBHARAT,,,Dalmia Bharat Ltd.,,2024-JUL,FUTURE_RELATIVE_TO_SNAPSHOT,ind_prs24072024.pdf,Page 1,ACTIVE,Verified raw reconstitution event,,
EVT_01204,RAW_01204,RAW,"July 31, 2024","July 24, 2024",DELETION,DELETION,GODREJCP,,,Godrej Consumer Products Ltd.,,2024-JUL,FUTURE_RELATIVE_TO_SNAPSHOT,ind_prs24072024.pdf,Page 2,ACTIVE,Verified raw reconstitution event,,
EVT_01205,RAW_01205,RAW,"July 31, 2024","July 24, 2024",DELETION,DELETION,PERSISTENT,,,Persistent Systems Ltd.,,2024-JUL,FUTURE_RELATIVE_TO_SNAPSHOT,ind_prs24072024.pdf,Page 2,ACTIVE,Verified raw reconstitution event,,
EVT_01206,RAW_01206,RAW,"July 31, 2025","July 24, 2025",DELETION,DELETION,ACC,,,ACC Ltd.,,2025-JUL,FUTURE_RELATIVE_TO_SNAPSHOT,ind_prs24072025.pdf,Page 1,ACTIVE,Verified raw reconstitution event,,
EVT_01207,RAW_01207,RAW,"July 31, 2025","July 24, 2025",DELETION,DELETION,IGIL,,,International Gemmological Institute (India) Ltd.,,2025-JUL,FUTURE_RELATIVE_TO_SNAPSHOT,ind_prs24072025.pdf,Page 1,ACTIVE,Verified raw reconstitution event,,
EVT_01208,RAW_01208,RAW,"July 31, 2025","July 24, 2025",DELETION,DELETION,INFY,,,Infosys Ltd.,,2025-JUL,FUTURE_RELATIVE_TO_SNAPSHOT,ind_prs24072025.pdf,Page 1,ACTIVE,Verified raw reconstitution event,,
EVT_01209,RAW_01209,RAW,"July 31, 2025","July 24, 2025",DELETION,DELETION,JINDALSAW,,,Jindal Saw Ltd.,,2025-JUL,FUTURE_RELATIVE_TO_SNAPSHOT,ind_prs24072025.pdf,Page 1,ACTIVE,Verified raw reconstitution event,,
EVT_01210,RAW_01210,RAW,"July 31, 2025","July 24, 2025",DELETION,DELETION,TATAMOTORS,,,Tata Motors Ltd.,,2025-JUL,FUTURE_RELATIVE_TO_SNAPSHOT,ind_prs24072025.pdf,Page 1,ACTIVE,Verified raw reconstitution event,,
EVT_01211,RAW_01211,RAW,"July 31, 2025","July 24, 2025",DELETION,DELETION,JSLL,,,Jeena Sikho Lifecare Ltd.,,2025-JUL,FUTURE_RELATIVE_TO_SNAPSHOT,ind_prs24072025.pdf,Page 2,ACTIVE,Verified raw reconstitution event,,
EVT_01212,RAW_01212,RAW,"August 08, 2022","July 26, 2022",DELETION,DELETION,BRITANNIA,,,Britannia Industries Ltd.,,2022-SEP,FUTURE_RELATIVE_TO_SNAPSHOT,ind_prs26072022.pdf,Page 2,ACTIVE,Verified raw reconstitution event,OVR_041,
EVT_01213,RAW_01213,RAW,"August 08, 2022","July 26, 2022",DELETION,DELETION,NMDC,,,NMDC Ltd.,,2022-SEP,FUTURE_RELATIVE_TO_SNAPSHOT,ind_prs26072022.pdf,Page 2,ACTIVE,Verified raw reconstitution event,OVR_041,
EVT_01214,RAW_01214,RAW,"August 08, 2022","July 26, 2022",DELETION,DELETION,TATASTLLP,,,Tata Steel Long Products Ltd.,,2022-SEP,FUTURE_RELATIVE_TO_SNAPSHOT,ind_prs26072022.pdf,Page 2,ACTIVE,Verified raw reconstitution event,OVR_041,
EVT_01215,RAW_01215,RAW,"August 08, 2022","July 26, 2022",ADDITION,ADDITION,BALAMINES,,,Balaji Amines Ltd.,,2022-SEP,FUTURE_RELATIVE_TO_SNAPSHOT,ind_prs26072022.pdf,Page 2,ACTIVE,Verified raw reconstitution event,OVR_041,
EVT_01216,RAW_01216,RAW,"August 08, 2022","July 26, 2022",ADDITION,ADDITION,CHEMPLASTS,,,Chemplast Sanmar Ltd.,,2022-SEP,FUTURE_RELATIVE_TO_SNAPSHOT,ind_prs26072022.pdf,Page 2,ACTIVE,Verified raw reconstitution event,OVR_041,
EVT_01217,RAW_01217,RAW,"August 08, 2022","July 26, 2022",ADDITION,ADDITION,LALPATHLAB,,,Dr. Lal Path Labs Ltd.,,2022-SEP,FUTURE_RELATIVE_TO_SNAPSHOT,ind_prs26072022.pdf,Page 2,ACTIVE,Verified raw reconstitution event,OVR_041,
EVT_01218,RAW_01218,RAW,"August 08, 2022","July 26, 2022",ADDITION,ADDITION,INFIBEAM,,,Infibeam Avenues Ltd.,,2022-SEP,FUTURE_RELATIVE_TO_SNAPSHOT,ind_prs26072022.pdf,Page 2,ACTIVE,Verified raw reconstitution event,OVR_041,
EVT_01219,RAW_01219,RAW,"August 08, 2022","July 26, 2022",ADDITION,ADDITION,LAXMIMACH,,,Lakshmi Machine Works Ltd.,,2022-SEP,FUTURE_RELATIVE_TO_SNAPSHOT,ind_prs26072022.pdf,Page 2,ACTIVE,Verified raw reconstitution event,OVR_041,
EVT_01220,RAW_01220,RAW,"August 08, 2022","July 26, 2022",ADDITION,ADDITION,PERSISTENT,,,Persistent Systems Ltd.,,2022-SEP,FUTURE_RELATIVE_TO_SNAPSHOT,ind_prs26072022.pdf,Page 2,ACTIVE,Verified raw reconstitution event,OVR_041,
EVT_01221,RAW_01221,RAW,"August 08, 2022","July 26, 2022",ADDITION,ADDITION,SYNGENE,,,Syngene International Ltd.,,2022-SEP,FUTURE_RELATIVE_TO_SNAPSHOT,ind_prs26072022.pdf,Page 2,ACTIVE,Verified raw reconstitution event,OVR_041,
EVT_01222,RAW_01222,RAW,"August 08, 2022","July 26, 2022",ADDITION,ADDITION,TATASTEEL,,,Tata Steel Ltd.,,2022-SEP,FUTURE_RELATIVE_TO_SNAPSHOT,ind_prs26072022.pdf,Page 2,ACTIVE,Verified raw reconstitution event,OVR_041,
EVT_01223,RAW_01223,RAW,"August 08, 2022","July 26, 2022",ADDITION,ADDITION,TRIDENT,,,Trident Ltd.,,2022-SEP,FUTURE_RELATIVE_TO_SNAPSHOT,ind_prs26072022.pdf,Page 2,ACTIVE,Verified raw reconstitution event,OVR_041,
EVT_01224,RAW_01224,RAW,"August 08, 2022","July 26, 2022",ADDITION,ADDITION,WIPRO,,,Wipro Ltd.,,2022-SEP,FUTURE_RELATIVE_TO_SNAPSHOT,ind_prs26072022.pdf,Page 2,ACTIVE,Verified raw reconstitution event,OVR_041,
EVT_01225,RAW_01225,RAW,"August 08, 2022","July 26, 2022",DELETION,DELETION,VOLTAS,,,Voltas Ltd.,,2022-SEP,FUTURE_RELATIVE_TO_SNAPSHOT,ind_prs26072022.pdf,Page 2,ACTIVE,Verified raw reconstitution event,OVR_041,
EVT_01226,RAW_01226,RAW,"November 02, 2020","October 26, 2020",DELETION,DELETION,ALLCARGO,,,Allcargo Logistics Ltd.,,2020-NOV,FUTURE_RELATIVE_TO_SNAPSHOT,ind_prs26102020.pdf,Page 1,ACTIVE,Verified raw reconstitution event,,
EVT_01227,RAW_01227,RAW,"November 02, 2020","October 26, 2020",DELETION,DELETION,NETWORK18,,,Network18 Media & Investments Ltd.,,2020-NOV,FUTURE_RELATIVE_TO_SNAPSHOT,ind_prs26102020.pdf,Page 1,ACTIVE,Verified raw reconstitution event,,
EVT_01228,RAW_01228,RAW,"May 26, 2017","May 26, 2017",DELETION,DELETION,ABIRLANUVO,,,Aditya Birla Nuvo Ltd.,,2017-MAY,OUTSIDE_PRIMARY_TARGET,ind_prs27042017.pdf,Page 1,ACTIVE,Verified raw reconstitution event,,
EVT_01229,RAW_01229,RAW,"May 26, 2017","May 26, 2017",DELETION,DELETION,GRASIM,,,Grasim Industries Ltd.,,2017-MAY,OUTSIDE_PRIMARY_TARGET,ind_prs27042017.pdf,Page 1,ACTIVE,Verified raw reconstitution event,,
EVT_01230,RAW_01230,RAW,"May 26, 2017","May 26, 2017",DELETION,DELETION,TUBEINVEST,,,Tube Investments of India Ltd.,,2017-MAY,OUTSIDE_PRIMARY_TARGET,ind_prs27042017.pdf,Page 1,ACTIVE,Verified raw reconstitution event,,
EVT_01231,RAW_01231,RAW,"May 26, 2017","May 26, 2017",ADDITION,ADDITION,LAURUSLABS,,,Laurus Labs Ltd.,,2017-MAY,OUTSIDE_PRIMARY_TARGET,ind_prs27042017.pdf,Page 2,ACTIVE,Verified raw reconstitution event,,
EVT_01232,RAW_01232,RAW,"May 26, 2017","May 26, 2017",ADDITION,ADDITION,PNBHOUSING,,,PNB Housing Finance Ltd.,,2017-MAY,OUTSIDE_PRIMARY_TARGET,ind_prs27042017.pdf,Page 2,ACTIVE,Verified raw reconstitution event,,
EVT_01233,RAW_01233,RAW,"May 26, 2017","May 26, 2017",ADDITION,ADDITION,VBL,,,Varun Beverages Ltd.,,2017-MAY,OUTSIDE_PRIMARY_TARGET,ind_prs27042017.pdf,Page 2,ACTIVE,Verified raw reconstitution event,,
EVT_01234,RAW_01234,RAW,"March 28, 2024","February 28, 2024",DELETION,DELETION,AARTIDRUGS,,,Aarti Drugs Ltd.,,2024-MAR,FUTURE_RELATIVE_TO_SNAPSHOT,ind_prs28022024.pdf,Page 2,ACTIVE,Verified raw reconstitution event,,
EVT_01235,RAW_01235,RAW,"March 28, 2024","February 28, 2024",DELETION,DELETION,BCG,,,Brightcom Group Ltd.,,2024-MAR,FUTURE_RELATIVE_TO_SNAPSHOT,ind_prs28022024.pdf,Page 2,ACTIVE,Verified raw reconstitution event,,
EVT_01236,RAW_01236,RAW,"March 28, 2024","February 28, 2024",DELETION,DELETION,DELTACORP,,,Delta Corp Ltd.,,2024-MAR,FUTURE_RELATIVE_TO_SNAPSHOT,ind_prs28022024.pdf,Page 2,ACTIVE,Verified raw reconstitution event,,
EVT_01237,RAW_01237,RAW,"March 28, 2024","February 28, 2024",DELETION,DELETION,EPIGRAL,,,Epigral Ltd.,,2024-MAR,FUTURE_RELATIVE_TO_SNAPSHOT,ind_prs28022024.pdf,Page 2,ACTIVE,Verified raw reconstitution event,,
EVT_01238,RAW_01238,RAW,"March 28, 2024","February 28, 2024",DELETION,DELETION,GRINFRA,,,G R Infraprojects Ltd.,,2024-MAR,FUTURE_RELATIVE_TO_SNAPSHOT,ind_prs28022024.pdf,Page 2,ACTIVE,Verified raw reconstitution event,,
EVT_01239,RAW_01239,RAW,"March 28, 2024","February 28, 2024",DELETION,DELETION,GALAXYSURF,,,Galaxy Surfactants Ltd.,,2024-MAR,FUTURE_RELATIVE_TO_SNAPSHOT,ind_prs28022024.pdf,Page 2,ACTIVE,Verified raw reconstitution event,,
EVT_01240,RAW_01240,RAW,"March 28, 2024","February 28, 2024",DELETION,DELETION,GOCOLORS,,,Go Fashion (India) Ltd.,,2024-MAR,FUTURE_RELATIVE_TO_SNAPSHOT,ind_prs28022024.pdf,Page 2,ACTIVE,Verified raw reconstitution event,,
EVT_01241,RAW_01241,RAW,"March 28, 2024","February 28, 2024",DELETION,DELETION,GUJALKALI,,,Gujarat Alkalies & Chemicals Ltd.,,2024-MAR,FUTURE_RELATIVE_TO_SNAPSHOT,ind_prs28022024.pdf,Page 2,ACTIVE,Verified raw reconstitution event,,
EVT_01242,RAW_01242,RAW,"March 28, 2024","February 28, 2024",DELETION,DELETION,HLEGLAS,,,HLE Glascoat Ltd.,,2024-MAR,FUTURE_RELATIVE_TO_SNAPSHOT,ind_prs28022024.pdf,Page 2,ACTIVE,Verified raw reconstitution event,,
EVT_01243,RAW_01243,RAW,"March 28, 2024","February 28, 2024",DELETION,DELETION,INFIBEAM,,,Infibeam Avenues Ltd.,,2024-MAR,FUTURE_RELATIVE_TO_SNAPSHOT,ind_prs28022024.pdf,Page 2,ACTIVE,Verified raw reconstitution event,,
EVT_01244,RAW_01244,RAW,"March 28, 2024","February 28, 2024",DELETION,DELETION,INGERRAND,,,Ingersoll Rand (India) Ltd.,,2024-MAR,FUTURE_RELATIVE_TO_SNAPSHOT,ind_prs28022024.pdf,Page 2,ACTIVE,Verified raw reconstitution event,,
EVT_01245,RAW_01245,RAW,"March 28, 2024","February 28, 2024",DELETION,DELETION,JAMNAAUTO,,,Jamna Auto Industries Ltd.,,2024-MAR,FUTURE_RELATIVE_TO_SNAPSHOT,ind_prs28022024.pdf,Page 2,ACTIVE,Verified raw reconstitution event,,
EVT_01246,RAW_01246,RAW,"March 28, 2024","February 28, 2024",DELETION,DELETION,LAXMIMACH,,,Lakshmi Machine Works Ltd.,,2024-MAR,FUTURE_RELATIVE_TO_SNAPSHOT,ind_prs28022024.pdf,Page 2,ACTIVE,Verified raw reconstitution event,,
EVT_01247,RAW_01247,RAW,"March 28, 2024","February 28, 2024",DELETION,DELETION,LUXIND,,,Lux Industries Ltd.,,2024-MAR,FUTURE_RELATIVE_TO_SNAPSHOT,ind_prs28022024.pdf,Page 2,ACTIVE,Verified raw reconstitution event,,
EVT_01248,RAW_01248,RAW,"March 28, 2024","February 28, 2024",DELETION,DELETION,NAZARA,,,Nazara Technologies Ltd.,,2024-MAR,FUTURE_RELATIVE_TO_SNAPSHOT,ind_prs28022024.pdf,Page 2,ACTIVE,Verified raw reconstitution event,,
EVT_01249,RAW_01249,RAW,"March 28, 2024","February 28, 2024",DELETION,DELETION,ORIENTELEC,,,Orient Electric Ltd.,,2024-MAR,FUTURE_RELATIVE_TO_SNAPSHOT,ind_prs28022024.pdf,Page 2,ACTIVE,Verified raw reconstitution event,,
EVT_01250,RAW_01250,RAW,"March 28, 2024","February 28, 2024",DELETION,DELETION,PFIZER,,,Pfizer Ltd.,,2024-MAR,FUTURE_RELATIVE_TO_SNAPSHOT,ind_prs28022024.pdf,Page 2,ACTIVE,Verified raw reconstitution event,,
EVT_01251,RAW_01251,RAW,"March 28, 2024","February 28, 2024",DELETION,DELETION,POLYPLEX,,,Polyplex Corporation Ltd.,,2024-MAR,FUTURE_RELATIVE_TO_SNAPSHOT,ind_prs28022024.pdf,Page 2,ACTIVE,Verified raw reconstitution event,,
EVT_01252,RAW_01252,RAW,"March 28, 2024","February 28, 2024",DELETION,DELETION,PGHL,,,Procter & Gamble Health Ltd.,,2024-MAR,FUTURE_RELATIVE_TO_SNAPSHOT,ind_prs28022024.pdf,Page 2,ACTIVE,Verified raw reconstitution event,,
EVT_01253,RAW_01253,RAW,"March 28, 2024","February 28, 2024",DELETION,DELETION,RAIN,,,Rain Industries Ltd,,2024-MAR,FUTURE_RELATIVE_TO_SNAPSHOT,ind_prs28022024.pdf,Page 2,ACTIVE,Verified raw reconstitution event,,
EVT_01254,RAW_01254,RAW,"March 28, 2024","February 28, 2024",DELETION,DELETION,RALLIS,,,Rallis India Ltd.,,2024-MAR,FUTURE_RELATIVE_TO_SNAPSHOT,ind_prs28022024.pdf,Page 3,ACTIVE,Verified raw reconstitution event,,
EVT_01255,RAW_01255,RAW,"March 28, 2024","February 28, 2024",DELETION,DELETION,RELAXO,,,Relaxo Footwears Ltd.,,2024-MAR,FUTURE_RELATIVE_TO_SNAPSHOT,ind_prs28022024.pdf,Page 3,ACTIVE,Verified raw reconstitution event,,
EVT_01256,RAW_01256,RAW,"March 28, 2024","February 28, 2024",DELETION,DELETION,ROSSARI,,,Rossari Biotech Ltd.,,2024-MAR,FUTURE_RELATIVE_TO_SNAPSHOT,ind_prs28022024.pdf,Page 3,ACTIVE,Verified raw reconstitution event,,
EVT_01257,RAW_01257,RAW,"March 28, 2024","February 28, 2024",DELETION,DELETION,SHARDACROP,,,Sharda Cropchem Ltd.,,2024-MAR,FUTURE_RELATIVE_TO_SNAPSHOT,ind_prs28022024.pdf,Page 3,ACTIVE,Verified raw reconstitution event,,
EVT_01258,RAW_01258,RAW,"March 28, 2024","February 28, 2024",DELETION,DELETION,SFL,,,Sheela Foam Ltd.,,2024-MAR,FUTURE_RELATIVE_TO_SNAPSHOT,ind_prs28022024.pdf,Page 3,ACTIVE,Verified raw reconstitution event,,
EVT_01259,RAW_01259,RAW,"March 28, 2024","February 28, 2024",DELETION,DELETION,SHOPERSTOP,,,Shoppers Stop Ltd.,,2024-MAR,FUTURE_RELATIVE_TO_SNAPSHOT,ind_prs28022024.pdf,Page 3,ACTIVE,Verified raw reconstitution event,,
EVT_01260,RAW_01260,RAW,"March 28, 2024","February 28, 2024",DELETION,DELETION,SUPRAJIT,,,Suprajit Engineering Ltd.,,2024-MAR,FUTURE_RELATIVE_TO_SNAPSHOT,ind_prs28022024.pdf,Page 3,ACTIVE,Verified raw reconstitution event,,
EVT_01261,RAW_01261,RAW,"March 28, 2024","February 28, 2024",DELETION,DELETION,SYMPHONY,,,Symphony Ltd.,,2024-MAR,FUTURE_RELATIVE_TO_SNAPSHOT,ind_prs28022024.pdf,Page 3,ACTIVE,Verified raw reconstitution event,,
EVT_01262,RAW_01262,RAW,"March 28, 2024","February 28, 2024",DELETION,DELETION,TEAMLEASE,,,Teamlease Services Ltd.,,2024-MAR,FUTURE_RELATIVE_TO_SNAPSHOT,ind_prs28022024.pdf,Page 3,ACTIVE,Verified raw reconstitution event,,
EVT_01263,RAW_01263,RAW,"March 28, 2024","February 28, 2024",DELETION,DELETION,TTKPRESTIG,,,TTK Prestige Ltd.,,2024-MAR,FUTURE_RELATIVE_TO_SNAPSHOT,ind_prs28022024.pdf,Page 3,ACTIVE,Verified raw reconstitution event,,
EVT_01264,RAW_01264,RAW,"March 28, 2024","February 28, 2024",DELETION,DELETION,VGUARD,,,V-Guard Industries Ltd.,,2024-MAR,FUTURE_RELATIVE_TO_SNAPSHOT,ind_prs28022024.pdf,Page 3,ACTIVE,Verified raw reconstitution event,,
EVT_01265,RAW_01265,RAW,"March 28, 2024","February 28, 2024",DELETION,DELETION,VINATIORGA,,,Vinati Organics Ltd.,,2024-MAR,FUTURE_RELATIVE_TO_SNAPSHOT,ind_prs28022024.pdf,Page 3,ACTIVE,Verified raw reconstitution event,,
EVT_01266,RAW_01266,RAW,"March 28, 2024","February 28, 2024",DELETION,DELETION,VMART,,,V-Mart Retail Ltd.,,2024-MAR,FUTURE_RELATIVE_TO_SNAPSHOT,ind_prs28022024.pdf,Page 3,ACTIVE,Verified raw reconstitution event,,
EVT_01267,RAW_01267,RAW,"March 28, 2024","February 28, 2024",DELETION,DELETION,ZYDUSWELL,,,Zydus Wellness Ltd.,,2024-MAR,FUTURE_RELATIVE_TO_SNAPSHOT,ind_prs28022024.pdf,Page 3,ACTIVE,Verified raw reconstitution event,,
EVT_01268,RAW_01268,RAW,"March 28, 2024","February 28, 2024",ADDITION,ADDITION,ACE,,,Action Construction Equipment Ltd.,,2024-MAR,FUTURE_RELATIVE_TO_SNAPSHOT,ind_prs28022024.pdf,Page 3,ACTIVE,Verified raw reconstitution event,,
EVT_01269,RAW_01269,RAW,"March 28, 2024","February 28, 2024",ADDITION,ADDITION,ANANDRATHI,,,Anand Rathi Wealth Ltd.,,2024-MAR,FUTURE_RELATIVE_TO_SNAPSHOT,ind_prs28022024.pdf,Page 3,ACTIVE,Verified raw reconstitution event,,
EVT_01270,RAW_01270,RAW,"March 28, 2024","February 28, 2024",ADDITION,ADDITION,ASTRAZEN,,,AstraZenca Pharma India Ltd.,,2024-MAR,FUTURE_RELATIVE_TO_SNAPSHOT,ind_prs28022024.pdf,Page 3,ACTIVE,Verified raw reconstitution event,,
EVT_01271,RAW_01271,RAW,"March 28, 2024","February 28, 2024",ADDITION,ADDITION,CAPLIPOINT,,,Caplin Point Laboratories Ltd.,,2024-MAR,FUTURE_RELATIVE_TO_SNAPSHOT,ind_prs28022024.pdf,Page 3,ACTIVE,Verified raw reconstitution event,,
EVT_01272,RAW_01272,RAW,"March 28, 2024","February 28, 2024",ADDITION,ADDITION,CELLO,,,Cello World Ltd.,,2024-MAR,FUTURE_RELATIVE_TO_SNAPSHOT,ind_prs28022024.pdf,Page 3,ACTIVE,Verified raw reconstitution event,,
EVT_01273,RAW_01273,RAW,"March 28, 2024","February 28, 2024",ADDITION,ADDITION,CHENNPETRO,,,Chennai Petroleum Corporation Ltd.,,2024-MAR,FUTURE_RELATIVE_TO_SNAPSHOT,ind_prs28022024.pdf,Page 3,ACTIVE,Verified raw reconstitution event,,
EVT_01274,RAW_01274,RAW,"March 28, 2024","February 28, 2024",ADDITION,ADDITION,DOMS,,,DOMS Industries Ltd.,,2024-MAR,FUTURE_RELATIVE_TO_SNAPSHOT,ind_prs28022024.pdf,Page 3,ACTIVE,Verified raw reconstitution event,,
EVT_01275,RAW_01275,RAW,"March 28, 2024","February 28, 2024",ADDITION,ADDITION,ELECON,,,Elecon Engineering Co. Ltd.,,2024-MAR,FUTURE_RELATIVE_TO_SNAPSHOT,ind_prs28022024.pdf,Page 3,ACTIVE,Verified raw reconstitution event,,
EVT_01276,RAW_01276,RAW,"March 28, 2024","February 28, 2024",ADDITION,ADDITION,GRSE,,,Garden Reach Shipbuilders & Engineers Ltd.,,2024-MAR,FUTURE_RELATIVE_TO_SNAPSHOT,ind_prs28022024.pdf,Page 3,ACTIVE,Verified raw reconstitution event,,
EVT_01277,RAW_01277,RAW,"March 28, 2024","February 28, 2024",ADDITION,ADDITION,GMDCLTD,,,Gujarat Mineral Development Corporation Ltd.,,2024-MAR,FUTURE_RELATIVE_TO_SNAPSHOT,ind_prs28022024.pdf,Page 3,ACTIVE,Verified raw reconstitution event,,
EVT_01278,RAW_01278,RAW,"March 28, 2024","February 28, 2024",ADDITION,ADDITION,HAPPYFORGE,,,Happy Forgings Ltd.,,2024-MAR,FUTURE_RELATIVE_TO_SNAPSHOT,ind_prs28022024.pdf,Page 3,ACTIVE,Verified raw reconstitution event,,
EVT_01279,RAW_01279,RAW,"March 28, 2024","February 28, 2024",ADDITION,ADDITION,HBLPOWER,,,HBL Power Systems Ltd.,,2024-MAR,FUTURE_RELATIVE_TO_SNAPSHOT,ind_prs28022024.pdf,Page 3,ACTIVE,Verified raw reconstitution event,,
EVT_01280,RAW_01280,RAW,"March 28, 2024","February 28, 2024",ADDITION,ADDITION,HSCL,,,Himadri Speciality Chemical Ltd.,,2024-MAR,FUTURE_RELATIVE_TO_SNAPSHOT,ind_prs28022024.pdf,Page 3,ACTIVE,Verified raw reconstitution event,,
EVT_01281,RAW_01281,RAW,"March 28, 2024","February 28, 2024",ADDITION,ADDITION,HONASA,,,Honasa Consumer Ltd.,,2024-MAR,FUTURE_RELATIVE_TO_SNAPSHOT,ind_prs28022024.pdf,Page 3,ACTIVE,Verified raw reconstitution event,,
EVT_01282,RAW_01282,RAW,"March 28, 2024","February 28, 2024",ADDITION,ADDITION,IREDA,,,Indian Renewable Energy Development Agency Ltd.,,2024-MAR,FUTURE_RELATIVE_TO_SNAPSHOT,ind_prs28022024.pdf,Page 3,ACTIVE,Verified raw reconstitution event,,
EVT_01283,RAW_01283,RAW,"March 28, 2024","February 28, 2024",ADDITION,ADDITION,INOXWIND,,,Inox Wind Ltd.,,2024-MAR,FUTURE_RELATIVE_TO_SNAPSHOT,ind_prs28022024.pdf,Page 3,ACTIVE,Verified raw reconstitution event,,
EVT_01284,RAW_01284,RAW,"March 28, 2024","February 28, 2024",ADDITION,ADDITION,JAIBALAJI,,,Jai Balaji Industries Ltd.,,2024-MAR,FUTURE_RELATIVE_TO_SNAPSHOT,ind_prs28022024.pdf,Page 3,ACTIVE,Verified raw reconstitution event,,
EVT_01285,RAW_01285,RAW,"March 28, 2024","February 28, 2024",ADDITION,ADDITION,J&KBANK,,,Jammu & Kashmir Bank Ltd.,,2024-MAR,FUTURE_RELATIVE_TO_SNAPSHOT,ind_prs28022024.pdf,Page 3,ACTIVE,Verified raw reconstitution event,,
EVT_01286,RAW_01286,RAW,"March 28, 2024","February 28, 2024",ADDITION,ADDITION,JIOFIN,,,Jio Financial Services Ltd.,,2024-MAR,FUTURE_RELATIVE_TO_SNAPSHOT,ind_prs28022024.pdf,Page 3,ACTIVE,Verified raw reconstitution event,,
EVT_01287,RAW_01287,RAW,"March 28, 2024","February 28, 2024",ADDITION,ADDITION,JSWINFRA,,,JSW Infrastructure Ltd.,,2024-MAR,FUTURE_RELATIVE_TO_SNAPSHOT,ind_prs28022024.pdf,Page 4,ACTIVE,Verified raw reconstitution event,,
EVT_01288,RAW_01288,RAW,"March 28, 2024","February 28, 2024",ADDITION,ADDITION,JWL,,,Jupiter Wagons Ltd.,,2024-MAR,FUTURE_RELATIVE_TO_SNAPSHOT,ind_prs28022024.pdf,Page 4,ACTIVE,Verified raw reconstitution event,,
EVT_01289,RAW_01289,RAW,"March 28, 2024","February 28, 2024",ADDITION,ADDITION,LLOYDSME,,,Lloyds Metals And Energy Ltd.,,2024-MAR,FUTURE_RELATIVE_TO_SNAPSHOT,ind_prs28022024.pdf,Page 4,ACTIVE,Verified raw reconstitution event,,
EVT_01290,RAW_01290,RAW,"March 28, 2024","February 28, 2024",ADDITION,ADDITION,MAHSEAMLES,,,Maharashtra Seamless Ltd.,,2024-MAR,FUTURE_RELATIVE_TO_SNAPSHOT,ind_prs28022024.pdf,Page 4,ACTIVE,Verified raw reconstitution event,,
EVT_01291,RAW_01291,RAW,"March 28, 2024","February 28, 2024",ADDITION,ADDITION,NUVAMA,,,Nuvama Wealth Management Ltd.,,2024-MAR,FUTURE_RELATIVE_TO_SNAPSHOT,ind_prs28022024.pdf,Page 4,ACTIVE,Verified raw reconstitution event,,
EVT_01292,RAW_01292,RAW,"March 28, 2024","February 28, 2024",ADDITION,ADDITION,RRKABEL,,,R R Kabel Ltd.,,2024-MAR,FUTURE_RELATIVE_TO_SNAPSHOT,ind_prs28022024.pdf,Page 4,ACTIVE,Verified raw reconstitution event,,
EVT_01293,RAW_01293,RAW,"March 28, 2024","February 28, 2024",ADDITION,ADDITION,RAILTEL,,,Railtel Corporation Of India Ltd.,,2024-MAR,FUTURE_RELATIVE_TO_SNAPSHOT,ind_prs28022024.pdf,Page 4,ACTIVE,Verified raw reconstitution event,,
EVT_01294,RAW_01294,RAW,"March 28, 2024","February 28, 2024",ADDITION,ADDITION,RKFORGE,,,Ramkrishna Forgings Ltd.,,2024-MAR,FUTURE_RELATIVE_TO_SNAPSHOT,ind_prs28022024.pdf,Page 4,ACTIVE,Verified raw reconstitution event,,
EVT_01295,RAW_01295,RAW,"March 28, 2024","February 28, 2024",ADDITION,ADDITION,SBFC,,,SBFC Finance Ltd.,,2024-MAR,FUTURE_RELATIVE_TO_SNAPSHOT,ind_prs28022024.pdf,Page 4,ACTIVE,Verified raw reconstitution event,,
EVT_01296,RAW_01296,RAW,"March 28, 2024","February 28, 2024",ADDITION,ADDITION,SCHNEIDER,,,Schneider Electric Infrastructure Ltd.,,2024-MAR,FUTURE_RELATIVE_TO_SNAPSHOT,ind_prs28022024.pdf,Page 4,ACTIVE,Verified raw reconstitution event,,
EVT_01297,RAW_01297,RAW,"March 28, 2024","February 28, 2024",ADDITION,ADDITION,SIGNATURE,,,Signatureglobal (India) Ltd.,,2024-MAR,FUTURE_RELATIVE_TO_SNAPSHOT,ind_prs28022024.pdf,Page 4,ACTIVE,Verified raw reconstitution event,,
EVT_01298,RAW_01298,RAW,"March 28, 2024","February 28, 2024",ADDITION,ADDITION,TMB,,,Tamilnad Mercantile Bank Ltd.,,2024-MAR,FUTURE_RELATIVE_TO_SNAPSHOT,ind_prs28022024.pdf,Page 4,ACTIVE,Verified raw reconstitution event,,
EVT_01299,RAW_01299,RAW,"March 28, 2024","February 28, 2024",ADDITION,ADDITION,TATATECH,,,Tata Technologies Ltd.,,2024-MAR,FUTURE_RELATIVE_TO_SNAPSHOT,ind_prs28022024.pdf,Page 4,ACTIVE,Verified raw reconstitution event,,
EVT_01300,RAW_01300,RAW,"March 28, 2024","February 28, 2024",ADDITION,ADDITION,TITAGARH,,,Titagarh Rail Systems Ltd.,,2024-MAR,FUTURE_RELATIVE_TO_SNAPSHOT,ind_prs28022024.pdf,Page 4,ACTIVE,Verified raw reconstitution event,,
EVT_01301,RAW_01301,RAW,"March 28, 2024","February 28, 2024",ADDITION,ADDITION,TVSSCS,,,TVS Supply Chain Solutions Ltd.,,2024-MAR,FUTURE_RELATIVE_TO_SNAPSHOT,ind_prs28022024.pdf,Page 4,ACTIVE,Verified raw reconstitution event,,
EVT_01302,RAW_01302,RAW,"September 29, 2017","August 29, 2017",DELETION,DELETION,RELCAPITAL,,,Reliance Capital Ltd.,,2017-SEP,OUTSIDE_PRIMARY_TARGET,ind_prs29082017.pdf,Page 1,ACTIVE,Verified raw reconstitution event,,
EVT_01303,RAW_01303,RAW,"September 29, 2017","August 29, 2017",DELETION,DELETION,MFSL,,,Max Financial Services Ltd.,,2017-SEP,OUTSIDE_PRIMARY_TARGET,ind_prs29082017.pdf,Page 1,ACTIVE,Verified raw reconstitution event,,
EVT_01304,RAW_01304,RAW,"September 28, 2018","August 31, 2018",DELETION,DELETION,KPIT,,,KPIT Technologies Ltd.,,2018-SEP,FUTURE_RELATIVE_TO_SNAPSHOT,ind_prs31082018.pdf,Page 1,ACTIVE,Verified raw reconstitution event,,
EVT_01305,RAW_01305,RAW,"September 28, 2018","August 31, 2018",DELETION,DELETION,SHILPAMED,,,Shilpa Medicare Ltd.,,2018-SEP,FUTURE_RELATIVE_TO_SNAPSHOT,ind_prs31082018.pdf,Page 1,ACTIVE,Verified raw reconstitution event,,
EVT_DER_0001,RAW_REP_REP_001,DERIVED_FROM_REPLACEMENT,2026-06-10,"June 10, 2026",DELETION,DELETION,ANGELONE,,,Angel One Ltd.,,2026-JUN,PRIMARY_TARGET,ind_prs10062026.pdf,Page 8,ACTIVE,Derived outgoing deletion from replacement REP_001,,REP_001
EVT_DER_0002,RAW_REP_REP_001,DERIVED_FROM_REPLACEMENT,2026-06-10,"June 10, 2026",ADDITION,ADDITION,INFY,,,Infosys Ltd.,,2026-JUN,PRIMARY_TARGET,ind_prs10062026.pdf,Page 8,ACTIVE,Derived incoming addition from replacement REP_001,,REP_001
EVT_DER_0003,RAW_REP_REP_002,DERIVED_FROM_REPLACEMENT,2026-06-10,"June 10, 2026",DELETION,DELETION,ASTRAZEN,,,AstraZenca Pharma India Ltd.,,2026-JUN,PRIMARY_TARGET,ind_prs10062026.pdf,Page 8,ACTIVE,Derived outgoing deletion from replacement REP_002,,REP_002
EVT_DER_0004,RAW_REP_REP_002,DERIVED_FROM_REPLACEMENT,2026-06-10,"June 10, 2026",ADDITION,ADDITION,JSWDULUX,,,JSW Dulux Ltd.,,2026-JUN,PRIMARY_TARGET,ind_prs10062026.pdf,Page 8,ACTIVE,Derived incoming addition from replacement REP_002,,REP_002
EVT_DER_0005,RAW_REP_REP_003,DERIVED_FROM_REPLACEMENT,2026-06-10,"June 10, 2026",DELETION,DELETION,GLAXO,,,Glaxosmithkline Pharmaceuticals Ltd.,,2026-JUN,PRIMARY_TARGET,ind_prs10062026.pdf,Page 8,ACTIVE,Derived outgoing deletion from replacement REP_003,,REP_003
EVT_DER_0006,RAW_REP_REP_003,DERIVED_FROM_REPLACEMENT,2026-06-10,"June 10, 2026",ADDITION,ADDITION,SCHNEIDER,,,Schneider Electric Infrastructure Ltd.,,2026-JUN,PRIMARY_TARGET,ind_prs10062026.pdf,Page 8,ACTIVE,Derived incoming addition from replacement REP_003,,REP_003
