event_id,raw_event_id,effective_date,event_type,symbol,old_symbol,new_symbol,company_name,isin,review_period,index_scope,membership_effect,source_document,source_page,source_section,resolution_status,event_origin
PEVT_00001,RAW_00001,,DELETION,TECHNO,,,Techno Electric & Engineering Company Ltd.,,2018-SEP,PARENT_NIFTY_500,REMOVE,ind_prs01082018.pdf,Page 1,1) NIFTY 500 Index,ACTIVE,RAW
PEVT_00002,RAW_00002,,DELETION,BDL,,,Bharat Dynamics Ltd.,,2018-SEP,PARENT_NIFTY_500,REMOVE,ind_prs01082018.pdf,Page 1,1) NIFTY 500 Index,ACTIVE,RAW
PEVT_00003,RAW_00003,"September 30, 2022",DELETION,ADVENZYMES,,,Advanced Enzyme Tech Ltd.,,2022-SEP,PARENT_NIFTY_500,REMOVE,ind_prs01092022.pdf,Page 2,3) Nifty 500,ACTIVE,RAW
PEVT_00004,RAW_00004,"September 30, 2022",DELETION,ERIS,,,Eris Lifesciences Ltd.,,2022-SEP,PARENT_NIFTY_500,REMOVE,ind_prs01092022.pdf,Page 2,3) Nifty 500,ACTIVE,RAW
PEVT_00005,RAW_00005,"September 30, 2022",DELETION,GLS,,,Glenmark Life Sciences Ltd.,,2022-SEP,PARENT_NIFTY_500,REMOVE,ind_prs01092022.pdf,Page 2,3) Nifty 500,ACTIVE,RAW
PEVT_00006,RAW_00006,"September 30, 2022",DELETION,HATHWAY,,,Hathway Cable & Datacom Ltd.,,2022-SEP,PARENT_NIFTY_500,REMOVE,ind_prs01092022.pdf,Page 2,3) Nifty 500,ACTIVE,RAW
PEVT_00007,RAW_00007,"September 30, 2022",DELETION,HEMIPROP,,,Hemisphere Properties India Ltd.,,2022-SEP,PARENT_NIFTY_500,REMOVE,ind_prs01092022.pdf,Page 2,3) Nifty 500,ACTIVE,RAW
PEVT_00008,RAW_00008,"September 30, 2022",DELETION,ICIL,,,Indo Count Industries Ltd.,,2022-SEP,PARENT_NIFTY_500,REMOVE,ind_prs01092022.pdf,Page 2,3) Nifty 500,ACTIVE,RAW
PEVT_00009,RAW_00009,"September 30, 2022",DELETION,IRCON,,,IRCON International Ltd.,,2022-SEP,PARENT_NIFTY_500,REMOVE,ind_prs01092022.pdf,Page 2,3) Nifty 500,ACTIVE,RAW
PEVT_00010,RAW_00010,"September 30, 2022",DELETION,MINDTREE,,,MindTree Ltd.*,,2022-SEP,PARENT_NIFTY_500,REMOVE,ind_prs01092022.pdf,Page 2,3) Nifty 500,ACTIVE,RAW
PEVT_00011,RAW_00011,"September 30, 2022",DELETION,NESCO,,,NESCO Ltd.,,2022-SEP,PARENT_NIFTY_500,REMOVE,ind_prs01092022.pdf,Page 2,3) Nifty 500,ACTIVE,RAW
PEVT_00012,RAW_00012,"September 30, 2022",DELETION,RAILTEL,,,Railtel Corporation Of India Ltd.,,2022-SEP,PARENT_NIFTY_500,REMOVE,ind_prs01092022.pdf,Page 2,3) Nifty 500,ACTIVE,RAW
PEVT_00013,RAW_00013,"September 30, 2022",DELETION,SEQUENT,,,Sequent Scientific Ltd.,,2022-SEP,PARENT_NIFTY_500,REMOVE,ind_prs01092022.pdf,Page 2,3) Nifty 500,ACTIVE,RAW
PEVT_00014,RAW_00014,"September 30, 2022",DELETION,SOLARA,,,Solara Active Pharma Sciences Ltd.,,2022-SEP,PARENT_NIFTY_500,REMOVE,ind_prs01092022.pdf,Page 2,3) Nifty 500,ACTIVE,RAW
PEVT_00015,RAW_00015,"September 30, 2022",DELETION,SPICEJET,,,Spicejet Ltd.,,2022-SEP,PARENT_NIFTY_500,REMOVE,ind_prs01092022.pdf,Page 2,3) Nifty 500,ACTIVE,RAW
PEVT_00016,RAW_00016,"September 30, 2022",DELETION,STAR,,,Strides Pharma Science Ltd.,,2022-SEP,PARENT_NIFTY_500,REMOVE,ind_prs01092022.pdf,Page 2,3) Nifty 500,ACTIVE,RAW
PEVT_00017,RAW_00017,"September 30, 2022",DELETION,TATASTLLP,,,Tata Steel Long Products Ltd.,,2022-SEP,PARENT_NIFTY_500,REMOVE,ind_prs01092022.pdf,Page 2,3) Nifty 500,ACTIVE,RAW
PEVT_00018,RAW_00018,"September 30, 2022",DELETION,UCOBANK,,,UCO Bank,,2022-SEP,PARENT_NIFTY_500,REMOVE,ind_prs01092022.pdf,Page 2,3) Nifty 500,ACTIVE,RAW
PEVT_00019,RAW_00019,"September 30, 2022",DELETION,VAKRANGEE,,,Vakrangee Ltd.,,2022-SEP,PARENT_NIFTY_500,REMOVE,ind_prs01092022.pdf,Page 2,3) Nifty 500,ACTIVE,RAW
PEVT_00020,RAW_00020,"September 30, 2022",DELETION,VENKEYS,,,Venky's (India) Ltd.,,2022-SEP,PARENT_NIFTY_500,REMOVE,ind_prs01092022.pdf,Page 2,3) Nifty 500,ACTIVE,RAW
PEVT_00021,RAW_00021,"September 30, 2022",ADDITION,AWL,,,Adani Wilmar Ltd.,,2022-SEP,PARENT_NIFTY_500,ADD,ind_prs01092022.pdf,Page 3,3) Nifty 500,ACTIVE,RAW
PEVT_00022,RAW_00022,"September 30, 2022",ADDITION,AETHER,,,Aether Industries Ltd.,,2022-SEP,PARENT_NIFTY_500,ADD,ind_prs01092022.pdf,Page 3,3) Nifty 500,ACTIVE,RAW
PEVT_00023,RAW_00023,"September 30, 2022",ADDITION,BHARATRAS,,,Bharat Rasayan Ltd.,,2022-SEP,PARENT_NIFTY_500,ADD,ind_prs01092022.pdf,Page 3,3) Nifty 500,ACTIVE,RAW
PEVT_00024,RAW_00024,"September 30, 2022",ADDITION,DEEPAKFERT,,,Deepak Fertilisers & Petrochemicals Corp. Ltd.,,2022-SEP,PARENT_NIFTY_500,ADD,ind_prs01092022.pdf,Page 3,3) Nifty 500,ACTIVE,RAW
PEVT_00025,RAW_00025,"September 30, 2022",ADDITION,GREENPANEL,,,Greenpanel Industries Ltd.,,2022-SEP,PARENT_NIFTY_500,ADD,ind_prs01092022.pdf,Page 3,3) Nifty 500,ACTIVE,RAW
PEVT_00026,RAW_00026,"September 30, 2022",ADDITION,JBMA,,,JBM Auto Ltd.,,2022-SEP,PARENT_NIFTY_500,ADD,ind_prs01092022.pdf,Page 3,3) Nifty 500,ACTIVE,RAW
PEVT_00027,RAW_00027,"September 30, 2022",ADDITION,MAHLIFE,,,Mahindra Lifespace Developers Ltd.,,2022-SEP,PARENT_NIFTY_500,ADD,ind_prs01092022.pdf,Page 3,3) Nifty 500,ACTIVE,RAW
PEVT_00028,RAW_00028,"September 30, 2022",ADDITION,MSUMI,,,Motherson Sumi Wiring India Ltd.,,2022-SEP,PARENT_NIFTY_500,ADD,ind_prs01092022.pdf,Page 3,3) Nifty 500,ACTIVE,RAW
PEVT_00029,RAW_00029,"September 30, 2022",ADDITION,NIITLTD,,,NIIT Ltd.,,2022-SEP,PARENT_NIFTY_500,ADD,ind_prs01092022.pdf,Page 3,3) Nifty 500,ACTIVE,RAW
PEVT_00030,RAW_00030,"September 30, 2022",ADDITION,OLECTRA,,,Olectra Greentech Ltd.,,2022-SEP,PARENT_NIFTY_500,ADD,ind_prs01092022.pdf,Page 3,3) Nifty 500,ACTIVE,RAW
PEVT_00031,RAW_00031,"September 30, 2022",ADDITION,PATANJALI,,,Patanjali Foods Ltd.,,2022-SEP,PARENT_NIFTY_500,ADD,ind_prs01092022.pdf,Page 3,3) Nifty 500,ACTIVE,RAW
PEVT_00032,RAW_00032,"September 30, 2022",ADDITION,RAYMOND,,,Raymond Ltd.,,2022-SEP,PARENT_NIFTY_500,ADD,ind_prs01092022.pdf,Page 3,3) Nifty 500,ACTIVE,RAW
PEVT_00033,RAW_00033,"September 30, 2022",ADDITION,MOTHERSON,,,Samvardhana Motherson International Ltd.,,2022-SEP,PARENT_NIFTY_500,ADD,ind_prs01092022.pdf,Page 3,3) Nifty 500,ACTIVE,RAW
PEVT_00034,RAW_00034,"September 30, 2022",ADDITION,SHARDACROP,,,Sharda Cropchem Ltd.,,2022-SEP,PARENT_NIFTY_500,ADD,ind_prs01092022.pdf,Page 3,3) Nifty 500,ACTIVE,RAW
PEVT_00035,RAW_00035,"September 30, 2022",ADDITION,SWANENERGY,,,Swan Energy Ltd.,,2022-SEP,PARENT_NIFTY_500,ADD,ind_prs01092022.pdf,Page 3,3) Nifty 500,ACTIVE,RAW
PEVT_00036,RAW_00036,"September 30, 2022",ADDITION,TEJASNET,,,Tejas Networks Ltd.,,2022-SEP,PARENT_NIFTY_500,ADD,ind_prs01092022.pdf,Page 3,3) Nifty 500,ACTIVE,RAW
PEVT_00037,RAW_00037,"September 30, 2022",ADDITION,TCI,,,Transport Corporation of India Ltd.,,2022-SEP,PARENT_NIFTY_500,ADD,ind_prs01092022.pdf,Page 3,3) Nifty 500,ACTIVE,RAW
PEVT_00038,RAW_00038,"September 30, 2022",ADDITION,MANYAVAR,,,Vedant Fashions Ltd.,,2022-SEP,PARENT_NIFTY_500,ADD,ind_prs01092022.pdf,Page 3,3) Nifty 500,ACTIVE,RAW
PEVT_00039,RAW_00039,"July 31, 2020",DELETION,VEDL,,,Vedanta Ltd.,,2020-JUL,PARENT_NIFTY_500,REMOVE,ind_prs02072020_1.pdf,Page 2,3) NIFTY 500,ACTIVE,RAW
PEVT_00040,RAW_00040,"July 31, 2020",DELETION,SBICARD,,,SBI Cards and Payment Services Ltd.,,2020-JUL,PARENT_NIFTY_500,REMOVE,ind_prs02072020_1.pdf,Page 2,3) NIFTY 500,ACTIVE,RAW
PEVT_00041,RAW_00041,"April 11, 2025",DELETION,QUESS,,,Quess Corp Ltd.,,2025-MAR,PARENT_NIFTY_500,REMOVE,ind_prs04042025_2.pdf,Page 1,1) Nifty 500,ACTIVE,RAW
PEVT_00042,RAW_00042,"April 11, 2025",DELETION,SUNDRMFAST,,,Sundram Fasteners Ltd.,,2025-MAR,PARENT_NIFTY_500,REMOVE,ind_prs04042025_2.pdf,Page 1,1) Nifty 500,ACTIVE,RAW
PEVT_00043,RAW_00043,"May 12, 2026",DELETION,GSPL,,,Gujarat State Petronet Ltd.,,2026-MAY,PARENT_NIFTY_500,REMOVE,ind_prs04052026.pdf,Page 1,1) Nifty 500,ACTIVE,RAW
PEVT_00044,RAW_00044,"May 12, 2026",DELETION,CIEINDIA,,,CIE Automotive India Ltd.,,2026-MAY,PARENT_NIFTY_500,REMOVE,ind_prs04052026.pdf,Page 1,1) Nifty 500,ACTIVE,RAW
PEVT_00045,RAW_00045,"July 13, 2023",DELETION,HDFC,,,Housing Development Finance Corporation Ltd.,,2023-JUL,PARENT_NIFTY_500,REMOVE,ind_prs04072023.pdf,Page 2,4) Nifty 500,ACTIVE,RAW
PEVT_00046,RAW_00046,"July 13, 2023",DELETION,MANKIND,,,Mankind Pharma Ltd.,,2023-JUL,PARENT_NIFTY_500,REMOVE,ind_prs04072023.pdf,Page 2,4) Nifty 500,ACTIVE,RAW
PEVT_00047,RAW_00047,"October 10, 2024",DELETION,IDFC,,,IDFC Ltd.,,2024-SEP,PARENT_NIFTY_500,REMOVE,ind_prs04102024.pdf,Page 1,1) Nifty 500,ACTIVE,RAW
PEVT_00048,RAW_00048,"October 10, 2024",DELETION,EMCURE,,,Emcure Pharmaceuticals Ltd.,,2024-SEP,PARENT_NIFTY_500,REMOVE,ind_prs04102024.pdf,Page 1,1) Nifty 500,ACTIVE,RAW
PEVT_00049,RAW_00049,"May 04, 2022",DELETION,AARTIIND,,,Aarti Industries Ltd.,,2022-MAY,PARENT_NIFTY_500,REMOVE,ind_prs05042022.pdf,Page 1,1) NIFTY 500,ACTIVE,RAW
PEVT_00050,RAW_00050,"May 04, 2022",DELETION,GMRINFRA,,,GMR Infrastructure Ltd.,,2022-MAY,PARENT_NIFTY_500,REMOVE,ind_prs05042022.pdf,Page 1,1) NIFTY 500,ACTIVE,RAW
PEVT_00051,RAW_00051,"April 12, 2022",DELETION,BEML,,,BEML Ltd.,,2022-MAR,PARENT_NIFTY_500,REMOVE,ind_prs05042022_1.pdf,Page 1,1) NIFTY 500,ACTIVE,RAW
PEVT_00052,RAW_00052,"April 12, 2022",DELETION,CGCL,,,Capri Global Capital Ltd.,,2022-MAR,PARENT_NIFTY_500,REMOVE,ind_prs05042022_1.pdf,Page 1,1) NIFTY 500,ACTIVE,RAW
PEVT_00053,RAW_00053,"April 02, 2018",DELETION,VIDEOIND,,,Videocon Industries Ltd.,,2018-MAR,PARENT_NIFTY_500,REMOVE,ind_prs06032018.pdf,Page 1,1) NIFTY 500,ACTIVE,RAW
PEVT_00054,RAW_00054,"April 02, 2018",DELETION,ERIS,,,Eris Lifesciences Ltd.,,2018-MAR,PARENT_NIFTY_500,REMOVE,ind_prs06032018.pdf,Page 1,1) NIFTY 500,ACTIVE,RAW
PEVT_00056,RAW_00056,,DELETION,BHARATRAS,,,Bharat Rasayan Ltd.,,2023-MAR,PARENT_NIFTY_500,REMOVE,ind_prs06032023.pdf,Page 5,1) Nifty500 Shariah,ACTIVE,RAW
PEVT_00057,RAW_00057,,DELETION,INDOCO,,,Indoco Remedies Ltd.,,2023-MAR,PARENT_NIFTY_500,REMOVE,ind_prs06032023.pdf,Page 5,1) Nifty500 Shariah,ACTIVE,RAW
PEVT_00058,RAW_00058,,DELETION,PGHL,,,Procter & Gamble Health Ltd.,,2023-MAR,PARENT_NIFTY_500,REMOVE,ind_prs06032023.pdf,Page 5,1) Nifty500 Shariah,ACTIVE,RAW
PEVT_00059,RAW_00059,,DELETION,SFL,,,Sheela Foam Ltd.,,2023-MAR,PARENT_NIFTY_500,REMOVE,ind_prs06032023.pdf,Page 5,1) Nifty500 Shariah,ACTIVE,RAW
PEVT_00060,RAW_00060,,DELETION,TATACOFFEE,,,Tata Coffee Ltd.,,2023-MAR,PARENT_NIFTY_500,REMOVE,ind_prs06032023.pdf,Page 5,1) Nifty500 Shariah,ACTIVE,RAW
PEVT_00061,RAW_00061,,DELETION,THYROCARE,,,Thyrocare Technologies Ltd.,,2023-MAR,PARENT_NIFTY_500,REMOVE,ind_prs06032023.pdf,Page 5,1) Nifty500 Shariah,ACTIVE,RAW
PEVT_00062,RAW_00062,,ADDITION,APARINDS,,,Apar Industries Ltd.,,2023-MAR,PARENT_NIFTY_500,ADD,ind_prs06032023.pdf,Page 5,1) Nifty500 Shariah,ACTIVE,RAW
PEVT_00063,RAW_00063,,ADDITION,BIKAJI,,,Bikaji Foods International Ltd.,,2023-MAR,PARENT_NIFTY_500,ADD,ind_prs06032023.pdf,Page 5,1) Nifty500 Shariah,ACTIVE,RAW
PEVT_00064,RAW_00064,,ADDITION,MEDANTA,,,Global Health Ltd.,,2023-MAR,PARENT_NIFTY_500,ADD,ind_prs06032023.pdf,Page 5,1) Nifty500 Shariah,ACTIVE,RAW
PEVT_00065,RAW_00065,,ADDITION,INGERRAND,,,Ingersoll Rand (India) Ltd.,,2023-MAR,PARENT_NIFTY_500,ADD,ind_prs06032023.pdf,Page 5,1) Nifty500 Shariah,ACTIVE,RAW
PEVT_00066,RAW_00066,,ADDITION,KENNAMET,,,Kennametal India Ltd.,,2023-MAR,PARENT_NIFTY_500,ADD,ind_prs06032023.pdf,Page 5,1) Nifty500 Shariah,ACTIVE,RAW
PEVT_00067,RAW_00067,,ADDITION,KFINTECH,,,Kfin Technologies Ltd.,,2023-MAR,PARENT_NIFTY_500,ADD,ind_prs06032023.pdf,Page 5,1) Nifty500 Shariah,ACTIVE,RAW
PEVT_00068,RAW_00068,,ADDITION,KSB,,,KSB Ltd.,,2023-MAR,PARENT_NIFTY_500,ADD,ind_prs06032023.pdf,Page 5,1) Nifty500 Shariah,ACTIVE,RAW
PEVT_00069,RAW_00069,,ADDITION,NMDC,,,NMDC Ltd.,,2023-MAR,PARENT_NIFTY_500,ADD,ind_prs06032023.pdf,Page 5,1) Nifty500 Shariah,ACTIVE,RAW
PEVT_00070,RAW_00070,"April 07, 2022",DELETION,SUPPETRO,,,Supreme Petrochem Ltd.,,2022-MAR,PARENT_NIFTY_500,REMOVE,ind_prs06042022.pdf,Page 1,1) NIFTY 500,ACTIVE,RAW
PEVT_00071,RAW_00071,"April 07, 2022",DELETION,MTARTECH,,,MTAR Technologies Ltd.,,2022-MAR,PARENT_NIFTY_500,REMOVE,ind_prs06042022.pdf,Page 1,1) NIFTY 500,ACTIVE,RAW
PEVT_00072,RAW_00072,"June 30,
2025",DELETION,ABSLAMC,,,Aditya Birla Sun Life AMC Ltd.,,2025-JUN,PARENT_NIFTY_500,REMOVE,ind_prs06062025.pdf,Page 5,9) Nifty500 Quality 50,ACTIVE,RAW
PEVT_00073,RAW_00073,"June 30,
2025",DELETION,MSUMI,,,Motherson Sumi Wiring India Ltd.,,2025-JUN,PARENT_NIFTY_500,REMOVE,ind_prs06062025.pdf,Page 5,9) Nifty500 Quality 50,ACTIVE,RAW
PEVT_00074,RAW_00074,"June 30,
2025",DELETION,PETRONET,,,Petronet LNG Ltd.,,2025-JUN,PARENT_NIFTY_500,REMOVE,ind_prs06062025.pdf,Page 5,9) Nifty500 Quality 50,ACTIVE,RAW
PEVT_00075,RAW_00075,"June 30,
2025",DELETION,RTNINDIA,,,RattanIndia Enterprises Ltd.,,2025-JUN,PARENT_NIFTY_500,REMOVE,ind_prs06062025.pdf,Page 5,9) Nifty500 Quality 50,ACTIVE,RAW
PEVT_00076,RAW_00076,"June 30,
2025",DELETION,TATAMOTORS,,,Tata Motors Ltd.,,2025-JUN,PARENT_NIFTY_500,REMOVE,ind_prs06062025.pdf,Page 5,9) Nifty500 Quality 50,ACTIVE,RAW
PEVT_00077,RAW_00077,"June 30,
2025",DELETION,VBL,,,Varun Beverages Ltd.,,2025-JUN,PARENT_NIFTY_500,REMOVE,ind_prs06062025.pdf,Page 5,9) Nifty500 Quality 50,ACTIVE,RAW
PEVT_00078,RAW_00078,"June 30,
2025",ADDITION,ABB,,,ABB India Ltd.,,2025-JUN,PARENT_NIFTY_500,ADD,ind_prs06062025.pdf,Page 5,9) Nifty500 Quality 50,ACTIVE,RAW
PEVT_00079,RAW_00079,"June 30,
2025",ADDITION,ANANDRATHI,,,Anand Rathi Wealth Ltd.,,2025-JUN,PARENT_NIFTY_500,ADD,ind_prs06062025.pdf,Page 5,9) Nifty500 Quality 50,ACTIVE,RAW
PEVT_00080,RAW_00080,"June 30,
2025",ADDITION,BRITANNIA,,,Britannia Industries Ltd.,,2025-JUN,PARENT_NIFTY_500,ADD,ind_prs06062025.pdf,Page 5,9) Nifty500 Quality 50,ACTIVE,RAW
PEVT_00081,RAW_00081,"June 30,
2025",ADDITION,CRISIL,,,CRISIL Ltd.,,2025-JUN,PARENT_NIFTY_500,ADD,ind_prs06062025.pdf,Page 5,9) Nifty500 Quality 50,ACTIVE,RAW
PEVT_00082,RAW_00082,"June 30,
2025",ADDITION,SUZLON,,,Suzlon Energy Ltd.,,2025-JUN,PARENT_NIFTY_500,ADD,ind_prs06062025.pdf,Page 5,9) Nifty500 Quality 50,ACTIVE,RAW
PEVT_00083,RAW_00083,"June 30,
2025",ADDITION,ZENTEC,,,Zen Technologies Ltd.,,2025-JUN,PARENT_NIFTY_500,ADD,ind_prs06062025.pdf,Page 5,9) Nifty500 Quality 50,ACTIVE,RAW
PEVT_00084,RAW_00084,,DELETION,ALLCARGO,,,Allcargo Logistics Ltd.,,2022-DEC,PARENT_NIFTY_500,REMOVE,ind_prs06122022.pdf,Page 1,1) Nifty 500,ACTIVE,RAW
PEVT_00085,RAW_00085,,DELETION,NIITLTD,,,NIIT Ltd.,,2022-DEC,PARENT_NIFTY_500,REMOVE,ind_prs06122022.pdf,Page 1,1) Nifty 500,ACTIVE,RAW
PEVT_00086,RAW_00086,,DELETION,SCI,,,Shipping Corporation of India Ltd.,,2022-DEC,PARENT_NIFTY_500,REMOVE,ind_prs06122022.pdf,Page 1,1) Nifty 500,ACTIVE,RAW
PEVT_00087,RAW_00087,,ADDITION,BEML,,,BEML Ltd.,,2022-DEC,PARENT_NIFTY_500,ADD,ind_prs06122022.pdf,Page 1,1) Nifty 500,ACTIVE,RAW
PEVT_00088,RAW_00088,,ADDITION,LEMONTREE,,,Lemon Tree Hotels Ltd.,,2022-DEC,PARENT_NIFTY_500,ADD,ind_prs06122022.pdf,Page 1,1) Nifty 500,ACTIVE,RAW
PEVT_00089,RAW_00089,,ADDITION,UCOBANK,,,UCO Bank,,2022-DEC,PARENT_NIFTY_500,ADD,ind_prs06122022.pdf,Page 2,1) Nifty 500,ACTIVE,RAW
PEVT_00090,RAW_00090,"March 31, 2017",DELETION,SBBJ,,,State Bank of Bikaner & Jaipur Ltd.,,2017-MAR,PARENT_NIFTY_500,REMOVE,ind_prs07032017.pdf,Page 1,1) NIFTY 500 Index,ACTIVE,RAW
PEVT_00091,RAW_00091,"March 31, 2017",DELETION,MYSOREBANK,,,State Bank of Mysore,,2017-MAR,PARENT_NIFTY_500,REMOVE,ind_prs07032017.pdf,Page 1,1) NIFTY 500 Index,ACTIVE,RAW
PEVT_00092,RAW_00092,"March 31, 2017",DELETION,SBT,,,State Bank of Travancore,,2017-MAR,PARENT_NIFTY_500,REMOVE,ind_prs07032017.pdf,Page 1,1) NIFTY 500 Index,ACTIVE,RAW
PEVT_00093,RAW_00093,"March 31, 2017",ADDITION,FRETAIL,,,Future Retail Ltd.,,2017-MAR,PARENT_NIFTY_500,ADD,ind_prs07032017.pdf,Page 1,1) NIFTY 500 Index,ACTIVE,RAW
PEVT_00094,RAW_00094,"March 31, 2017",ADDITION,MAXINDIA,,,Max India Ltd.,,2017-MAR,PARENT_NIFTY_500,ADD,ind_prs07032017.pdf,Page 1,1) NIFTY 500 Index,ACTIVE,RAW
PEVT_00095,RAW_00095,"March 31, 2017",ADDITION,MGL,,,Mahanagar Gas Ltd.,,2017-MAR,PARENT_NIFTY_500,ADD,ind_prs07032017.pdf,Page 1,1) NIFTY 500 Index,ACTIVE,RAW
PEVT_00097,RAW_00097,"June 28, 2024",DELETION,AUROPHARMA,,,Aurobindo Pharma Ltd.,,2024-JUN,PARENT_NIFTY_500,REMOVE,ind_prs07062024.pdf,Page 7,11) Nifty500 Momentum 50,ACTIVE,RAW
PEVT_00098,RAW_00098,"June 28, 2024",DELETION,BSOFT,,,Birlasoft Ltd.,,2024-JUN,PARENT_NIFTY_500,REMOVE,ind_prs07062024.pdf,Page 7,11) Nifty500 Momentum 50,ACTIVE,RAW
PEVT_00099,RAW_00099,"June 28, 2024",DELETION,MAPMYINDIA,,,C.E. Info Systems Ltd.,,2024-JUN,PARENT_NIFTY_500,REMOVE,ind_prs07062024.pdf,Page 7,11) Nifty500 Momentum 50,ACTIVE,RAW
PEVT_00100,RAW_00100,"June 28, 2024",DELETION,CDSL,,,Central Depository Services (India) Ltd.,,2024-JUN,PARENT_NIFTY_500,REMOVE,ind_prs07062024.pdf,Page 7,11) Nifty500 Momentum 50,ACTIVE,RAW
PEVT_00101,RAW_00101,"June 28, 2024",DELETION,CYIENT,,,Cyient Ltd.,,2024-JUN,PARENT_NIFTY_500,REMOVE,ind_prs07062024.pdf,Page 7,11) Nifty500 Momentum 50,ACTIVE,RAW
PEVT_00102,RAW_00102,"June 28, 2024",DELETION,ECLERX,,,eClerx Services Ltd.,,2024-JUN,PARENT_NIFTY_500,REMOVE,ind_prs07062024.pdf,Page 7,11) Nifty500 Momentum 50,ACTIVE,RAW
PEVT_00103,RAW_00103,"June 28, 2024",DELETION,FACT,,,Fertilisers and Chemicals Travancore Ltd.,,2024-JUN,PARENT_NIFTY_500,REMOVE,ind_prs07062024.pdf,Page 7,11) Nifty500 Momentum 50,ACTIVE,RAW
PEVT_00104,RAW_00104,"June 28, 2024",DELETION,GICRE,,,General Insurance Corporation of India,,2024-JUN,PARENT_NIFTY_500,REMOVE,ind_prs07062024.pdf,Page 7,11) Nifty500 Momentum 50,ACTIVE,RAW
PEVT_00105,RAW_00105,"June 28, 2024",DELETION,MEDANTA,,,Global Health Ltd.,,2024-JUN,PARENT_NIFTY_500,REMOVE,ind_prs07062024.pdf,Page 7,11) Nifty500 Momentum 50,ACTIVE,RAW
PEVT_00106,RAW_00106,"June 28, 2024",DELETION,IRCON,,,IRCON International Ltd.,,2024-JUN,PARENT_NIFTY_500,REMOVE,ind_prs07062024.pdf,Page 7,11) Nifty500 Momentum 50,ACTIVE,RAW
PEVT_00107,RAW_00107,"June 28, 2024",DELETION,ITI,,,ITI Ltd.,,2024-JUN,PARENT_NIFTY_500,REMOVE,ind_prs07062024.pdf,Page 7,11) Nifty500 Momentum 50,ACTIVE,RAW
PEVT_00108,RAW_00108,"June 28, 2024",DELETION,JINDALSAW,,,Jindal Saw Ltd.,,2024-JUN,PARENT_NIFTY_500,REMOVE,ind_prs07062024.pdf,Page 7,11) Nifty500 Momentum 50,ACTIVE,RAW
PEVT_00109,RAW_00109,"June 28, 2024",DELETION,JYOTHYLAB,,,Jyothy Labs Ltd.,,2024-JUN,PARENT_NIFTY_500,REMOVE,ind_prs07062024.pdf,Page 8,11) Nifty500 Momentum 50,ACTIVE,RAW
PEVT_00110,RAW_00110,"June 28, 2024",DELETION,KARURVYSYA,,,Karur Vysya Bank Ltd.,,2024-JUN,PARENT_NIFTY_500,REMOVE,ind_prs07062024.pdf,Page 8,11) Nifty500 Momentum 50,ACTIVE,RAW
PEVT_00111,RAW_00111,"June 28, 2024",DELETION,KAYNES,,,Kaynes Technology India Ltd.,,2024-JUN,PARENT_NIFTY_500,REMOVE,ind_prs07062024.pdf,Page 8,11) Nifty500 Momentum 50,ACTIVE,RAW
PEVT_00112,RAW_00112,"June 28, 2024",DELETION,KPITTECH,,,KPIT Technologies Ltd.,,2024-JUN,PARENT_NIFTY_500,REMOVE,ind_prs07062024.pdf,Page 8,11) Nifty500 Momentum 50,ACTIVE,RAW
PEVT_00113,RAW_00113,"June 28, 2024",DELETION,LUPIN,,,Lupin Ltd.,,2024-JUN,PARENT_NIFTY_500,REMOVE,ind_prs07062024.pdf,Page 8,11) Nifty500 Momentum 50,ACTIVE,RAW
PEVT_00114,RAW_00114,"June 28, 2024",DELETION,MCX,,,Multi Commodity Exchange of India Ltd.,,2024-JUN,PARENT_NIFTY_500,REMOVE,ind_prs07062024.pdf,Page 8,11) Nifty500 Momentum 50,ACTIVE,RAW
PEVT_00115,RAW_00115,"June 28, 2024",DELETION,NLCINDIA,,,NLC India Ltd.,,2024-JUN,PARENT_NIFTY_500,REMOVE,ind_prs07062024.pdf,Page 8,11) Nifty500 Momentum 50,ACTIVE,RAW
PEVT_00116,RAW_00116,"June 28, 2024",DELETION,PCBL,,,PCBL Ltd.,,2024-JUN,PARENT_NIFTY_500,REMOVE,ind_prs07062024.pdf,Page 8,11) Nifty500 Momentum 50,ACTIVE,RAW
PEVT_00117,RAW_00117,"June 28, 2024",DELETION,PNBHOUSING,,,PNB Housing Finance Ltd.,,2024-JUN,PARENT_NIFTY_500,REMOVE,ind_prs07062024.pdf,Page 8,11) Nifty500 Momentum 50,ACTIVE,RAW
PEVT_00118,RAW_00118,"June 28, 2024",DELETION,POLYCAB,,,Polycab India Ltd.,,2024-JUN,PARENT_NIFTY_500,REMOVE,ind_prs07062024.pdf,Page 8,11) Nifty500 Momentum 50,ACTIVE,RAW
PEVT_00119,RAW_00119,"June 28, 2024",DELETION,SAFARI,,,Safari Industries (India) Ltd.,,2024-JUN,PARENT_NIFTY_500,REMOVE,ind_prs07062024.pdf,Page 8,11) Nifty500 Momentum 50,ACTIVE,RAW
PEVT_00120,RAW_00120,"June 28, 2024",DELETION,SHYAMMETL,,,Shyam Metalics and Energy Ltd.,,2024-JUN,PARENT_NIFTY_500,REMOVE,ind_prs07062024.pdf,Page 8,11) Nifty500 Momentum 50,ACTIVE,RAW
PEVT_00121,RAW_00121,"June 28, 2024",DELETION,SONATSOFTW,,,Sonata Software Ltd.,,2024-JUN,PARENT_NIFTY_500,REMOVE,ind_prs07062024.pdf,Page 8,11) Nifty500 Momentum 50,ACTIVE,RAW
PEVT_00122,RAW_00122,"June 28, 2024",DELETION,SUPREMEIND,,,Supreme Industries Ltd.,,2024-JUN,PARENT_NIFTY_500,REMOVE,ind_prs07062024.pdf,Page 8,11) Nifty500 Momentum 50,ACTIVE,RAW
PEVT_00123,RAW_00123,"June 28, 2024",DELETION,TATAINVEST,,,Tata Investment Corporation Ltd.,,2024-JUN,PARENT_NIFTY_500,REMOVE,ind_prs07062024.pdf,Page 8,11) Nifty500 Momentum 50,ACTIVE,RAW
PEVT_00124,RAW_00124,"June 28, 2024",DELETION,NIACL,,,The New India Assurance Company Ltd.,,2024-JUN,PARENT_NIFTY_500,REMOVE,ind_prs07062024.pdf,Page 8,11) Nifty500 Momentum 50,ACTIVE,RAW
PEVT_00125,RAW_00125,"June 28, 2024",DELETION,WELCORP,,,Welspun Corp Ltd.,,2024-JUN,PARENT_NIFTY_500,REMOVE,ind_prs07062024.pdf,Page 8,11) Nifty500 Momentum 50,ACTIVE,RAW
PEVT_00126,RAW_00126,"June 28, 2024",DELETION,ZENSARTECH,,,Zensar Technolgies Ltd.,,2024-JUN,PARENT_NIFTY_500,REMOVE,ind_prs07062024.pdf,Page 8,11) Nifty500 Momentum 50,ACTIVE,RAW
PEVT_00127,RAW_00127,"June 28, 2024",ADDITION,ABB,,,ABB India Ltd.,,2024-JUN,PARENT_NIFTY_500,ADD,ind_prs07062024.pdf,Page 8,11) Nifty500 Momentum 50,ACTIVE,RAW
PEVT_00128,RAW_00128,"June 28, 2024",ADDITION,ADANIPORTS,,,Adani Ports and Special Economic Zone Ltd.,,2024-JUN,PARENT_NIFTY_500,ADD,ind_prs07062024.pdf,Page 8,11) Nifty500 Momentum 50,ACTIVE,RAW
PEVT_00129,RAW_00129,"June 28, 2024",ADDITION,ADANIPOWER,,,Adani Power Ltd.,,2024-JUN,PARENT_NIFTY_500,ADD,ind_prs07062024.pdf,Page 8,11) Nifty500 Momentum 50,ACTIVE,RAW
PEVT_00130,RAW_00130,"June 28, 2024",ADDITION,ANANDRATHI,,,Anand Rathi Wealth Ltd.,,2024-JUN,PARENT_NIFTY_500,ADD,ind_prs07062024.pdf,Page 8,11) Nifty500 Momentum 50,ACTIVE,RAW
PEVT_00131,RAW_00131,"June 28, 2024",ADDITION,BAJAJ-AUTO,,,Bajaj Auto Ltd.,,2024-JUN,PARENT_NIFTY_500,ADD,ind_prs07062024.pdf,Page 8,11) Nifty500 Momentum 50,ACTIVE,RAW
PEVT_00132,RAW_00132,"June 28, 2024",ADDITION,BDL,,,Bharat Dynamics Ltd.,,2024-JUN,PARENT_NIFTY_500,ADD,ind_prs07062024.pdf,Page 8,11) Nifty500 Momentum 50,ACTIVE,RAW
PEVT_00133,RAW_00133,"June 28, 2024",ADDITION,BEL,,,Bharat Electronics Ltd.,,2024-JUN,PARENT_NIFTY_500,ADD,ind_prs07062024.pdf,Page 8,11) Nifty500 Momentum 50,ACTIVE,RAW
PEVT_00134,RAW_00134,"June 28, 2024",ADDITION,CUMMINSIND,,,Cummins India Ltd.,,2024-JUN,PARENT_NIFTY_500,ADD,ind_prs07062024.pdf,Page 8,11) Nifty500 Momentum 50,ACTIVE,RAW
PEVT_00135,RAW_00135,"June 28, 2024",ADDITION,DIXON,,,Dixon Technologies (India) Ltd.,,2024-JUN,PARENT_NIFTY_500,ADD,ind_prs07062024.pdf,Page 8,11) Nifty500 Momentum 50,ACTIVE,RAW
PEVT_00136,RAW_00136,"June 28, 2024",ADDITION,EXIDEIND,,,Exide Industries Ltd.,,2024-JUN,PARENT_NIFTY_500,ADD,ind_prs07062024.pdf,Page 8,11) Nifty500 Momentum 50,ACTIVE,RAW
PEVT_00137,RAW_00137,"June 28, 2024",ADDITION,HBLPOWER,,,HBL Power Systems Ltd.,,2024-JUN,PARENT_NIFTY_500,ADD,ind_prs07062024.pdf,Page 8,11) Nifty500 Momentum 50,ACTIVE,RAW
PEVT_00138,RAW_00138,"June 28, 2024",ADDITION,HINDCOPPER,,,Hindustan Copper Ltd.,,2024-JUN,PARENT_NIFTY_500,ADD,ind_prs07062024.pdf,Page 8,11) Nifty500 Momentum 50,ACTIVE,RAW
PEVT_00139,RAW_00139,"June 28, 2024",ADDITION,POWERINDIA,,,Hitachi Energy India Ltd.,,2024-JUN,PARENT_NIFTY_500,ADD,ind_prs07062024.pdf,Page 8,11) Nifty500 Momentum 50,ACTIVE,RAW
PEVT_00140,RAW_00140,"June 28, 2024",ADDITION,HUDCO,,,Housing & Urban Development Corporation Ltd.,,2024-JUN,PARENT_NIFTY_500,ADD,ind_prs07062024.pdf,Page 8,11) Nifty500 Momentum 50,ACTIVE,RAW
PEVT_00141,RAW_00141,"June 28, 2024",ADDITION,JSL,,,Jindal Stainless Ltd.,,2024-JUN,PARENT_NIFTY_500,ADD,ind_prs07062024.pdf,Page 8,11) Nifty500 Momentum 50,ACTIVE,RAW
PEVT_00142,RAW_00142,"June 28, 2024",ADDITION,JWL,,,Jupiter Wagons Ltd.,,2024-JUN,PARENT_NIFTY_500,ADD,ind_prs07062024.pdf,Page 9,11) Nifty500 Momentum 50,ACTIVE,RAW
PEVT_00143,RAW_00143,"June 28, 2024",ADDITION,KPIL,,,Kalpataru Projects International Ltd.,,2024-JUN,PARENT_NIFTY_500,ADD,ind_prs07062024.pdf,Page 9,11) Nifty500 Momentum 50,ACTIVE,RAW
PEVT_00144,RAW_00144,"June 28, 2024",ADDITION,M&M,,,Mahindra & Mahindra Ltd.,,2024-JUN,PARENT_NIFTY_500,ADD,ind_prs07062024.pdf,Page 9,11) Nifty500 Momentum 50,ACTIVE,RAW
PEVT_00145,RAW_00145,"June 28, 2024",ADDITION,NATIONALUM,,,National Aluminium Co. Ltd.,,2024-JUN,PARENT_NIFTY_500,ADD,ind_prs07062024.pdf,Page 9,11) Nifty500 Momentum 50,ACTIVE,RAW
PEVT_00146,RAW_00146,"June 28, 2024",ADDITION,NBCC,,,NBCC (India) Ltd.,,2024-JUN,PARENT_NIFTY_500,ADD,ind_prs07062024.pdf,Page 9,11) Nifty500 Momentum 50,ACTIVE,RAW
PEVT_00147,RAW_00147,"June 28, 2024",ADDITION,NHPC,,,NHPC Ltd.,,2024-JUN,PARENT_NIFTY_500,ADD,ind_prs07062024.pdf,Page 9,11) Nifty500 Momentum 50,ACTIVE,RAW
PEVT_00148,RAW_00148,"June 28, 2024",ADDITION,OIL,,,Oil India Ltd.,,2024-JUN,PARENT_NIFTY_500,ADD,ind_prs07062024.pdf,Page 9,11) Nifty500 Momentum 50,ACTIVE,RAW
PEVT_00149,RAW_00149,"June 28, 2024",ADDITION,PNB,,,Punjab National Bank,,2024-JUN,PARENT_NIFTY_500,ADD,ind_prs07062024.pdf,Page 9,11) Nifty500 Momentum 50,ACTIVE,RAW
PEVT_00150,RAW_00150,"June 28, 2024",ADDITION,RVNL,,,Rail Vikas Nigam Ltd.,,2024-JUN,PARENT_NIFTY_500,ADD,ind_prs07062024.pdf,Page 9,11) Nifty500 Momentum 50,ACTIVE,RAW
PEVT_00151,RAW_00151,"June 28, 2024",ADDITION,MOTHERSON,,,Samvardhana Motherson International Ltd.,,2024-JUN,PARENT_NIFTY_500,ADD,ind_prs07062024.pdf,Page 9,11) Nifty500 Momentum 50,ACTIVE,RAW
PEVT_00152,RAW_00152,"June 28, 2024",ADDITION,SIEMENS,,,Siemens Ltd.,,2024-JUN,PARENT_NIFTY_500,ADD,ind_prs07062024.pdf,Page 9,11) Nifty500 Momentum 50,ACTIVE,RAW
PEVT_00153,RAW_00153,"June 28, 2024",ADDITION,SOBHA,,,Sobha Ltd.,,2024-JUN,PARENT_NIFTY_500,ADD,ind_prs07062024.pdf,Page 9,11) Nifty500 Momentum 50,ACTIVE,RAW
PEVT_00154,RAW_00154,"June 28, 2024",ADDITION,TATAPOWER,,,Tata Power Co. Ltd.,,2024-JUN,PARENT_NIFTY_500,ADD,ind_prs07062024.pdf,Page 9,11) Nifty500 Momentum 50,ACTIVE,RAW
PEVT_00155,RAW_00155,"June 28, 2024",ADDITION,THERMAX,,,Thermax Ltd.,,2024-JUN,PARENT_NIFTY_500,ADD,ind_prs07062024.pdf,Page 9,11) Nifty500 Momentum 50,ACTIVE,RAW
PEVT_00156,RAW_00156,"June 28, 2024",ADDITION,TITAGARH,,,Titagarh Rail Systems Ltd.,,2024-JUN,PARENT_NIFTY_500,ADD,ind_prs07062024.pdf,Page 9,11) Nifty500 Momentum 50,ACTIVE,RAW
PEVT_00157,RAW_00157,"June 28, 2024",ADDITION,ZYDUSLIFE,,,Zydus Lifesciences Ltd.,,2024-JUN,PARENT_NIFTY_500,ADD,ind_prs07062024.pdf,Page 9,11) Nifty500 Momentum 50,ACTIVE,RAW
PEVT_00158,RAW_00158,"September 14, 2020",DELETION,ASAHIINDIA,,,Asahi India Glass Ltd.,,2020-SEP,PARENT_NIFTY_500,REMOVE,ind_prs07092020.pdf,Page 1,1) NIFTY 500,ACTIVE,RAW
PEVT_00159,RAW_00159,"September 14, 2020",DELETION,JTEKTINDIA,,,JTEKT India Ltd.,,2020-SEP,PARENT_NIFTY_500,REMOVE,ind_prs07092020.pdf,Page 1,1) NIFTY 500,ACTIVE,RAW
PEVT_00160,RAW_00160,,DELETION,AUROPHARMA,,,Aurobindo Pharma Ltd.,,2023-DEC,PARENT_NIFTY_500,REMOVE,ind_prs07122023.pdf,Page 8,11) Nifty500 Value 50,ACTIVE,RAW
PEVT_00161,RAW_00161,,DELETION,EXIDEIND,,,Exide Industries Ltd.,,2023-DEC,PARENT_NIFTY_500,REMOVE,ind_prs07122023.pdf,Page 8,11) Nifty500 Value 50,ACTIVE,RAW
PEVT_00162,RAW_00162,,DELETION,HINDZINC,,,Hindustan Zinc Ltd.,,2023-DEC,PARENT_NIFTY_500,REMOVE,ind_prs07122023.pdf,Page 8,11) Nifty500 Value 50,ACTIVE,RAW
PEVT_00163,RAW_00163,,DELETION,JMFINANCIL,,,JM Financial Ltd.,,2023-DEC,PARENT_NIFTY_500,REMOVE,ind_prs07122023.pdf,Page 8,11) Nifty500 Value 50,ACTIVE,RAW
PEVT_00164,RAW_00164,,DELETION,RAIN,,,Rain Industries Ltd,,2023-DEC,PARENT_NIFTY_500,REMOVE,ind_prs07122023.pdf,Page 8,11) Nifty500 Value 50,ACTIVE,RAW
PEVT_00165,RAW_00165,,DELETION,SANOFI,,,Sanofi India Ltd.,,2023-DEC,PARENT_NIFTY_500,REMOVE,ind_prs07122023.pdf,Page 9,11) Nifty500 Value 50,ACTIVE,RAW
PEVT_00166,RAW_00166,,ADDITION,DEEPAKFERT,,,Deepak Fertilisers & Petrochemicals Corp. Ltd.,,2023-DEC,PARENT_NIFTY_500,ADD,ind_prs07122023.pdf,Page 9,11) Nifty500 Value 50,ACTIVE,RAW
PEVT_00167,RAW_00167,,ADDITION,EIDPARRY,,,E.I.D. Parry (India) Ltd.,,2023-DEC,PARENT_NIFTY_500,ADD,ind_prs07122023.pdf,Page 9,11) Nifty500 Value 50,ACTIVE,RAW
PEVT_00168,RAW_00168,,ADDITION,HUDCO,,,Housing & Urban Development Corporation Ltd.,,2023-DEC,PARENT_NIFTY_500,ADD,ind_prs07122023.pdf,Page 9,11) Nifty500 Value 50,ACTIVE,RAW
PEVT_00169,RAW_00169,,ADDITION,IDFC,,,IDFC Ltd.,,2023-DEC,PARENT_NIFTY_500,ADD,ind_prs07122023.pdf,Page 9,11) Nifty500 Value 50,ACTIVE,RAW
PEVT_00170,RAW_00170,,ADDITION,SBIN,,,State Bank of India,,2023-DEC,PARENT_NIFTY_500,ADD,ind_prs07122023.pdf,Page 9,11) Nifty500 Value 50,ACTIVE,RAW
PEVT_00171,RAW_00171,,ADDITION,UPL,,,UPL Ltd.,,2023-DEC,PARENT_NIFTY_500,ADD,ind_prs07122023.pdf,Page 9,11) Nifty500 Value 50,ACTIVE,RAW
PEVT_00172,RAW_00172,,DELETION,ABCAPITAL,,,Aditya Birla Capital Ltd.,,2023-DEC,PARENT_NIFTY_500,REMOVE,ind_prs07122023.pdf,Page 9,11) Nifty500 Value 50,ACTIVE,RAW
PEVT_00173,RAW_00173,,DELETION,BANKBARODA,,,Bank of Baroda,,2023-DEC,PARENT_NIFTY_500,REMOVE,ind_prs07122023.pdf,Page 9,11) Nifty500 Value 50,ACTIVE,RAW
PEVT_00174,RAW_00174,,DELETION,BANKINDIA,,,Bank of India,,2023-DEC,PARENT_NIFTY_500,REMOVE,ind_prs07122023.pdf,Page 9,11) Nifty500 Value 50,ACTIVE,RAW
PEVT_00175,RAW_00175,,DELETION,BRITANNIA,,,Britannia Industries Ltd.,,2023-DEC,PARENT_NIFTY_500,REMOVE,ind_prs07122023.pdf,Page 9,11) Nifty500 Value 50,ACTIVE,RAW
PEVT_00176,RAW_00176,,DELETION,EQUITASBNK,,,Equitas Small Finance Bank Ltd.,,2023-DEC,PARENT_NIFTY_500,REMOVE,ind_prs07122023.pdf,Page 9,11) Nifty500 Value 50,ACTIVE,RAW
PEVT_00177,RAW_00177,,DELETION,FEDERALBNK,,,Federal Bank Ltd.,,2023-DEC,PARENT_NIFTY_500,REMOVE,ind_prs07122023.pdf,Page 9,11) Nifty500 Value 50,ACTIVE,RAW
PEVT_00178,RAW_00178,,DELETION,FINCABLES,,,Finolex Cables Ltd.,,2023-DEC,PARENT_NIFTY_500,REMOVE,ind_prs07122023.pdf,Page 9,11) Nifty500 Value 50,ACTIVE,RAW
PEVT_00179,RAW_00179,,DELETION,JINDALSTEL,,,Jindal Steel & Power Ltd.,,2023-DEC,PARENT_NIFTY_500,REMOVE,ind_prs07122023.pdf,Page 9,11) Nifty500 Value 50,ACTIVE,RAW
PEVT_00180,RAW_00180,,DELETION,MRF,,,MRF Ltd.,,2023-DEC,PARENT_NIFTY_500,REMOVE,ind_prs07122023.pdf,Page 9,11) Nifty500 Value 50,ACTIVE,RAW
PEVT_00181,RAW_00181,,DELETION,PNBHOUSING,,,PNB Housing Finance Ltd.,,2023-DEC,PARENT_NIFTY_500,REMOVE,ind_prs07122023.pdf,Page 9,11) Nifty500 Value 50,ACTIVE,RAW
PEVT_00182,RAW_00182,,DELETION,RAYMOND,,,Raymond Ltd.,,2023-DEC,PARENT_NIFTY_500,REMOVE,ind_prs07122023.pdf,Page 9,11) Nifty500 Value 50,ACTIVE,RAW
PEVT_00183,RAW_00183,,DELETION,SONATSOFTW,,,Sonata Software Ltd.,,2023-DEC,PARENT_NIFTY_500,REMOVE,ind_prs07122023.pdf,Page 9,11) Nifty500 Value 50,ACTIVE,RAW
PEVT_00184,RAW_00184,,DELETION,TIINDIA,,,Tube Investments of India Ltd.,,2023-DEC,PARENT_NIFTY_500,REMOVE,ind_prs07122023.pdf,Page 9,11) Nifty500 Value 50,ACTIVE,RAW
PEVT_00186,RAW_00186,,ADDITION,APARINDS,,,Apar Industries Ltd.,,2023-DEC,PARENT_NIFTY_500,ADD,ind_prs07122023.pdf,Page 9,11) Nifty500 Value 50,ACTIVE,RAW
PEVT_00187,RAW_00187,,ADDITION,AUROPHARMA,,,Aurobindo Pharma Ltd.,,2023-DEC,PARENT_NIFTY_500,ADD,ind_prs07122023.pdf,Page 10,11) Nifty500 Value 50,ACTIVE,RAW
PEVT_00188,RAW_00188,,ADDITION,BSOFT,,,Birlasoft Ltd.,,2023-DEC,PARENT_NIFTY_500,ADD,ind_prs07122023.pdf,Page 10,11) Nifty500 Value 50,ACTIVE,RAW
PEVT_00189,RAW_00189,,ADDITION,BSE,,,BSE Ltd.,,2023-DEC,PARENT_NIFTY_500,ADD,ind_prs07122023.pdf,Page 10,11) Nifty500 Value 50,ACTIVE,RAW
PEVT_00190,RAW_00190,,ADDITION,KEI,,,KEI Industries Ltd.,,2023-DEC,PARENT_NIFTY_500,ADD,ind_prs07122023.pdf,Page 10,11) Nifty500 Value 50,ACTIVE,RAW
PEVT_00191,RAW_00191,,ADDITION,MCX,,,Multi Commodity Exchange of India Ltd.,,2023-DEC,PARENT_NIFTY_500,ADD,ind_prs07122023.pdf,Page 10,11) Nifty500 Value 50,ACTIVE,RAW
PEVT_00192,RAW_00192,,ADDITION,PAYTM,,,One 97 Communications Ltd.,,2023-DEC,PARENT_NIFTY_500,ADD,ind_prs07122023.pdf,Page 10,11) Nifty500 Value 50,ACTIVE,RAW
PEVT_00193,RAW_00193,,ADDITION,POLICYBZR,,,PB Fintech Ltd.,,2023-DEC,PARENT_NIFTY_500,ADD,ind_prs07122023.pdf,Page 10,11) Nifty500 Value 50,ACTIVE,RAW
PEVT_00194,RAW_00194,,ADDITION,PRESTIGE,,,Prestige Estates Projects Ltd.,,2023-DEC,PARENT_NIFTY_500,ADD,ind_prs07122023.pdf,Page 10,11) Nifty500 Value 50,ACTIVE,RAW
PEVT_00195,RAW_00195,,ADDITION,RVNL,,,Rail Vikas Nigam Ltd.,,2023-DEC,PARENT_NIFTY_500,ADD,ind_prs07122023.pdf,Page 10,11) Nifty500 Value 50,ACTIVE,RAW
PEVT_00196,RAW_00196,,ADDITION,TRENT,,,Trent Ltd.,,2023-DEC,PARENT_NIFTY_500,ADD,ind_prs07122023.pdf,Page 10,11) Nifty500 Value 50,ACTIVE,RAW
PEVT_00197,RAW_00197,,ADDITION,ZOMATO,,,Zomato Ltd.,,2023-DEC,PARENT_NIFTY_500,ADD,ind_prs07122023.pdf,Page 10,11) Nifty500 Value 50,ACTIVE,RAW
PEVT_00198,RAW_00198,,DELETION,AWL,,,Adani Wilmar Ltd.,,2023-DEC,PARENT_NIFTY_500,REMOVE,ind_prs07122023.pdf,Page 10,11) Nifty500 Value 50,ACTIVE,RAW
PEVT_00199,RAW_00199,,DELETION,GNFC,,,Gujarat Narmada Valley Fertilizers and Chemicals Ltd.,,2023-DEC,PARENT_NIFTY_500,REMOVE,ind_prs07122023.pdf,Page 10,11) Nifty500 Value 50,ACTIVE,RAW
PEVT_00200,RAW_00200,,DELETION,IBULHSGFIN,,,Indiabulls Housing Finance Ltd.,,2023-DEC,PARENT_NIFTY_500,REMOVE,ind_prs07122023.pdf,Page 10,11) Nifty500 Value 50,ACTIVE,RAW
PEVT_00201,RAW_00201,,DELETION,PFC,,,Power Finance Corporation Ltd.,,2023-DEC,PARENT_NIFTY_500,REMOVE,ind_prs07122023.pdf,Page 10,11) Nifty500 Value 50,ACTIVE,RAW
PEVT_00202,RAW_00202,,DELETION,BATAINDIA,,,Bata India Ltd.,,2023-DEC,PARENT_NIFTY_500,REMOVE,ind_prs07122023.pdf,Page 10,11) Nifty500 Value 50,ACTIVE,RAW
PEVT_00203,RAW_00203,,DELETION,BOSCHLTD,,,Bosch Ltd.,,2023-DEC,PARENT_NIFTY_500,REMOVE,ind_prs07122023.pdf,Page 10,11) Nifty500 Value 50,ACTIVE,RAW
PEVT_00204,RAW_00204,,DELETION,AXISBANK,,,Axis Bank Ltd.,,2023-DEC,PARENT_NIFTY_500,REMOVE,ind_prs07122023.pdf,Page 10,11) Nifty500 Value 50,ACTIVE,RAW
PEVT_00205,RAW_00205,,DELETION,SBICARD,,,SBI Cards and Payment Services Ltd.,,2023-DEC,PARENT_NIFTY_500,REMOVE,ind_prs07122023.pdf,Page 10,11) Nifty500 Value 50,ACTIVE,RAW
PEVT_00206,RAW_00206,"December 31, 2021",DELETION,BHEL,,,Bharat Heavy Electricals Ltd.,,2021-DEC,PARENT_NIFTY_500,REMOVE,ind_prs08122021.pdf,Page 6,9) NIFTY500 Value 50,ACTIVE,RAW
PEVT_00207,RAW_00207,"December 31, 2021",DELETION,BSE,,,BSE Ltd.,,2021-DEC,PARENT_NIFTY_500,REMOVE,ind_prs08122021.pdf,Page 6,9) NIFTY500 Value 50,ACTIVE,RAW
PEVT_00208,RAW_00208,"December 31, 2021",DELETION,DCBBANK,,,DCB Bank Ltd.,,2021-DEC,PARENT_NIFTY_500,REMOVE,ind_prs08122021.pdf,Page 6,9) NIFTY500 Value 50,ACTIVE,RAW
PEVT_00209,RAW_00209,"December 31, 2021",DELETION,ENGINERSIN,,,Engineers India Ltd.,,2021-DEC,PARENT_NIFTY_500,REMOVE,ind_prs08122021.pdf,Page 6,9) NIFTY500 Value 50,ACTIVE,RAW
PEVT_00210,RAW_00210,"December 31, 2021",DELETION,FSL,,,Firstsource Solutions Ltd.,,2021-DEC,PARENT_NIFTY_500,REMOVE,ind_prs08122021.pdf,Page 6,9) NIFTY500 Value 50,ACTIVE,RAW
PEVT_00211,RAW_00211,"December 31, 2021",DELETION,FRETAIL,,,Future Retail Ltd.,,2021-DEC,PARENT_NIFTY_500,REMOVE,ind_prs08122021.pdf,Page 6,9) NIFTY500 Value 50,ACTIVE,RAW
PEVT_00212,RAW_00212,"December 31, 2021",DELETION,GRAPHITE,,,Graphite India Ltd.,,2021-DEC,PARENT_NIFTY_500,REMOVE,ind_prs08122021.pdf,Page 6,9) NIFTY500 Value 50,ACTIVE,RAW
PEVT_00213,RAW_00213,"December 31, 2021",DELETION,HEG,,,H.E.G. Ltd.,,2021-DEC,PARENT_NIFTY_500,REMOVE,ind_prs08122021.pdf,Page 6,9) NIFTY500 Value 50,ACTIVE,RAW
PEVT_00214,RAW_00214,"December 31, 2021",DELETION,IDFC,,,IDFC Ltd.,,2021-DEC,PARENT_NIFTY_500,REMOVE,ind_prs08122021.pdf,Page 6,9) NIFTY500 Value 50,ACTIVE,RAW
PEVT_00215,RAW_00215,"December 31, 2021",DELETION,SCI,,,Shipping Corporation of India Ltd.,,2021-DEC,PARENT_NIFTY_500,REMOVE,ind_prs08122021.pdf,Page 6,9) NIFTY500 Value 50,ACTIVE,RAW
PEVT_00216,RAW_00216,"December 31, 2021",DELETION,TATACHEM,,,Tata Chemicals Ltd.,,2021-DEC,PARENT_NIFTY_500,REMOVE,ind_prs08122021.pdf,Page 6,9) NIFTY500 Value 50,ACTIVE,RAW
PEVT_00217,RAW_00217,"December 31, 2021",DELETION,TATAMOTORS,,,Tata Motors Ltd.,,2021-DEC,PARENT_NIFTY_500,REMOVE,ind_prs08122021.pdf,Page 6,9) NIFTY500 Value 50,ACTIVE,RAW
PEVT_00218,RAW_00218,"December 31, 2021",DELETION,TATAPOWER,,,Tata Power Co. Ltd.,,2021-DEC,PARENT_NIFTY_500,REMOVE,ind_prs08122021.pdf,Page 6,9) NIFTY500 Value 50,ACTIVE,RAW
PEVT_00219,RAW_00219,"December 31, 2021",DELETION,WELCORP,,,Welspun Corp Ltd.,,2021-DEC,PARENT_NIFTY_500,REMOVE,ind_prs08122021.pdf,Page 6,9) NIFTY500 Value 50,ACTIVE,RAW
PEVT_00220,RAW_00220,"December 31, 2021",ADDITION,EDELWEISS,,,Edelweiss Financial Services Ltd.,,2021-DEC,PARENT_NIFTY_500,ADD,ind_prs08122021.pdf,Page 6,9) NIFTY500 Value 50,ACTIVE,RAW
PEVT_00221,RAW_00221,"December 31, 2021",ADDITION,EQUITAS,,,Equitas Holdings Ltd.,,2021-DEC,PARENT_NIFTY_500,ADD,ind_prs08122021.pdf,Page 6,9) NIFTY500 Value 50,ACTIVE,RAW
PEVT_00222,RAW_00222,"December 31, 2021",ADDITION,HINDZINC,,,Hindustan Zinc Ltd.,,2021-DEC,PARENT_NIFTY_500,ADD,ind_prs08122021.pdf,Page 6,9) NIFTY500 Value 50,ACTIVE,RAW
PEVT_00223,RAW_00223,"December 31, 2021",ADDITION,INDIANB,,,Indian Bank,,2021-DEC,PARENT_NIFTY_500,ADD,ind_prs08122021.pdf,Page 6,9) NIFTY500 Value 50,ACTIVE,RAW
PEVT_00224,RAW_00224,"December 31, 2021",ADDITION,IRFC,,,Indian Railway Finance Corporation Ltd.,,2021-DEC,PARENT_NIFTY_500,ADD,ind_prs08122021.pdf,Page 6,9) NIFTY500 Value 50,ACTIVE,RAW
PEVT_00225,RAW_00225,"December 31, 2021",ADDITION,INDUSTOWER,,,Indus Towers Ltd.,,2021-DEC,PARENT_NIFTY_500,ADD,ind_prs08122021.pdf,Page 6,9) NIFTY500 Value 50,ACTIVE,RAW
PEVT_00226,RAW_00226,"December 31, 2021",ADDITION,ITC,,,ITC Ltd.,,2021-DEC,PARENT_NIFTY_500,ADD,ind_prs08122021.pdf,Page 6,9) NIFTY500 Value 50,ACTIVE,RAW
PEVT_00227,RAW_00227,"December 31, 2021",ADDITION,JMFINANCIL,,,JM Financial Ltd.,,2021-DEC,PARENT_NIFTY_500,ADD,ind_prs08122021.pdf,Page 6,9) NIFTY500 Value 50,ACTIVE,RAW
PEVT_00228,RAW_00228,"December 31, 2021",ADDITION,PETRONET,,,Petronet LNG Ltd.,,2021-DEC,PARENT_NIFTY_500,ADD,ind_prs08122021.pdf,Page 6,9) NIFTY500 Value 50,ACTIVE,RAW
PEVT_00229,RAW_00229,"December 31, 2021",ADDITION,POLYPLEX,,,Polyplex Corporation Ltd.,,2021-DEC,PARENT_NIFTY_500,ADD,ind_prs08122021.pdf,Page 6,9) NIFTY500 Value 50,ACTIVE,RAW
PEVT_00230,RAW_00230,"December 31, 2021",ADDITION,POWERGRID,,,Power Grid Corporation of India Ltd.,,2021-DEC,PARENT_NIFTY_500,ADD,ind_prs08122021.pdf,Page 7,9) NIFTY500 Value 50,ACTIVE,RAW
PEVT_00231,RAW_00231,"December 31, 2021",ADDITION,REDINGTON,,,Redington (India) Ltd.,,2021-DEC,PARENT_NIFTY_500,ADD,ind_prs08122021.pdf,Page 7,9) NIFTY500 Value 50,ACTIVE,RAW
PEVT_00232,RAW_00232,"December 31, 2021",ADDITION,UNIONBANK,,,Union Bank of India,,2021-DEC,PARENT_NIFTY_500,ADD,ind_prs08122021.pdf,Page 7,9) NIFTY500 Value 50,ACTIVE,RAW
PEVT_00233,RAW_00233,"December 31, 2021",ADDITION,VEDL,,,Vedanta Ltd.,,2021-DEC,PARENT_NIFTY_500,ADD,ind_prs08122021.pdf,Page 7,9) NIFTY500 Value 50,ACTIVE,RAW
PEVT_00234,RAW_00234,"December 31, 2021",DELETION,ADANIGREEN,,,Adani Green Energy Ltd.,,2021-DEC,PARENT_NIFTY_500,REMOVE,ind_prs08122021.pdf,Page 7,9) NIFTY500 Value 50,ACTIVE,RAW
PEVT_00235,RAW_00235,"December 31, 2021",DELETION,BALRAMCHIN,,,Balrampur Chini Mills Ltd.,,2021-DEC,PARENT_NIFTY_500,REMOVE,ind_prs08122021.pdf,Page 7,9) NIFTY500 Value 50,ACTIVE,RAW
PEVT_00236,RAW_00236,"December 31, 2021",DELETION,DIVISLAB,,,Divi's Laboratories Ltd.,,2021-DEC,PARENT_NIFTY_500,REMOVE,ind_prs08122021.pdf,Page 7,9) NIFTY500 Value 50,ACTIVE,RAW
PEVT_00237,RAW_00237,"December 31, 2021",DELETION,INDIAMART,,,Indiamart Intermesh Ltd.,,2021-DEC,PARENT_NIFTY_500,REMOVE,ind_prs08122021.pdf,Page 7,9) NIFTY500 Value 50,ACTIVE,RAW
PEVT_00238,RAW_00238,"December 31, 2021",DELETION,INTELLECT,,,Intellect Design Arena Ltd.,,2021-DEC,PARENT_NIFTY_500,REMOVE,ind_prs08122021.pdf,Page 7,9) NIFTY500 Value 50,ACTIVE,RAW
PEVT_00239,RAW_00239,"December 31, 2021",DELETION,JUBLFOOD,,,Jubilant Foodworks Ltd.,,2021-DEC,PARENT_NIFTY_500,REMOVE,ind_prs08122021.pdf,Page 7,9) NIFTY500 Value 50,ACTIVE,RAW
PEVT_00240,RAW_00240,"December 31, 2021",DELETION,NAVINFLUOR,,,Navin Fluorine International Ltd.,,2021-DEC,PARENT_NIFTY_500,REMOVE,ind_prs08122021.pdf,Page 7,9) NIFTY500 Value 50,ACTIVE,RAW
PEVT_00242,RAW_00242,"December 31, 2021",ADDITION,BSE,,,BSE Ltd.,,2021-DEC,PARENT_NIFTY_500,ADD,ind_prs08122021.pdf,Page 7,9) NIFTY500 Value 50,ACTIVE,RAW
PEVT_00243,RAW_00243,"December 31, 2021",ADDITION,CAMS,,,Computer Age Management Services Ltd.,,2021-DEC,PARENT_NIFTY_500,ADD,ind_prs08122021.pdf,Page 7,9) NIFTY500 Value 50,ACTIVE,RAW
PEVT_00244,RAW_00244,"December 31, 2021",ADDITION,HAPPSTMNDS,,,Happiest Minds Technologies Ltd.,,2021-DEC,PARENT_NIFTY_500,ADD,ind_prs08122021.pdf,Page 7,9) NIFTY500 Value 50,ACTIVE,RAW
PEVT_00245,RAW_00245,"December 31, 2021",ADDITION,IRCTC,,,"Indian Railway Catering And Tourism
Corporation Ltd.",,2021-DEC,PARENT_NIFTY_500,ADD,ind_prs08122021.pdf,Page 7,9) NIFTY500 Value 50,ACTIVE,RAW
PEVT_00246,RAW_00246,"December 31, 2021",ADDITION,KEI,,,KEI Industries Ltd.,,2021-DEC,PARENT_NIFTY_500,ADD,ind_prs08122021.pdf,Page 7,9) NIFTY500 Value 50,ACTIVE,RAW
PEVT_00247,RAW_00247,"December 31, 2021",ADDITION,LINDEINDIA,,,Linde India Ltd.,,2021-DEC,PARENT_NIFTY_500,ADD,ind_prs08122021.pdf,Page 7,9) NIFTY500 Value 50,ACTIVE,RAW
PEVT_00248,RAW_00248,"December 31, 2021",ADDITION,RADICO,,,Radico Khaitan Ltd,,2021-DEC,PARENT_NIFTY_500,ADD,ind_prs08122021.pdf,Page 7,9) NIFTY500 Value 50,ACTIVE,RAW
PEVT_00249,RAW_00249,"December 31, 2021",DELETION,BPCL,,,Bharat Petroleum Corporation Ltd.,,2021-DEC,PARENT_NIFTY_500,REMOVE,ind_prs08122021.pdf,Page 8,9) NIFTY500 Value 50,ACTIVE,RAW
PEVT_00250,RAW_00250,"December 31, 2021",DELETION,ESCORTS,,,Escorts Ltd.,,2021-DEC,PARENT_NIFTY_500,REMOVE,ind_prs08122021.pdf,Page 8,9) NIFTY500 Value 50,ACTIVE,RAW
PEVT_00251,RAW_00251,"December 31, 2021",DELETION,NCC,,,NCC Ltd.,,2021-DEC,PARENT_NIFTY_500,REMOVE,ind_prs08122021.pdf,Page 8,9) NIFTY500 Value 50,ACTIVE,RAW
PEVT_00252,RAW_00252,"December 31, 2021",ADDITION,HINDCOPPER,,,Hindustan Copper Ltd.,,2021-DEC,PARENT_NIFTY_500,ADD,ind_prs08122021.pdf,Page 8,9) NIFTY500 Value 50,ACTIVE,RAW
PEVT_00253,RAW_00253,"December 31, 2021",ADDITION,IBREALEST,,,Indiabulls Real Estate Ltd.,,2021-DEC,PARENT_NIFTY_500,ADD,ind_prs08122021.pdf,Page 8,9) NIFTY500 Value 50,ACTIVE,RAW
PEVT_00254,RAW_00254,"December 31, 2021",ADDITION,NATIONALUM,,,National Aluminium Co. Ltd.,,2021-DEC,PARENT_NIFTY_500,ADD,ind_prs08122021.pdf,Page 8,9) NIFTY500 Value 50,ACTIVE,RAW
PEVT_00255,RAW_00255,"December 31, 2021",ADDITION,TATACHEM,,,Tata Chemicals Ltd.,,2021-DEC,PARENT_NIFTY_500,ADD,ind_prs08122021.pdf,Page 8,9) NIFTY500 Value 50,ACTIVE,RAW
PEVT_00256,RAW_00256,"December 31, 2021",DELETION,PFIZER,,,Pfizer Ltd.,,2021-DEC,PARENT_NIFTY_500,REMOVE,ind_prs08122021.pdf,Page 8,9) NIFTY500 Value 50,ACTIVE,RAW
PEVT_00257,RAW_00257,"December 31, 2021",DELETION,TATACONSUM,,,Tata Consumer Products Ltd.,,2021-DEC,PARENT_NIFTY_500,REMOVE,ind_prs08122021.pdf,Page 8,9) NIFTY500 Value 50,ACTIVE,RAW
PEVT_00258,RAW_00258,"January 16, 2020",DELETION,SUVEN,,,Suven Life Sciences Ltd.,,2020-JAN,PARENT_NIFTY_500,REMOVE,ind_prs09012020.pdf,Page 1,1) NIFTY 500,ACTIVE,RAW
PEVT_00259,RAW_00259,"January 16, 2020",DELETION,TATASTLBSL,,,Tata Steel BSL Ltd.,,2020-JAN,PARENT_NIFTY_500,REMOVE,ind_prs09012020.pdf,Page 1,1) NIFTY 500,ACTIVE,RAW
PEVT_00260,RAW_00260,"February 17, 2023",DELETION,INOXLEISUR,,,INOX Leisure Ltd.,,2023-MAR,PARENT_NIFTY_500,REMOVE,ind_prs09022023_1.pdf,Page 1,1) Nifty 500,ACTIVE,RAW
PEVT_00261,RAW_00261,"February 17, 2023",DELETION,PPLPHARMA,,,Piramal Pharma Ltd.,,2023-MAR,PARENT_NIFTY_500,REMOVE,ind_prs09022023_1.pdf,Page 1,1) Nifty 500,ACTIVE,RAW
PEVT_00262,RAW_00262,,DELETION,EIDPARRY,,,E.I.D. Parry (India) Ltd.,,2023-JUN,PARENT_NIFTY_500,REMOVE,ind_prs09062023.pdf,Page 7,11) Nifty500 Value 50,ACTIVE,RAW
PEVT_00263,RAW_00263,,DELETION,MGL,,,Mahanagar Gas Ltd.,,2023-JUN,PARENT_NIFTY_500,REMOVE,ind_prs09062023.pdf,Page 7,11) Nifty500 Value 50,ACTIVE,RAW
PEVT_00264,RAW_00264,,DELETION,POLYPLEX,,,Polyplex Corporation Ltd.,,2023-JUN,PARENT_NIFTY_500,REMOVE,ind_prs09062023.pdf,Page 7,11) Nifty500 Value 50,ACTIVE,RAW
PEVT_00265,RAW_00265,,DELETION,SHRIRAMFIN,,,Shriram Finance Ltd.,,2023-JUN,PARENT_NIFTY_500,REMOVE,ind_prs09062023.pdf,Page 7,11) Nifty500 Value 50,ACTIVE,RAW
PEVT_00266,RAW_00266,,DELETION,TV18BRDCST,,,TV18 Broadcast Ltd.,,2023-JUN,PARENT_NIFTY_500,REMOVE,ind_prs09062023.pdf,Page 7,11) Nifty500 Value 50,ACTIVE,RAW
PEVT_00267,RAW_00267,,DELETION,VTL,,,Vardhman Textiles Ltd.,,2023-JUN,PARENT_NIFTY_500,REMOVE,ind_prs09062023.pdf,Page 7,11) Nifty500 Value 50,ACTIVE,RAW
PEVT_00268,RAW_00268,,ADDITION,BCG,,,Brightcom Group Ltd.,,2023-JUN,PARENT_NIFTY_500,ADD,ind_prs09062023.pdf,Page 7,11) Nifty500 Value 50,ACTIVE,RAW
PEVT_00269,RAW_00269,,ADDITION,GSPL,,,Gujarat State Petronet Ltd.,,2023-JUN,PARENT_NIFTY_500,ADD,ind_prs09062023.pdf,Page 7,11) Nifty500 Value 50,ACTIVE,RAW
PEVT_00270,RAW_00270,,ADDITION,JMFINANCIL,,,JM Financial Ltd.,,2023-JUN,PARENT_NIFTY_500,ADD,ind_prs09062023.pdf,Page 7,11) Nifty500 Value 50,ACTIVE,RAW
PEVT_00271,RAW_00271,,ADDITION,NMDC,,,NMDC Ltd.,,2023-JUN,PARENT_NIFTY_500,ADD,ind_prs09062023.pdf,Page 7,11) Nifty500 Value 50,ACTIVE,RAW
PEVT_00272,RAW_00272,,ADDITION,PEL,,,Piramal Enterprises Ltd.,,2023-JUN,PARENT_NIFTY_500,ADD,ind_prs09062023.pdf,Page 8,11) Nifty500 Value 50,ACTIVE,RAW
PEVT_00273,RAW_00273,,ADDITION,SANOFI,,,Sanofi India Ltd.,,2023-JUN,PARENT_NIFTY_500,ADD,ind_prs09062023.pdf,Page 8,11) Nifty500 Value 50,ACTIVE,RAW
PEVT_00277,RAW_00277,,ADDITION,INFY,,,Infosys Ltd.,,2026-JUN,PARENT_NIFTY_500,ADD,ind_prs10062026.pdf,Page 8,i) Nifty500 Quality 50,ACTIVE,RAW
PEVT_00278,RAW_00278,,ADDITION,JSWDULUX,,,JSW Dulux Ltd.,,2026-JUN,PARENT_NIFTY_500,ADD,ind_prs10062026.pdf,Page 8,i) Nifty500 Quality 50,ACTIVE,RAW
PEVT_00279,RAW_00279,,ADDITION,SCHNEIDER,,,Schneider Electric Infrastructure Ltd.,,2026-JUN,PARENT_NIFTY_500,ADD,ind_prs10062026.pdf,Page 8,i) Nifty500 Quality 50,ACTIVE,RAW
PEVT_00280,RAW_00280,"October
16, 2024",DELETION,TV18BRDCST,,,TV18 Broadcast Ltd.,,2024-SEP,PARENT_NIFTY_500,REMOVE,ind_prs10102024.pdf,Page 1,1) Nifty 500,ACTIVE,RAW
PEVT_00281,RAW_00281,"October
16, 2024",DELETION,AKUMS,,,Akums Drugs and Pharmaceuticals Ltd.,,2024-SEP,PARENT_NIFTY_500,REMOVE,ind_prs10102024.pdf,Page 1,1) Nifty 500,ACTIVE,RAW
PEVT_00282,RAW_00282,"October 31, 2024",DELETION,ABFRL,,,Aditya Birla Fashion and Retail Ltd.,,2024-SEP,PARENT_NIFTY_500,REMOVE,ind_prs10102024_1.pdf,Page 1,1) Nifty500 Shariah,ACTIVE,RAW
PEVT_00283,RAW_00283,"October 31, 2024",DELETION,AFFLE,,,Affle (India) Ltd.,,2024-SEP,PARENT_NIFTY_500,REMOVE,ind_prs10102024_1.pdf,Page 1,1) Nifty500 Shariah,ACTIVE,RAW
PEVT_00284,RAW_00284,"October 31, 2024",DELETION,BEML,,,BEML Ltd.,,2024-SEP,PARENT_NIFTY_500,REMOVE,ind_prs10102024_1.pdf,Page 1,1) Nifty500 Shariah,ACTIVE,RAW
PEVT_00285,RAW_00285,"October 31, 2024",DELETION,CAPLIPOINT,,,Caplin Point Laboratories Ltd.,,2024-SEP,PARENT_NIFTY_500,REMOVE,ind_prs10102024_1.pdf,Page 1,1) Nifty500 Shariah,ACTIVE,RAW
PEVT_00286,RAW_00286,"October 31, 2024",DELETION,ERIS,,,Eris Lifesciences Ltd.,,2024-SEP,PARENT_NIFTY_500,REMOVE,ind_prs10102024_1.pdf,Page 1,1) Nifty500 Shariah,ACTIVE,RAW
PEVT_00287,RAW_00287,"October 31, 2024",DELETION,GNFC,,,Gujarat Narmada Valley Fertilizers and Chemicals Ltd.,,2024-SEP,PARENT_NIFTY_500,REMOVE,ind_prs10102024_1.pdf,Page 1,1) Nifty500 Shariah,ACTIVE,RAW
PEVT_00288,RAW_00288,"October 31, 2024",DELETION,HBLPOWER,,,HBL Power Systems Ltd.,,2024-SEP,PARENT_NIFTY_500,REMOVE,ind_prs10102024_1.pdf,Page 1,1) Nifty500 Shariah,ACTIVE,RAW
PEVT_00289,RAW_00289,"October 31, 2024",DELETION,IRCTC,,,Indian Railway Catering And Tourism Corporation Ltd.,,2024-SEP,PARENT_NIFTY_500,REMOVE,ind_prs10102024_1.pdf,Page 1,1) Nifty500 Shariah,ACTIVE,RAW
PEVT_00290,RAW_00290,"October 31, 2024",DELETION,KNRCON,,,KNR Constructions Ltd.,,2024-SEP,PARENT_NIFTY_500,REMOVE,ind_prs10102024_1.pdf,Page 1,1) Nifty500 Shariah,ACTIVE,RAW
PEVT_00291,RAW_00291,"October 31, 2024",DELETION,MAXHEALTH,,,Max Healthcare Institute Ltd.,,2024-SEP,PARENT_NIFTY_500,REMOVE,ind_prs10102024_1.pdf,Page 1,1) Nifty500 Shariah,ACTIVE,RAW
PEVT_00292,RAW_00292,"October 31, 2024",DELETION,MMTC,,,MMTC Ltd.,,2024-SEP,PARENT_NIFTY_500,REMOVE,ind_prs10102024_1.pdf,Page 1,1) Nifty500 Shariah,ACTIVE,RAW
PEVT_00293,RAW_00293,"October 31, 2024",DELETION,NH,,,Narayana Hrudayalaya Ltd.,,2024-SEP,PARENT_NIFTY_500,REMOVE,ind_prs10102024_1.pdf,Page 1,1) Nifty500 Shariah,ACTIVE,RAW
PEVT_00294,RAW_00294,"October 31, 2024",DELETION,RCF,,,Rashtriya Chemicals & Fertilizers Ltd.,,2024-SEP,PARENT_NIFTY_500,REMOVE,ind_prs10102024_1.pdf,Page 1,1) Nifty500 Shariah,ACTIVE,RAW
PEVT_00295,RAW_00295,"October 31, 2024",DELETION,SAIL,,,Steel Authority of India Ltd.,,2024-SEP,PARENT_NIFTY_500,REMOVE,ind_prs10102024_1.pdf,Page 1,1) Nifty500 Shariah,ACTIVE,RAW
PEVT_00296,RAW_00296,"October 31, 2024",DELETION,TATAELXSI,,,Tata Elxsi Ltd.,,2024-SEP,PARENT_NIFTY_500,REMOVE,ind_prs10102024_1.pdf,Page 1,1) Nifty500 Shariah,ACTIVE,RAW
PEVT_00297,RAW_00297,"October 31, 2024",ADDITION,AKUMS,,,Akums Drugs and Pharmaceuticals Ltd.,,2024-SEP,PARENT_NIFTY_500,ADD,ind_prs10102024_1.pdf,Page 1,1) Nifty500 Shariah,ACTIVE,RAW
PEVT_00298,RAW_00298,"October 31, 2024",ADDITION,INDIACEM,,,India Cements Ltd.,,2024-SEP,PARENT_NIFTY_500,ADD,ind_prs10102024_1.pdf,Page 1,1) Nifty500 Shariah,ACTIVE,RAW
PEVT_00299,RAW_00299,"October 31, 2024",ADDITION,JYOTICNC,,,Jyoti CNC Automation Ltd.,,2024-SEP,PARENT_NIFTY_500,ADD,ind_prs10102024_1.pdf,Page 1,1) Nifty500 Shariah,ACTIVE,RAW
PEVT_00300,RAW_00300,"October 31, 2024",ADDITION,RVNL,,,Rail Vikas Nigam Ltd.,,2024-SEP,PARENT_NIFTY_500,ADD,ind_prs10102024_1.pdf,Page 2,1) Nifty500 Shariah,ACTIVE,RAW
PEVT_00301,RAW_00301,"October 31, 2024",ADDITION,TBOTEK,,,TBO Tek Ltd.,,2024-SEP,PARENT_NIFTY_500,ADD,ind_prs10102024_1.pdf,Page 2,1) Nifty500 Shariah,ACTIVE,RAW
PEVT_00302,RAW_00302,"August 08, 2022",DELETION,NMDC,,,NMDC Ltd.,,2022-SEP,PARENT_NIFTY_500,REMOVE,ind_prs11072022.pdf,Page 1,1) Nifty 500,ACTIVE,RAW
PEVT_00303,RAW_00303,"August 08, 2022",DELETION,PEL,,,Piramal Enterprises Ltd.,,2022-SEP,PARENT_NIFTY_500,REMOVE,ind_prs11072022.pdf,Page 1,1) Nifty 500,ACTIVE,RAW
PEVT_00304,RAW_00304,"August 08, 2022",DELETION,SHRIRAMCIT,,,Shriram City Union Finance Ltd.,,2022-SEP,PARENT_NIFTY_500,REMOVE,ind_prs11072022.pdf,Page 1,1) Nifty 500,ACTIVE,RAW
PEVT_00305,RAW_00305,"August 08, 2022",ADDITION,CAMPUS,,,Campus Activewear Ltd.,,2022-SEP,PARENT_NIFTY_500,ADD,ind_prs11072022.pdf,Page 1,1) Nifty 500,ACTIVE,RAW
PEVT_00306,RAW_00306,"August 08, 2022",ADDITION,DELHIVERY,,,Delhivery Ltd.,,2022-SEP,PARENT_NIFTY_500,ADD,ind_prs11072022.pdf,Page 1,1) Nifty 500,ACTIVE,RAW
PEVT_00307,RAW_00307,"August 08, 2022",ADDITION,LICI,,,Life Insurance Corporation of India,,2022-SEP,PARENT_NIFTY_500,ADD,ind_prs11072022.pdf,Page 1,1) Nifty 500,ACTIVE,RAW
PEVT_00308,RAW_00308,"January 1, 2021",DELETION,ASHOKLEY,,,Ashok Leyland Ltd.,,2021-JAN,PARENT_NIFTY_500,REMOVE,ind_prs11122020.pdf,Page 4,9) NIFTY500 Value 50,ACTIVE,RAW
PEVT_00309,RAW_00309,"January 1, 2021",DELETION,CARERATING,,,CARE Ratings Ltd.,,2021-JAN,PARENT_NIFTY_500,REMOVE,ind_prs11122020.pdf,Page 4,9) NIFTY500 Value 50,ACTIVE,RAW
PEVT_00310,RAW_00310,"January 1, 2021",DELETION,DCMSHRIRAM,,,DCM Shriram Ltd.,,2021-JAN,PARENT_NIFTY_500,REMOVE,ind_prs11122020.pdf,Page 4,9) NIFTY500 Value 50,ACTIVE,RAW
PEVT_00311,RAW_00311,"January 1, 2021",DELETION,EDELWEISS,,,Edelweiss Financial Services Ltd.,,2021-JAN,PARENT_NIFTY_500,REMOVE,ind_prs11122020.pdf,Page 4,9) NIFTY500 Value 50,ACTIVE,RAW
PEVT_00312,RAW_00312,"January 1, 2021",DELETION,GHCL,,,GHCL Ltd.,,2021-JAN,PARENT_NIFTY_500,REMOVE,ind_prs11122020.pdf,Page 4,9) NIFTY500 Value 50,ACTIVE,RAW
PEVT_00313,RAW_00313,"January 1, 2021",DELETION,HINDZINC,,,Hindustan Zinc Ltd.,,2021-JAN,PARENT_NIFTY_500,REMOVE,ind_prs11122020.pdf,Page 4,9) NIFTY500 Value 50,ACTIVE,RAW
PEVT_00314,RAW_00314,"January 1, 2021",DELETION,IIFL,,,IIFL Finance Ltd.,,2021-JAN,PARENT_NIFTY_500,REMOVE,ind_prs11122020.pdf,Page 4,9) NIFTY500 Value 50,ACTIVE,RAW
PEVT_00315,RAW_00315,"January 1, 2021",DELETION,IBREALEST,,,Indiabulls Real Estate Ltd.,,2021-JAN,PARENT_NIFTY_500,REMOVE,ind_prs11122020.pdf,Page 4,9) NIFTY500 Value 50,ACTIVE,RAW
PEVT_00316,RAW_00316,"January 1, 2021",DELETION,NLCINDIA,,,NLC India Ltd.,,2021-JAN,PARENT_NIFTY_500,REMOVE,ind_prs11122020.pdf,Page 4,9) NIFTY500 Value 50,ACTIVE,RAW
PEVT_00317,RAW_00317,"January 1, 2021",DELETION,RAJESHEXPO,,,Rajesh Exports Ltd.,,2021-JAN,PARENT_NIFTY_500,REMOVE,ind_prs11122020.pdf,Page 5,9) NIFTY500 Value 50,ACTIVE,RAW
PEVT_00318,RAW_00318,"January 1, 2021",DELETION,SJVN,,,SJVN Ltd.,,2021-JAN,PARENT_NIFTY_500,REMOVE,ind_prs11122020.pdf,Page 5,9) NIFTY500 Value 50,ACTIVE,RAW
PEVT_00319,RAW_00319,"January 1, 2021",ADDITION,BANKBARODA,,,Bank of Baroda,,2021-JAN,PARENT_NIFTY_500,ADD,ind_prs11122020.pdf,Page 5,9) NIFTY500 Value 50,ACTIVE,RAW
PEVT_00320,RAW_00320,"January 1, 2021",ADDITION,BANKINDIA,,,Bank of India,,2021-JAN,PARENT_NIFTY_500,ADD,ind_prs11122020.pdf,Page 5,9) NIFTY500 Value 50,ACTIVE,RAW
PEVT_00321,RAW_00321,"January 1, 2021",ADDITION,FEDERALBNK,,,Federal Bank Ltd.,,2021-JAN,PARENT_NIFTY_500,ADD,ind_prs11122020.pdf,Page 5,9) NIFTY500 Value 50,ACTIVE,RAW
PEVT_00322,RAW_00322,"January 1, 2021",ADDITION,FRETAIL,,,Future Retail Ltd.,,2021-JAN,PARENT_NIFTY_500,ADD,ind_prs11122020.pdf,Page 5,9) NIFTY500 Value 50,ACTIVE,RAW
PEVT_00323,RAW_00323,"January 1, 2021",ADDITION,GAIL,,,GAIL (India) Ltd.,,2021-JAN,PARENT_NIFTY_500,ADD,ind_prs11122020.pdf,Page 5,9) NIFTY500 Value 50,ACTIVE,RAW
PEVT_00324,RAW_00324,"January 1, 2021",ADDITION,GESHIP,,,Great Eastern Shipping Co. Ltd.,,2021-JAN,PARENT_NIFTY_500,ADD,ind_prs11122020.pdf,Page 5,9) NIFTY500 Value 50,ACTIVE,RAW
PEVT_00325,RAW_00325,"January 1, 2021",ADDITION,LICHSGFIN,,,LIC Housing Finance Ltd.,,2021-JAN,PARENT_NIFTY_500,ADD,ind_prs11122020.pdf,Page 5,9) NIFTY500 Value 50,ACTIVE,RAW
PEVT_00326,RAW_00326,"January 1, 2021",ADDITION,PNB,,,Punjab National Bank,,2021-JAN,PARENT_NIFTY_500,ADD,ind_prs11122020.pdf,Page 5,9) NIFTY500 Value 50,ACTIVE,RAW
PEVT_00327,RAW_00327,"January 1, 2021",ADDITION,TATACHEM,,,Tata Chemicals Ltd.,,2021-JAN,PARENT_NIFTY_500,ADD,ind_prs11122020.pdf,Page 5,9) NIFTY500 Value 50,ACTIVE,RAW
PEVT_00328,RAW_00328,"January 1, 2021",ADDITION,TATAMOTORS,,,Tata Motors Ltd.,,2021-JAN,PARENT_NIFTY_500,ADD,ind_prs11122020.pdf,Page 5,9) NIFTY500 Value 50,ACTIVE,RAW
PEVT_00329,RAW_00329,"January 1, 2021",ADDITION,WELCORP,,,Welspun Corp Ltd.,,2021-JAN,PARENT_NIFTY_500,ADD,ind_prs11122020.pdf,Page 5,9) NIFTY500 Value 50,ACTIVE,RAW
PEVT_00330,RAW_00330,"January 1, 2021",DELETION,BHARTIARTL,,,Bharti Airtel Ltd.,,2021-JAN,PARENT_NIFTY_500,REMOVE,ind_prs11122020.pdf,Page 5,9) NIFTY500 Value 50,ACTIVE,RAW
PEVT_00331,RAW_00331,"January 1, 2021",DELETION,IGL,,,Indraprastha Gas Ltd.,,2021-JAN,PARENT_NIFTY_500,REMOVE,ind_prs11122020.pdf,Page 5,9) NIFTY500 Value 50,ACTIVE,RAW
PEVT_00332,RAW_00332,"January 1, 2021",DELETION,MANAPPURAM,,,Manappuram Finance Ltd.,,2021-JAN,PARENT_NIFTY_500,REMOVE,ind_prs11122020.pdf,Page 5,9) NIFTY500 Value 50,ACTIVE,RAW
PEVT_00333,RAW_00333,"January 1, 2021",DELETION,WHIRLPOOL,,,Whirlpool of India Ltd.,,2021-JAN,PARENT_NIFTY_500,REMOVE,ind_prs11122020.pdf,Page 5,9) NIFTY500 Value 50,ACTIVE,RAW
PEVT_00334,RAW_00334,"January 1, 2021",ADDITION,ADANIGAS,,,Adani Gas Ltd.,,2021-JAN,PARENT_NIFTY_500,ADD,ind_prs11122020.pdf,Page 5,9) NIFTY500 Value 50,ACTIVE,RAW
PEVT_00335,RAW_00335,"January 1, 2021",ADDITION,AMBER,,,Amber Enterprises India Ltd.,,2021-JAN,PARENT_NIFTY_500,ADD,ind_prs11122020.pdf,Page 5,9) NIFTY500 Value 50,ACTIVE,RAW
PEVT_00336,RAW_00336,"January 1, 2021",ADDITION,BSOFT,,,Birlasoft Ltd.,,2021-JAN,PARENT_NIFTY_500,ADD,ind_prs11122020.pdf,Page 5,9) NIFTY500 Value 50,ACTIVE,RAW
PEVT_00337,RAW_00337,"January 1, 2021",ADDITION,GMMPFAUDLR,,,GMM Pfaudler Ltd.,,2021-JAN,PARENT_NIFTY_500,ADD,ind_prs11122020.pdf,Page 5,9) NIFTY500 Value 50,ACTIVE,RAW
PEVT_00338,RAW_00338,"January 1, 2021",DELETION,EQUITAS,,,Equitas Holdings Ltd.,,2021-JAN,PARENT_NIFTY_500,REMOVE,ind_prs11122020.pdf,Page 6,9) NIFTY500 Value 50,ACTIVE,RAW
PEVT_00339,RAW_00339,"January 1, 2021",DELETION,HINDPETRO,,,Hindustan Petroleum Corporation Ltd.,,2021-JAN,PARENT_NIFTY_500,REMOVE,ind_prs11122020.pdf,Page 6,9) NIFTY500 Value 50,ACTIVE,RAW
PEVT_00340,RAW_00340,"January 1, 2021",DELETION,GRASIM,,,Grasim Industries Ltd.,,2021-JAN,PARENT_NIFTY_500,REMOVE,ind_prs11122020.pdf,Page 6,9) NIFTY500 Value 50,ACTIVE,RAW
PEVT_00341,RAW_00341,"January 1, 2021",DELETION,VEDL,,,Vedanta Ltd.,,2021-JAN,PARENT_NIFTY_500,REMOVE,ind_prs11122020.pdf,Page 6,9) NIFTY500 Value 50,ACTIVE,RAW
PEVT_00342,RAW_00342,"January 1, 2021",DELETION,KOTAKBANK,,,Kotak Mahindra Bank Ltd.,,2021-JAN,PARENT_NIFTY_500,REMOVE,ind_prs11122020.pdf,Page 6,9) NIFTY500 Value 50,ACTIVE,RAW
PEVT_00343,RAW_00343,"January 1, 2021",DELETION,PAGEIND,,,Page Industries Ltd.,,2021-JAN,PARENT_NIFTY_500,REMOVE,ind_prs11122020.pdf,Page 6,9) NIFTY500 Value 50,ACTIVE,RAW
PEVT_00344,RAW_00344,"December 31, 2024",DELETION,ABB,,,ABB India Ltd.,,2024-DEC,PARENT_NIFTY_500,REMOVE,ind_prs11122024.pdf,Page 9,k) Nifty500 Momentum 50,ACTIVE,RAW
PEVT_00345,RAW_00345,"December 31, 2024",DELETION,ADANIPORTS,,,Adani Ports and Special Economic Zone Ltd.,,2024-DEC,PARENT_NIFTY_500,REMOVE,ind_prs11122024.pdf,Page 9,k) Nifty500 Momentum 50,ACTIVE,RAW
PEVT_00346,RAW_00346,"December 31, 2024",DELETION,ADANIPOWER,,,Adani Power Ltd.,,2024-DEC,PARENT_NIFTY_500,REMOVE,ind_prs11122024.pdf,Page 9,k) Nifty500 Momentum 50,ACTIVE,RAW
PEVT_00347,RAW_00347,"December 31, 2024",DELETION,ANANDRATHI,,,Anand Rathi Wealth Ltd.,,2024-DEC,PARENT_NIFTY_500,REMOVE,ind_prs11122024.pdf,Page 9,k) Nifty500 Momentum 50,ACTIVE,RAW
PEVT_00348,RAW_00348,"December 31, 2024",DELETION,APARINDS,,,Apar Industries Ltd.,,2024-DEC,PARENT_NIFTY_500,REMOVE,ind_prs11122024.pdf,Page 9,k) Nifty500 Momentum 50,ACTIVE,RAW
PEVT_00349,RAW_00349,"December 31, 2024",DELETION,BAJAJ-AUTO,,,Bajaj Auto Ltd.,,2024-DEC,PARENT_NIFTY_500,REMOVE,ind_prs11122024.pdf,Page 9,k) Nifty500 Momentum 50,ACTIVE,RAW
PEVT_00350,RAW_00350,"December 31, 2024",DELETION,BDL,,,Bharat Dynamics Ltd.,,2024-DEC,PARENT_NIFTY_500,REMOVE,ind_prs11122024.pdf,Page 9,k) Nifty500 Momentum 50,ACTIVE,RAW
PEVT_00351,RAW_00351,"December 31, 2024",DELETION,BEL,,,Bharat Electronics Ltd.,,2024-DEC,PARENT_NIFTY_500,REMOVE,ind_prs11122024.pdf,Page 9,k) Nifty500 Momentum 50,ACTIVE,RAW
PEVT_00352,RAW_00352,"December 31, 2024",DELETION,BHEL,,,Bharat Heavy Electricals Ltd.,,2024-DEC,PARENT_NIFTY_500,REMOVE,ind_prs11122024.pdf,Page 9,k) Nifty500 Momentum 50,ACTIVE,RAW
PEVT_00353,RAW_00353,"December 31, 2024",DELETION,COCHINSHIP,,,Cochin Shipyard Ltd.,,2024-DEC,PARENT_NIFTY_500,REMOVE,ind_prs11122024.pdf,Page 10,k) Nifty500 Momentum 50,ACTIVE,RAW
PEVT_00354,RAW_00354,"December 31, 2024",DELETION,CUMMINSIND,,,Cummins India Ltd.,,2024-DEC,PARENT_NIFTY_500,REMOVE,ind_prs11122024.pdf,Page 10,k) Nifty500 Momentum 50,ACTIVE,RAW
PEVT_00355,RAW_00355,"December 31, 2024",DELETION,EXIDEIND,,,Exide Industries Ltd.,,2024-DEC,PARENT_NIFTY_500,REMOVE,ind_prs11122024.pdf,Page 10,k) Nifty500 Momentum 50,ACTIVE,RAW
PEVT_00356,RAW_00356,"December 31, 2024",DELETION,GPIL,,,Godawari Power & Ispat Ltd.,,2024-DEC,PARENT_NIFTY_500,REMOVE,ind_prs11122024.pdf,Page 10,k) Nifty500 Momentum 50,ACTIVE,RAW
PEVT_00357,RAW_00357,"December 31, 2024",DELETION,HBLPOWER,,,HBL Power Systems Ltd.,,2024-DEC,PARENT_NIFTY_500,REMOVE,ind_prs11122024.pdf,Page 10,k) Nifty500 Momentum 50,ACTIVE,RAW
PEVT_00358,RAW_00358,"December 31, 2024",DELETION,HAL,,,Hindustan Aeronautics Ltd.,,2024-DEC,PARENT_NIFTY_500,REMOVE,ind_prs11122024.pdf,Page 10,k) Nifty500 Momentum 50,ACTIVE,RAW
PEVT_00359,RAW_00359,"December 31, 2024",DELETION,HINDCOPPER,,,Hindustan Copper Ltd.,,2024-DEC,PARENT_NIFTY_500,REMOVE,ind_prs11122024.pdf,Page 10,k) Nifty500 Momentum 50,ACTIVE,RAW
PEVT_00360,RAW_00360,"December 31, 2024",DELETION,HUDCO,,,Housing & Urban Development Corporation Ltd.,,2024-DEC,PARENT_NIFTY_500,REMOVE,ind_prs11122024.pdf,Page 10,k) Nifty500 Momentum 50,ACTIVE,RAW
PEVT_00361,RAW_00361,"December 31, 2024",DELETION,IRFC,,,Indian Railway Finance Corporation Ltd.,,2024-DEC,PARENT_NIFTY_500,REMOVE,ind_prs11122024.pdf,Page 10,k) Nifty500 Momentum 50,ACTIVE,RAW
PEVT_00362,RAW_00362,"December 31, 2024",DELETION,JSL,,,Jindal Stainless Ltd.,,2024-DEC,PARENT_NIFTY_500,REMOVE,ind_prs11122024.pdf,Page 10,k) Nifty500 Momentum 50,ACTIVE,RAW
PEVT_00363,RAW_00363,"December 31, 2024",DELETION,JWL,,,Jupiter Wagons Ltd.,,2024-DEC,PARENT_NIFTY_500,REMOVE,ind_prs11122024.pdf,Page 10,k) Nifty500 Momentum 50,ACTIVE,RAW
PEVT_00364,RAW_00364,"December 31, 2024",DELETION,KPIL,,,Kalpataru Projects International Ltd.,,2024-DEC,PARENT_NIFTY_500,REMOVE,ind_prs11122024.pdf,Page 10,k) Nifty500 Momentum 50,ACTIVE,RAW
PEVT_00365,RAW_00365,"December 31, 2024",DELETION,MRPL,,,Mangalore Refinery & Petrochemicals Ltd.,,2024-DEC,PARENT_NIFTY_500,REMOVE,ind_prs11122024.pdf,Page 10,k) Nifty500 Momentum 50,ACTIVE,RAW
PEVT_00366,RAW_00366,"December 31, 2024",DELETION,NBCC,,,NBCC (India) Ltd.,,2024-DEC,PARENT_NIFTY_500,REMOVE,ind_prs11122024.pdf,Page 10,k) Nifty500 Momentum 50,ACTIVE,RAW
PEVT_00367,RAW_00367,"December 31, 2024",DELETION,NHPC,,,NHPC Ltd.,,2024-DEC,PARENT_NIFTY_500,REMOVE,ind_prs11122024.pdf,Page 10,k) Nifty500 Momentum 50,ACTIVE,RAW
PEVT_00368,RAW_00368,"December 31, 2024",DELETION,PFC,,,Power Finance Corporation Ltd.,,2024-DEC,PARENT_NIFTY_500,REMOVE,ind_prs11122024.pdf,Page 10,k) Nifty500 Momentum 50,ACTIVE,RAW
PEVT_00369,RAW_00369,"December 31, 2024",DELETION,PRESTIGE,,,Prestige Estates Projects Ltd.,,2024-DEC,PARENT_NIFTY_500,REMOVE,ind_prs11122024.pdf,Page 10,k) Nifty500 Momentum 50,ACTIVE,RAW
PEVT_00370,RAW_00370,"December 31, 2024",DELETION,PNB,,,Punjab National Bank,,2024-DEC,PARENT_NIFTY_500,REMOVE,ind_prs11122024.pdf,Page 10,k) Nifty500 Momentum 50,ACTIVE,RAW
PEVT_00371,RAW_00371,"December 31, 2024",DELETION,RVNL,,,Rail Vikas Nigam Ltd.,,2024-DEC,PARENT_NIFTY_500,REMOVE,ind_prs11122024.pdf,Page 10,k) Nifty500 Momentum 50,ACTIVE,RAW
PEVT_00372,RAW_00372,"December 31, 2024",DELETION,RECLTD,,,REC Ltd.,,2024-DEC,PARENT_NIFTY_500,REMOVE,ind_prs11122024.pdf,Page 10,k) Nifty500 Momentum 50,ACTIVE,RAW
PEVT_00373,RAW_00373,"December 31, 2024",DELETION,MOTHERSON,,,Samvardhana Motherson International Ltd.,,2024-DEC,PARENT_NIFTY_500,REMOVE,ind_prs11122024.pdf,Page 10,k) Nifty500 Momentum 50,ACTIVE,RAW
PEVT_00374,RAW_00374,"December 31, 2024",DELETION,SJVN,,,SJVN Ltd.,,2024-DEC,PARENT_NIFTY_500,REMOVE,ind_prs11122024.pdf,Page 10,k) Nifty500 Momentum 50,ACTIVE,RAW
PEVT_00375,RAW_00375,"December 31, 2024",DELETION,SOBHA,,,Sobha Ltd.,,2024-DEC,PARENT_NIFTY_500,REMOVE,ind_prs11122024.pdf,Page 10,k) Nifty500 Momentum 50,ACTIVE,RAW
PEVT_00376,RAW_00376,"December 31, 2024",DELETION,SOLARINDS,,,Solar Industries India Ltd.,,2024-DEC,PARENT_NIFTY_500,REMOVE,ind_prs11122024.pdf,Page 10,k) Nifty500 Momentum 50,ACTIVE,RAW
PEVT_00377,RAW_00377,"December 31, 2024",DELETION,SUZLON,,,Suzlon Energy Ltd.,,2024-DEC,PARENT_NIFTY_500,REMOVE,ind_prs11122024.pdf,Page 10,k) Nifty500 Momentum 50,ACTIVE,RAW
PEVT_00378,RAW_00378,"December 31, 2024",DELETION,TATAPOWER,,,Tata Power Co. Ltd.,,2024-DEC,PARENT_NIFTY_500,REMOVE,ind_prs11122024.pdf,Page 10,k) Nifty500 Momentum 50,ACTIVE,RAW
PEVT_00379,RAW_00379,"December 31, 2024",DELETION,THERMAX,,,Thermax Ltd.,,2024-DEC,PARENT_NIFTY_500,REMOVE,ind_prs11122024.pdf,Page 10,k) Nifty500 Momentum 50,ACTIVE,RAW
PEVT_00380,RAW_00380,"December 31, 2024",DELETION,TITAGARH,,,Titagarh Rail Systems Ltd.,,2024-DEC,PARENT_NIFTY_500,REMOVE,ind_prs11122024.pdf,Page 10,k) Nifty500 Momentum 50,ACTIVE,RAW
PEVT_00381,RAW_00381,"December 31, 2024",DELETION,TORNTPOWER,,,Torrent Power Ltd.,,2024-DEC,PARENT_NIFTY_500,REMOVE,ind_prs11122024.pdf,Page 10,k) Nifty500 Momentum 50,ACTIVE,RAW
PEVT_00382,RAW_00382,"December 31, 2024",DELETION,ZYDUSLIFE,,,Zydus Lifesciences Ltd.,,2024-DEC,PARENT_NIFTY_500,REMOVE,ind_prs11122024.pdf,Page 10,k) Nifty500 Momentum 50,ACTIVE,RAW
PEVT_00383,RAW_00383,"December 31, 2024",ADDITION,360ONE,,,360 ONE WAM Ltd.,,2024-DEC,PARENT_NIFTY_500,ADD,ind_prs11122024.pdf,Page 10,k) Nifty500 Momentum 50,ACTIVE,RAW
PEVT_00384,RAW_00384,"December 31, 2024",ADDITION,ABSLAMC,,,Aditya Birla Sun Life AMC Ltd.,,2024-DEC,PARENT_NIFTY_500,ADD,ind_prs11122024.pdf,Page 10,k) Nifty500 Momentum 50,ACTIVE,RAW
PEVT_00385,RAW_00385,"December 31, 2024",ADDITION,AMBER,,,Amber Enterprises India Ltd.,,2024-DEC,PARENT_NIFTY_500,ADD,ind_prs11122024.pdf,Page 10,k) Nifty500 Momentum 50,ACTIVE,RAW
PEVT_00386,RAW_00386,"December 31, 2024",ADDITION,ANANTRAJ,,,Anant Raj Ltd.,,2024-DEC,PARENT_NIFTY_500,ADD,ind_prs11122024.pdf,Page 11,k) Nifty500 Momentum 50,ACTIVE,RAW
PEVT_00387,RAW_00387,"December 31, 2024",ADDITION,CAPLIPOINT,,,Caplin Point Laboratories Ltd.,,2024-DEC,PARENT_NIFTY_500,ADD,ind_prs11122024.pdf,Page 11,k) Nifty500 Momentum 50,ACTIVE,RAW
PEVT_00388,RAW_00388,"December 31, 2024",ADDITION,CHOLAHLDNG,,,Cholamandalam Financial Holdings Ltd.,,2024-DEC,PARENT_NIFTY_500,ADD,ind_prs11122024.pdf,Page 11,k) Nifty500 Momentum 50,ACTIVE,RAW
PEVT_00389,RAW_00389,"December 31, 2024",ADDITION,COFORGE,,,Coforge Ltd.,,2024-DEC,PARENT_NIFTY_500,ADD,ind_prs11122024.pdf,Page 11,k) Nifty500 Momentum 50,ACTIVE,RAW
PEVT_00390,RAW_00390,"December 31, 2024",ADDITION,COROMANDEL,,,Coromandel International Ltd.,,2024-DEC,PARENT_NIFTY_500,ADD,ind_prs11122024.pdf,Page 11,k) Nifty500 Momentum 50,ACTIVE,RAW
PEVT_00391,RAW_00391,"December 31, 2024",ADDITION,DEEPAKFERT,,,Deepak Fertilisers & Petrochemicals Corp. Ltd.,,2024-DEC,PARENT_NIFTY_500,ADD,ind_prs11122024.pdf,Page 11,k) Nifty500 Momentum 50,ACTIVE,RAW
PEVT_00392,RAW_00392,"December 31, 2024",ADDITION,DIVISLAB,,,Divi's Laboratories Ltd.,,2024-DEC,PARENT_NIFTY_500,ADD,ind_prs11122024.pdf,Page 11,k) Nifty500 Momentum 50,ACTIVE,RAW
PEVT_00393,RAW_00393,"December 31, 2024",ADDITION,FSL,,,Firstsource Solutions Ltd.,,2024-DEC,PARENT_NIFTY_500,ADD,ind_prs11122024.pdf,Page 11,k) Nifty500 Momentum 50,ACTIVE,RAW
PEVT_00394,RAW_00394,"December 31, 2024",ADDITION,FORTIS,,,Fortis Healthcare Ltd.,,2024-DEC,PARENT_NIFTY_500,ADD,ind_prs11122024.pdf,Page 11,k) Nifty500 Momentum 50,ACTIVE,RAW
PEVT_00395,RAW_00395,"December 31, 2024",ADDITION,GLENMARK,,,Glenmark Pharmaceuticals Ltd.,,2024-DEC,PARENT_NIFTY_500,ADD,ind_prs11122024.pdf,Page 11,k) Nifty500 Momentum 50,ACTIVE,RAW
PEVT_00396,RAW_00396,"December 31, 2024",ADDITION,GODFRYPHLP,,,Godfrey Phillips India Ltd.,,2024-DEC,PARENT_NIFTY_500,ADD,ind_prs11122024.pdf,Page 11,k) Nifty500 Momentum 50,ACTIVE,RAW
PEVT_00397,RAW_00397,"December 31, 2024",ADDITION,HSCL,,,Himadri Speciality Chemical Ltd.,,2024-DEC,PARENT_NIFTY_500,ADD,ind_prs11122024.pdf,Page 11,k) Nifty500 Momentum 50,ACTIVE,RAW
PEVT_00398,RAW_00398,"December 31, 2024",ADDITION,INDIACEM,,,India Cements Ltd.,,2024-DEC,PARENT_NIFTY_500,ADD,ind_prs11122024.pdf,Page 11,k) Nifty500 Momentum 50,ACTIVE,RAW
PEVT_00399,RAW_00399,"December 31, 2024",ADDITION,INDHOTEL,,,Indian Hotels Co. Ltd.,,2024-DEC,PARENT_NIFTY_500,ADD,ind_prs11122024.pdf,Page 11,k) Nifty500 Momentum 50,ACTIVE,RAW
PEVT_00400,RAW_00400,"December 31, 2024",ADDITION,NAUKRI,,,Info Edge (India) Ltd.,,2024-DEC,PARENT_NIFTY_500,ADD,ind_prs11122024.pdf,Page 11,k) Nifty500 Momentum 50,ACTIVE,RAW
PEVT_00401,RAW_00401,"December 31, 2024",ADDITION,JUBLPHARMA,,,Jubilant Pharmova Ltd.,,2024-DEC,PARENT_NIFTY_500,ADD,ind_prs11122024.pdf,Page 11,k) Nifty500 Momentum 50,ACTIVE,RAW
PEVT_00402,RAW_00402,"December 31, 2024",ADDITION,KAYNES,,,Kaynes Technology India Ltd.,,2024-DEC,PARENT_NIFTY_500,ADD,ind_prs11122024.pdf,Page 11,k) Nifty500 Momentum 50,ACTIVE,RAW
PEVT_00403,RAW_00403,"December 31, 2024",ADDITION,KEC,,,KEC International Ltd.,,2024-DEC,PARENT_NIFTY_500,ADD,ind_prs11122024.pdf,Page 11,k) Nifty500 Momentum 50,ACTIVE,RAW
PEVT_00404,RAW_00404,"December 31, 2024",ADDITION,KFINTECH,,,KFin Technologies Ltd.,,2024-DEC,PARENT_NIFTY_500,ADD,ind_prs11122024.pdf,Page 11,k) Nifty500 Momentum 50,ACTIVE,RAW
PEVT_00405,RAW_00405,"December 31, 2024",ADDITION,LLOYDSME,,,Lloyds Metals And Energy Ltd.,,2024-DEC,PARENT_NIFTY_500,ADD,ind_prs11122024.pdf,Page 11,k) Nifty500 Momentum 50,ACTIVE,RAW
PEVT_00406,RAW_00406,"December 31, 2024",ADDITION,LUPIN,,,Lupin Ltd.,,2024-DEC,PARENT_NIFTY_500,ADD,ind_prs11122024.pdf,Page 11,k) Nifty500 Momentum 50,ACTIVE,RAW
PEVT_00407,RAW_00407,"December 31, 2024",ADDITION,MCX,,,Multi Commodity Exchange of India Ltd.,,2024-DEC,PARENT_NIFTY_500,ADD,ind_prs11122024.pdf,Page 11,k) Nifty500 Momentum 50,ACTIVE,RAW
PEVT_00408,RAW_00408,"December 31, 2024",ADDITION,NATCOPHARM,,,NATCO Pharma Ltd.,,2024-DEC,PARENT_NIFTY_500,ADD,ind_prs11122024.pdf,Page 11,k) Nifty500 Momentum 50,ACTIVE,RAW
PEVT_00409,RAW_00409,"December 31, 2024",ADDITION,NETWEB,,,Netweb Technologies India Ltd.,,2024-DEC,PARENT_NIFTY_500,ADD,ind_prs11122024.pdf,Page 11,k) Nifty500 Momentum 50,ACTIVE,RAW
PEVT_00410,RAW_00410,"December 31, 2024",ADDITION,OFSS,,,Oracle Financial Services Software Ltd.,,2024-DEC,PARENT_NIFTY_500,ADD,ind_prs11122024.pdf,Page 11,k) Nifty500 Momentum 50,ACTIVE,RAW
PEVT_00411,RAW_00411,"December 31, 2024",ADDITION,POLICYBZR,,,PB Fintech Ltd.,,2024-DEC,PARENT_NIFTY_500,ADD,ind_prs11122024.pdf,Page 11,k) Nifty500 Momentum 50,ACTIVE,RAW
PEVT_00412,RAW_00412,"December 31, 2024",ADDITION,PCBL,,,PCBL Ltd.,,2024-DEC,PARENT_NIFTY_500,ADD,ind_prs11122024.pdf,Page 11,k) Nifty500 Momentum 50,ACTIVE,RAW
PEVT_00413,RAW_00413,"December 31, 2024",ADDITION,PERSISTENT,,,Persistent Systems Ltd.,,2024-DEC,PARENT_NIFTY_500,ADD,ind_prs11122024.pdf,Page 11,k) Nifty500 Momentum 50,ACTIVE,RAW
PEVT_00414,RAW_00414,"December 31, 2024",ADDITION,PPLPHARMA,,,Piramal Pharma Ltd.,,2024-DEC,PARENT_NIFTY_500,ADD,ind_prs11122024.pdf,Page 11,k) Nifty500 Momentum 50,ACTIVE,RAW
PEVT_00415,RAW_00415,"December 31, 2024",ADDITION,POLYMED,,,Poly Medicure Ltd.,,2024-DEC,PARENT_NIFTY_500,ADD,ind_prs11122024.pdf,Page 11,k) Nifty500 Momentum 50,ACTIVE,RAW
PEVT_00416,RAW_00416,"December 31, 2024",ADDITION,RADICO,,,Radico Khaitan Ltd,,2024-DEC,PARENT_NIFTY_500,ADD,ind_prs11122024.pdf,Page 11,k) Nifty500 Momentum 50,ACTIVE,RAW
PEVT_00417,RAW_00417,"December 31, 2024",ADDITION,SUVENPHAR,,,Suven Pharmaceuticals Ltd.,,2024-DEC,PARENT_NIFTY_500,ADD,ind_prs11122024.pdf,Page 11,k) Nifty500 Momentum 50,ACTIVE,RAW
PEVT_00418,RAW_00418,"December 31, 2024",ADDITION,TECHM,,,Tech Mahindra Ltd.,,2024-DEC,PARENT_NIFTY_500,ADD,ind_prs11122024.pdf,Page 11,k) Nifty500 Momentum 50,ACTIVE,RAW
PEVT_00419,RAW_00419,"December 31, 2024",ADDITION,UNITDSPR,,,United Spirits Ltd.,,2024-DEC,PARENT_NIFTY_500,ADD,ind_prs11122024.pdf,Page 11,k) Nifty500 Momentum 50,ACTIVE,RAW
PEVT_00420,RAW_00420,"December 31, 2024",ADDITION,VOLTAS,,,Voltas Ltd.,,2024-DEC,PARENT_NIFTY_500,ADD,ind_prs11122024.pdf,Page 11,k) Nifty500 Momentum 50,ACTIVE,RAW
PEVT_00421,RAW_00421,"December 31, 2024",ADDITION,ZOMATO,,,Zomato Ltd.,,2024-DEC,PARENT_NIFTY_500,ADD,ind_prs11122024.pdf,Page 11,k) Nifty500 Momentum 50,ACTIVE,RAW
PEVT_00422,RAW_00422,"December 31, 2025",DELETION,SKFINDIA,,,SKF India Ltd.,,2025-DEC,PARENT_NIFTY_500,REMOVE,ind_prs11122025.pdf,Page 1,1) Nifty 500,ACTIVE,RAW
PEVT_00423,RAW_00423,"December 31, 2025",DELETION,JSWCEMENT,,,JSW Cement Ltd.,,2025-DEC,PARENT_NIFTY_500,REMOVE,ind_prs11122025.pdf,Page 1,1) Nifty 500,ACTIVE,RAW
PEVT_00424,RAW_00424,"March 27, 2020",DELETION,GAYAPROJ,,,Gayatri Projects Ltd.,,2020-MAR,PARENT_NIFTY_500,REMOVE,ind_prs12032020.pdf,Page 4,1) NIFTY 500,ACTIVE,RAW
PEVT_00425,RAW_00425,"March 27, 2020",DELETION,SHILPAMED,,,Shilpa Medicare Ltd.*,,2020-MAR,PARENT_NIFTY_500,REMOVE,ind_prs12032020.pdf,Page 4,1) NIFTY 500,ACTIVE,RAW
PEVT_00426,RAW_00426,"March 30, 2026",DELETION,AKUMS,,,Akums Drugs and Pharmaceuticals Ltd.,,2026-MAR,PARENT_NIFTY_500,REMOVE,ind_prs12032026.pdf,Page 6,1) Nifty500 Shariah,ACTIVE,RAW
PEVT_00427,RAW_00427,"March 30, 2026",DELETION,APLLTD,,,Alembic Pharmaceuticals Ltd.,,2026-MAR,PARENT_NIFTY_500,REMOVE,ind_prs12032026.pdf,Page 6,1) Nifty500 Shariah,ACTIVE,RAW
PEVT_00428,RAW_00428,"March 30, 2026",DELETION,ALKYLAMINE,,,Alkyl Amines Chemicals Ltd.,,2026-MAR,PARENT_NIFTY_500,REMOVE,ind_prs12032026.pdf,Page 6,1) Nifty500 Shariah,ACTIVE,RAW
PEVT_00430,RAW_00430,"March 30, 2026",DELETION,BASF,,,BASF India Ltd.,,2026-MAR,PARENT_NIFTY_500,REMOVE,ind_prs12032026.pdf,Page 6,1) Nifty500 Shariah,ACTIVE,RAW
PEVT_00431,RAW_00431,"March 30, 2026",DELETION,CAMPUS,,,Campus Activewear Ltd.,,2026-MAR,PARENT_NIFTY_500,REMOVE,ind_prs12032026.pdf,Page 6,1) Nifty500 Shariah,ACTIVE,RAW
PEVT_00432,RAW_00432,"March 30, 2026",DELETION,GUJGASLTD,,,Gujarat Gas Ltd.,,2026-MAR,PARENT_NIFTY_500,REMOVE,ind_prs12032026.pdf,Page 6,1) Nifty500 Shariah,ACTIVE,RAW
PEVT_00433,RAW_00433,"March 30, 2026",DELETION,INOXINDIA,,,INOX India Ltd.,,2026-MAR,PARENT_NIFTY_500,REMOVE,ind_prs12032026.pdf,Page 6,1) Nifty500 Shariah,ACTIVE,RAW
PEVT_00434,RAW_00434,"March 30, 2026",DELETION,JYOTHYLAB,,,Jyothy Labs Ltd.,,2026-MAR,PARENT_NIFTY_500,REMOVE,ind_prs12032026.pdf,Page 6,1) Nifty500 Shariah,ACTIVE,RAW
PEVT_00435,RAW_00435,"March 30, 2026",DELETION,KIRLOSBROS,,,Kirloskar Brothers Ltd.,,2026-MAR,PARENT_NIFTY_500,REMOVE,ind_prs12032026.pdf,Page 6,1) Nifty500 Shariah,ACTIVE,RAW
PEVT_00436,RAW_00436,"March 30, 2026",DELETION,KSB,,,KSB Ltd.,,2026-MAR,PARENT_NIFTY_500,REMOVE,ind_prs12032026.pdf,Page 6,1) Nifty500 Shariah,ACTIVE,RAW
PEVT_00437,RAW_00437,"March 30, 2026",DELETION,METROPOLIS,,,Metropolis Healthcare Ltd.,,2026-MAR,PARENT_NIFTY_500,REMOVE,ind_prs12032026.pdf,Page 6,1) Nifty500 Shariah,ACTIVE,RAW
PEVT_00438,RAW_00438,"March 30, 2026",DELETION,PGHH,,,Procter & Gamble Hygiene & Health Care Ltd.,,2026-MAR,PARENT_NIFTY_500,REMOVE,ind_prs12032026.pdf,Page 6,1) Nifty500 Shariah,ACTIVE,RAW
PEVT_00439,RAW_00439,"March 30, 2026",DELETION,RCF,,,Rashtriya Chemicals & Fertilizers Ltd.,,2026-MAR,PARENT_NIFTY_500,REMOVE,ind_prs12032026.pdf,Page 6,1) Nifty500 Shariah,ACTIVE,RAW
PEVT_00440,RAW_00440,"March 30, 2026",DELETION,RELINFRA,,,Reliance Infrastructure Ltd.,,2026-MAR,PARENT_NIFTY_500,REMOVE,ind_prs12032026.pdf,Page 6,1) Nifty500 Shariah,ACTIVE,RAW
PEVT_00441,RAW_00441,"March 30, 2026",DELETION,SUNDRMFAST,,,Sundram Fasteners Ltd.,,2026-MAR,PARENT_NIFTY_500,REMOVE,ind_prs12032026.pdf,Page 6,1) Nifty500 Shariah,ACTIVE,RAW
PEVT_00442,RAW_00442,"March 30, 2026",DELETION,VGUARD,,,V-Guard Industries Ltd.,,2026-MAR,PARENT_NIFTY_500,REMOVE,ind_prs12032026.pdf,Page 6,1) Nifty500 Shariah,ACTIVE,RAW
PEVT_00443,RAW_00443,"March 30, 2026",ADDITION,CPPLUS,,,Aditya Infotech Ltd.,,2026-MAR,PARENT_NIFTY_500,ADD,ind_prs12032026.pdf,Page 6,1) Nifty500 Shariah,ACTIVE,RAW
PEVT_00444,RAW_00444,"March 30, 2026",ADDITION,CEMPRO,,,Cemindia Projects Ltd.,,2026-MAR,PARENT_NIFTY_500,ADD,ind_prs12032026.pdf,Page 6,1) Nifty500 Shariah,ACTIVE,RAW
PEVT_00445,RAW_00445,"March 30, 2026",ADDITION,GABRIEL,,,Gabriel India Ltd.,,2026-MAR,PARENT_NIFTY_500,ADD,ind_prs12032026.pdf,Page 6,1) Nifty500 Shariah,ACTIVE,RAW
PEVT_00446,RAW_00446,"March 30, 2026",ADDITION,GALLANTT,,,Gallantt Ispat Ltd.,,2026-MAR,PARENT_NIFTY_500,ADD,ind_prs12032026.pdf,Page 6,1) Nifty500 Shariah,ACTIVE,RAW
PEVT_00447,RAW_00447,"March 30, 2026",ADDITION,SPLPETRO,,,Supreme Petrochem Ltd.,,2026-MAR,PARENT_NIFTY_500,ADD,ind_prs12032026.pdf,Page 6,1) Nifty500 Shariah,ACTIVE,RAW
PEVT_00448,RAW_00448,"March 30, 2026",ADDITION,TEGA,,,Tega Industries Ltd.,,2026-MAR,PARENT_NIFTY_500,ADD,ind_prs12032026.pdf,Page 6,1) Nifty500 Shariah,ACTIVE,RAW
PEVT_00449,RAW_00449,"March 30, 2026",ADDITION,TENNIND,,,Tenneco Clean Air India Ltd.,,2026-MAR,PARENT_NIFTY_500,ADD,ind_prs12032026.pdf,Page 6,1) Nifty500 Shariah,ACTIVE,RAW
PEVT_00450,RAW_00450,"March 30, 2026",ADDITION,ZYDUSWELL,,,Zydus Wellness Ltd.,,2026-MAR,PARENT_NIFTY_500,ADD,ind_prs12032026.pdf,Page 6,1) Nifty500 Shariah,ACTIVE,RAW
PEVT_00451,RAW_00451,"March 28, 2025",DELETION,ACI,,,Archean Chemical Industries Ltd.,,2025-MAR,PARENT_NIFTY_500,REMOVE,ind_prs13032025.pdf,Page 6,2) Nifty500 Shariah,ACTIVE,RAW
PEVT_00452,RAW_00452,"March 28, 2025",DELETION,AVANTIFEED,,,Avanti Feeds Ltd.,,2025-MAR,PARENT_NIFTY_500,REMOVE,ind_prs13032025.pdf,Page 6,2) Nifty500 Shariah,ACTIVE,RAW
PEVT_00453,RAW_00453,"March 28, 2025",DELETION,BALAMINES,,,Balaji Amines Ltd.,,2025-MAR,PARENT_NIFTY_500,REMOVE,ind_prs13032025.pdf,Page 6,2) Nifty500 Shariah,ACTIVE,RAW
PEVT_00454,RAW_00454,"March 28, 2025",DELETION,CELLO,,,Cello World Ltd.,,2025-MAR,PARENT_NIFTY_500,REMOVE,ind_prs13032025.pdf,Page 6,2) Nifty500 Shariah,ACTIVE,RAW
PEVT_00455,RAW_00455,"March 28, 2025",DELETION,CIEINDIA,,,CIE Automotive India Ltd.,,2025-MAR,PARENT_NIFTY_500,REMOVE,ind_prs13032025.pdf,Page 6,2) Nifty500 Shariah,ACTIVE,RAW
PEVT_00456,RAW_00456,"March 28, 2025",DELETION,FINEORG,,,Fine Organic Industries Ltd.,,2025-MAR,PARENT_NIFTY_500,REMOVE,ind_prs13032025.pdf,Page 6,2) Nifty500 Shariah,ACTIVE,RAW
PEVT_00457,RAW_00457,"March 28, 2025",DELETION,GRINDWELL,,,Grindwell Norton Ltd.,,2025-MAR,PARENT_NIFTY_500,REMOVE,ind_prs13032025.pdf,Page 7,2) Nifty500 Shariah,ACTIVE,RAW
PEVT_00458,RAW_00458,"March 28, 2025",DELETION,GAEL,,,Gujarat Ambuja Exports Ltd.,,2025-MAR,PARENT_NIFTY_500,REMOVE,ind_prs13032025.pdf,Page 7,2) Nifty500 Shariah,ACTIVE,RAW
PEVT_00459,RAW_00459,"March 28, 2025",DELETION,GSFC,,,Gujarat State Fertilizers & Chemicals Ltd.,,2025-MAR,PARENT_NIFTY_500,REMOVE,ind_prs13032025.pdf,Page 7,2) Nifty500 Shariah,ACTIVE,RAW
PEVT_00460,RAW_00460,"March 28, 2025",DELETION,KSB,,,KSB Ltd.,,2025-MAR,PARENT_NIFTY_500,REMOVE,ind_prs13032025.pdf,Page 7,2) Nifty500 Shariah,ACTIVE,RAW
PEVT_00461,RAW_00461,"March 28, 2025",DELETION,METROBRAND,,,Metro Brands Ltd.,,2025-MAR,PARENT_NIFTY_500,REMOVE,ind_prs13032025.pdf,Page 7,2) Nifty500 Shariah,ACTIVE,RAW
PEVT_00462,RAW_00462,"March 28, 2025",DELETION,NUVOCO,,,Nuvoco Vistas Corporation Ltd.,,2025-MAR,PARENT_NIFTY_500,REMOVE,ind_prs13032025.pdf,Page 7,2) Nifty500 Shariah,ACTIVE,RAW
PEVT_00463,RAW_00463,"March 28, 2025",DELETION,PGHH,,,Procter & Gamble Hygiene & Health Care Ltd.,,2025-MAR,PARENT_NIFTY_500,REMOVE,ind_prs13032025.pdf,Page 7,2) Nifty500 Shariah,ACTIVE,RAW
PEVT_00464,RAW_00464,"March 28, 2025",DELETION,RATNAMANI,,,Ratnamani Metals & Tubes Ltd.,,2025-MAR,PARENT_NIFTY_500,REMOVE,ind_prs13032025.pdf,Page 7,2) Nifty500 Shariah,ACTIVE,RAW
PEVT_00465,RAW_00465,"March 28, 2025",DELETION,SANOFI,,,Sanofi India Ltd.,,2025-MAR,PARENT_NIFTY_500,REMOVE,ind_prs13032025.pdf,Page 7,2) Nifty500 Shariah,ACTIVE,RAW
PEVT_00466,RAW_00466,"March 28, 2025",DELETION,SUNDRMFAST,,,Sundram Fasteners Ltd.,,2025-MAR,PARENT_NIFTY_500,REMOVE,ind_prs13032025.pdf,Page 7,2) Nifty500 Shariah,ACTIVE,RAW
PEVT_00467,RAW_00467,"March 28, 2025",DELETION,TVSSCS,,,TVS Supply Chain Solutions Ltd.,,2025-MAR,PARENT_NIFTY_500,REMOVE,ind_prs13032025.pdf,Page 7,2) Nifty500 Shariah,ACTIVE,RAW
PEVT_00468,RAW_00468,"March 28, 2025",DELETION,VINATIORGA,,,Vinati Organics Ltd.,,2025-MAR,PARENT_NIFTY_500,REMOVE,ind_prs13032025.pdf,Page 7,2) Nifty500 Shariah,ACTIVE,RAW
PEVT_00469,RAW_00469,"March 28, 2025",ADDITION,AFCONS,,,Afcons Infrastructure Ltd.,,2025-MAR,PARENT_NIFTY_500,ADD,ind_prs13032025.pdf,Page 7,2) Nifty500 Shariah,ACTIVE,RAW
PEVT_00470,RAW_00470,"March 28, 2025",ADDITION,ALIVUS,,,Alivus Life Sciences Ltd.,,2025-MAR,PARENT_NIFTY_500,ADD,ind_prs13032025.pdf,Page 7,2) Nifty500 Shariah,ACTIVE,RAW
PEVT_00471,RAW_00471,"March 28, 2025",ADDITION,FIRSTCRY,,,Brainbees Solutions Ltd.,,2025-MAR,PARENT_NIFTY_500,ADD,ind_prs13032025.pdf,Page 7,2) Nifty500 Shariah,ACTIVE,RAW
PEVT_00472,RAW_00472,"March 28, 2025",ADDITION,HYUNDAI,,,Hyundai Motor India Ltd.,,2025-MAR,PARENT_NIFTY_500,ADD,ind_prs13032025.pdf,Page 7,2) Nifty500 Shariah,ACTIVE,RAW
PEVT_00473,RAW_00473,"March 28, 2025",ADDITION,IGIL,,,International Gemmological Institute (India) Ltd.,,2025-MAR,PARENT_NIFTY_500,ADD,ind_prs13032025.pdf,Page 7,2) Nifty500 Shariah,ACTIVE,RAW
PEVT_00474,RAW_00474,"March 28, 2025",ADDITION,LTFOODS,,,LT Foods Ltd.,,2025-MAR,PARENT_NIFTY_500,ADD,ind_prs13032025.pdf,Page 7,2) Nifty500 Shariah,ACTIVE,RAW
PEVT_00475,RAW_00475,"March 28, 2025",ADDITION,NAVA,,,Nava Ltd.,,2025-MAR,PARENT_NIFTY_500,ADD,ind_prs13032025.pdf,Page 7,2) Nifty500 Shariah,ACTIVE,RAW
PEVT_00476,RAW_00476,"March 28, 2025",ADDITION,NEULANDLAB,,,Neuland Laboratories Ltd.,,2025-MAR,PARENT_NIFTY_500,ADD,ind_prs13032025.pdf,Page 7,2) Nifty500 Shariah,ACTIVE,RAW
PEVT_00477,RAW_00477,"March 28, 2025",ADDITION,PGEL,,,PG Electroplast Ltd.,,2025-MAR,PARENT_NIFTY_500,ADD,ind_prs13032025.pdf,Page 7,2) Nifty500 Shariah,ACTIVE,RAW
PEVT_00478,RAW_00478,"March 28, 2025",ADDITION,TARIL,,,Transformers And Rectifiers (India) Ltd.,,2025-MAR,PARENT_NIFTY_500,ADD,ind_prs13032025.pdf,Page 7,2) Nifty500 Shariah,ACTIVE,RAW
PEVT_00479,RAW_00479,"March 28, 2025",ADDITION,VMM,,,Vishal Mega Mart Ltd.,,2025-MAR,PARENT_NIFTY_500,ADD,ind_prs13032025.pdf,Page 7,2) Nifty500 Shariah,ACTIVE,RAW
PEVT_00480,RAW_00480,"March 28, 2025",ADDITION,WAAREEENER,,,Waaree Energies Ltd.,,2025-MAR,PARENT_NIFTY_500,ADD,ind_prs13032025.pdf,Page 7,2) Nifty500 Shariah,ACTIVE,RAW
PEVT_00481,RAW_00481,"July
17, 2026",DELETION,JBCHEPHARM,,,J.B. Chemicals & Pharmaceuticals Ltd.,,2026-JUL,PARENT_NIFTY_500,REMOVE,ind_prs13072026_1.pdf,Page 1,1) Nifty 500,ACTIVE,RAW
PEVT_00482,RAW_00482,"July
17, 2026",DELETION,PFOCUS,,,Prime Focus Ltd.,,2026-JUL,PARENT_NIFTY_500,REMOVE,ind_prs13072026_1.pdf,Page 1,1) Nifty 500,ACTIVE,RAW
PEVT_00483,RAW_00483,"June 30, 2021",DELETION,MOTHERSUMI,,,Motherson Sumi Systems Ltd.,,2021-JUN,PARENT_NIFTY_500,REMOVE,ind_prs15062021.pdf,Page 1,1) NIFTY 500,ACTIVE,RAW
PEVT_00484,RAW_00484,"June 30, 2021",DELETION,GLAND,,,Gland Pharma Ltd.,,2021-JUN,PARENT_NIFTY_500,REMOVE,ind_prs15062021.pdf,Page 1,1) NIFTY 500,ACTIVE,RAW
PEVT_00485,RAW_00485,"June 30, 2022",DELETION,EQUITAS,,,Equitas Holdings Ltd.,,2022-JUN,PARENT_NIFTY_500,REMOVE,ind_prs15062022.pdf,Page 6,9) Nifty500 Value 50,ACTIVE,RAW
PEVT_00486,RAW_00486,"June 30, 2022",DELETION,GESHIP,,,Great Eastern Shipping Co. Ltd.,,2022-JUN,PARENT_NIFTY_500,REMOVE,ind_prs15062022.pdf,Page 6,9) Nifty500 Value 50,ACTIVE,RAW
PEVT_00487,RAW_00487,"June 30, 2022",DELETION,GNFC,,,Gujarat Narmada Valley Fertilizers and Chem. Ltd.,,2022-JUN,PARENT_NIFTY_500,REMOVE,ind_prs15062022.pdf,Page 6,9) Nifty500 Value 50,ACTIVE,RAW
PEVT_00488,RAW_00488,"June 30, 2022",DELETION,IRB,,,IRB Infrastructure Developers Ltd.,,2022-JUN,PARENT_NIFTY_500,REMOVE,ind_prs15062022.pdf,Page 6,9) Nifty500 Value 50,ACTIVE,RAW
PEVT_00489,RAW_00489,"June 30, 2022",DELETION,JMFINANCIL,,,JM Financial Ltd.,,2022-JUN,PARENT_NIFTY_500,REMOVE,ind_prs15062022.pdf,Page 6,9) Nifty500 Value 50,ACTIVE,RAW
PEVT_00490,RAW_00490,"June 30, 2022",DELETION,UJJIVAN,,,Ujjivan Financial Services Ltd.,,2022-JUN,PARENT_NIFTY_500,REMOVE,ind_prs15062022.pdf,Page 6,9) Nifty500 Value 50,ACTIVE,RAW
PEVT_00491,RAW_00491,"June 30, 2022",ADDITION,AUROPHARMA,,,Aurobindo Pharma Ltd.,,2022-JUN,PARENT_NIFTY_500,ADD,ind_prs15062022.pdf,Page 6,9) Nifty500 Value 50,ACTIVE,RAW
PEVT_00492,RAW_00492,"June 30, 2022",ADDITION,MGL,,,Mahanagar Gas Ltd.,,2022-JUN,PARENT_NIFTY_500,ADD,ind_prs15062022.pdf,Page 6,9) Nifty500 Value 50,ACTIVE,RAW
PEVT_00493,RAW_00493,"June 30, 2022",ADDITION,MANAPPURAM,,,Manappuram Finance Ltd.,,2022-JUN,PARENT_NIFTY_500,ADD,ind_prs15062022.pdf,Page 6,9) Nifty500 Value 50,ACTIVE,RAW
PEVT_00494,RAW_00494,"June 30, 2022",ADDITION,PFIZER,,,Pfizer Ltd.,,2022-JUN,PARENT_NIFTY_500,ADD,ind_prs15062022.pdf,Page 6,9) Nifty500 Value 50,ACTIVE,RAW
PEVT_00495,RAW_00495,"June 30, 2022",ADDITION,RBLBANK,,,RBL Bank Ltd.,,2022-JUN,PARENT_NIFTY_500,ADD,ind_prs15062022.pdf,Page 6,9) Nifty500 Value 50,ACTIVE,RAW
PEVT_00496,RAW_00496,"June 30, 2022",ADDITION,SRTRANSFIN,,,Shriram Transport Finance Co. Ltd.,,2022-JUN,PARENT_NIFTY_500,ADD,ind_prs15062022.pdf,Page 6,9) Nifty500 Value 50,ACTIVE,RAW
PEVT_00497,RAW_00497,,DELETION,BASF,,,BASF India Ltd.,,2023-SEP,PARENT_NIFTY_500,REMOVE,ind_prs15092023.pdf,Page 5,2) Nifty500 Shariah,ACTIVE,RAW
PEVT_00498,RAW_00498,,DELETION,BPCL,,,Bharat Petroleum Corporation Ltd.,,2023-SEP,PARENT_NIFTY_500,REMOVE,ind_prs15092023.pdf,Page 5,2) Nifty500 Shariah,ACTIVE,RAW
PEVT_00499,RAW_00499,,DELETION,BORORENEW,,,Borosil Renewables Ltd.,,2023-SEP,PARENT_NIFTY_500,REMOVE,ind_prs15092023.pdf,Page 5,2) Nifty500 Shariah,ACTIVE,RAW
PEVT_00500,RAW_00500,,DELETION,FINPIPE,,,Finolex Industries Ltd.,,2023-SEP,PARENT_NIFTY_500,REMOVE,ind_prs15092023.pdf,Page 5,2) Nifty500 Shariah,ACTIVE,RAW
PEVT_00501,RAW_00501,,DELETION,GREENPANEL,,,Greenpanel Industries Ltd.,,2023-SEP,PARENT_NIFTY_500,REMOVE,ind_prs15092023.pdf,Page 5,2) Nifty500 Shariah,ACTIVE,RAW
PEVT_00502,RAW_00502,,DELETION,HGS,,,Hinduja Global Solutions Ltd.,,2023-SEP,PARENT_NIFTY_500,REMOVE,ind_prs15092023.pdf,Page 5,2) Nifty500 Shariah,ACTIVE,RAW
PEVT_00503,RAW_00503,,DELETION,HAL,,,Hindustan Aeronautics Ltd.,,2023-SEP,PARENT_NIFTY_500,REMOVE,ind_prs15092023.pdf,Page 5,2) Nifty500 Shariah,ACTIVE,RAW
PEVT_00504,RAW_00504,,DELETION,IFBIND,,,IFB Industries Ltd.,,2023-SEP,PARENT_NIFTY_500,REMOVE,ind_prs15092023.pdf,Page 5,2) Nifty500 Shariah,ACTIVE,RAW
PEVT_00505,RAW_00505,,DELETION,NAUKRI,,,Info Edge (India) Ltd.,,2023-SEP,PARENT_NIFTY_500,REMOVE,ind_prs15092023.pdf,Page 5,2) Nifty500 Shariah,ACTIVE,RAW
PEVT_00506,RAW_00506,,DELETION,KENNAMET,,,Kennametal India Ltd.,,2023-SEP,PARENT_NIFTY_500,REMOVE,ind_prs15092023.pdf,Page 5,2) Nifty500 Shariah,ACTIVE,RAW
PEVT_00507,RAW_00507,,DELETION,NOCIL,,,NOCIL Ltd.,,2023-SEP,PARENT_NIFTY_500,REMOVE,ind_prs15092023.pdf,Page 5,2) Nifty500 Shariah,ACTIVE,RAW
PEVT_00508,RAW_00508,,DELETION,TCIEXP,,,TCI Express Ltd.,,2023-SEP,PARENT_NIFTY_500,REMOVE,ind_prs15092023.pdf,Page 5,2) Nifty500 Shariah,ACTIVE,RAW
PEVT_00509,RAW_00509,,DELETION,TCI,,,Transport Corporation of India Ltd.,,2023-SEP,PARENT_NIFTY_500,REMOVE,ind_prs15092023.pdf,Page 5,2) Nifty500 Shariah,ACTIVE,RAW
PEVT_00510,RAW_00510,,ADDITION,ALLCARGO,,,Allcargo Logistics Ltd.,,2023-SEP,PARENT_NIFTY_500,ADD,ind_prs15092023.pdf,Page 5,2) Nifty500 Shariah,ACTIVE,RAW
PEVT_00511,RAW_00511,,ADDITION,CHAMBLFERT,,,Chambal Fertilizers & Chemicals Ltd.,,2023-SEP,PARENT_NIFTY_500,ADD,ind_prs15092023.pdf,Page 5,2) Nifty500 Shariah,ACTIVE,RAW
PEVT_00512,RAW_00512,,ADDITION,GILLETTE,,,Gillette India Ltd.,,2023-SEP,PARENT_NIFTY_500,ADD,ind_prs15092023.pdf,Page 5,2) Nifty500 Shariah,ACTIVE,RAW
PEVT_00513,RAW_00513,,ADDITION,GLS,,,Glenmark Life Sciences Ltd.,,2023-SEP,PARENT_NIFTY_500,ADD,ind_prs15092023.pdf,Page 5,2) Nifty500 Shariah,ACTIVE,RAW
PEVT_00514,RAW_00514,,ADDITION,GPIL,,,Godawari Power & Ispat Ltd.,,2023-SEP,PARENT_NIFTY_500,ADD,ind_prs15092023.pdf,Page 6,2) Nifty500 Shariah,ACTIVE,RAW
PEVT_00515,RAW_00515,,ADDITION,HEG,,,H.E.G. Ltd.,,2023-SEP,PARENT_NIFTY_500,ADD,ind_prs15092023.pdf,Page 6,2) Nifty500 Shariah,ACTIVE,RAW
PEVT_00516,RAW_00516,,ADDITION,IRCON,,,IRCON International Ltd.,,2023-SEP,PARENT_NIFTY_500,ADD,ind_prs15092023.pdf,Page 6,2) Nifty500 Shariah,ACTIVE,RAW
PEVT_00517,RAW_00517,,ADDITION,JINDALSAW,,,Jindal Saw Ltd.,,2023-SEP,PARENT_NIFTY_500,ADD,ind_prs15092023.pdf,Page 6,2) Nifty500 Shariah,ACTIVE,RAW
PEVT_00518,RAW_00518,,ADDITION,KIRLFER,,,Kirloskar Ferrous Industries Ltd.,,2023-SEP,PARENT_NIFTY_500,ADD,ind_prs15092023.pdf,Page 6,2) Nifty500 Shariah,ACTIVE,RAW
PEVT_00519,RAW_00519,,ADDITION,PGHL,,,Procter & Gamble Health Ltd.,,2023-SEP,PARENT_NIFTY_500,ADD,ind_prs15092023.pdf,Page 6,2) Nifty500 Shariah,ACTIVE,RAW
PEVT_00520,RAW_00520,,ADDITION,SAFARI,,,Safari Industries (India) Ltd.,,2023-SEP,PARENT_NIFTY_500,ADD,ind_prs15092023.pdf,Page 6,2) Nifty500 Shariah,ACTIVE,RAW
PEVT_00521,RAW_00521,,ADDITION,SYRMA,,,Syrma SGS Technology Ltd.,,2023-SEP,PARENT_NIFTY_500,ADD,ind_prs15092023.pdf,Page 6,2) Nifty500 Shariah,ACTIVE,RAW
PEVT_00522,RAW_00522,,ADDITION,USHAMART,,,Usha Martin Ltd.,,2023-SEP,PARENT_NIFTY_500,ADD,ind_prs15092023.pdf,Page 6,2) Nifty500 Shariah,ACTIVE,RAW
PEVT_00523,RAW_00523,"September 30, 2025",DELETION,ALIVUS,,,Alivus Life Sciences Ltd.,,2025-SEP,PARENT_NIFTY_500,REMOVE,ind_prs15092025.pdf,Page 5,2) Nifty500 Shariah,ACTIVE,RAW
PEVT_00524,RAW_00524,"September 30, 2025",DELETION,APOLLOHOSP,,,Apollo Hospitals Enterprise Ltd.,,2025-SEP,PARENT_NIFTY_500,REMOVE,ind_prs15092025.pdf,Page 5,2) Nifty500 Shariah,ACTIVE,RAW
PEVT_00525,RAW_00525,"September 30, 2025",DELETION,COALINDIA,,,Coal India Ltd.,,2025-SEP,PARENT_NIFTY_500,REMOVE,ind_prs15092025.pdf,Page 5,2) Nifty500 Shariah,ACTIVE,RAW
PEVT_00526,RAW_00526,"September 30, 2025",DELETION,FINPIPE,,,Finolex Industries Ltd.,,2025-SEP,PARENT_NIFTY_500,REMOVE,ind_prs15092025.pdf,Page 5,2) Nifty500 Shariah,ACTIVE,RAW
PEVT_00527,RAW_00527,"September 30, 2025",DELETION,NYKAA,,,FSN E-Commerce Ventures Ltd.,,2025-SEP,PARENT_NIFTY_500,REMOVE,ind_prs15092025.pdf,Page 5,2) Nifty500 Shariah,ACTIVE,RAW
PEVT_00528,RAW_00528,"September 30, 2025",DELETION,IOC,,,Indian Oil Corporation Ltd.,,2025-SEP,PARENT_NIFTY_500,REMOVE,ind_prs15092025.pdf,Page 5,2) Nifty500 Shariah,ACTIVE,RAW
PEVT_00529,RAW_00529,"September 30, 2025",DELETION,KANSAINER,,,Kansai Nerolac Paints Ltd.,,2025-SEP,PARENT_NIFTY_500,REMOVE,ind_prs15092025.pdf,Page 5,2) Nifty500 Shariah,ACTIVE,RAW
PEVT_00530,RAW_00530,"September 30, 2025",DELETION,MAHSEAMLES,,,Maharashtra Seamless Ltd.,,2025-SEP,PARENT_NIFTY_500,REMOVE,ind_prs15092025.pdf,Page 5,2) Nifty500 Shariah,ACTIVE,RAW
PEVT_00531,RAW_00531,"September 30, 2025",DELETION,MANKIND,,,Mankind Pharma Ltd.,,2025-SEP,PARENT_NIFTY_500,REMOVE,ind_prs15092025.pdf,Page 5,2) Nifty500 Shariah,ACTIVE,RAW
PEVT_00532,RAW_00532,"September 30, 2025",DELETION,MASTEK,,,Mastek Ltd.,,2025-SEP,PARENT_NIFTY_500,REMOVE,ind_prs15092025.pdf,Page 5,2) Nifty500 Shariah,ACTIVE,RAW
PEVT_00533,RAW_00533,"September 30, 2025",DELETION,MINDACORP,,,Minda Corporation Ltd.,,2025-SEP,PARENT_NIFTY_500,REMOVE,ind_prs15092025.pdf,Page 5,2) Nifty500 Shariah,ACTIVE,RAW
PEVT_00534,RAW_00534,"September 30, 2025",DELETION,RAYMOND,,,Raymond Ltd.,,2025-SEP,PARENT_NIFTY_500,REMOVE,ind_prs15092025.pdf,Page 5,2) Nifty500 Shariah,ACTIVE,RAW
PEVT_00535,RAW_00535,"September 30, 2025",DELETION,ROUTE,,,Route Mobile Ltd.,,2025-SEP,PARENT_NIFTY_500,REMOVE,ind_prs15092025.pdf,Page 5,2) Nifty500 Shariah,ACTIVE,RAW
PEVT_00536,RAW_00536,"September 30, 2025",DELETION,SWSOLAR,,,Sterling and Wilson Renewable Energy Ltd.,,2025-SEP,PARENT_NIFTY_500,REMOVE,ind_prs15092025.pdf,Page 5,2) Nifty500 Shariah,ACTIVE,RAW
PEVT_00537,RAW_00537,"September 30, 2025",DELETION,TANLA,,,Tanla Platforms Ltd.,,2025-SEP,PARENT_NIFTY_500,REMOVE,ind_prs15092025.pdf,Page 6,2) Nifty500 Shariah,ACTIVE,RAW
PEVT_00538,RAW_00538,"September 30, 2025",DELETION,ZFCVINDIA,,,ZF Commercial Vehicle Control Systems India Ltd.,,2025-SEP,PARENT_NIFTY_500,REMOVE,ind_prs15092025.pdf,Page 6,2) Nifty500 Shariah,ACTIVE,RAW
PEVT_00539,RAW_00539,"September 30, 2025",ADDITION,AKZOINDIA,,,Akzo Nobel India Ltd.,,2025-SEP,PARENT_NIFTY_500,ADD,ind_prs15092025.pdf,Page 6,2) Nifty500 Shariah,ACTIVE,RAW
PEVT_00540,RAW_00540,"September 30, 2025",ADDITION,BLUEJET,,,Blue Jet Healthcare Ltd.,,2025-SEP,PARENT_NIFTY_500,ADD,ind_prs15092025.pdf,Page 6,2) Nifty500 Shariah,ACTIVE,RAW
PEVT_00541,RAW_00541,"September 30, 2025",ADDITION,EMCURE,,,Emcure Pharmaceuticals Ltd.,,2025-SEP,PARENT_NIFTY_500,ADD,ind_prs15092025.pdf,Page 6,2) Nifty500 Shariah,ACTIVE,RAW
PEVT_00542,RAW_00542,"September 30, 2025",ADDITION,FORCEMOT,,,Force Motors Ltd.,,2025-SEP,PARENT_NIFTY_500,ADD,ind_prs15092025.pdf,Page 6,2) Nifty500 Shariah,ACTIVE,RAW
PEVT_00543,RAW_00543,"September 30, 2025",ADDITION,GRAVITA,,,Gravita India Ltd.,,2025-SEP,PARENT_NIFTY_500,ADD,ind_prs15092025.pdf,Page 6,2) Nifty500 Shariah,ACTIVE,RAW
PEVT_00544,RAW_00544,"September 30, 2025",ADDITION,HEXT,,,Hexaware Technologies Ltd.,,2025-SEP,PARENT_NIFTY_500,ADD,ind_prs15092025.pdf,Page 6,2) Nifty500 Shariah,ACTIVE,RAW
PEVT_00545,RAW_00545,"September 30, 2025",ADDITION,HINDALCO,,,Hindalco Industries Ltd.,,2025-SEP,PARENT_NIFTY_500,ADD,ind_prs15092025.pdf,Page 6,2) Nifty500 Shariah,ACTIVE,RAW
PEVT_00546,RAW_00546,"September 30, 2025",ADDITION,INDUSTOWER,,,Indus Towers Ltd.,,2025-SEP,PARENT_NIFTY_500,ADD,ind_prs15092025.pdf,Page 6,2) Nifty500 Shariah,ACTIVE,RAW
PEVT_00547,RAW_00547,"September 30, 2025",ADDITION,JUBLPHARMA,,,Jubilant Pharmova Ltd.,,2025-SEP,PARENT_NIFTY_500,ADD,ind_prs15092025.pdf,Page 6,2) Nifty500 Shariah,ACTIVE,RAW
PEVT_00548,RAW_00548,"September 30, 2025",ADDITION,KSB,,,KSB Ltd.,,2025-SEP,PARENT_NIFTY_500,ADD,ind_prs15092025.pdf,Page 6,2) Nifty500 Shariah,ACTIVE,RAW
PEVT_00549,RAW_00549,"September 30, 2025",ADDITION,NUVOCO,,,Nuvoco Vistas Corporation Ltd.,,2025-SEP,PARENT_NIFTY_500,ADD,ind_prs15092025.pdf,Page 6,2) Nifty500 Shariah,ACTIVE,RAW
PEVT_00550,RAW_00550,"September 30, 2025",ADDITION,PGHH,,,Procter & Gamble Hygiene & Health Care Ltd.,,2025-SEP,PARENT_NIFTY_500,ADD,ind_prs15092025.pdf,Page 6,2) Nifty500 Shariah,ACTIVE,RAW
PEVT_00551,RAW_00551,"September 30, 2025",ADDITION,SAILIFE,,,Sai Life Sciences Ltd.,,2025-SEP,PARENT_NIFTY_500,ADD,ind_prs15092025.pdf,Page 6,2) Nifty500 Shariah,ACTIVE,RAW
PEVT_00552,RAW_00552,"September 30, 2025",ADDITION,SWIGGY,,,Swiggy Ltd.,,2025-SEP,PARENT_NIFTY_500,ADD,ind_prs15092025.pdf,Page 6,2) Nifty500 Shariah,ACTIVE,RAW
PEVT_00553,RAW_00553,"September 30, 2025",ADDITION,TRIDENT,,,Trident Ltd.,,2025-SEP,PARENT_NIFTY_500,ADD,ind_prs15092025.pdf,Page 6,2) Nifty500 Shariah,ACTIVE,RAW
PEVT_00554,RAW_00554,"September 30, 2025",ADDITION,WELSPUNLIV,,,Welspun Living Ltd.,,2025-SEP,PARENT_NIFTY_500,ADD,ind_prs15092025.pdf,Page 6,2) Nifty500 Shariah,ACTIVE,RAW
PEVT_00555,RAW_00555,"September 30, 2025",DELETION,CGPOWER,,,CG Power and Industrial Solutions Ltd.,,2025-SEP,PARENT_NIFTY_500,REMOVE,ind_prs15092025.pdf,Page 6,2) Nifty500 Shariah,ACTIVE,RAW
PEVT_00556,RAW_00556,"September 30, 2025",DELETION,SRF,,,SRF Ltd.,,2025-SEP,PARENT_NIFTY_500,REMOVE,ind_prs15092025.pdf,Page 6,2) Nifty500 Shariah,ACTIVE,RAW
PEVT_00557,RAW_00557,"September 23, 2025",DELETION,PEL,,,Piramal Enterprises Ltd.,,2025-SEP,PARENT_NIFTY_500,REMOVE,ind_prs15092025_1.pdf,Page 1,1) Nifty 500,ACTIVE,RAW
PEVT_00558,RAW_00558,"September 23, 2025",DELETION,RELINFRA,,,Reliance Infrastructure Ltd.,,2025-SEP,PARENT_NIFTY_500,REMOVE,ind_prs15092025_1.pdf,Page 1,1) Nifty 500,ACTIVE,RAW
PEVT_00559,RAW_00559,,DELETION,EQUITAS,,,Equitas Holdings Ltd.,,2022-SEP,PARENT_NIFTY_500,REMOVE,ind_prs16092022.pdf,Page 1,1) Nifty 500,ACTIVE,RAW
PEVT_00560,RAW_00560,,DELETION,SHOPERSTOP,,,Shoppers Stop Ltd.,,2022-SEP,PARENT_NIFTY_500,REMOVE,ind_prs16092022.pdf,Page 1,1) Nifty 500,ACTIVE,RAW
PEVT_00561,RAW_00561,"March 31, 2023",DELETION,ABSLAMC,,,Aditya Birla Sun Life AMC Ltd.,,2023-MAR,PARENT_NIFTY_500,REMOVE,ind_prs17022023_1.pdf,Page 1,2) Nifty 500,ACTIVE,RAW
PEVT_00562,RAW_00562,"March 31, 2023",DELETION,ALOKINDS,,,Alok Industries Ltd.,,2023-MAR,PARENT_NIFTY_500,REMOVE,ind_prs17022023_1.pdf,Page 1,2) Nifty 500,ACTIVE,RAW
PEVT_00564,RAW_00564,"March 31, 2023",DELETION,BHARATRAS,,,Bharat Rasayan Ltd.,,2023-MAR,PARENT_NIFTY_500,REMOVE,ind_prs17022023_1.pdf,Page 2,2) Nifty 500,ACTIVE,RAW
PEVT_00565,RAW_00565,"March 31, 2023",DELETION,CAPLIPOINT,,,Caplin Point Laboratories Ltd.,,2023-MAR,PARENT_NIFTY_500,REMOVE,ind_prs17022023_1.pdf,Page 2,2) Nifty 500,ACTIVE,RAW
PEVT_00566,RAW_00566,"March 31, 2023",DELETION,DHANI,,,Dhani Services Ltd.,,2023-MAR,PARENT_NIFTY_500,REMOVE,ind_prs17022023_1.pdf,Page 2,2) Nifty 500,ACTIVE,RAW
PEVT_00567,RAW_00567,"March 31, 2023",DELETION,DBL,,,Dilip Buildcon Ltd.,,2023-MAR,PARENT_NIFTY_500,REMOVE,ind_prs17022023_1.pdf,Page 2,2) Nifty 500,ACTIVE,RAW
PEVT_00568,RAW_00568,"March 31, 2023",DELETION,HATSUN,,,Hatsun Agro Product Ltd.,,2023-MAR,PARENT_NIFTY_500,REMOVE,ind_prs17022023_1.pdf,Page 2,2) Nifty 500,ACTIVE,RAW
PEVT_00569,RAW_00569,"March 31, 2023",DELETION,INDOCO,,,Indoco Remedies Ltd.,,2023-MAR,PARENT_NIFTY_500,REMOVE,ind_prs17022023_1.pdf,Page 2,2) Nifty 500,ACTIVE,RAW
PEVT_00570,RAW_00570,"March 31, 2023",DELETION,MOIL,,,MOIL Ltd.,,2023-MAR,PARENT_NIFTY_500,REMOVE,ind_prs17022023_1.pdf,Page 2,2) Nifty 500,ACTIVE,RAW
PEVT_00571,RAW_00571,"March 31, 2023",DELETION,PRIVISCL,,,Privi Speciality Chemicals Ltd.,,2023-MAR,PARENT_NIFTY_500,REMOVE,ind_prs17022023_1.pdf,Page 2,2) Nifty 500,ACTIVE,RAW
PEVT_00572,RAW_00572,"March 31, 2023",DELETION,PGHL,,,Procter & Gamble Health Ltd.,,2023-MAR,PARENT_NIFTY_500,REMOVE,ind_prs17022023_1.pdf,Page 2,2) Nifty 500,ACTIVE,RAW
PEVT_00573,RAW_00573,"March 31, 2023",DELETION,SFL,,,Sheela Foam Ltd.,,2023-MAR,PARENT_NIFTY_500,REMOVE,ind_prs17022023_1.pdf,Page 2,2) Nifty 500,ACTIVE,RAW
PEVT_00574,RAW_00574,"March 31, 2023",DELETION,SHILPAMED,,,Shilpa Medicare Ltd.,,2023-MAR,PARENT_NIFTY_500,REMOVE,ind_prs17022023_1.pdf,Page 2,2) Nifty 500,ACTIVE,RAW
PEVT_00575,RAW_00575,"March 31, 2023",DELETION,SIS,,,SIS Ltd.,,2023-MAR,PARENT_NIFTY_500,REMOVE,ind_prs17022023_1.pdf,Page 2,2) Nifty 500,ACTIVE,RAW
PEVT_00576,RAW_00576,"March 31, 2023",DELETION,SUDARSCHEM,,,Sudarshan Chemical Industries Ltd.,,2023-MAR,PARENT_NIFTY_500,REMOVE,ind_prs17022023_1.pdf,Page 2,2) Nifty 500,ACTIVE,RAW
PEVT_00577,RAW_00577,"March 31, 2023",DELETION,SYMPHONY,,,Symphony Ltd.,,2023-MAR,PARENT_NIFTY_500,REMOVE,ind_prs17022023_1.pdf,Page 2,2) Nifty 500,ACTIVE,RAW
PEVT_00578,RAW_00578,"March 31, 2023",DELETION,TATACOFFEE,,,Tata Coffee Ltd.*,,2023-MAR,PARENT_NIFTY_500,REMOVE,ind_prs17022023_1.pdf,Page 2,2) Nifty 500,ACTIVE,RAW
PEVT_00579,RAW_00579,"March 31, 2023",DELETION,THYROCARE,,,Thyrocare Technologies Ltd.,,2023-MAR,PARENT_NIFTY_500,REMOVE,ind_prs17022023_1.pdf,Page 2,2) Nifty 500,ACTIVE,RAW
PEVT_00580,RAW_00580,"March 31, 2023",DELETION,WOCKPHARMA,,,Wockhardt Ltd.,,2023-MAR,PARENT_NIFTY_500,REMOVE,ind_prs17022023_1.pdf,Page 2,2) Nifty 500,ACTIVE,RAW
PEVT_00581,RAW_00581,"March 31, 2023",ADDITION,AARTIIND,,,Aarti Industries Ltd.,,2023-MAR,PARENT_NIFTY_500,ADD,ind_prs17022023_1.pdf,Page 2,2) Nifty 500,ACTIVE,RAW
PEVT_00582,RAW_00582,"March 31, 2023",ADDITION,ADANIPOWER,,,Adani Power Ltd.,,2023-MAR,PARENT_NIFTY_500,ADD,ind_prs17022023_1.pdf,Page 2,2) Nifty 500,ACTIVE,RAW
PEVT_00583,RAW_00583,"March 31, 2023",ADDITION,APARINDS,,,Apar Industries Ltd.,,2023-MAR,PARENT_NIFTY_500,ADD,ind_prs17022023_1.pdf,Page 2,2) Nifty 500,ACTIVE,RAW
PEVT_00584,RAW_00584,"March 31, 2023",ADDITION,ACI,,,Archean Chemical Industries Ltd.,,2023-MAR,PARENT_NIFTY_500,ADD,ind_prs17022023_1.pdf,Page 2,2) Nifty 500,ACTIVE,RAW
PEVT_00585,RAW_00585,"March 31, 2023",ADDITION,BIKAJI,,,Bikaji Foods International Ltd.,,2023-MAR,PARENT_NIFTY_500,ADD,ind_prs17022023_1.pdf,Page 2,2) Nifty 500,ACTIVE,RAW
PEVT_00586,RAW_00586,"March 31, 2023",ADDITION,BLS,,,BLS International Services Ltd.,,2023-MAR,PARENT_NIFTY_500,ADD,ind_prs17022023_1.pdf,Page 2,2) Nifty 500,ACTIVE,RAW
PEVT_00587,RAW_00587,"March 31, 2023",ADDITION,CRAFTSMAN,,,Craftsman Automation Ltd.,,2023-MAR,PARENT_NIFTY_500,ADD,ind_prs17022023_1.pdf,Page 2,2) Nifty 500,ACTIVE,RAW
PEVT_00588,RAW_00588,"March 31, 2023",ADDITION,DATAPATTNS,,,Data Patterns (India) Ltd.,,2023-MAR,PARENT_NIFTY_500,ADD,ind_prs17022023_1.pdf,Page 2,2) Nifty 500,ACTIVE,RAW
PEVT_00589,RAW_00589,"March 31, 2023",ADDITION,FIVESTAR,,,Five-Star Business Finance Ltd.,,2023-MAR,PARENT_NIFTY_500,ADD,ind_prs17022023_1.pdf,Page 2,2) Nifty 500,ACTIVE,RAW
PEVT_00590,RAW_00590,"March 31, 2023",ADDITION,MEDANTA,,,Global Health Ltd.,,2023-MAR,PARENT_NIFTY_500,ADD,ind_prs17022023_1.pdf,Page 2,2) Nifty 500,ACTIVE,RAW
PEVT_00591,RAW_00591,"March 31, 2023",ADDITION,INGERRAND,,,Ingersoll Rand (India) Ltd.,,2023-MAR,PARENT_NIFTY_500,ADD,ind_prs17022023_1.pdf,Page 2,2) Nifty 500,ACTIVE,RAW
PEVT_00592,RAW_00592,"March 31, 2023",ADDITION,JINDWORLD,,,Jindal Worldwide Ltd.,,2023-MAR,PARENT_NIFTY_500,ADD,ind_prs17022023_1.pdf,Page 2,2) Nifty 500,ACTIVE,RAW
PEVT_00593,RAW_00593,"March 31, 2023",ADDITION,KENNAMET,,,Kennametal India Ltd.,,2023-MAR,PARENT_NIFTY_500,ADD,ind_prs17022023_1.pdf,Page 2,2) Nifty 500,ACTIVE,RAW
PEVT_00594,RAW_00594,"March 31, 2023",ADDITION,RUSTOMJEE,,,Keystone Realtors Ltd.,,2023-MAR,PARENT_NIFTY_500,ADD,ind_prs17022023_1.pdf,Page 2,2) Nifty 500,ACTIVE,RAW
PEVT_00595,RAW_00595,"March 31, 2023",ADDITION,KFINTECH,,,KFin Technologies Ltd.,,2023-MAR,PARENT_NIFTY_500,ADD,ind_prs17022023_1.pdf,Page 3,2) Nifty 500,ACTIVE,RAW
PEVT_00596,RAW_00596,"March 31, 2023",ADDITION,KSB,,,KSB Ltd.,,2023-MAR,PARENT_NIFTY_500,ADD,ind_prs17022023_1.pdf,Page 3,2) Nifty 500,ACTIVE,RAW
PEVT_00597,RAW_00597,"March 31, 2023",ADDITION,MFL,,,Meghmani Finechem Ltd.,,2023-MAR,PARENT_NIFTY_500,ADD,ind_prs17022023_1.pdf,Page 3,2) Nifty 500,ACTIVE,RAW
PEVT_00598,RAW_00598,"March 31, 2023",ADDITION,NMDC,,,NMDC Ltd.,,2023-MAR,PARENT_NIFTY_500,ADD,ind_prs17022023_1.pdf,Page 3,2) Nifty 500,ACTIVE,RAW
PEVT_00599,RAW_00599,"March 31, 2023",ADDITION,PEL,,,Piramal Enterprises Ltd.,,2023-MAR,PARENT_NIFTY_500,ADD,ind_prs17022023_1.pdf,Page 3,2) Nifty 500,ACTIVE,RAW
PEVT_00600,RAW_00600,"March 31, 2023",ADDITION,TMB,,,Tamilnad Mercantile Bank Ltd.,,2023-MAR,PARENT_NIFTY_500,ADD,ind_prs17022023_1.pdf,Page 3,2) Nifty 500,ACTIVE,RAW
PEVT_00601,RAW_00601,"March 21, 2025",DELETION,ISEC,,,ICICI Securities Ltd.,,2025-MAR,PARENT_NIFTY_500,REMOVE,ind_prs17032025.pdf,Page 1,1) Nifty 500,ACTIVE,RAW
PEVT_00602,RAW_00602,"March 21, 2025",DELETION,RAYMONDLSL,,,Raymond Lifestyle Ltd.,,2025-MAR,PARENT_NIFTY_500,REMOVE,ind_prs17032025.pdf,Page 1,1) Nifty 500,ACTIVE,RAW
PEVT_00603,RAW_00603,"July 31, 2026",DELETION,ATGL,,,Adani Total Gas Ltd.,,2026-JUL,PARENT_NIFTY_500,REMOVE,ind_prs17072026_1.pdf,Page 1,1) Nifty500 Shariah,ACTIVE,RAW
PEVT_00604,RAW_00604,"July 31, 2026",DELETION,ELECON,,,Elecon Engineering Co. Ltd.,,2026-JUL,PARENT_NIFTY_500,REMOVE,ind_prs17072026_1.pdf,Page 1,1) Nifty500 Shariah,ACTIVE,RAW
PEVT_00605,RAW_00605,"July 31, 2026",DELETION,TORNTPHARM,,,Torrent Pharmaceuticals Ltd.,,2026-JUL,PARENT_NIFTY_500,REMOVE,ind_prs17072026_1.pdf,Page 1,1) Nifty500 Shariah,ACTIVE,RAW
PEVT_00606,RAW_00606,"July 31, 2026",ADDITION,ACC,,,ACC Ltd.,,2026-JUL,PARENT_NIFTY_500,ADD,ind_prs17072026_1.pdf,Page 2,1) Nifty500 Shariah,ACTIVE,RAW
PEVT_00607,RAW_00607,"July 31, 2026",ADDITION,AMBUJACEM,,,Ambuja Cements Ltd.,,2026-JUL,PARENT_NIFTY_500,ADD,ind_prs17072026_1.pdf,Page 2,1) Nifty500 Shariah,ACTIVE,RAW
PEVT_00608,RAW_00608,"July 31, 2026",ADDITION,HINDZINC,,,Hindustan Zinc Ltd.,,2026-JUL,PARENT_NIFTY_500,ADD,ind_prs17072026_1.pdf,Page 2,1) Nifty500 Shariah,ACTIVE,RAW
PEVT_00609,RAW_00609,"July 31, 2026",ADDITION,LAURUSLABS,,,Laurus Labs Ltd.,,2026-JUL,PARENT_NIFTY_500,ADD,ind_prs17072026_1.pdf,Page 2,1) Nifty500 Shariah,ACTIVE,RAW
PEVT_00610,RAW_00610,"July 31, 2026",ADDITION,TMCV,,,Tata Motors Ltd.,,2026-JUL,PARENT_NIFTY_500,ADD,ind_prs17072026_1.pdf,Page 2,1) Nifty500 Shariah,ACTIVE,RAW
PEVT_00611,RAW_00611,"September 29, 2023",DELETION,BASF,,,BASF India Ltd.,,2023-SEP,PARENT_NIFTY_500,REMOVE,ind_prs17082023.pdf,Page 2,b) Nifty 500,ACTIVE,RAW
PEVT_00612,RAW_00612,"September 29, 2023",DELETION,GARFIBRES,,,Garware Technical Fibres Ltd.,,2023-SEP,PARENT_NIFTY_500,REMOVE,ind_prs17082023.pdf,Page 2,b) Nifty 500,ACTIVE,RAW
PEVT_00613,RAW_00613,"September 29, 2023",DELETION,GODREJAGRO,,,Godrej Agrovet Ltd.,,2023-SEP,PARENT_NIFTY_500,REMOVE,ind_prs17082023.pdf,Page 2,b) Nifty 500,ACTIVE,RAW
PEVT_00614,RAW_00614,"September 29, 2023",DELETION,GREENPANEL,,,Greenpanel Industries Ltd.,,2023-SEP,PARENT_NIFTY_500,REMOVE,ind_prs17082023.pdf,Page 2,b) Nifty 500,ACTIVE,RAW
PEVT_00615,RAW_00615,"September 29, 2023",DELETION,HIKAL,,,Hikal Ltd.,,2023-SEP,PARENT_NIFTY_500,REMOVE,ind_prs17082023.pdf,Page 2,b) Nifty 500,ACTIVE,RAW
PEVT_00616,RAW_00616,"September 29, 2023",DELETION,HGS,,,Hinduja Global Solutions Ltd.,,2023-SEP,PARENT_NIFTY_500,REMOVE,ind_prs17082023.pdf,Page 2,b) Nifty 500,ACTIVE,RAW
PEVT_00617,RAW_00617,"September 29, 2023",DELETION,IFBIND,,,IFB Industries Ltd.,,2023-SEP,PARENT_NIFTY_500,REMOVE,ind_prs17082023.pdf,Page 2,b) Nifty 500,ACTIVE,RAW
PEVT_00618,RAW_00618,"September 29, 2023",DELETION,IBREALEST,,,Indiabulls Real Estate Ltd.,,2023-SEP,PARENT_NIFTY_500,REMOVE,ind_prs17082023.pdf,Page 2,b) Nifty 500,ACTIVE,RAW
PEVT_00619,RAW_00619,"September 29, 2023",DELETION,JINDWORLD,,,Jindal Worldwide Ltd.,,2023-SEP,PARENT_NIFTY_500,REMOVE,ind_prs17082023.pdf,Page 2,b) Nifty 500,ACTIVE,RAW
PEVT_00620,RAW_00620,"September 29, 2023",DELETION,KENNAMET,,,Kennametal India Ltd.,,2023-SEP,PARENT_NIFTY_500,REMOVE,ind_prs17082023.pdf,Page 2,b) Nifty 500,ACTIVE,RAW
PEVT_00621,RAW_00621,"September 29, 2023",DELETION,RUSTOMJEE,,,Keystone Realtors Ltd.,,2023-SEP,PARENT_NIFTY_500,REMOVE,ind_prs17082023.pdf,Page 2,b) Nifty 500,ACTIVE,RAW
PEVT_00622,RAW_00622,"September 29, 2023",DELETION,MAHLOG,,,Mahindra Logistics Ltd.,,2023-SEP,PARENT_NIFTY_500,REMOVE,ind_prs17082023.pdf,Page 2,b) Nifty 500,ACTIVE,RAW
PEVT_00623,RAW_00623,"September 29, 2023",DELETION,NOCIL,,,NOCIL Ltd.,,2023-SEP,PARENT_NIFTY_500,REMOVE,ind_prs17082023.pdf,Page 2,b) Nifty 500,ACTIVE,RAW
PEVT_00624,RAW_00624,"September 29, 2023",DELETION,TMB,,,Tamilnad Mercantile Bank Ltd.,,2023-SEP,PARENT_NIFTY_500,REMOVE,ind_prs17082023.pdf,Page 2,b) Nifty 500,ACTIVE,RAW
PEVT_00625,RAW_00625,"September 29, 2023",DELETION,TCIEXP,,,TCI Express Ltd.,,2023-SEP,PARENT_NIFTY_500,REMOVE,ind_prs17082023.pdf,Page 2,b) Nifty 500,ACTIVE,RAW
PEVT_00626,RAW_00626,"September 29, 2023",DELETION,TCNSBRANDS,,,TCNS Clothing Co. Ltd.,,2023-SEP,PARENT_NIFTY_500,REMOVE,ind_prs17082023.pdf,Page 2,b) Nifty 500,ACTIVE,RAW
PEVT_00627,RAW_00627,"September 29, 2023",DELETION,TCI,,,Transport Corporation of India Ltd.,,2023-SEP,PARENT_NIFTY_500,REMOVE,ind_prs17082023.pdf,Page 2,b) Nifty 500,ACTIVE,RAW
PEVT_00628,RAW_00628,"September 29, 2023",DELETION,UFLEX,,,UFLEX Ltd.,,2023-SEP,PARENT_NIFTY_500,REMOVE,ind_prs17082023.pdf,Page 2,b) Nifty 500,ACTIVE,RAW
PEVT_00629,RAW_00629,"September 29, 2023",ADDITION,ALLCARGO,,,Allcargo Logistics Ltd.,,2023-SEP,PARENT_NIFTY_500,ADD,ind_prs17082023.pdf,Page 2,b) Nifty 500,ACTIVE,RAW
PEVT_00630,RAW_00630,"September 29, 2023",ADDITION,ALOKINDS,,,Alok Industries Ltd.,,2023-SEP,PARENT_NIFTY_500,ADD,ind_prs17082023.pdf,Page 2,b) Nifty 500,ACTIVE,RAW
PEVT_00631,RAW_00631,"September 29, 2023",ADDITION,GILLETTE,,,Gillette India Ltd.,,2023-SEP,PARENT_NIFTY_500,ADD,ind_prs17082023.pdf,Page 2,b) Nifty 500,ACTIVE,RAW
PEVT_00632,RAW_00632,"September 29, 2023",ADDITION,GLS,,,Glenmark Life Sciences Ltd.,,2023-SEP,PARENT_NIFTY_500,ADD,ind_prs17082023.pdf,Page 2,b) Nifty 500,ACTIVE,RAW
PEVT_00633,RAW_00633,"September 29, 2023",ADDITION,GPIL,,,Godawari Power & Ispat Ltd.,,2023-SEP,PARENT_NIFTY_500,ADD,ind_prs17082023.pdf,Page 2,b) Nifty 500,ACTIVE,RAW
PEVT_00634,RAW_00634,"September 29, 2023",ADDITION,IRCON,,,IRCON International Ltd.,,2023-SEP,PARENT_NIFTY_500,ADD,ind_prs17082023.pdf,Page 2,b) Nifty 500,ACTIVE,RAW
PEVT_00635,RAW_00635,"September 29, 2023",ADDITION,JINDALSAW,,,Jindal Saw Ltd.,,2023-SEP,PARENT_NIFTY_500,ADD,ind_prs17082023.pdf,Page 2,b) Nifty 500,ACTIVE,RAW
PEVT_00636,RAW_00636,"September 29, 2023",ADDITION,KAYNES,,,Kaynes Technology India Ltd.,,2023-SEP,PARENT_NIFTY_500,ADD,ind_prs17082023.pdf,Page 2,b) Nifty 500,ACTIVE,RAW
PEVT_00637,RAW_00637,"September 29, 2023",ADDITION,KIRLFER,,,Kirloskar Ferrous Industries Ltd.,,2023-SEP,PARENT_NIFTY_500,ADD,ind_prs17082023.pdf,Page 2,b) Nifty 500,ACTIVE,RAW
PEVT_00638,RAW_00638,"September 29, 2023",ADDITION,MINDACORP,,,Minda Corporation Ltd.,,2023-SEP,PARENT_NIFTY_500,ADD,ind_prs17082023.pdf,Page 2,b) Nifty 500,ACTIVE,RAW
PEVT_00639,RAW_00639,"September 29, 2023",ADDITION,PGHL,,,Procter & Gamble Health Ltd.,,2023-SEP,PARENT_NIFTY_500,ADD,ind_prs17082023.pdf,Page 2,b) Nifty 500,ACTIVE,RAW
PEVT_00640,RAW_00640,"September 29, 2023",ADDITION,SAFARI,,,Safari Industries (India) Ltd.,,2023-SEP,PARENT_NIFTY_500,ADD,ind_prs17082023.pdf,Page 3,b) Nifty 500,ACTIVE,RAW
PEVT_00641,RAW_00641,"September 29, 2023",ADDITION,SAREGAMA,,,Saregama India Ltd,,2023-SEP,PARENT_NIFTY_500,ADD,ind_prs17082023.pdf,Page 3,b) Nifty 500,ACTIVE,RAW
PEVT_00642,RAW_00642,"September 29, 2023",ADDITION,SFL,,,Sheela Foam Ltd.,,2023-SEP,PARENT_NIFTY_500,ADD,ind_prs17082023.pdf,Page 3,b) Nifty 500,ACTIVE,RAW
PEVT_00643,RAW_00643,"September 29, 2023",ADDITION,SYMPHONY,,,Symphony Ltd.,,2023-SEP,PARENT_NIFTY_500,ADD,ind_prs17082023.pdf,Page 3,b) Nifty 500,ACTIVE,RAW
PEVT_00644,RAW_00644,"September 29, 2023",ADDITION,SYRMA,,,Syrma SGS Technology Ltd.,,2023-SEP,PARENT_NIFTY_500,ADD,ind_prs17082023.pdf,Page 3,b) Nifty 500,ACTIVE,RAW
PEVT_00645,RAW_00645,"September 29, 2023",ADDITION,UJJIVANSFB,,,Ujjivan Small Finance Bank Ltd.,,2023-SEP,PARENT_NIFTY_500,ADD,ind_prs17082023.pdf,Page 3,b) Nifty 500,ACTIVE,RAW
PEVT_00646,RAW_00646,"September 29, 2023",ADDITION,USHAMART,,,Usha Martin Ltd.,,2023-SEP,PARENT_NIFTY_500,ADD,ind_prs17082023.pdf,Page 3,b) Nifty 500,ACTIVE,RAW
PEVT_00647,RAW_00647,"September 27, 2019",DELETION,THOMASCOOK,,,Thomas Cook (India) Ltd.,,2019-SEP,PARENT_NIFTY_500,REMOVE,ind_prs17092019.pdf,Page 1,1) NIFTY 500,ACTIVE,RAW
PEVT_00648,RAW_00648,"September 27, 2019",DELETION,IIFL,,,IIFL Finance Ltd.,,2019-SEP,PARENT_NIFTY_500,REMOVE,ind_prs17092019.pdf,Page 1,1) NIFTY 500,ACTIVE,RAW
PEVT_00649,RAW_00649,"October 26, 2023",DELETION,KIRLFER,,,Kirloskar Ferrous Industries Ltd.,,2023-SEP,PARENT_NIFTY_500,REMOVE,ind_prs17102023.pdf,Page 1,1) Nifty 500,ACTIVE,RAW
PEVT_00650,RAW_00650,"October 26, 2023",DELETION,CONCORDBIO,,,Concord Biotech Ltd.,,2023-SEP,PARENT_NIFTY_500,REMOVE,ind_prs17102023.pdf,Page 1,1) Nifty 500,ACTIVE,RAW
PEVT_00651,RAW_00651,"October 31, 2025",DELETION,CENTURYPLY,,,Century Plyboards (India) Ltd.,,2025-SEP,PARENT_NIFTY_500,REMOVE,ind_prs17102025.pdf,Page 2,1) Nifty500 Shariah,ACTIVE,RAW
PEVT_00652,RAW_00652,"October 31, 2025",DELETION,HONASA,,,Honasa Consumer Ltd.,,2025-SEP,PARENT_NIFTY_500,REMOVE,ind_prs17102025.pdf,Page 2,1) Nifty500 Shariah,ACTIVE,RAW
PEVT_00653,RAW_00653,"October 31, 2025",DELETION,NATCOPHARM,,,NATCO Pharma Ltd.,,2025-SEP,PARENT_NIFTY_500,REMOVE,ind_prs17102025.pdf,Page 2,1) Nifty500 Shariah,ACTIVE,RAW
PEVT_00654,RAW_00654,"October 31, 2025",DELETION,OIL,,,Oil India Ltd.,,2025-SEP,PARENT_NIFTY_500,REMOVE,ind_prs17102025.pdf,Page 2,1) Nifty500 Shariah,ACTIVE,RAW
PEVT_00655,RAW_00655,"October 31, 2025",DELETION,POLYMED,,,Poly Medicure Ltd.,,2025-SEP,PARENT_NIFTY_500,REMOVE,ind_prs17102025.pdf,Page 2,1) Nifty500 Shariah,ACTIVE,RAW
PEVT_00656,RAW_00656,"October 31, 2025",DELETION,RKFORGE,,,Ramkrishna Forgings Ltd.,,2025-SEP,PARENT_NIFTY_500,REMOVE,ind_prs17102025.pdf,Page 2,1) Nifty500 Shariah,ACTIVE,RAW
PEVT_00657,RAW_00657,"October 31, 2025",DELETION,WAAREEENER,,,Waaree Energies Ltd.,,2025-SEP,PARENT_NIFTY_500,REMOVE,ind_prs17102025.pdf,Page 2,1) Nifty500 Shariah,ACTIVE,RAW
PEVT_00658,RAW_00658,"October 31, 2025",ADDITION,ABFRL,,,Aditya Birla Fashion and Retail Ltd.,,2025-SEP,PARENT_NIFTY_500,ADD,ind_prs17102025.pdf,Page 2,1) Nifty500 Shariah,ACTIVE,RAW
PEVT_00659,RAW_00659,"October 31, 2025",ADDITION,ABLBL,,,Aditya Birla Lifestyle Brands Ltd.,,2025-SEP,PARENT_NIFTY_500,ADD,ind_prs17102025.pdf,Page 2,1) Nifty500 Shariah,ACTIVE,RAW
PEVT_00660,RAW_00660,"October 31, 2025",ADDITION,COHANCE,,,Cohance Lifesciences Ltd.,,2025-SEP,PARENT_NIFTY_500,ADD,ind_prs17102025.pdf,Page 2,1) Nifty500 Shariah,ACTIVE,RAW
PEVT_00661,RAW_00661,"October 31, 2025",ADDITION,INOXWIND,,,Inox Wind Ltd.,,2025-SEP,PARENT_NIFTY_500,ADD,ind_prs17102025.pdf,Page 2,1) Nifty500 Shariah,ACTIVE,RAW
PEVT_00662,RAW_00662,"October 31, 2025",ADDITION,NBCC,,,NBCC (India) Ltd.,,2025-SEP,PARENT_NIFTY_500,ADD,ind_prs17102025.pdf,Page 2,1) Nifty500 Shariah,ACTIVE,RAW
PEVT_00663,RAW_00663,"October 31, 2025",ADDITION,RELINFRA,,,Reliance Infrastructure Ltd.,,2025-SEP,PARENT_NIFTY_500,ADD,ind_prs17102025.pdf,Page 2,1) Nifty500 Shariah,ACTIVE,RAW
PEVT_00664,RAW_00664,"October 31, 2025",ADDITION,SWANCORP,,,Swan Corp Ltd.,,2025-SEP,PARENT_NIFTY_500,ADD,ind_prs17102025.pdf,Page 2,1) Nifty500 Shariah,ACTIVE,RAW
PEVT_00665,RAW_00665,"November 28, 2025",DELETION,VBL,,,Varun Beverages Ltd.,,2025-NOV,PARENT_NIFTY_500,REMOVE,ind_prs17112025_1.pdf,Page 2,1) Nifty500 Shariah,ACTIVE,RAW
PEVT_00666,RAW_00666,"November 28, 2025",DELETION,RCF,,,Rashtriya Chemicals & Fertilizers Ltd.,,2025-NOV,PARENT_NIFTY_500,REMOVE,ind_prs17112025_1.pdf,Page 2,1) Nifty500 Shariah,ACTIVE,RAW
PEVT_00667,RAW_00667,"February 28, 2025",DELETION,RAJESHEXPO,,,Rajesh Exports Ltd.,,2025-MAR,PARENT_NIFTY_500,REMOVE,ind_prs18022025.pdf,Page 1,1) Nifty500 Shariah,ACTIVE,RAW
PEVT_00668,RAW_00668,"February 28, 2025",DELETION,SIEMENS,,,Siemens Ltd.,,2025-MAR,PARENT_NIFTY_500,REMOVE,ind_prs18022025.pdf,Page 1,1) Nifty500 Shariah,ACTIVE,RAW
PEVT_00669,RAW_00669,"February 28, 2025",DELETION,MANKIND,,,Mankind Pharma Ltd.,,2025-MAR,PARENT_NIFTY_500,REMOVE,ind_prs18022025.pdf,Page 1,1) Nifty500 Shariah,ACTIVE,RAW
PEVT_00670,RAW_00670,"February 28, 2025",DELETION,DIXON,,,Dixon Technologies (India) Ltd.,,2025-MAR,PARENT_NIFTY_500,REMOVE,ind_prs18022025.pdf,Page 1,1) Nifty500 Shariah,ACTIVE,RAW
PEVT_00671,RAW_00671,"November 25, 2020",DELETION,INFIBEAM,,,Infibeam Avenues Ltd.,,2020-NOV,PARENT_NIFTY_500,REMOVE,ind_prs18112020.pdf,Page 1,1) NIFTY 500,ACTIVE,RAW
PEVT_00672,RAW_00672,"November 25, 2020",DELETION,MAHINDCIE,,,Mahindra CIE Automotive Ltd.,,2020-NOV,PARENT_NIFTY_500,REMOVE,ind_prs18112020.pdf,Page 1,1) NIFTY 500,ACTIVE,RAW
PEVT_00673,RAW_00673,"December 26, 2019",DELETION,CGPOWER,,,CG Power and Industrial Solutions Ltd.,,2019-DEC,PARENT_NIFTY_500,REMOVE,ind_prs18122019.pdf,Page 1,1) NIFTY 500,ACTIVE,RAW
PEVT_00674,RAW_00674,"December 26, 2019",DELETION,COFFEEDAY,,,Coffee Day Enterprises Ltd.,,2019-DEC,PARENT_NIFTY_500,REMOVE,ind_prs18122019.pdf,Page 1,1) NIFTY 500,ACTIVE,RAW
PEVT_00675,RAW_00675,"December 26, 2019",DELETION,COX&KINGS,,,Cox & Kings Ltd.,,2019-DEC,PARENT_NIFTY_500,REMOVE,ind_prs18122019.pdf,Page 1,1) NIFTY 500,ACTIVE,RAW
PEVT_00676,RAW_00676,"December 26, 2019",ADDITION,AFFLE,,,Affle (India) Ltd.,,2019-DEC,PARENT_NIFTY_500,ADD,ind_prs18122019.pdf,Page 1,1) NIFTY 500,ACTIVE,RAW
PEVT_00677,RAW_00677,"December 26, 2019",ADDITION,MIDHANI,,,Mishra Dhatu Nigam Ltd.,,2019-DEC,PARENT_NIFTY_500,ADD,ind_prs18122019.pdf,Page 1,1) NIFTY 500,ACTIVE,RAW
PEVT_00678,RAW_00678,"December 26, 2019",ADDITION,RESPONIND,,,Responsive Industries Ltd.,,2019-DEC,PARENT_NIFTY_500,ADD,ind_prs18122019.pdf,Page 1,1) NIFTY 500,ACTIVE,RAW
PEVT_00679,RAW_00679,"January 31, 2024",ADDITION,JUBLPHARMA,,,Jubilant Pharmova Ltd.,,2024-JAN,PARENT_NIFTY_500,ADD,ind_prs19012024.pdf,Page 1,Nifty500 Shariah,ACTIVE,RAW
PEVT_00680,RAW_00680,"January 31, 2024",ADDITION,RCF,,,Rashtriya Chemicals & Fertilizers Ltd.,,2024-JAN,PARENT_NIFTY_500,ADD,ind_prs19012024.pdf,Page 1,Nifty500 Shariah,ACTIVE,RAW
PEVT_00681,RAW_00681,"March 28, 2024",ADDITION,"INDIAN RENEWABLE ENERGY DEV.
AGENCY LTD.",,,Nifty 500,,2024-MAR,PARENT_NIFTY_500,ADD,ind_prs19032024.pdf,Page 1,"Development Agency Ltd. (IREDA) in Nifty 500, Nifty Midcap 150, Nifty Midcap 100, Nifty 200,",ACTIVE,RAW
PEVT_00682,RAW_00682,"March 28, 2024",ADDITION,BSE LTD.*,,,Nifty Smallcap 250,,2024-MAR,PARENT_NIFTY_500,ADD,ind_prs19032024.pdf,Page 1,"Development Agency Ltd. (IREDA) in Nifty 500, Nifty Midcap 150, Nifty Midcap 100, Nifty 200,",ACTIVE,RAW
PEVT_00683,RAW_00683,,DELETION,BAJAJELEC,,,Bajaj Electricals Ltd.,,2023-MAR,PARENT_NIFTY_500,REMOVE,ind_prs19042023_1.pdf,Page 2,1) Nifty 500,ACTIVE,RAW
PEVT_00684,RAW_00684,,DELETION,EDELWEISS,,,Edelweiss Financial Services Ltd.,,2023-MAR,PARENT_NIFTY_500,REMOVE,ind_prs19042023_1.pdf,Page 2,1) Nifty 500,ACTIVE,RAW
PEVT_00685,RAW_00685,,DELETION,ERIS,,,Eris Lifesciences Ltd.,,2023-MAR,PARENT_NIFTY_500,REMOVE,ind_prs19042023_1.pdf,Page 2,1) Nifty 500,ACTIVE,RAW
PEVT_00686,RAW_00686,,DELETION,NSLNISP,,,NMDC Steel Ltd.,,2023-MAR,PARENT_NIFTY_500,REMOVE,ind_prs19042023_1.pdf,Page 2,1) Nifty 500,ACTIVE,RAW
PEVT_00687,RAW_00687,"December 27, 2019",DELETION,DEN,,,Den Networks Ltd.,,2019-DEC,PARENT_NIFTY_500,REMOVE,ind_prs19122019.pdf,Page 1,1) NIFTY 500,ACTIVE,RAW
PEVT_00688,RAW_00688,"December 27, 2019",DELETION,HATHWAY,,,Hathway Cable & Datacom Ltd.,,2019-DEC,PARENT_NIFTY_500,REMOVE,ind_prs19122019.pdf,Page 1,1) NIFTY 500,ACTIVE,RAW
PEVT_00689,RAW_00689,"December 27, 2019",DELETION,KENNAMET,,,Kennametal India Ltd.,,2019-DEC,PARENT_NIFTY_500,REMOVE,ind_prs19122019.pdf,Page 1,1) NIFTY 500,ACTIVE,RAW
PEVT_00690,RAW_00690,"December 27, 2019",DELETION,TASTYBITE,,,Tasty Bite Eatables Ltd.,,2019-DEC,PARENT_NIFTY_500,REMOVE,ind_prs19122019.pdf,Page 1,1) NIFTY 500,ACTIVE,RAW
PEVT_00691,RAW_00691,"February 27, 2026",ADDITION,ENRIN,,,Siemens Energy India Ltd.,,2026-MAR,PARENT_NIFTY_500,ADD,ind_prs20022026_2.pdf,Page 1,1) Nifty500 Shariah,ACTIVE,RAW
PEVT_00692,RAW_00692,"May 29, 2026",ADDITION,CIEINDIA,,,CIE Automotive India Ltd.,,2026-MAY,PARENT_NIFTY_500,ADD,ind_prs20052026_1.pdf,Page 1,1) Nifty500 Shariah,ACTIVE,RAW
PEVT_00693,RAW_00693,,DELETION,AFFLE,,,Affle (India) Ltd.,,2022-SEP,PARENT_NIFTY_500,REMOVE,ind_prs20102022_1.pdf,Page 1,1) Nifty500 Shariah,ACTIVE,RAW
PEVT_00694,RAW_00694,,DELETION,CAPLIPOINT,,,Caplin Point Laboratories Ltd.,,2022-SEP,PARENT_NIFTY_500,REMOVE,ind_prs20102022_1.pdf,Page 1,1) Nifty500 Shariah,ACTIVE,RAW
PEVT_00695,RAW_00695,,DELETION,VARROC,,,Varroc Engineering Ltd.,,2022-SEP,PARENT_NIFTY_500,REMOVE,ind_prs20102022_1.pdf,Page 1,1) Nifty500 Shariah,ACTIVE,RAW
PEVT_00696,RAW_00696,,ADDITION,ECLERX,,,eClerx Services Ltd.,,2022-SEP,PARENT_NIFTY_500,ADD,ind_prs20102022_1.pdf,Page 1,1) Nifty500 Shariah,ACTIVE,RAW
PEVT_00697,RAW_00697,,ADDITION,ENGINERSIN,,,Engineers India Ltd.,,2022-SEP,PARENT_NIFTY_500,ADD,ind_prs20102022_1.pdf,Page 1,1) Nifty500 Shariah,ACTIVE,RAW
PEVT_00698,RAW_00698,,ADDITION,FINCABLES,,,Finolex Cables Ltd.,,2022-SEP,PARENT_NIFTY_500,ADD,ind_prs20102022_1.pdf,Page 1,1) Nifty500 Shariah,ACTIVE,RAW
PEVT_00699,RAW_00699,,ADDITION,FLUOROCHEM,,,Gujarat Fluorochemicals Ltd.,,2022-SEP,PARENT_NIFTY_500,ADD,ind_prs20102022_1.pdf,Page 1,1) Nifty500 Shariah,ACTIVE,RAW
PEVT_00700,RAW_00700,,ADDITION,HINDCOPPER,,,Hindustan Copper Ltd.,,2022-SEP,PARENT_NIFTY_500,ADD,ind_prs20102022_1.pdf,Page 1,1) Nifty500 Shariah,ACTIVE,RAW
PEVT_00701,RAW_00701,,ADDITION,IGL,,,Indraprastha Gas Ltd.,,2022-SEP,PARENT_NIFTY_500,ADD,ind_prs20102022_1.pdf,Page 1,1) Nifty500 Shariah,ACTIVE,RAW
PEVT_00702,RAW_00702,,ADDITION,JSL,,,Jindal Stainless Ltd.,,2022-SEP,PARENT_NIFTY_500,ADD,ind_prs20102022_1.pdf,Page 1,1) Nifty500 Shariah,ACTIVE,RAW
PEVT_00703,RAW_00703,,ADDITION,JINDALSTEL,,,Jindal Steel & Power Ltd.,,2022-SEP,PARENT_NIFTY_500,ADD,ind_prs20102022_1.pdf,Page 1,1) Nifty500 Shariah,ACTIVE,RAW
PEVT_00704,RAW_00704,,ADDITION,NATCOPHARM,,,NATCO Pharma Ltd.,,2022-SEP,PARENT_NIFTY_500,ADD,ind_prs20102022_1.pdf,Page 1,1) Nifty500 Shariah,ACTIVE,RAW
PEVT_00705,RAW_00705,,ADDITION,OIL,,,Oil India Ltd.,,2022-SEP,PARENT_NIFTY_500,ADD,ind_prs20102022_1.pdf,Page 1,1) Nifty500 Shariah,ACTIVE,RAW
PEVT_00706,RAW_00706,,ADDITION,OLECTRA,,,Olectra Greentech Ltd.,,2022-SEP,PARENT_NIFTY_500,ADD,ind_prs20102022_1.pdf,Page 1,1) Nifty500 Shariah,ACTIVE,RAW
PEVT_00707,RAW_00707,,ADDITION,POLYMED,,,Poly Medicure Ltd.,,2022-SEP,PARENT_NIFTY_500,ADD,ind_prs20102022_1.pdf,Page 1,1) Nifty500 Shariah,ACTIVE,RAW
PEVT_00708,RAW_00708,,ADDITION,RAJESHEXPO,,,Rajesh Exports Ltd.,,2022-SEP,PARENT_NIFTY_500,ADD,ind_prs20102022_1.pdf,Page 2,1) Nifty500 Shariah,ACTIVE,RAW
PEVT_00709,RAW_00709,,ADDITION,SCI,,,Shipping Corporation of India Ltd.,,2022-SEP,PARENT_NIFTY_500,ADD,ind_prs20102022_1.pdf,Page 2,1) Nifty500 Shariah,ACTIVE,RAW
PEVT_00710,RAW_00710,,ADDITION,SAIL,,,Steel Authority of India Ltd.,,2022-SEP,PARENT_NIFTY_500,ADD,ind_prs20102022_1.pdf,Page 2,1) Nifty500 Shariah,ACTIVE,RAW
PEVT_00711,RAW_00711,,ADDITION,SWSOLAR,,,Sterling and Wilson Renewable Energy Ltd.,,2022-SEP,PARENT_NIFTY_500,ADD,ind_prs20102022_1.pdf,Page 2,1) Nifty500 Shariah,ACTIVE,RAW
PEVT_00712,RAW_00712,,ADDITION,PPLPHARMA,,,Piramal Pharma Ltd.,,2023-MAR,PARENT_NIFTY_500,ADD,ind_prs21022023.pdf,Page 1,1) Nifty500 Shariah,ACTIVE,RAW
PEVT_00713,RAW_00713,"March 28, 2025",DELETION,ACI,,,Archean Chemical Industries Ltd.,,2025-MAR,PARENT_NIFTY_500,REMOVE,ind_prs21022025.pdf,Page 2,b) Nifty 500,ACTIVE,RAW
PEVT_00714,RAW_00714,"March 28, 2025",DELETION,AVANTIFEED,,,Avanti Feeds Ltd.,,2025-MAR,PARENT_NIFTY_500,REMOVE,ind_prs21022025.pdf,Page 2,b) Nifty 500,ACTIVE,RAW
PEVT_00715,RAW_00715,"March 28, 2025",DELETION,BALAMINES,,,Balaji Amines Ltd.,,2025-MAR,PARENT_NIFTY_500,REMOVE,ind_prs21022025.pdf,Page 2,b) Nifty 500,ACTIVE,RAW
PEVT_00716,RAW_00716,"March 28, 2025",DELETION,BIRLACORPN,,,Birla Corporation Ltd.,,2025-MAR,PARENT_NIFTY_500,REMOVE,ind_prs21022025.pdf,Page 2,b) Nifty 500,ACTIVE,RAW
PEVT_00717,RAW_00717,"March 28, 2025",DELETION,CELLO,,,Cello World Ltd.,,2025-MAR,PARENT_NIFTY_500,REMOVE,ind_prs21022025.pdf,Page 2,b) Nifty 500,ACTIVE,RAW
PEVT_00718,RAW_00718,"March 28, 2025",DELETION,CHEMPLASTS,,,Chemplast Sanmar Ltd.,,2025-MAR,PARENT_NIFTY_500,REMOVE,ind_prs21022025.pdf,Page 2,b) Nifty 500,ACTIVE,RAW
PEVT_00719,RAW_00719,"March 28, 2025",DELETION,CIEINDIA,,,CIE Automotive India Ltd.,,2025-MAR,PARENT_NIFTY_500,REMOVE,ind_prs21022025.pdf,Page 2,b) Nifty 500,ACTIVE,RAW
PEVT_00720,RAW_00720,"March 28, 2025",DELETION,EASEMYTRIP,,,Easy Trip Planners Ltd.,,2025-MAR,PARENT_NIFTY_500,REMOVE,ind_prs21022025.pdf,Page 2,b) Nifty 500,ACTIVE,RAW
PEVT_00721,RAW_00721,"March 28, 2025",DELETION,EQUITASBNK,,,Equitas Small Finance Bank Ltd.,,2025-MAR,PARENT_NIFTY_500,REMOVE,ind_prs21022025.pdf,Page 2,b) Nifty 500,ACTIVE,RAW
PEVT_00722,RAW_00722,"March 28, 2025",DELETION,FINEORG,,,Fine Organic Industries Ltd.,,2025-MAR,PARENT_NIFTY_500,REMOVE,ind_prs21022025.pdf,Page 2,b) Nifty 500,ACTIVE,RAW
PEVT_00723,RAW_00723,"March 28, 2025",DELETION,GRINFRA,,,G R Infraprojects Ltd.,,2025-MAR,PARENT_NIFTY_500,REMOVE,ind_prs21022025.pdf,Page 2,b) Nifty 500,ACTIVE,RAW
PEVT_00724,RAW_00724,"March 28, 2025",DELETION,GRINDWELL,,,Grindwell Norton Ltd.,,2025-MAR,PARENT_NIFTY_500,REMOVE,ind_prs21022025.pdf,Page 2,b) Nifty 500,ACTIVE,RAW
PEVT_00725,RAW_00725,"March 28, 2025",DELETION,GAEL,,,Gujarat Ambuja Exports Ltd.,,2025-MAR,PARENT_NIFTY_500,REMOVE,ind_prs21022025.pdf,Page 2,b) Nifty 500,ACTIVE,RAW
PEVT_00726,RAW_00726,"March 28, 2025",DELETION,GSFC,,,Gujarat State Fertilizers & Chemicals Ltd.,,2025-MAR,PARENT_NIFTY_500,REMOVE,ind_prs21022025.pdf,Page 2,b) Nifty 500,ACTIVE,RAW
PEVT_00727,RAW_00727,"March 28, 2025",DELETION,JKLAKSHMI,,,JK Lakshmi Cement Ltd.,,2025-MAR,PARENT_NIFTY_500,REMOVE,ind_prs21022025.pdf,Page 2,b) Nifty 500,ACTIVE,RAW
PEVT_00728,RAW_00728,"March 28, 2025",DELETION,KSB,,,KSB Ltd.,,2025-MAR,PARENT_NIFTY_500,REMOVE,ind_prs21022025.pdf,Page 2,b) Nifty 500,ACTIVE,RAW
PEVT_00729,RAW_00729,"March 28, 2025",DELETION,MAHLIFE,,,Mahindra Lifespace Developers Ltd.,,2025-MAR,PARENT_NIFTY_500,REMOVE,ind_prs21022025.pdf,Page 2,b) Nifty 500,ACTIVE,RAW
PEVT_00730,RAW_00730,"March 28, 2025",DELETION,METROBRAND,,,Metro Brands Ltd.,,2025-MAR,PARENT_NIFTY_500,REMOVE,ind_prs21022025.pdf,Page 2,b) Nifty 500,ACTIVE,RAW
PEVT_00731,RAW_00731,"March 28, 2025",DELETION,NUVOCO,,,Nuvoco Vistas Corporation Ltd.,,2025-MAR,PARENT_NIFTY_500,REMOVE,ind_prs21022025.pdf,Page 2,b) Nifty 500,ACTIVE,RAW
PEVT_00732,RAW_00732,"March 28, 2025",DELETION,PGHH,,,Procter & Gamble Hygiene & Health Care Ltd.,,2025-MAR,PARENT_NIFTY_500,REMOVE,ind_prs21022025.pdf,Page 2,b) Nifty 500,ACTIVE,RAW
PEVT_00733,RAW_00733,"March 28, 2025",DELETION,RAJESHEXPO,,,Rajesh Exports Ltd.,,2025-MAR,PARENT_NIFTY_500,REMOVE,ind_prs21022025.pdf,Page 2,b) Nifty 500,ACTIVE,RAW
PEVT_00734,RAW_00734,"March 28, 2025",DELETION,RATNAMANI,,,Ratnamani Metals & Tubes Ltd.,,2025-MAR,PARENT_NIFTY_500,REMOVE,ind_prs21022025.pdf,Page 2,b) Nifty 500,ACTIVE,RAW
PEVT_00735,RAW_00735,"March 28, 2025",DELETION,SANOFI,,,Sanofi India Ltd.,,2025-MAR,PARENT_NIFTY_500,REMOVE,ind_prs21022025.pdf,Page 2,b) Nifty 500,ACTIVE,RAW
PEVT_00736,RAW_00736,"March 28, 2025",DELETION,SPARC,,,Sun Pharma Advanced Research Company Ltd.,,2025-MAR,PARENT_NIFTY_500,REMOVE,ind_prs21022025.pdf,Page 2,b) Nifty 500,ACTIVE,RAW
PEVT_00737,RAW_00737,"March 28, 2025",DELETION,SUNDRMFAST,,,Sundram Fasteners Ltd.,,2025-MAR,PARENT_NIFTY_500,REMOVE,ind_prs21022025.pdf,Page 2,b) Nifty 500,ACTIVE,RAW
PEVT_00738,RAW_00738,"March 28, 2025",DELETION,TVSSCS,,,TVS Supply Chain Solutions Ltd.,,2025-MAR,PARENT_NIFTY_500,REMOVE,ind_prs21022025.pdf,Page 2,b) Nifty 500,ACTIVE,RAW
PEVT_00739,RAW_00739,"March 28, 2025",DELETION,UJJIVANSFB,,,Ujjivan Small Finance Bank Ltd.,,2025-MAR,PARENT_NIFTY_500,REMOVE,ind_prs21022025.pdf,Page 2,b) Nifty 500,ACTIVE,RAW
PEVT_00740,RAW_00740,"March 28, 2025",DELETION,VIPIND,,,V.I.P. Industries Ltd.,,2025-MAR,PARENT_NIFTY_500,REMOVE,ind_prs21022025.pdf,Page 2,b) Nifty 500,ACTIVE,RAW
PEVT_00741,RAW_00741,"March 28, 2025",DELETION,VARROC,,,Varroc Engineering Ltd.,,2025-MAR,PARENT_NIFTY_500,REMOVE,ind_prs21022025.pdf,Page 2,b) Nifty 500,ACTIVE,RAW
PEVT_00742,RAW_00742,"March 28, 2025",DELETION,VINATIORGA,,,Vinati Organics Ltd.,,2025-MAR,PARENT_NIFTY_500,REMOVE,ind_prs21022025.pdf,Page 2,b) Nifty 500,ACTIVE,RAW
PEVT_00743,RAW_00743,"March 28, 2025",ADDITION,ACMESOLAR,,,ACME Solar Holdings Ltd.,,2025-MAR,PARENT_NIFTY_500,ADD,ind_prs21022025.pdf,Page 3,b) Nifty 500,ACTIVE,RAW
PEVT_00744,RAW_00744,"March 28, 2025",ADDITION,AFCONS,,,Afcons Infrastructure Ltd.,,2025-MAR,PARENT_NIFTY_500,ADD,ind_prs21022025.pdf,Page 3,b) Nifty 500,ACTIVE,RAW
PEVT_00745,RAW_00745,"March 28, 2025",ADDITION,ALIVUS,,,Alivus Life Sciences Ltd.,,2025-MAR,PARENT_NIFTY_500,ADD,ind_prs21022025.pdf,Page 3,b) Nifty 500,ACTIVE,RAW
PEVT_00746,RAW_00746,"March 28, 2025",ADDITION,AIIL,,,Authum Investment & Infrastructure Ltd.,,2025-MAR,PARENT_NIFTY_500,ADD,ind_prs21022025.pdf,Page 3,b) Nifty 500,ACTIVE,RAW
PEVT_00747,RAW_00747,"March 28, 2025",ADDITION,BAJAJHFL,,,Bajaj Housing Finance Ltd.,,2025-MAR,PARENT_NIFTY_500,ADD,ind_prs21022025.pdf,Page 3,b) Nifty 500,ACTIVE,RAW
PEVT_00748,RAW_00748,"March 28, 2025",ADDITION,FIRSTCRY,,,Brainbees Solutions Ltd.,,2025-MAR,PARENT_NIFTY_500,ADD,ind_prs21022025.pdf,Page 3,b) Nifty 500,ACTIVE,RAW
PEVT_00749,RAW_00749,"March 28, 2025",ADDITION,DCMSHRIRAM,,,DCM Shriram Ltd.,,2025-MAR,PARENT_NIFTY_500,ADD,ind_prs21022025.pdf,Page 3,b) Nifty 500,ACTIVE,RAW
PEVT_00750,RAW_00750,"March 28, 2025",ADDITION,GRAVITA,,,Gravita India Ltd.,,2025-MAR,PARENT_NIFTY_500,ADD,ind_prs21022025.pdf,Page 3,b) Nifty 500,ACTIVE,RAW
PEVT_00751,RAW_00751,"March 28, 2025",ADDITION,HYUNDAI,,,Hyundai Motor India Ltd.,,2025-MAR,PARENT_NIFTY_500,ADD,ind_prs21022025.pdf,Page 3,b) Nifty 500,ACTIVE,RAW
PEVT_00752,RAW_00752,"March 28, 2025",ADDITION,IGIL,,,International Gemmological Institute (India) Ltd.,,2025-MAR,PARENT_NIFTY_500,ADD,ind_prs21022025.pdf,Page 3,b) Nifty 500,ACTIVE,RAW
PEVT_00753,RAW_00753,"March 28, 2025",ADDITION,IKS,,,Inventurus Knowledge Solutions Ltd.,,2025-MAR,PARENT_NIFTY_500,ADD,ind_prs21022025.pdf,Page 3,b) Nifty 500,ACTIVE,RAW
PEVT_00754,RAW_00754,"March 28, 2025",ADDITION,JSWHL,,,JSW Holdings Ltd.,,2025-MAR,PARENT_NIFTY_500,ADD,ind_prs21022025.pdf,Page 3,b) Nifty 500,ACTIVE,RAW
PEVT_00755,RAW_00755,"March 28, 2025",ADDITION,LTFOODS,,,LT Foods Ltd.,,2025-MAR,PARENT_NIFTY_500,ADD,ind_prs21022025.pdf,Page 3,b) Nifty 500,ACTIVE,RAW
PEVT_00756,RAW_00756,"March 28, 2025",ADDITION,NAVA,,,Nava Ltd.,,2025-MAR,PARENT_NIFTY_500,ADD,ind_prs21022025.pdf,Page 3,b) Nifty 500,ACTIVE,RAW
PEVT_00757,RAW_00757,"March 28, 2025",ADDITION,NEULANDLAB,,,Neuland Laboratories Ltd.,,2025-MAR,PARENT_NIFTY_500,ADD,ind_prs21022025.pdf,Page 3,b) Nifty 500,ACTIVE,RAW
PEVT_00758,RAW_00758,"March 28, 2025",ADDITION,NIVABUPA,,,Niva Bupa Health Insurance Company Ltd.,,2025-MAR,PARENT_NIFTY_500,ADD,ind_prs21022025.pdf,Page 3,b) Nifty 500,ACTIVE,RAW
PEVT_00759,RAW_00759,"March 28, 2025",ADDITION,NTPCGREEN,,,NTPC Green Energy Ltd.,,2025-MAR,PARENT_NIFTY_500,ADD,ind_prs21022025.pdf,Page 3,b) Nifty 500,ACTIVE,RAW
PEVT_00760,RAW_00760,"March 28, 2025",ADDITION,OLAELEC,,,Ola Electric Mobility Ltd.,,2025-MAR,PARENT_NIFTY_500,ADD,ind_prs21022025.pdf,Page 3,b) Nifty 500,ACTIVE,RAW
PEVT_00761,RAW_00761,"March 28, 2025",ADDITION,PGEL,,,PG Electroplast Ltd.,,2025-MAR,PARENT_NIFTY_500,ADD,ind_prs21022025.pdf,Page 3,b) Nifty 500,ACTIVE,RAW
PEVT_00762,RAW_00762,"March 28, 2025",ADDITION,PREMIERENE,,,Premier Energies Ltd.,,2025-MAR,PARENT_NIFTY_500,ADD,ind_prs21022025.pdf,Page 3,b) Nifty 500,ACTIVE,RAW
PEVT_00763,RAW_00763,"March 28, 2025",ADDITION,RPOWER,,,Reliance Power Ltd.,,2025-MAR,PARENT_NIFTY_500,ADD,ind_prs21022025.pdf,Page 3,b) Nifty 500,ACTIVE,RAW
PEVT_00764,RAW_00764,"March 28, 2025",ADDITION,SAGILITY,,,Sagility India Ltd.,,2025-MAR,PARENT_NIFTY_500,ADD,ind_prs21022025.pdf,Page 3,b) Nifty 500,ACTIVE,RAW
PEVT_00765,RAW_00765,"March 28, 2025",ADDITION,SAILIFE,,,Sai Life Sciences Ltd.,,2025-MAR,PARENT_NIFTY_500,ADD,ind_prs21022025.pdf,Page 3,b) Nifty 500,ACTIVE,RAW
PEVT_00766,RAW_00766,"March 28, 2025",ADDITION,SARDAEN,,,Sarda Energy and Minerals Ltd.,,2025-MAR,PARENT_NIFTY_500,ADD,ind_prs21022025.pdf,Page 3,b) Nifty 500,ACTIVE,RAW
PEVT_00767,RAW_00767,"March 28, 2025",ADDITION,SWIGGY,,,Swiggy Ltd.,,2025-MAR,PARENT_NIFTY_500,ADD,ind_prs21022025.pdf,Page 3,b) Nifty 500,ACTIVE,RAW
PEVT_00768,RAW_00768,"March 28, 2025",ADDITION,TARIL,,,Transformers And Rectifiers (India) Ltd.,,2025-MAR,PARENT_NIFTY_500,ADD,ind_prs21022025.pdf,Page 3,b) Nifty 500,ACTIVE,RAW
PEVT_00769,RAW_00769,"March 28, 2025",ADDITION,VMM,,,Vishal Mega Mart Ltd.,,2025-MAR,PARENT_NIFTY_500,ADD,ind_prs21022025.pdf,Page 3,b) Nifty 500,ACTIVE,RAW
PEVT_00770,RAW_00770,"March 28, 2025",ADDITION,WAAREEENER,,,Waaree Energies Ltd.,,2025-MAR,PARENT_NIFTY_500,ADD,ind_prs21022025.pdf,Page 3,b) Nifty 500,ACTIVE,RAW
PEVT_00771,RAW_00771,"March 28, 2025",ADDITION,WOCKPHARMA,,,Wockhardt Ltd.,,2025-MAR,PARENT_NIFTY_500,ADD,ind_prs21022025.pdf,Page 3,b) Nifty 500,ACTIVE,RAW
PEVT_00772,RAW_00772,"March 28, 2025",ADDITION,ZENTEC,,,Zen Technologies Ltd.,,2025-MAR,PARENT_NIFTY_500,ADD,ind_prs21022025.pdf,Page 3,b) Nifty 500,ACTIVE,RAW
PEVT_00773,RAW_00773,"April 30, 2025",ADDITION,SAGILITY,,,Sagility India Ltd.,,2025-MAR,PARENT_NIFTY_500,ADD,ind_prs21042025_1.pdf,Page 1,1) Nifty500 Shariah,ACTIVE,RAW
PEVT_00774,RAW_00774,"April 30, 2025",ADDITION,SUNDRMFAST,,,Sundram Fasteners Ltd.,,2025-MAR,PARENT_NIFTY_500,ADD,ind_prs21042025_1.pdf,Page 1,1) Nifty500 Shariah,ACTIVE,RAW
PEVT_00775,RAW_00775,"April 30, 2025",ADDITION,VBL,,,Varun Beverages Ltd.,,2025-MAR,PARENT_NIFTY_500,ADD,ind_prs21042025_1.pdf,Page 1,1) Nifty500 Shariah,ACTIVE,RAW
PEVT_00776,RAW_00776,"June 28, 2024",DELETION,ABB,,,ABB India Ltd.,,2024-JUN,PARENT_NIFTY_500,REMOVE,ind_prs21062024_1.pdf,Page 1,1) Nifty500 Shariah,ACTIVE,RAW
PEVT_00777,RAW_00777,"April 29, 2021",DELETION,GHCL,,,GHCL Ltd.,,2021-MAR,PARENT_NIFTY_500,REMOVE,ind_prs22042021.pdf,Page 1,1) NIFTY 500,ACTIVE,RAW
PEVT_00778,RAW_00778,"April 29, 2021",DELETION,TATASTLBSL,,,Tata Steel BSL Ltd.,,2021-MAR,PARENT_NIFTY_500,REMOVE,ind_prs22042021.pdf,Page 1,1) NIFTY 500,ACTIVE,RAW
PEVT_00779,RAW_00779,"April 29, 2021",DELETION,BURGERKING,,,Burger King India Ltd.,,2021-MAR,PARENT_NIFTY_500,REMOVE,ind_prs22042021.pdf,Page 1,1) NIFTY 500,ACTIVE,RAW
PEVT_00780,RAW_00780,"April 29, 2021",DELETION,INFIBEAM,,,Infibeam Avenues Ltd.,,2021-MAR,PARENT_NIFTY_500,REMOVE,ind_prs22042021.pdf,Page 1,1) NIFTY 500,ACTIVE,RAW
PEVT_00781,RAW_00781,"May 31, 2024",DELETION,ABBOTINDIA,,,Abbott India Ltd.,,2024-MAY,PARENT_NIFTY_500,REMOVE,ind_prs22052024.pdf,Page 1,2) Nifty500 Shariah,ACTIVE,RAW
PEVT_00782,RAW_00782,"May 31, 2024",DELETION,ADANIENT,,,Adani Enterprises Ltd.,,2024-MAY,PARENT_NIFTY_500,REMOVE,ind_prs22052024.pdf,Page 1,2) Nifty500 Shariah,ACTIVE,RAW
PEVT_00783,RAW_00783,"May 31, 2024",DELETION,AIAENG,,,AIA Engineering Ltd.,,2024-MAY,PARENT_NIFTY_500,REMOVE,ind_prs22052024.pdf,Page 1,2) Nifty500 Shariah,ACTIVE,RAW
PEVT_00784,RAW_00784,"May 31, 2024",DELETION,BIOCON,,,Biocon Ltd.,,2024-MAY,PARENT_NIFTY_500,REMOVE,ind_prs22052024.pdf,Page 1,2) Nifty500 Shariah,ACTIVE,RAW
PEVT_00785,RAW_00785,"May 31, 2024",DELETION,BIRLACORPN,,,Birla Corporation Ltd.,,2024-MAY,PARENT_NIFTY_500,REMOVE,ind_prs22052024.pdf,Page 1,2) Nifty500 Shariah,ACTIVE,RAW
PEVT_00786,RAW_00786,"May 31, 2024",DELETION,CAMS,,,Computer Age Management Services Ltd.,,2024-MAY,PARENT_NIFTY_500,REMOVE,ind_prs22052024.pdf,Page 1,2) Nifty500 Shariah,ACTIVE,RAW
PEVT_00787,RAW_00787,"May 31, 2024",DELETION,CONCOR,,,Container Corporation of India Ltd.,,2024-MAY,PARENT_NIFTY_500,REMOVE,ind_prs22052024.pdf,Page 1,2) Nifty500 Shariah,ACTIVE,RAW
PEVT_00788,RAW_00788,"May 31, 2024",DELETION,DIVISLAB,,,Divi's Laboratories Ltd.,,2024-MAY,PARENT_NIFTY_500,REMOVE,ind_prs22052024.pdf,Page 1,2) Nifty500 Shariah,ACTIVE,RAW
PEVT_00789,RAW_00789,"May 31, 2024",DELETION,GRASIM,,,Grasim Industries Ltd.,,2024-MAY,PARENT_NIFTY_500,REMOVE,ind_prs22052024.pdf,Page 1,2) Nifty500 Shariah,ACTIVE,RAW
PEVT_00790,RAW_00790,"May 31, 2024",DELETION,HONAUT,,,Honeywell Automation India Ltd.,,2024-MAY,PARENT_NIFTY_500,REMOVE,ind_prs22052024.pdf,Page 2,2) Nifty500 Shariah,ACTIVE,RAW
PEVT_00791,RAW_00791,"May 31, 2024",DELETION,IRCON,,,IRCON International Ltd.,,2024-MAY,PARENT_NIFTY_500,REMOVE,ind_prs22052024.pdf,Page 2,2) Nifty500 Shariah,ACTIVE,RAW
PEVT_00792,RAW_00792,"May 31, 2024",DELETION,JINDALSAW,,,Jindal Saw Ltd.,,2024-MAY,PARENT_NIFTY_500,REMOVE,ind_prs22052024.pdf,Page 2,2) Nifty500 Shariah,ACTIVE,RAW
PEVT_00793,RAW_00793,"May 31, 2024",DELETION,JKLAKSHMI,,,JK Lakshmi Cement Ltd.,,2024-MAY,PARENT_NIFTY_500,REMOVE,ind_prs22052024.pdf,Page 2,2) Nifty500 Shariah,ACTIVE,RAW
PEVT_00794,RAW_00794,"May 31, 2024",DELETION,JUBLPHARMA,,,Jubilant Pharmova Ltd.,,2024-MAY,PARENT_NIFTY_500,REMOVE,ind_prs22052024.pdf,Page 2,2) Nifty500 Shariah,ACTIVE,RAW
PEVT_00795,RAW_00795,"May 31, 2024",DELETION,LAURUSLABS,,,Laurus Labs Ltd.,,2024-MAY,PARENT_NIFTY_500,REMOVE,ind_prs22052024.pdf,Page 2,2) Nifty500 Shariah,ACTIVE,RAW
PEVT_00796,RAW_00796,"May 31, 2024",DELETION,NMDC,,,NMDC Ltd.,,2024-MAY,PARENT_NIFTY_500,REMOVE,ind_prs22052024.pdf,Page 2,2) Nifty500 Shariah,ACTIVE,RAW
PEVT_00797,RAW_00797,"May 31, 2024",DELETION,PPLPHARMA,,,Piramal Pharma Ltd.,,2024-MAY,PARENT_NIFTY_500,REMOVE,ind_prs22052024.pdf,Page 2,2) Nifty500 Shariah,ACTIVE,RAW
PEVT_00798,RAW_00798,"May 31, 2024",DELETION,PNCINFRA,,,PNC Infratech Ltd.,,2024-MAY,PARENT_NIFTY_500,REMOVE,ind_prs22052024.pdf,Page 2,2) Nifty500 Shariah,ACTIVE,RAW
PEVT_00799,RAW_00799,"May 31, 2024",DELETION,PRESTIGE,,,Prestige Estates Projects Ltd.,,2024-MAY,PARENT_NIFTY_500,REMOVE,ind_prs22052024.pdf,Page 2,2) Nifty500 Shariah,ACTIVE,RAW
PEVT_00800,RAW_00800,"May 31, 2024",DELETION,SUZLON,,,Suzlon Energy Ltd.,,2024-MAY,PARENT_NIFTY_500,REMOVE,ind_prs22052024.pdf,Page 2,2) Nifty500 Shariah,ACTIVE,RAW
PEVT_00801,RAW_00801,"May 31, 2024",DELETION,TATACOMM,,,Tata Communications Ltd.,,2024-MAY,PARENT_NIFTY_500,REMOVE,ind_prs22052024.pdf,Page 2,2) Nifty500 Shariah,ACTIVE,RAW
PEVT_00802,RAW_00802,"May 31, 2024",DELETION,TATASTEEL,,,Tata Steel Ltd.,,2024-MAY,PARENT_NIFTY_500,REMOVE,ind_prs22052024.pdf,Page 2,2) Nifty500 Shariah,ACTIVE,RAW
PEVT_00803,RAW_00803,"May 31, 2024",DELETION,TVSMOTOR,,,TVS Motor Company Ltd.,,2024-MAY,PARENT_NIFTY_500,REMOVE,ind_prs22052024.pdf,Page 2,2) Nifty500 Shariah,ACTIVE,RAW
PEVT_00804,RAW_00804,"May 31, 2024",DELETION,UPL,,,UPL Ltd.,,2024-MAY,PARENT_NIFTY_500,REMOVE,ind_prs22052024.pdf,Page 2,2) Nifty500 Shariah,ACTIVE,RAW
PEVT_00805,RAW_00805,"May 31, 2024",DELETION,WELSPUNLIV,,,Welspun Living Ltd.,,2024-MAY,PARENT_NIFTY_500,REMOVE,ind_prs22052024.pdf,Page 2,2) Nifty500 Shariah,ACTIVE,RAW
PEVT_00806,RAW_00806,"May 31, 2024",ADDITION,ATGL,,,Adani Total Gas Ltd.,,2024-MAY,PARENT_NIFTY_500,ADD,ind_prs22052024.pdf,Page 2,2) Nifty500 Shariah,ACTIVE,RAW
PEVT_00807,RAW_00807,"May 31, 2024",ADDITION,ABFRL,,,Aditya Birla Fashion and Retail Ltd.,,2024-MAY,PARENT_NIFTY_500,ADD,ind_prs22052024.pdf,Page 2,2) Nifty500 Shariah,ACTIVE,RAW
PEVT_00808,RAW_00808,"May 31, 2024",ADDITION,AFFLE,,,Affle (India) Ltd.,,2024-MAY,PARENT_NIFTY_500,ADD,ind_prs22052024.pdf,Page 2,2) Nifty500 Shariah,ACTIVE,RAW
PEVT_00809,RAW_00809,"May 31, 2024",ADDITION,ASTERDM,,,Aster DM Healthcare Ltd.,,2024-MAY,PARENT_NIFTY_500,ADD,ind_prs22052024.pdf,Page 2,2) Nifty500 Shariah,ACTIVE,RAW
PEVT_00810,RAW_00810,"May 31, 2024",ADDITION,BATAINDIA,,,Bata India Ltd.,,2024-MAY,PARENT_NIFTY_500,ADD,ind_prs22052024.pdf,Page 2,2) Nifty500 Shariah,ACTIVE,RAW
PEVT_00811,RAW_00811,"May 31, 2024",ADDITION,CAPLIPOINT,,,Caplin Point Laboratories Ltd.,,2024-MAY,PARENT_NIFTY_500,ADD,ind_prs22052024.pdf,Page 2,2) Nifty500 Shariah,ACTIVE,RAW
PEVT_00812,RAW_00812,"May 31, 2024",ADDITION,FDC,,,FDC Ltd.,,2024-MAY,PARENT_NIFTY_500,ADD,ind_prs22052024.pdf,Page 2,2) Nifty500 Shariah,ACTIVE,RAW
PEVT_00813,RAW_00813,"May 31, 2024",ADDITION,FINCABLES,,,Finolex Cables Ltd.,,2024-MAY,PARENT_NIFTY_500,ADD,ind_prs22052024.pdf,Page 2,2) Nifty500 Shariah,ACTIVE,RAW
PEVT_00814,RAW_00814,"May 31, 2024",ADDITION,FINPIPE,,,Finolex Industries Ltd.,,2024-MAY,PARENT_NIFTY_500,ADD,ind_prs22052024.pdf,Page 2,2) Nifty500 Shariah,ACTIVE,RAW
PEVT_00815,RAW_00815,"May 31, 2024",ADDITION,FORTIS,,,Fortis Healthcare Ltd.,,2024-MAY,PARENT_NIFTY_500,ADD,ind_prs22052024.pdf,Page 2,2) Nifty500 Shariah,ACTIVE,RAW
PEVT_00816,RAW_00816,"May 31, 2024",ADDITION,NYKAA,,,FSN E-Commerce Ventures Ltd.,,2024-MAY,PARENT_NIFTY_500,ADD,ind_prs22052024.pdf,Page 2,2) Nifty500 Shariah,ACTIVE,RAW
PEVT_00817,RAW_00817,"May 31, 2024",ADDITION,INDUSTOWER,,,Indus Towers Ltd.,,2024-MAY,PARENT_NIFTY_500,ADD,ind_prs22052024.pdf,Page 2,2) Nifty500 Shariah,ACTIVE,RAW
PEVT_00818,RAW_00818,"May 31, 2024",ADDITION,LODHA,,,Macrotech Developers Ltd.,,2024-MAY,PARENT_NIFTY_500,ADD,ind_prs22052024.pdf,Page 2,2) Nifty500 Shariah,ACTIVE,RAW
PEVT_00819,RAW_00819,"May 31, 2024",ADDITION,MAXHEALTH,,,Max Healthcare Institute Ltd.,,2024-MAY,PARENT_NIFTY_500,ADD,ind_prs22052024.pdf,Page 2,2) Nifty500 Shariah,ACTIVE,RAW
PEVT_00820,RAW_00820,"May 31, 2024",ADDITION,MEDPLUS,,,Medplus Health Services Ltd.,,2024-MAY,PARENT_NIFTY_500,ADD,ind_prs22052024.pdf,Page 2,2) Nifty500 Shariah,ACTIVE,RAW
PEVT_00821,RAW_00821,"May 31, 2024",ADDITION,METROBRAND,,,Metro Brands Ltd.,,2024-MAY,PARENT_NIFTY_500,ADD,ind_prs22052024.pdf,Page 2,2) Nifty500 Shariah,ACTIVE,RAW
PEVT_00822,RAW_00822,"May 31, 2024",ADDITION,MINDACORP,,,Minda Corporation Ltd.,,2024-MAY,PARENT_NIFTY_500,ADD,ind_prs22052024.pdf,Page 2,2) Nifty500 Shariah,ACTIVE,RAW
PEVT_00823,RAW_00823,"May 31, 2024",ADDITION,MMTC,,,MMTC Ltd.,,2024-MAY,PARENT_NIFTY_500,ADD,ind_prs22052024.pdf,Page 3,2) Nifty500 Shariah,ACTIVE,RAW
PEVT_00824,RAW_00824,"May 31, 2024",ADDITION,PRAJIND,,,Praj Industries Ltd.,,2024-MAY,PARENT_NIFTY_500,ADD,ind_prs22052024.pdf,Page 3,2) Nifty500 Shariah,ACTIVE,RAW
PEVT_00825,RAW_00825,"May 31, 2024",ADDITION,PRSMJOHNSN,,,Prism Johnson Ltd.,,2024-MAY,PARENT_NIFTY_500,ADD,ind_prs22052024.pdf,Page 3,2) Nifty500 Shariah,ACTIVE,RAW
PEVT_00826,RAW_00826,"May 31, 2024",ADDITION,ROUTE,,,Route Mobile Ltd.,,2024-MAY,PARENT_NIFTY_500,ADD,ind_prs22052024.pdf,Page 3,2) Nifty500 Shariah,ACTIVE,RAW
PEVT_00827,RAW_00827,"May 31, 2024",ADDITION,SUNPHARMA,,,Sun Pharmaceutical Industries Ltd.,,2024-MAY,PARENT_NIFTY_500,ADD,ind_prs22052024.pdf,Page 3,2) Nifty500 Shariah,ACTIVE,RAW
PEVT_00828,RAW_00828,"May 31, 2024",ADDITION,TRENT,,,Trent Ltd.,,2024-MAY,PARENT_NIFTY_500,ADD,ind_prs22052024.pdf,Page 3,2) Nifty500 Shariah,ACTIVE,RAW
PEVT_00829,RAW_00829,"May 31, 2024",ADDITION,ZENSARTECH,,,Zensar Technolgies Ltd.,,2024-MAY,PARENT_NIFTY_500,ADD,ind_prs22052024.pdf,Page 3,2) Nifty500 Shariah,ACTIVE,RAW
PEVT_00830,RAW_00830,"May 31, 2024",ADDITION,ZYDUSLIFE,,,Zydus Lifesciences Ltd.,,2024-MAY,PARENT_NIFTY_500,ADD,ind_prs22052024.pdf,Page 3,2) Nifty500 Shariah,ACTIVE,RAW
PEVT_00831,RAW_00831,"May 31, 2024",ADDITION,COFORGE,,,Coforge Ltd.,,2024-MAY,PARENT_NIFTY_500,ADD,ind_prs22052024.pdf,Page 3,2) Nifty500 Shariah,ACTIVE,RAW
PEVT_00832,RAW_00832,"May 31, 2024",ADDITION,LUPIN,,,Lupin Ltd.,,2024-MAY,PARENT_NIFTY_500,ADD,ind_prs22052024.pdf,Page 3,2) Nifty500 Shariah,ACTIVE,RAW
PEVT_00833,RAW_00833,"May 31, 2024",ADDITION,SRF,,,SRF Ltd.,,2024-MAY,PARENT_NIFTY_500,ADD,ind_prs22052024.pdf,Page 3,2) Nifty500 Shariah,ACTIVE,RAW
PEVT_00834,RAW_00834,"May 31, 2024",ADDITION,TIINDIA,,,Tube Investments of India Ltd.,,2024-MAY,PARENT_NIFTY_500,ADD,ind_prs22052024.pdf,Page 3,2) Nifty500 Shariah,ACTIVE,RAW
PEVT_00835,RAW_00835,"September 30, 2025",DELETION,ALIVUS,,,Alivus Life Sciences Ltd.,,2025-SEP,PARENT_NIFTY_500,REMOVE,ind_prs22082025.pdf,Page 2,2) Nifty 500,ACTIVE,RAW
PEVT_00836,RAW_00836,"September 30, 2025",DELETION,GNFC,,,Gujarat Narmada Valley Fertilizers and Chemicals Ltd.,,2025-SEP,PARENT_NIFTY_500,REMOVE,ind_prs22082025.pdf,Page 2,2) Nifty 500,ACTIVE,RAW
PEVT_00837,RAW_00837,"September 30, 2025",DELETION,GPPL,,,Gujarat Pipavav Port Ltd.,,2025-SEP,PARENT_NIFTY_500,REMOVE,ind_prs22082025.pdf,Page 2,2) Nifty 500,ACTIVE,RAW
PEVT_00838,RAW_00838,"September 30, 2025",DELETION,JSWHL,,,JSW Holdings Ltd.,,2025-SEP,PARENT_NIFTY_500,REMOVE,ind_prs22082025.pdf,Page 2,2) Nifty 500,ACTIVE,RAW
PEVT_00839,RAW_00839,"September 30, 2025",DELETION,JUSTDIAL,,,Justdial Ltd.,,2025-SEP,PARENT_NIFTY_500,REMOVE,ind_prs22082025.pdf,Page 2,2) Nifty 500,ACTIVE,RAW
PEVT_00840,RAW_00840,"September 30, 2025",DELETION,KANSAINER,,,Kansai Nerolac Paints Ltd.,,2025-SEP,PARENT_NIFTY_500,REMOVE,ind_prs22082025.pdf,Page 2,2) Nifty 500,ACTIVE,RAW
PEVT_00841,RAW_00841,"September 30, 2025",DELETION,KNRCON,,,KNR Constructions Ltd.,,2025-SEP,PARENT_NIFTY_500,REMOVE,ind_prs22082025.pdf,Page 2,2) Nifty 500,ACTIVE,RAW
PEVT_00842,RAW_00842,"September 30, 2025",DELETION,MASTEK,,,Mastek Ltd.,,2025-SEP,PARENT_NIFTY_500,REMOVE,ind_prs22082025.pdf,Page 2,2) Nifty 500,ACTIVE,RAW
PEVT_00843,RAW_00843,"September 30, 2025",DELETION,NETWORK18,,,Network18 Media & Investments Ltd.,,2025-SEP,PARENT_NIFTY_500,REMOVE,ind_prs22082025.pdf,Page 2,2) Nifty 500,ACTIVE,RAW
PEVT_00844,RAW_00844,"September 30, 2025",DELETION,PNCINFRA,,,PNC Infratech Ltd.,,2025-SEP,PARENT_NIFTY_500,REMOVE,ind_prs22082025.pdf,Page 2,2) Nifty 500,ACTIVE,RAW
PEVT_00845,RAW_00845,"September 30, 2025",DELETION,RTNINDIA,,,RattanIndia Enterprises Ltd.,,2025-SEP,PARENT_NIFTY_500,REMOVE,ind_prs22082025.pdf,Page 2,2) Nifty 500,ACTIVE,RAW
PEVT_00846,RAW_00846,"September 30, 2025",DELETION,RAYMONDLSL,,,Raymond Lifestyle Ltd.,,2025-SEP,PARENT_NIFTY_500,REMOVE,ind_prs22082025.pdf,Page 2,2) Nifty 500,ACTIVE,RAW
PEVT_00847,RAW_00847,"September 30, 2025",DELETION,RAYMOND,,,Raymond Ltd.,,2025-SEP,PARENT_NIFTY_500,REMOVE,ind_prs22082025.pdf,Page 2,2) Nifty 500,ACTIVE,RAW
PEVT_00848,RAW_00848,"September 30, 2025",DELETION,ROUTE,,,Route Mobile Ltd.,,2025-SEP,PARENT_NIFTY_500,REMOVE,ind_prs22082025.pdf,Page 2,2) Nifty 500,ACTIVE,RAW
PEVT_00849,RAW_00849,"September 30, 2025",DELETION,RENUKA,,,Shree Renuka Sugars Ltd.,,2025-SEP,PARENT_NIFTY_500,REMOVE,ind_prs22082025.pdf,Page 2,2) Nifty 500,ACTIVE,RAW
PEVT_00850,RAW_00850,"September 30, 2025",DELETION,SWSOLAR,,,Sterling and Wilson Renewable Energy Ltd.,,2025-SEP,PARENT_NIFTY_500,REMOVE,ind_prs22082025.pdf,Page 2,2) Nifty 500,ACTIVE,RAW
PEVT_00851,RAW_00851,"September 30, 2025",DELETION,TANLA,,,Tanla Platforms Ltd.,,2025-SEP,PARENT_NIFTY_500,REMOVE,ind_prs22082025.pdf,Page 2,2) Nifty 500,ACTIVE,RAW
PEVT_00852,RAW_00852,"September 30, 2025",DELETION,WESTLIFE,,,Westlife Foodworld Ltd.,,2025-SEP,PARENT_NIFTY_500,REMOVE,ind_prs22082025.pdf,Page 2,2) Nifty 500,ACTIVE,RAW
PEVT_00853,RAW_00853,"September 30, 2025",ADDITION,ABLBL,,,Aditya Birla Lifestyle Brands Ltd.,,2025-SEP,PARENT_NIFTY_500,ADD,ind_prs22082025.pdf,Page 2,2) Nifty 500,ACTIVE,RAW
PEVT_00854,RAW_00854,"September 30, 2025",ADDITION,AEGISVOPAK,,,Aegis Vopak Terminals Ltd.,,2025-SEP,PARENT_NIFTY_500,ADD,ind_prs22082025.pdf,Page 2,2) Nifty 500,ACTIVE,RAW
PEVT_00855,RAW_00855,"September 30, 2025",ADDITION,AKZOINDIA,,,Akzo Nobel India Ltd.,,2025-SEP,PARENT_NIFTY_500,ADD,ind_prs22082025.pdf,Page 2,2) Nifty 500,ACTIVE,RAW
PEVT_00856,RAW_00856,"September 30, 2025",ADDITION,ATHERENERG,,,Ather Energy Ltd.,,2025-SEP,PARENT_NIFTY_500,ADD,ind_prs22082025.pdf,Page 2,2) Nifty 500,ACTIVE,RAW
PEVT_00857,RAW_00857,"September 30, 2025",ADDITION,BLUEJET,,,Blue Jet Healthcare Ltd.,,2025-SEP,PARENT_NIFTY_500,ADD,ind_prs22082025.pdf,Page 2,2) Nifty 500,ACTIVE,RAW
PEVT_00858,RAW_00858,"September 30, 2025",ADDITION,CHOICEIN,,,Choice International Ltd.,,2025-SEP,PARENT_NIFTY_500,ADD,ind_prs22082025.pdf,Page 2,2) Nifty 500,ACTIVE,RAW
PEVT_00859,RAW_00859,"September 30, 2025",ADDITION,AGARWALEYE,,,Dr. Agarwal's Health Care Ltd.,,2025-SEP,PARENT_NIFTY_500,ADD,ind_prs22082025.pdf,Page 2,2) Nifty 500,ACTIVE,RAW
PEVT_00860,RAW_00860,"September 30, 2025",ADDITION,FORCEMOT,,,Force Motors Ltd.,,2025-SEP,PARENT_NIFTY_500,ADD,ind_prs22082025.pdf,Page 2,2) Nifty 500,ACTIVE,RAW
PEVT_00861,RAW_00861,"September 30, 2025",ADDITION,HEXT,,,Hexaware Technologies Ltd.,,2025-SEP,PARENT_NIFTY_500,ADD,ind_prs22082025.pdf,Page 2,2) Nifty 500,ACTIVE,RAW
PEVT_00862,RAW_00862,"September 30, 2025",ADDITION,ITCHOTELS,,,ITC Hotels Ltd.,,2025-SEP,PARENT_NIFTY_500,ADD,ind_prs22082025.pdf,Page 2,2) Nifty 500,ACTIVE,RAW
PEVT_00863,RAW_00863,"September 30, 2025",ADDITION,KSB,,,KSB Ltd.,,2025-SEP,PARENT_NIFTY_500,ADD,ind_prs22082025.pdf,Page 2,2) Nifty 500,ACTIVE,RAW
PEVT_00864,RAW_00864,"September 30, 2025",ADDITION,MAHSCOOTER,,,Maharashtra Scooters Ltd.,,2025-SEP,PARENT_NIFTY_500,ADD,ind_prs22082025.pdf,Page 3,2) Nifty 500,ACTIVE,RAW
PEVT_00865,RAW_00865,"September 30, 2025",ADDITION,NUVOCO,,,Nuvoco Vistas Corporation Ltd.,,2025-SEP,PARENT_NIFTY_500,ADD,ind_prs22082025.pdf,Page 3,2) Nifty 500,ACTIVE,RAW
PEVT_00866,RAW_00866,"September 30, 2025",ADDITION,ONESOURCE,,,Onesource Specialty Pharma Ltd.,,2025-SEP,PARENT_NIFTY_500,ADD,ind_prs22082025.pdf,Page 3,2) Nifty 500,ACTIVE,RAW
PEVT_00867,RAW_00867,"September 30, 2025",ADDITION,PGHH,,,Procter & Gamble Hygiene & Health Care Ltd.,,2025-SEP,PARENT_NIFTY_500,ADD,ind_prs22082025.pdf,Page 3,2) Nifty 500,ACTIVE,RAW
PEVT_00868,RAW_00868,"September 30, 2025",ADDITION,THELEELA,,,Schloss Bangalore Ltd.,,2025-SEP,PARENT_NIFTY_500,ADD,ind_prs22082025.pdf,Page 3,2) Nifty 500,ACTIVE,RAW
PEVT_00869,RAW_00869,"September 30, 2025",ADDITION,ENRIN,,,Siemens Energy India Ltd.,,2025-SEP,PARENT_NIFTY_500,ADD,ind_prs22082025.pdf,Page 3,2) Nifty 500,ACTIVE,RAW
PEVT_00870,RAW_00870,"September 30, 2025",ADDITION,VENTIVE,,,Ventive Hospitality Ltd.,,2025-SEP,PARENT_NIFTY_500,ADD,ind_prs22082025.pdf,Page 3,2) Nifty 500,ACTIVE,RAW
PEVT_00871,RAW_00871,"August 29, 2025",DELETION,ABREL,,,Aditya Birla Real Estate Ltd.,,2025-SEP,PARENT_NIFTY_500,REMOVE,ind_prs22082025_1.pdf,Page 1,1) Nifty500 Shariah,ACTIVE,RAW
PEVT_00872,RAW_00872,"August 29, 2025",DELETION,AEGISLOG,,,Aegis Logistics Ltd.,,2025-SEP,PARENT_NIFTY_500,REMOVE,ind_prs22082025_1.pdf,Page 1,1) Nifty500 Shariah,ACTIVE,RAW
PEVT_00873,RAW_00873,"August 29, 2025",DELETION,INDIACEM,,,India Cements Ltd.,,2025-SEP,PARENT_NIFTY_500,REMOVE,ind_prs22082025_1.pdf,Page 1,1) Nifty500 Shariah,ACTIVE,RAW
PEVT_00874,RAW_00874,"August 29, 2025",DELETION,PIIND,,,PI Industries Ltd.,,2025-SEP,PARENT_NIFTY_500,REMOVE,ind_prs22082025_1.pdf,Page 1,1) Nifty500 Shariah,ACTIVE,RAW
PEVT_00875,RAW_00875,"August 29, 2025",DELETION,SHREECEM,,,Shree Cement Ltd.,,2025-SEP,PARENT_NIFTY_500,REMOVE,ind_prs22082025_1.pdf,Page 1,1) Nifty500 Shariah,ACTIVE,RAW
PEVT_00876,RAW_00876,"August 29, 2025",DELETION,SONACOMS,,,Sona BLW Precision Forgings Ltd.,,2025-SEP,PARENT_NIFTY_500,REMOVE,ind_prs22082025_1.pdf,Page 1,1) Nifty500 Shariah,ACTIVE,RAW
PEVT_00877,RAW_00877,"August 29, 2025",ADDITION,MAXHEALTH,,,Max Healthcare Institute Ltd.,,2025-SEP,PARENT_NIFTY_500,ADD,ind_prs22082025_1.pdf,Page 1,1) Nifty500 Shariah,ACTIVE,RAW
PEVT_00878,RAW_00878,"August 29, 2025",ADDITION,RAYMOND,,,Raymond Ltd.,,2025-SEP,PARENT_NIFTY_500,ADD,ind_prs22082025_1.pdf,Page 1,1) Nifty500 Shariah,ACTIVE,RAW
PEVT_00879,RAW_00879,"August 29, 2025",ADDITION,TORNTPHARM,,,Torrent Pharmaceuticals Ltd.,,2025-SEP,PARENT_NIFTY_500,ADD,ind_prs22082025_1.pdf,Page 1,1) Nifty500 Shariah,ACTIVE,RAW
PEVT_00880,RAW_00880,"August 29, 2025",ADDITION,TORNTPOWER,,,Torrent Power Ltd.,,2025-SEP,PARENT_NIFTY_500,ADD,ind_prs22082025_1.pdf,Page 1,1) Nifty500 Shariah,ACTIVE,RAW
PEVT_00881,RAW_00881,"August 29, 2025",ADDITION,WOCKPHARMA,,,Wockhardt Ltd.,,2025-SEP,PARENT_NIFTY_500,ADD,ind_prs22082025_1.pdf,Page 1,1) Nifty500 Shariah,ACTIVE,RAW
PEVT_00882,RAW_00882,,DELETION,GMRINFRA,,,GMR Infrastructure Ltd.,,2021-SEP,PARENT_NIFTY_500,REMOVE,ind_prs22102021.pdf,Page 3,1) NIFTY 500,ACTIVE,RAW
PEVT_00883,RAW_00883,,DELETION,SONACOMS,,,Sona BLW Precision Forgings Ltd.,,2021-SEP,PARENT_NIFTY_500,REMOVE,ind_prs22102021.pdf,Page 3,1) NIFTY 500,ACTIVE,RAW
PEVT_00884,RAW_00884,"November 29, 2024",ADDITION,NSLNISP,,,NMDC Steel Ltd.,,2024-NOV,PARENT_NIFTY_500,ADD,ind_prs22112024.pdf,Page 1,1) Nifty500 Shariah,ACTIVE,RAW
PEVT_00885,RAW_00885,"November 29, 2024",ADDITION,SAIL,,,Steel Authority of India Ltd.,,2024-NOV,PARENT_NIFTY_500,ADD,ind_prs22112024.pdf,Page 1,1) Nifty500 Shariah,ACTIVE,RAW
PEVT_00886,RAW_00886,,DELETION,SAREGAMA,,,Saregama India Ltd.,,2022-DEC,PARENT_NIFTY_500,REMOVE,ind_prs22122022.pdf,Page 1,1) Nifty 500,ACTIVE,RAW
PEVT_00887,RAW_00887,,DELETION,RAINBOW,,,Rainbow Childrens Medicare Ltd.,,2022-DEC,PARENT_NIFTY_500,REMOVE,ind_prs22122022.pdf,Page 1,1) Nifty 500,ACTIVE,RAW
PEVT_00888,RAW_00888,,DELETION,BOMDYEING,,,Bombay Dyeing & Manufacturing Co. Ltd.,,2021-MAR,PARENT_NIFTY_500,REMOVE,ind_prs23022021.pdf,Page 2,3) NIFTY 500,ACTIVE,RAW
PEVT_00889,RAW_00889,,DELETION,CARERATING,,,CARE Ratings Ltd.,,2021-MAR,PARENT_NIFTY_500,REMOVE,ind_prs23022021.pdf,Page 2,3) NIFTY 500,ACTIVE,RAW
PEVT_00890,RAW_00890,,DELETION,CHENNPETRO,,,Chennai Petroleum Corporation Ltd.,,2021-MAR,PARENT_NIFTY_500,REMOVE,ind_prs23022021.pdf,Page 2,3) NIFTY 500,ACTIVE,RAW
PEVT_00891,RAW_00891,,DELETION,DBCORP,,,D.B.Corp Ltd.,,2021-MAR,PARENT_NIFTY_500,REMOVE,ind_prs23022021.pdf,Page 2,3) NIFTY 500,ACTIVE,RAW
PEVT_00892,RAW_00892,,DELETION,ESABINDIA,,,ESAB India Ltd.,,2021-MAR,PARENT_NIFTY_500,REMOVE,ind_prs23022021.pdf,Page 2,3) NIFTY 500,ACTIVE,RAW
PEVT_00893,RAW_00893,,DELETION,GMDCLTD,,,Gujarat Mineral Development Corporation Ltd.,,2021-MAR,PARENT_NIFTY_500,REMOVE,ind_prs23022021.pdf,Page 2,3) NIFTY 500,ACTIVE,RAW
PEVT_00894,RAW_00894,,DELETION,HATHWAY,,,Hathway Cable & Datacom Ltd.,,2021-MAR,PARENT_NIFTY_500,REMOVE,ind_prs23022021.pdf,Page 2,3) NIFTY 500,ACTIVE,RAW
PEVT_00895,RAW_00895,,DELETION,HERITGFOOD,,,Heritage Foods Ltd.,,2021-MAR,PARENT_NIFTY_500,REMOVE,ind_prs23022021.pdf,Page 2,3) NIFTY 500,ACTIVE,RAW
PEVT_00896,RAW_00896,,DELETION,ICRA,,,ICRA Ltd.,,2021-MAR,PARENT_NIFTY_500,REMOVE,ind_prs23022021.pdf,Page 2,3) NIFTY 500,ACTIVE,RAW
PEVT_00897,RAW_00897,,DELETION,JAGRAN,,,Jagran Prakashan Ltd.,,2021-MAR,PARENT_NIFTY_500,REMOVE,ind_prs23022021.pdf,Page 2,3) NIFTY 500,ACTIVE,RAW
PEVT_00898,RAW_00898,,DELETION,JAICORPLTD,,,Jai Corp Ltd.,,2021-MAR,PARENT_NIFTY_500,REMOVE,ind_prs23022021.pdf,Page 2,3) NIFTY 500,ACTIVE,RAW
PEVT_00899,RAW_00899,,DELETION,J&KBANK,,,Jammu & Kashmir Bank Ltd.,,2021-MAR,PARENT_NIFTY_500,REMOVE,ind_prs23022021.pdf,Page 2,3) NIFTY 500,ACTIVE,RAW
PEVT_00900,RAW_00900,,DELETION,KTKBANK,,,Karnataka Bank Ltd.,,2021-MAR,PARENT_NIFTY_500,REMOVE,ind_prs23022021.pdf,Page 2,3) NIFTY 500,ACTIVE,RAW
PEVT_00901,RAW_00901,,DELETION,KOLTEPATIL,,,Kolte-Patil Developers Ltd.,,2021-MAR,PARENT_NIFTY_500,REMOVE,ind_prs23022021.pdf,Page 2,3) NIFTY 500,ACTIVE,RAW
PEVT_00902,RAW_00902,,DELETION,NAVNETEDUL,,,Navneet Education Ltd.,,2021-MAR,PARENT_NIFTY_500,REMOVE,ind_prs23022021.pdf,Page 2,3) NIFTY 500,ACTIVE,RAW
PEVT_00903,RAW_00903,,DELETION,OMAXE,,,Omaxe Ltd.,,2021-MAR,PARENT_NIFTY_500,REMOVE,ind_prs23022021.pdf,Page 2,3) NIFTY 500,ACTIVE,RAW
PEVT_00904,RAW_00904,,DELETION,ORIENTCEM,,,Orient Cement Ltd.,,2021-MAR,PARENT_NIFTY_500,REMOVE,ind_prs23022021.pdf,Page 2,3) NIFTY 500,ACTIVE,RAW
PEVT_00905,RAW_00905,,DELETION,PRAJIND,,,Praj Industries Ltd.,,2021-MAR,PARENT_NIFTY_500,REMOVE,ind_prs23022021.pdf,Page 2,3) NIFTY 500,ACTIVE,RAW
PEVT_00906,RAW_00906,,DELETION,PSPPROJECT,,,PSP Projects Ltd.,,2021-MAR,PARENT_NIFTY_500,REMOVE,ind_prs23022021.pdf,Page 2,3) NIFTY 500,ACTIVE,RAW
PEVT_00907,RAW_00907,,DELETION,PTC,,,PTC India Ltd.,,2021-MAR,PARENT_NIFTY_500,REMOVE,ind_prs23022021.pdf,Page 2,3) NIFTY 500,ACTIVE,RAW
PEVT_00908,RAW_00908,,DELETION,SOUTHBANK,,,South Indian Bank Ltd.,,2021-MAR,PARENT_NIFTY_500,REMOVE,ind_prs23022021.pdf,Page 2,3) NIFTY 500,ACTIVE,RAW
PEVT_00909,RAW_00909,,DELETION,SWARAJENG,,,Swaraj Engines Ltd.,,2021-MAR,PARENT_NIFTY_500,REMOVE,ind_prs23022021.pdf,Page 2,3) NIFTY 500,ACTIVE,RAW
PEVT_00910,RAW_00910,,DELETION,TVTODAY,,,TV Today Network Ltd.,,2021-MAR,PARENT_NIFTY_500,REMOVE,ind_prs23022021.pdf,Page 2,3) NIFTY 500,ACTIVE,RAW
PEVT_00911,RAW_00911,,DELETION,VRLLOG,,,VRL Logistics Ltd.,,2021-MAR,PARENT_NIFTY_500,REMOVE,ind_prs23022021.pdf,Page 2,3) NIFTY 500,ACTIVE,RAW
PEVT_00912,RAW_00912,,ADDITION,ANGELBRKG,,,Angel Broking Ltd.,,2021-MAR,PARENT_NIFTY_500,ADD,ind_prs23022021.pdf,Page 2,3) NIFTY 500,ACTIVE,RAW
PEVT_00913,RAW_00913,,ADDITION,ASAHIINDIA,,,Asahi India Glass Ltd.,,2021-MAR,PARENT_NIFTY_500,ADD,ind_prs23022021.pdf,Page 2,3) NIFTY 500,ACTIVE,RAW
PEVT_00914,RAW_00914,,ADDITION,BALAMINES,,,Balaji Amines Ltd.,,2021-MAR,PARENT_NIFTY_500,ADD,ind_prs23022021.pdf,Page 2,3) NIFTY 500,ACTIVE,RAW
PEVT_00915,RAW_00915,,ADDITION,CAMS,,,Computer Age Management Services Ltd.,,2021-MAR,PARENT_NIFTY_500,ADD,ind_prs23022021.pdf,Page 2,3) NIFTY 500,ACTIVE,RAW
PEVT_00916,RAW_00916,,ADDITION,HAPPSTMNDS,,,Happiest Minds Technologies Ltd.,,2021-MAR,PARENT_NIFTY_500,ADD,ind_prs23022021.pdf,Page 2,3) NIFTY 500,ACTIVE,RAW
PEVT_00917,RAW_00917,,ADDITION,HEMIPROP,,,Hemisphere Properties India Ltd.,,2021-MAR,PARENT_NIFTY_500,ADD,ind_prs23022021.pdf,Page 2,3) NIFTY 500,ACTIVE,RAW
PEVT_00918,RAW_00918,,ADDITION,ICIL,,,Indo Count Industries Ltd.,,2021-MAR,PARENT_NIFTY_500,ADD,ind_prs23022021.pdf,Page 2,3) NIFTY 500,ACTIVE,RAW
PEVT_00919,RAW_00919,,ADDITION,INTELLECT,,,Intellect Design Arena Ltd.,,2021-MAR,PARENT_NIFTY_500,ADD,ind_prs23022021.pdf,Page 3,3) NIFTY 500,ACTIVE,RAW
PEVT_00920,RAW_00920,,ADDITION,KPRMILL,,,K.P.R. Mill Ltd.,,2021-MAR,PARENT_NIFTY_500,ADD,ind_prs23022021.pdf,Page 3,3) NIFTY 500,ACTIVE,RAW
PEVT_00921,RAW_00921,,ADDITION,KPITTECH,,,KPIT Technologies Ltd.,,2021-MAR,PARENT_NIFTY_500,ADD,ind_prs23022021.pdf,Page 3,3) NIFTY 500,ACTIVE,RAW
PEVT_00922,RAW_00922,,ADDITION,MAXHEALTH,,,Max Healthcare Institute Ltd.,,2021-MAR,PARENT_NIFTY_500,ADD,ind_prs23022021.pdf,Page 3,3) NIFTY 500,ACTIVE,RAW
PEVT_00923,RAW_00923,,ADDITION,MAZDOCK,,,Mazagoan Dock Shipbuilders Ltd.,,2021-MAR,PARENT_NIFTY_500,ADD,ind_prs23022021.pdf,Page 3,3) NIFTY 500,ACTIVE,RAW
PEVT_00924,RAW_00924,,ADDITION,PRINCEPIPE,,,Prince Pipes and Fittings Ltd.,,2021-MAR,PARENT_NIFTY_500,ADD,ind_prs23022021.pdf,Page 3,3) NIFTY 500,ACTIVE,RAW
PEVT_00925,RAW_00925,,ADDITION,RESPONIND,,,Responsive Industries Ltd.,,2021-MAR,PARENT_NIFTY_500,ADD,ind_prs23022021.pdf,Page 3,3) NIFTY 500,ACTIVE,RAW
PEVT_00926,RAW_00926,,ADDITION,ROSSARI,,,Rossari Biotech Ltd.,,2021-MAR,PARENT_NIFTY_500,ADD,ind_prs23022021.pdf,Page 3,3) NIFTY 500,ACTIVE,RAW
PEVT_00927,RAW_00927,,ADDITION,ROUTE,,,Route Mobile Ltd.,,2021-MAR,PARENT_NIFTY_500,ADD,ind_prs23022021.pdf,Page 3,3) NIFTY 500,ACTIVE,RAW
PEVT_00928,RAW_00928,,ADDITION,SHARDACROP,,,Sharda Cropchem Ltd.,,2021-MAR,PARENT_NIFTY_500,ADD,ind_prs23022021.pdf,Page 3,3) NIFTY 500,ACTIVE,RAW
PEVT_00929,RAW_00929,,ADDITION,SPANDANA,,,Spandana Sphoorty Financial Ltd.,,2021-MAR,PARENT_NIFTY_500,ADD,ind_prs23022021.pdf,Page 3,3) NIFTY 500,ACTIVE,RAW
PEVT_00930,RAW_00930,,ADDITION,SUNCLAYLTD,,,Sundaram Clayton Ltd.,,2021-MAR,PARENT_NIFTY_500,ADD,ind_prs23022021.pdf,Page 3,3) NIFTY 500,ACTIVE,RAW
PEVT_00931,RAW_00931,,ADDITION,TANLA,,,Tanla Platforms Ltd.,,2021-MAR,PARENT_NIFTY_500,ADD,ind_prs23022021.pdf,Page 3,3) NIFTY 500,ACTIVE,RAW
PEVT_00932,RAW_00932,,ADDITION,TRITURBINE,,,Triveni Turbine Ltd.,,2021-MAR,PARENT_NIFTY_500,ADD,ind_prs23022021.pdf,Page 3,3) NIFTY 500,ACTIVE,RAW
PEVT_00933,RAW_00933,,ADDITION,UTIAMC,,,UTI Asset Management Company Ltd.,,2021-MAR,PARENT_NIFTY_500,ADD,ind_prs23022021.pdf,Page 3,3) NIFTY 500,ACTIVE,RAW
PEVT_00934,RAW_00934,,ADDITION,VALIANTORG,,,Valiant Organics Ltd.,,2021-MAR,PARENT_NIFTY_500,ADD,ind_prs23022021.pdf,Page 3,3) NIFTY 500,ACTIVE,RAW
PEVT_00935,RAW_00935,,ADDITION,VEDL,,,Vedanta Ltd.,,2021-MAR,PARENT_NIFTY_500,ADD,ind_prs23022021.pdf,Page 3,3) NIFTY 500,ACTIVE,RAW
PEVT_00936,RAW_00936,"March 30, 2026",DELETION,AKUMS,,,Akums Drugs and Pharmaceuticals Ltd.,,2026-MAR,PARENT_NIFTY_500,REMOVE,ind_prs23022026.pdf,Page 1,2) Nifty 500,ACTIVE,RAW
PEVT_00937,RAW_00937,"March 30, 2026",DELETION,APLLTD,,,Alembic Pharmaceuticals Ltd.,,2026-MAR,PARENT_NIFTY_500,REMOVE,ind_prs23022026.pdf,Page 1,2) Nifty 500,ACTIVE,RAW
PEVT_00938,RAW_00938,"March 30, 2026",DELETION,ALKYLAMINE,,,Alkyl Amines Chemicals Ltd.,,2026-MAR,PARENT_NIFTY_500,REMOVE,ind_prs23022026.pdf,Page 1,2) Nifty 500,ACTIVE,RAW
PEVT_00939,RAW_00939,"March 30, 2026",DELETION,ALOKINDS,,,Alok Industries Ltd.,,2026-MAR,PARENT_NIFTY_500,REMOVE,ind_prs23022026.pdf,Page 1,2) Nifty 500,ACTIVE,RAW
PEVT_00941,RAW_00941,"March 30, 2026",DELETION,BASF,,,BASF India Ltd.,,2026-MAR,PARENT_NIFTY_500,REMOVE,ind_prs23022026.pdf,Page 1,2) Nifty 500,ACTIVE,RAW
PEVT_00942,RAW_00942,"March 30, 2026",DELETION,CAMPUS,,,Campus Activewear Ltd.,,2026-MAR,PARENT_NIFTY_500,REMOVE,ind_prs23022026.pdf,Page 1,2) Nifty 500,ACTIVE,RAW
PEVT_00943,RAW_00943,"March 30, 2026",DELETION,CENTURYPLY,,,Century Plyboards (India) Ltd.,,2026-MAR,PARENT_NIFTY_500,REMOVE,ind_prs23022026.pdf,Page 1,2) Nifty 500,ACTIVE,RAW
PEVT_00944,RAW_00944,"March 30, 2026",DELETION,CERA,,,Cera Sanitaryware Ltd,,2026-MAR,PARENT_NIFTY_500,REMOVE,ind_prs23022026.pdf,Page 1,2) Nifty 500,ACTIVE,RAW
PEVT_00945,RAW_00945,"March 30, 2026",DELETION,AGARWALEYE,,,Dr. Agarwal's Health Care Ltd.,,2026-MAR,PARENT_NIFTY_500,REMOVE,ind_prs23022026.pdf,Page 1,2) Nifty 500,ACTIVE,RAW
PEVT_00946,RAW_00946,"March 30, 2026",DELETION,FINPIPE,,,Finolex Industries Ltd.,,2026-MAR,PARENT_NIFTY_500,REMOVE,ind_prs23022026.pdf,Page 1,2) Nifty 500,ACTIVE,RAW
PEVT_00947,RAW_00947,"March 30, 2026",DELETION,GODREJAGRO,,,Godrej Agrovet Ltd.,,2026-MAR,PARENT_NIFTY_500,REMOVE,ind_prs23022026.pdf,Page 1,2) Nifty 500,ACTIVE,RAW
PEVT_00948,RAW_00948,"March 30, 2026",DELETION,GUJGASLTD,,,Gujarat Gas Ltd.,,2026-MAR,PARENT_NIFTY_500,REMOVE,ind_prs23022026.pdf,Page 1,2) Nifty 500,ACTIVE,RAW
PEVT_00949,RAW_00949,"March 30, 2026",DELETION,HAPPSTMNDS,,,Happiest Minds Technologies Ltd.,,2026-MAR,PARENT_NIFTY_500,REMOVE,ind_prs23022026.pdf,Page 1,2) Nifty 500,ACTIVE,RAW
PEVT_00950,RAW_00950,"March 30, 2026",DELETION,INOXINDIA,,,INOX India Ltd.,,2026-MAR,PARENT_NIFTY_500,REMOVE,ind_prs23022026.pdf,Page 1,2) Nifty 500,ACTIVE,RAW
PEVT_00951,RAW_00951,"March 30, 2026",DELETION,JYOTHYLAB,,,Jyothy Labs Ltd.,,2026-MAR,PARENT_NIFTY_500,REMOVE,ind_prs23022026.pdf,Page 1,2) Nifty 500,ACTIVE,RAW
PEVT_00952,RAW_00952,"March 30, 2026",DELETION,KIRLOSBROS,,,Kirloskar Brothers Ltd.,,2026-MAR,PARENT_NIFTY_500,REMOVE,ind_prs23022026.pdf,Page 1,2) Nifty 500,ACTIVE,RAW
PEVT_00953,RAW_00953,"March 30, 2026",DELETION,KSB,,,KSB Ltd.,,2026-MAR,PARENT_NIFTY_500,REMOVE,ind_prs23022026.pdf,Page 1,2) Nifty 500,ACTIVE,RAW
PEVT_00954,RAW_00954,"March 30, 2026",DELETION,MAHSCOOTER,,,Maharashtra Scooters Ltd.,,2026-MAR,PARENT_NIFTY_500,REMOVE,ind_prs23022026.pdf,Page 2,2) Nifty 500,ACTIVE,RAW
PEVT_00955,RAW_00955,"March 30, 2026",DELETION,MAHSEAMLES,,,Maharashtra Seamless Ltd.,,2026-MAR,PARENT_NIFTY_500,REMOVE,ind_prs23022026.pdf,Page 2,2) Nifty 500,ACTIVE,RAW
PEVT_00956,RAW_00956,"March 30, 2026",DELETION,METROPOLIS,,,Metropolis Healthcare Ltd.,,2026-MAR,PARENT_NIFTY_500,REMOVE,ind_prs23022026.pdf,Page 2,2) Nifty 500,ACTIVE,RAW
PEVT_00957,RAW_00957,"March 30, 2026",DELETION,PRAJIND,,,Praj Industries Ltd.,,2026-MAR,PARENT_NIFTY_500,REMOVE,ind_prs23022026.pdf,Page 2,2) Nifty 500,ACTIVE,RAW
PEVT_00958,RAW_00958,"March 30, 2026",DELETION,PGHH,,,Procter & Gamble Hygiene & Health Care Ltd.,,2026-MAR,PARENT_NIFTY_500,REMOVE,ind_prs23022026.pdf,Page 2,2) Nifty 500,ACTIVE,RAW
PEVT_00959,RAW_00959,"March 30, 2026",DELETION,RCF,,,Rashtriya Chemicals & Fertilizers Ltd.,,2026-MAR,PARENT_NIFTY_500,REMOVE,ind_prs23022026.pdf,Page 2,2) Nifty 500,ACTIVE,RAW
PEVT_00960,RAW_00960,"March 30, 2026",DELETION,RELINFRA,,,Reliance Infrastructure Ltd.,,2026-MAR,PARENT_NIFTY_500,REMOVE,ind_prs23022026.pdf,Page 2,2) Nifty 500,ACTIVE,RAW
PEVT_00961,RAW_00961,"March 30, 2026",DELETION,SUNDRMFAST,,,Sundram Fasteners Ltd.,,2026-MAR,PARENT_NIFTY_500,REMOVE,ind_prs23022026.pdf,Page 2,2) Nifty 500,ACTIVE,RAW
PEVT_00962,RAW_00962,"March 30, 2026",DELETION,TRIVENI,,,Triveni Engineering & Industries Ltd.,,2026-MAR,PARENT_NIFTY_500,REMOVE,ind_prs23022026.pdf,Page 2,2) Nifty 500,ACTIVE,RAW
PEVT_00963,RAW_00963,"March 30, 2026",DELETION,DBREALTY,,,Valor Estate Ltd.,,2026-MAR,PARENT_NIFTY_500,REMOVE,ind_prs23022026.pdf,Page 2,2) Nifty 500,ACTIVE,RAW
PEVT_00964,RAW_00964,"March 30, 2026",DELETION,MANYAVAR,,,Vedant Fashions Ltd.,,2026-MAR,PARENT_NIFTY_500,REMOVE,ind_prs23022026.pdf,Page 2,2) Nifty 500,ACTIVE,RAW
PEVT_00965,RAW_00965,"March 30, 2026",DELETION,VENTIVE,,,Ventive Hospitality Ltd.,,2026-MAR,PARENT_NIFTY_500,REMOVE,ind_prs23022026.pdf,Page 2,2) Nifty 500,ACTIVE,RAW
PEVT_00966,RAW_00966,"March 30, 2026",DELETION,VGUARD,,,V-Guard Industries Ltd.,,2026-MAR,PARENT_NIFTY_500,REMOVE,ind_prs23022026.pdf,Page 2,2) Nifty 500,ACTIVE,RAW
PEVT_00967,RAW_00967,"March 30, 2026",ADDITION,ACUTAAS,,,Acutaas Chemicals Ltd.,,2026-MAR,PARENT_NIFTY_500,ADD,ind_prs23022026.pdf,Page 2,2) Nifty 500,ACTIVE,RAW
PEVT_00968,RAW_00968,"March 30, 2026",ADDITION,CPPLUS,,,Aditya Infotech Ltd.,,2026-MAR,PARENT_NIFTY_500,ADD,ind_prs23022026.pdf,Page 2,2) Nifty 500,ACTIVE,RAW
PEVT_00969,RAW_00969,"March 30, 2026",ADDITION,ABDL,,,Allied Blenders and Distillers Ltd.,,2026-MAR,PARENT_NIFTY_500,ADD,ind_prs23022026.pdf,Page 2,2) Nifty 500,ACTIVE,RAW
PEVT_00970,RAW_00970,"March 30, 2026",ADDITION,ANTHEM,,,Anthem Biosciences Ltd.,,2026-MAR,PARENT_NIFTY_500,ADD,ind_prs23022026.pdf,Page 2,2) Nifty 500,ACTIVE,RAW
PEVT_00971,RAW_00971,"March 30, 2026",ADDITION,ANURAS,,,Anupam Rasayan India Ltd.,,2026-MAR,PARENT_NIFTY_500,ADD,ind_prs23022026.pdf,Page 2,2) Nifty 500,ACTIVE,RAW
PEVT_00972,RAW_00972,"March 30, 2026",ADDITION,BELRISE,,,Belrise Industries Ltd.,,2026-MAR,PARENT_NIFTY_500,ADD,ind_prs23022026.pdf,Page 2,2) Nifty 500,ACTIVE,RAW
PEVT_00973,RAW_00973,"March 30, 2026",ADDITION,GROWW,,,Billionbrains Garage Ventures Ltd.,,2026-MAR,PARENT_NIFTY_500,ADD,ind_prs23022026.pdf,Page 2,2) Nifty 500,ACTIVE,RAW
PEVT_00974,RAW_00974,"March 30, 2026",ADDITION,CANHLIFE,,,Canara HSBC Life Insurance Company Ltd.,,2026-MAR,PARENT_NIFTY_500,ADD,ind_prs23022026.pdf,Page 2,2) Nifty 500,ACTIVE,RAW
PEVT_00975,RAW_00975,"March 30, 2026",ADDITION,CARTRADE,,,Cartrade Tech Ltd.,,2026-MAR,PARENT_NIFTY_500,ADD,ind_prs23022026.pdf,Page 2,2) Nifty 500,ACTIVE,RAW
PEVT_00976,RAW_00976,"March 30, 2026",ADDITION,CEMPRO,,,Cemindia Projects Ltd.,,2026-MAR,PARENT_NIFTY_500,ADD,ind_prs23022026.pdf,Page 2,2) Nifty 500,ACTIVE,RAW
PEVT_00977,RAW_00977,"March 30, 2026",ADDITION,EMMVEE,,,Emmvee Photovoltaic Power Ltd.,,2026-MAR,PARENT_NIFTY_500,ADD,ind_prs23022026.pdf,Page 2,2) Nifty 500,ACTIVE,RAW
PEVT_00978,RAW_00978,"March 30, 2026",ADDITION,GABRIEL,,,Gabriel India Ltd.,,2026-MAR,PARENT_NIFTY_500,ADD,ind_prs23022026.pdf,Page 2,2) Nifty 500,ACTIVE,RAW
PEVT_00979,RAW_00979,"March 30, 2026",ADDITION,GALLANTT,,,Gallantt Ispat Ltd.,,2026-MAR,PARENT_NIFTY_500,ADD,ind_prs23022026.pdf,Page 2,2) Nifty 500,ACTIVE,RAW
PEVT_00980,RAW_00980,"March 30, 2026",ADDITION,HDBFS,,,HDB Financial Services Ltd.,,2026-MAR,PARENT_NIFTY_500,ADD,ind_prs23022026.pdf,Page 2,2) Nifty 500,ACTIVE,RAW
PEVT_00981,RAW_00981,"March 30, 2026",ADDITION,ICICIAMC,,,ICICI Prudential Asset Management Company Ltd.,,2026-MAR,PARENT_NIFTY_500,ADD,ind_prs23022026.pdf,Page 2,2) Nifty 500,ACTIVE,RAW
PEVT_00982,RAW_00982,"March 30, 2026",ADDITION,JAINREC,,,Jain Resource Recycling Ltd.,,2026-MAR,PARENT_NIFTY_500,ADD,ind_prs23022026.pdf,Page 2,2) Nifty 500,ACTIVE,RAW
PEVT_00983,RAW_00983,"March 30, 2026",ADDITION,LENSKART,,,Lenskart Solutions Ltd.,,2026-MAR,PARENT_NIFTY_500,ADD,ind_prs23022026.pdf,Page 2,2) Nifty 500,ACTIVE,RAW
PEVT_00984,RAW_00984,"March 30, 2026",ADDITION,LGEINDIA,,,LG Electronics India Ltd.,,2026-MAR,PARENT_NIFTY_500,ADD,ind_prs23022026.pdf,Page 2,2) Nifty 500,ACTIVE,RAW
PEVT_00985,RAW_00985,"March 30, 2026",ADDITION,MEESHO,,,Meesho Ltd.,,2026-MAR,PARENT_NIFTY_500,ADD,ind_prs23022026.pdf,Page 2,2) Nifty 500,ACTIVE,RAW
PEVT_00986,RAW_00986,"March 30, 2026",ADDITION,PARADEEP,,,Paradeep Phosphates Ltd.,,2026-MAR,PARENT_NIFTY_500,ADD,ind_prs23022026.pdf,Page 2,2) Nifty 500,ACTIVE,RAW
PEVT_00987,RAW_00987,"March 30, 2026",ADDITION,PWL,,,Physicswallah Ltd.,,2026-MAR,PARENT_NIFTY_500,ADD,ind_prs23022026.pdf,Page 3,2) Nifty 500,ACTIVE,RAW
PEVT_00988,RAW_00988,"March 30, 2026",ADDITION,PINELABS,,,Pine Labs Ltd.,,2026-MAR,PARENT_NIFTY_500,ADD,ind_prs23022026.pdf,Page 3,2) Nifty 500,ACTIVE,RAW
PEVT_00989,RAW_00989,"March 30, 2026",ADDITION,PIRAMALFIN,,,Piramal Finance Ltd.,,2026-MAR,PARENT_NIFTY_500,ADD,ind_prs23022026.pdf,Page 3,2) Nifty 500,ACTIVE,RAW
PEVT_00990,RAW_00990,"March 30, 2026",ADDITION,SPLPETRO,,,Supreme Petrochem Ltd.,,2026-MAR,PARENT_NIFTY_500,ADD,ind_prs23022026.pdf,Page 3,2) Nifty 500,ACTIVE,RAW
PEVT_00991,RAW_00991,"March 30, 2026",ADDITION,TATACAP,,,Tata Capital Ltd.,,2026-MAR,PARENT_NIFTY_500,ADD,ind_prs23022026.pdf,Page 3,2) Nifty 500,ACTIVE,RAW
PEVT_00992,RAW_00992,"March 30, 2026",ADDITION,TMCV,,,Tata Motors Ltd.,,2026-MAR,PARENT_NIFTY_500,ADD,ind_prs23022026.pdf,Page 3,2) Nifty 500,ACTIVE,RAW
PEVT_00993,RAW_00993,"March 30, 2026",ADDITION,TEGA,,,Tega Industries Ltd.,,2026-MAR,PARENT_NIFTY_500,ADD,ind_prs23022026.pdf,Page 3,2) Nifty 500,ACTIVE,RAW
PEVT_00994,RAW_00994,"March 30, 2026",ADDITION,TENNIND,,,Tenneco Clean Air India Ltd.,,2026-MAR,PARENT_NIFTY_500,ADD,ind_prs23022026.pdf,Page 3,2) Nifty 500,ACTIVE,RAW
PEVT_00995,RAW_00995,"March 30, 2026",ADDITION,TRAVELFOOD,,,Travel Food Services Ltd.,,2026-MAR,PARENT_NIFTY_500,ADD,ind_prs23022026.pdf,Page 3,2) Nifty 500,ACTIVE,RAW
PEVT_00996,RAW_00996,"March 30, 2026",ADDITION,URBANCO,,,Urban Company Ltd.,,2026-MAR,PARENT_NIFTY_500,ADD,ind_prs23022026.pdf,Page 3,2) Nifty 500,ACTIVE,RAW
PEVT_00997,RAW_00997,"March 30, 2026",ADDITION,ZYDUSWELL,,,Zydus Wellness Ltd.,,2026-MAR,PARENT_NIFTY_500,ADD,ind_prs23022026.pdf,Page 3,2) Nifty 500,ACTIVE,RAW
PEVT_00998,RAW_00998,"March 27, 2020",DELETION,GAYAPROJ,,,Gayatri Projects Ltd.,,2020-MAR,PARENT_NIFTY_500,REMOVE,ind_prs23032020.pdf,Page 1,"Replacement in NIFTY 500, NIFTY Smallcap 250 and NIFTY MidSmallcap 400 to comply",ACTIVE,RAW
PEVT_00999,RAW_00999,"March 27, 2020",DELETION,FLUOROCHEM,,,Gujarat Fluorochemicals Ltd.,,2020-MAR,PARENT_NIFTY_500,REMOVE,ind_prs23032020.pdf,Page 1,"Replacement in NIFTY 500, NIFTY Smallcap 250 and NIFTY MidSmallcap 400 to comply",ACTIVE,RAW
PEVT_01000,RAW_01000,"August 30, 2022",DELETION,AARTIDRUGS,,,Aarti Drugs Ltd.,,2022-SEP,PARENT_NIFTY_500,REMOVE,ind_prs23082022.pdf,Page 1,2) Nifty500 Shariah,ACTIVE,RAW
PEVT_01001,RAW_01001,"August 30, 2022",DELETION,CROMPTON,,,Crompton Greaves Consumer Electricals Ltd.,,2022-SEP,PARENT_NIFTY_500,REMOVE,ind_prs23082022.pdf,Page 1,2) Nifty500 Shariah,ACTIVE,RAW
PEVT_01002,RAW_01002,"August 30, 2022",DELETION,GODREJAGRO,,,Godrej Agrovet Ltd.,,2022-SEP,PARENT_NIFTY_500,REMOVE,ind_prs23082022.pdf,Page 1,2) Nifty500 Shariah,ACTIVE,RAW
PEVT_01003,RAW_01003,"August 30, 2022",DELETION,ROUTE,,,Route Mobile Ltd.,,2022-SEP,PARENT_NIFTY_500,REMOVE,ind_prs23082022.pdf,Page 1,2) Nifty500 Shariah,ACTIVE,RAW
PEVT_01004,RAW_01004,"August 30, 2022",DELETION,SUDARSCHEM,,,Sudarshan Chemical Industries Ltd.,,2022-SEP,PARENT_NIFTY_500,REMOVE,ind_prs23082022.pdf,Page 1,2) Nifty500 Shariah,ACTIVE,RAW
PEVT_01005,RAW_01005,"August 30, 2022",DELETION,WELCORP,,,Welspun Corp Ltd.,,2022-SEP,PARENT_NIFTY_500,REMOVE,ind_prs23082022.pdf,Page 1,2) Nifty500 Shariah,ACTIVE,RAW
PEVT_01006,RAW_01006,"August 30, 2022",ADDITION,BORORENEW,,,Borosil Renewables Ltd.,,2022-SEP,PARENT_NIFTY_500,ADD,ind_prs23082022.pdf,Page 1,2) Nifty500 Shariah,ACTIVE,RAW
PEVT_01007,RAW_01007,"August 30, 2022",ADDITION,CLEAN,,,Clean Science and Technology Ltd.,,2022-SEP,PARENT_NIFTY_500,ADD,ind_prs23082022.pdf,Page 1,2) Nifty500 Shariah,ACTIVE,RAW
PEVT_01008,RAW_01008,"August 30, 2022",ADDITION,GPPL,,,Gujarat Pipavav Port Ltd.,,2022-SEP,PARENT_NIFTY_500,ADD,ind_prs23082022.pdf,Page 1,2) Nifty500 Shariah,ACTIVE,RAW
PEVT_01009,RAW_01009,"August 30, 2022",ADDITION,NUVOCO,,,Nuvoco Vistas Corporation Ltd.,,2022-SEP,PARENT_NIFTY_500,ADD,ind_prs23082022.pdf,Page 1,2) Nifty500 Shariah,ACTIVE,RAW
PEVT_01010,RAW_01010,"August 30, 2022",ADDITION,SHREECEM,,,Shree Cement Ltd.,,2022-SEP,PARENT_NIFTY_500,ADD,ind_prs23082022.pdf,Page 2,2) Nifty500 Shariah,ACTIVE,RAW
PEVT_01011,RAW_01011,"August 30, 2022",ADDITION,SOBHA,,,Sobha Ltd.,,2022-SEP,PARENT_NIFTY_500,ADD,ind_prs23082022.pdf,Page 2,2) Nifty500 Shariah,ACTIVE,RAW
PEVT_01012,RAW_01012,"August 30, 2022",ADDITION,VIPIND,,,V.I.P. Industries Ltd.,,2022-SEP,PARENT_NIFTY_500,ADD,ind_prs23082022.pdf,Page 2,2) Nifty500 Shariah,ACTIVE,RAW
PEVT_01013,RAW_01013,"August 30, 2022",ADDITION,ZENSARTECH,,,Zensar Technolgies Ltd.,,2022-SEP,PARENT_NIFTY_500,ADD,ind_prs23082022.pdf,Page 2,2) Nifty500 Shariah,ACTIVE,RAW
PEVT_01014,RAW_01014,"August 30, 2022",ADDITION,ZFCVINDIA,,,ZF Commercial Vehicle Control Systems India Ltd.,,2022-SEP,PARENT_NIFTY_500,ADD,ind_prs23082022.pdf,Page 2,2) Nifty500 Shariah,ACTIVE,RAW
PEVT_01015,RAW_01015,"August 30, 2022",ADDITION,ZYDUSLIFE,,,Zydus Lifesciences Ltd.,,2022-SEP,PARENT_NIFTY_500,ADD,ind_prs23082022.pdf,Page 2,2) Nifty500 Shariah,ACTIVE,RAW
PEVT_01016,RAW_01016,"August 31, 2023",DELETION,GPPL,,,Gujarat Pipavav Port Ltd.,,2023-SEP,PARENT_NIFTY_500,REMOVE,ind_prs23082023.pdf,Page 1,1) Nifty500 Shariah,ACTIVE,RAW
PEVT_01017,RAW_01017,"August 31, 2023",DELETION,MAHLIFE,,,Mahindra Lifespace Developers Ltd.,,2023-SEP,PARENT_NIFTY_500,REMOVE,ind_prs23082023.pdf,Page 1,1) Nifty500 Shariah,ACTIVE,RAW
PEVT_01018,RAW_01018,"August 31, 2023",DELETION,MAHLOG,,,Mahindra Logistics Ltd.,,2023-SEP,PARENT_NIFTY_500,REMOVE,ind_prs23082023.pdf,Page 1,1) Nifty500 Shariah,ACTIVE,RAW
PEVT_01019,RAW_01019,"August 31, 2023",DELETION,PFIZER,,,Pfizer Ltd.,,2023-SEP,PARENT_NIFTY_500,REMOVE,ind_prs23082023.pdf,Page 1,1) Nifty500 Shariah,ACTIVE,RAW
PEVT_01020,RAW_01020,"August 31, 2023",DELETION,ZENSARTECH,,,Zensar Technolgies Ltd.,,2023-SEP,PARENT_NIFTY_500,REMOVE,ind_prs23082023.pdf,Page 1,1) Nifty500 Shariah,ACTIVE,RAW
PEVT_01021,RAW_01021,"August 31, 2023",DELETION,ZYDUSLIFE,,,Zydus Lifesciences Ltd.,,2023-SEP,PARENT_NIFTY_500,REMOVE,ind_prs23082023.pdf,Page 1,1) Nifty500 Shariah,ACTIVE,RAW
PEVT_01022,RAW_01022,"August 31, 2023",ADDITION,AEGISCHEM,,,Aegis Logistics Ltd.,,2023-SEP,PARENT_NIFTY_500,ADD,ind_prs23082023.pdf,Page 1,1) Nifty500 Shariah,ACTIVE,RAW
PEVT_01023,RAW_01023,"August 31, 2023",ADDITION,ACI,,,Archean Chemical Industries Ltd.,,2023-SEP,PARENT_NIFTY_500,ADD,ind_prs23082023.pdf,Page 1,1) Nifty500 Shariah,ACTIVE,RAW
PEVT_01024,RAW_01024,"August 31, 2023",ADDITION,BIOCON,,,Biocon Ltd.,,2023-SEP,PARENT_NIFTY_500,ADD,ind_prs23082023.pdf,Page 1,1) Nifty500 Shariah,ACTIVE,RAW
PEVT_01025,RAW_01025,"August 31, 2023",ADDITION,METROPOLIS,,,Metropolis Healthcare Ltd.,,2023-SEP,PARENT_NIFTY_500,ADD,ind_prs23082023.pdf,Page 1,1) Nifty500 Shariah,ACTIVE,RAW
PEVT_01026,RAW_01026,"August 31, 2023",ADDITION,THERMAX,,,Thermax Ltd.,,2023-SEP,PARENT_NIFTY_500,ADD,ind_prs23082023.pdf,Page 1,1) Nifty500 Shariah,ACTIVE,RAW
PEVT_01027,RAW_01027,"September 30, 2024",DELETION,AETHER,,,Aether Industries Ltd.,,2024-SEP,PARENT_NIFTY_500,REMOVE,ind_prs23082024.pdf,Page 3,c) Nifty 500,ACTIVE,RAW
PEVT_01028,RAW_01028,"September 30, 2024",DELETION,ALLCARGO,,,Allcargo Logistics Ltd.,,2024-SEP,PARENT_NIFTY_500,REMOVE,ind_prs23082024.pdf,Page 3,c) Nifty 500,ACTIVE,RAW
PEVT_01029,RAW_01029,"September 30, 2024",DELETION,ANURAS,,,Anupam Rasayan India Ltd.,,2024-SEP,PARENT_NIFTY_500,REMOVE,ind_prs23082024.pdf,Page 3,c) Nifty 500,ACTIVE,RAW
PEVT_01030,RAW_01030,"September 30, 2024",DELETION,BORORENEW,,,Borosil Renewables Ltd.,,2024-SEP,PARENT_NIFTY_500,REMOVE,ind_prs23082024.pdf,Page 3,c) Nifty 500,ACTIVE,RAW
PEVT_01031,RAW_01031,"September 30, 2024",DELETION,CSBBANK,,,CSB Bank Ltd.,,2024-SEP,PARENT_NIFTY_500,REMOVE,ind_prs23082024.pdf,Page 3,c) Nifty 500,ACTIVE,RAW
PEVT_01032,RAW_01032,"September 30, 2024",DELETION,DCMSHRIRAM,,,DCM Shriram Ltd.,,2024-SEP,PARENT_NIFTY_500,REMOVE,ind_prs23082024.pdf,Page 3,c) Nifty 500,ACTIVE,RAW
PEVT_01033,RAW_01033,"September 30, 2024",DELETION,EPL,,,EPL Ltd.,,2024-SEP,PARENT_NIFTY_500,REMOVE,ind_prs23082024.pdf,Page 3,c) Nifty 500,ACTIVE,RAW
PEVT_01034,RAW_01034,"September 30, 2024",DELETION,FDC,,,FDC Ltd.,,2024-SEP,PARENT_NIFTY_500,REMOVE,ind_prs23082024.pdf,Page 3,c) Nifty 500,ACTIVE,RAW
PEVT_01035,RAW_01035,"September 30, 2024",DELETION,GLS,,,Glenmark Life Sciences Ltd.,,2024-SEP,PARENT_NIFTY_500,REMOVE,ind_prs23082024.pdf,Page 3,c) Nifty 500,ACTIVE,RAW
PEVT_01036,RAW_01036,"September 30, 2024",DELETION,GMMPFAUDLR,,,GMM Pfaudler Ltd.,,2024-SEP,PARENT_NIFTY_500,REMOVE,ind_prs23082024.pdf,Page 3,c) Nifty 500,ACTIVE,RAW
PEVT_01037,RAW_01037,"September 30, 2024",DELETION,HAPPYFORGE,,,Happy Forgings Ltd.,,2024-SEP,PARENT_NIFTY_500,REMOVE,ind_prs23082024.pdf,Page 3,c) Nifty 500,ACTIVE,RAW
PEVT_01038,RAW_01038,"September 30, 2024",DELETION,INDIGOPNTS,,,Indigo Paints Ltd.,,2024-SEP,PARENT_NIFTY_500,REMOVE,ind_prs23082024.pdf,Page 3,c) Nifty 500,ACTIVE,RAW
PEVT_01039,RAW_01039,"September 30, 2024",DELETION,JAIBALAJI,,,Jai Balaji Industries Ltd.,,2024-SEP,PARENT_NIFTY_500,REMOVE,ind_prs23082024.pdf,Page 3,c) Nifty 500,ACTIVE,RAW
PEVT_01040,RAW_01040,"September 30, 2024",DELETION,JKPAPER,,,JK Paper Ltd.,,2024-SEP,PARENT_NIFTY_500,REMOVE,ind_prs23082024.pdf,Page 3,c) Nifty 500,ACTIVE,RAW
PEVT_01041,RAW_01041,"September 30, 2024",DELETION,KRBL,,,KRBL Ltd.,,2024-SEP,PARENT_NIFTY_500,REMOVE,ind_prs23082024.pdf,Page 3,c) Nifty 500,ACTIVE,RAW
PEVT_01042,RAW_01042,"September 30, 2024",DELETION,LXCHEM,,,Laxmi Organic Industries Ltd.,,2024-SEP,PARENT_NIFTY_500,REMOVE,ind_prs23082024.pdf,Page 3,c) Nifty 500,ACTIVE,RAW
PEVT_01043,RAW_01043,"September 30, 2024",DELETION,MHRIL,,,Mahindra Holidays & Resorts India Ltd.,,2024-SEP,PARENT_NIFTY_500,REMOVE,ind_prs23082024.pdf,Page 3,c) Nifty 500,ACTIVE,RAW
PEVT_01044,RAW_01044,"September 30, 2024",DELETION,MEDPLUS,,,Medplus Health Services Ltd.,,2024-SEP,PARENT_NIFTY_500,REMOVE,ind_prs23082024.pdf,Page 3,c) Nifty 500,ACTIVE,RAW
PEVT_01045,RAW_01045,"September 30, 2024",DELETION,MTARTECH,,,MTAR Technologies Ltd.,,2024-SEP,PARENT_NIFTY_500,REMOVE,ind_prs23082024.pdf,Page 3,c) Nifty 500,ACTIVE,RAW
PEVT_01046,RAW_01046,"September 30, 2024",DELETION,PRINCEPIPE,,,Prince Pipes and Fittings Ltd.,,2024-SEP,PARENT_NIFTY_500,REMOVE,ind_prs23082024.pdf,Page 3,c) Nifty 500,ACTIVE,RAW
PEVT_01047,RAW_01047,"September 30, 2024",DELETION,RBA,,,Restaurant Brands Asia Ltd.,,2024-SEP,PARENT_NIFTY_500,REMOVE,ind_prs23082024.pdf,Page 3,c) Nifty 500,ACTIVE,RAW
PEVT_01048,RAW_01048,"September 30, 2024",DELETION,SAFARI,,,Safari Industries (India) Ltd.,,2024-SEP,PARENT_NIFTY_500,REMOVE,ind_prs23082024.pdf,Page 3,c) Nifty 500,ACTIVE,RAW
PEVT_01049,RAW_01049,"September 30, 2024",DELETION,STLTECH,,,Sterlite Technologies Ltd.,,2024-SEP,PARENT_NIFTY_500,REMOVE,ind_prs23082024.pdf,Page 3,c) Nifty 500,ACTIVE,RAW
PEVT_01050,RAW_01050,"September 30, 2024",DELETION,SUNTECK,,,Sunteck Realty Ltd.,,2024-SEP,PARENT_NIFTY_500,REMOVE,ind_prs23082024.pdf,Page 3,c) Nifty 500,ACTIVE,RAW
PEVT_01051,RAW_01051,"September 30, 2024",DELETION,TMB,,,Tamilnad Mercantile Bank Ltd.,,2024-SEP,PARENT_NIFTY_500,REMOVE,ind_prs23082024.pdf,Page 3,c) Nifty 500,ACTIVE,RAW
PEVT_01052,RAW_01052,"September 30, 2024",DELETION,VAIBHAVGBL,,,Vaibhav Global Ltd.,,2024-SEP,PARENT_NIFTY_500,REMOVE,ind_prs23082024.pdf,Page 3,c) Nifty 500,ACTIVE,RAW
PEVT_01053,RAW_01053,"September 30, 2024",DELETION,IDEA,,,Vodafone Idea Ltd.,,2024-SEP,PARENT_NIFTY_500,REMOVE,ind_prs23082024.pdf,Page 3,c) Nifty 500,ACTIVE,RAW
PEVT_01054,RAW_01054,"September 30, 2024",ADDITION,AADHARHFC,,,Aadhar Housing Finance Ltd.,,2024-SEP,PARENT_NIFTY_500,ADD,ind_prs23082024.pdf,Page 3,c) Nifty 500,ACTIVE,RAW
PEVT_01055,RAW_01055,"September 30, 2024",ADDITION,ABSLAMC,,,Aditya Birla Sun Life AMC Ltd.,,2024-SEP,PARENT_NIFTY_500,ADD,ind_prs23082024.pdf,Page 3,c) Nifty 500,ACTIVE,RAW
PEVT_01056,RAW_01056,"September 30, 2024",ADDITION,ANANTRAJ,,,Anant Raj Ltd.,,2024-SEP,PARENT_NIFTY_500,ADD,ind_prs23082024.pdf,Page 4,c) Nifty 500,ACTIVE,RAW
PEVT_01057,RAW_01057,"September 30, 2024",ADDITION,BASF,,,BASF India Ltd.,,2024-SEP,PARENT_NIFTY_500,ADD,ind_prs23082024.pdf,Page 4,c) Nifty 500,ACTIVE,RAW
PEVT_01058,RAW_01058,"September 30, 2024",ADDITION,BHARTIHEXA,,,Bharti Hexacom Ltd.,,2024-SEP,PARENT_NIFTY_500,ADD,ind_prs23082024.pdf,Page 4,c) Nifty 500,ACTIVE,RAW
PEVT_01059,RAW_01059,"September 30, 2024",ADDITION,GRINFRA,,,G R Infraprojects Ltd.,,2024-SEP,PARENT_NIFTY_500,ADD,ind_prs23082024.pdf,Page 4,c) Nifty 500,ACTIVE,RAW
PEVT_01060,RAW_01060,"September 30, 2024",ADDITION,GET&D,,,GE T&D India Ltd.,,2024-SEP,PARENT_NIFTY_500,ADD,ind_prs23082024.pdf,Page 4,c) Nifty 500,ACTIVE,RAW
PEVT_01061,RAW_01061,"September 30, 2024",ADDITION,GODIGIT,,,Go Digit General Insurance Ltd.,,2024-SEP,PARENT_NIFTY_500,ADD,ind_prs23082024.pdf,Page 4,c) Nifty 500,ACTIVE,RAW
PEVT_01062,RAW_01062,"September 30, 2024",ADDITION,GODREJAGRO,,,Godrej Agrovet Ltd.,,2024-SEP,PARENT_NIFTY_500,ADD,ind_prs23082024.pdf,Page 4,c) Nifty 500,ACTIVE,RAW
PEVT_01063,RAW_01063,"September 30, 2024",ADDITION,IFCI,,,IFCI Ltd.,,2024-SEP,PARENT_NIFTY_500,ADD,ind_prs23082024.pdf,Page 4,c) Nifty 500,ACTIVE,RAW
PEVT_01064,RAW_01064,"September 30, 2024",ADDITION,INDGN,,,Indegene Ltd.,,2024-SEP,PARENT_NIFTY_500,ADD,ind_prs23082024.pdf,Page 4,c) Nifty 500,ACTIVE,RAW
PEVT_01065,RAW_01065,"September 30, 2024",ADDITION,IREDA,,,Indian Renewable Energy Development Agency Ltd.,,2024-SEP,PARENT_NIFTY_500,ADD,ind_prs23082024.pdf,Page 4,c) Nifty 500,ACTIVE,RAW
PEVT_01066,RAW_01066,"September 30, 2024",ADDITION,INOXINDIA,,,INOX India Ltd.,,2024-SEP,PARENT_NIFTY_500,ADD,ind_prs23082024.pdf,Page 4,c) Nifty 500,ACTIVE,RAW
PEVT_01067,RAW_01067,"September 30, 2024",ADDITION,JPPOWER,,,Jaiprakash Power Ventures Ltd.,,2024-SEP,PARENT_NIFTY_500,ADD,ind_prs23082024.pdf,Page 4,c) Nifty 500,ACTIVE,RAW
PEVT_01068,RAW_01068,"September 30, 2024",ADDITION,JKTYRE,,,JK Tyre & Industries Ltd.,,2024-SEP,PARENT_NIFTY_500,ADD,ind_prs23082024.pdf,Page 4,c) Nifty 500,ACTIVE,RAW
PEVT_01069,RAW_01069,"September 30, 2024",ADDITION,JYOTICNC,,,Jyoti CNC Automation Ltd.,,2024-SEP,PARENT_NIFTY_500,ADD,ind_prs23082024.pdf,Page 4,c) Nifty 500,ACTIVE,RAW
PEVT_01070,RAW_01070,"September 30, 2024",ADDITION,KIRLOSBROS,,,Kirloskar Brothers Ltd.,,2024-SEP,PARENT_NIFTY_500,ADD,ind_prs23082024.pdf,Page 4,c) Nifty 500,ACTIVE,RAW
PEVT_01071,RAW_01071,"September 30, 2024",ADDITION,KIRLOSENG,,,Kirloskar Oil Eng Ltd.,,2024-SEP,PARENT_NIFTY_500,ADD,ind_prs23082024.pdf,Page 4,c) Nifty 500,ACTIVE,RAW
PEVT_01072,RAW_01072,"September 30, 2024",ADDITION,NETWEB,,,Netweb Technologies India Ltd.,,2024-SEP,PARENT_NIFTY_500,ADD,ind_prs23082024.pdf,Page 4,c) Nifty 500,ACTIVE,RAW
PEVT_01073,RAW_01073,"September 30, 2024",ADDITION,NEWGEN,,,Newgen Software Technologies Ltd.,,2024-SEP,PARENT_NIFTY_500,ADD,ind_prs23082024.pdf,Page 4,c) Nifty 500,ACTIVE,RAW
PEVT_01074,RAW_01074,"September 30, 2024",ADDITION,PFIZER,,,Pfizer Ltd.,,2024-SEP,PARENT_NIFTY_500,ADD,ind_prs23082024.pdf,Page 4,c) Nifty 500,ACTIVE,RAW
PEVT_01075,RAW_01075,"September 30, 2024",ADDITION,PTCIL,,,PTC Industries Ltd.,,2024-SEP,PARENT_NIFTY_500,ADD,ind_prs23082024.pdf,Page 4,c) Nifty 500,ACTIVE,RAW
PEVT_01076,RAW_01076,"September 30, 2024",ADDITION,SCI,,,Shipping Corporation of India Ltd.,,2024-SEP,PARENT_NIFTY_500,ADD,ind_prs23082024.pdf,Page 4,c) Nifty 500,ACTIVE,RAW
PEVT_01077,RAW_01077,"September 30, 2024",ADDITION,TBOTEK,,,TBO Tek Ltd.,,2024-SEP,PARENT_NIFTY_500,ADD,ind_prs23082024.pdf,Page 4,c) Nifty 500,ACTIVE,RAW
PEVT_01078,RAW_01078,"September 30, 2024",ADDITION,TECHNOE,,,Techno Electric & Engineering Company Ltd.,,2024-SEP,PARENT_NIFTY_500,ADD,ind_prs23082024.pdf,Page 4,c) Nifty 500,ACTIVE,RAW
PEVT_01079,RAW_01079,"September 30, 2024",ADDITION,DBREALTY,,,Valor Estate Ltd.,,2024-SEP,PARENT_NIFTY_500,ADD,ind_prs23082024.pdf,Page 4,c) Nifty 500,ACTIVE,RAW
PEVT_01080,RAW_01080,"September 30, 2024",ADDITION,VINATIORGA,,,Vinati Organics Ltd.,,2024-SEP,PARENT_NIFTY_500,ADD,ind_prs23082024.pdf,Page 4,c) Nifty 500,ACTIVE,RAW
PEVT_01081,RAW_01081,"September 30, 2024",DELETION,AETHER,,,Aether Industries Ltd.,,2024-SEP,PARENT_NIFTY_500,REMOVE,ind_prs23092024.pdf,Page 5,2) Nifty500 Shariah,ACTIVE,RAW
PEVT_01082,RAW_01082,"September 30, 2024",DELETION,ALLCARGO,,,Allcargo Logistics Ltd.,,2024-SEP,PARENT_NIFTY_500,REMOVE,ind_prs23092024.pdf,Page 5,2) Nifty500 Shariah,ACTIVE,RAW
PEVT_01083,RAW_01083,"September 30, 2024",DELETION,ANURAS,,,Anupam Rasayan India Ltd.,,2024-SEP,PARENT_NIFTY_500,REMOVE,ind_prs23092024.pdf,Page 5,2) Nifty500 Shariah,ACTIVE,RAW
PEVT_01084,RAW_01084,"September 30, 2024",DELETION,BEL,,,Bharat Electronics Ltd.,,2024-SEP,PARENT_NIFTY_500,REMOVE,ind_prs23092024.pdf,Page 5,2) Nifty500 Shariah,ACTIVE,RAW
PEVT_01085,RAW_01085,"September 30, 2024",DELETION,CLEAN,,,Clean Science and Technology Ltd.,,2024-SEP,PARENT_NIFTY_500,REMOVE,ind_prs23092024.pdf,Page 5,2) Nifty500 Shariah,ACTIVE,RAW
PEVT_01086,RAW_01086,"September 30, 2024",DELETION,ENGINERSIN,,,Engineers India Ltd.,,2024-SEP,PARENT_NIFTY_500,REMOVE,ind_prs23092024.pdf,Page 5,2) Nifty500 Shariah,ACTIVE,RAW
PEVT_01087,RAW_01087,"September 30, 2024",DELETION,EPL,,,EPL Ltd.,,2024-SEP,PARENT_NIFTY_500,REMOVE,ind_prs23092024.pdf,Page 5,2) Nifty500 Shariah,ACTIVE,RAW
PEVT_01088,RAW_01088,"September 30, 2024",DELETION,FDC,,,FDC Ltd.,,2024-SEP,PARENT_NIFTY_500,REMOVE,ind_prs23092024.pdf,Page 5,2) Nifty500 Shariah,ACTIVE,RAW
PEVT_01089,RAW_01089,"September 30, 2024",DELETION,GLS,,,Glenmark Life Sciences Ltd.,,2024-SEP,PARENT_NIFTY_500,REMOVE,ind_prs23092024.pdf,Page 5,2) Nifty500 Shariah,ACTIVE,RAW
PEVT_01090,RAW_01090,"September 30, 2024",DELETION,GMMPFAUDLR,,,GMM Pfaudler Ltd.,,2024-SEP,PARENT_NIFTY_500,REMOVE,ind_prs23092024.pdf,Page 5,2) Nifty500 Shariah,ACTIVE,RAW
PEVT_01091,RAW_01091,"September 30, 2024",DELETION,HAPPYFORGE,,,Happy Forgings Ltd.,,2024-SEP,PARENT_NIFTY_500,REMOVE,ind_prs23092024.pdf,Page 5,2) Nifty500 Shariah,ACTIVE,RAW
PEVT_01092,RAW_01092,"September 30, 2024",DELETION,INDIGOPNTS,,,Indigo Paints Ltd.,,2024-SEP,PARENT_NIFTY_500,REMOVE,ind_prs23092024.pdf,Page 5,2) Nifty500 Shariah,ACTIVE,RAW
PEVT_01093,RAW_01093,"September 30, 2024",DELETION,INDUSTOWER,,,Indus Towers Ltd.,,2024-SEP,PARENT_NIFTY_500,REMOVE,ind_prs23092024.pdf,Page 6,2) Nifty500 Shariah,ACTIVE,RAW
PEVT_01094,RAW_01094,"September 30, 2024",DELETION,JAIBALAJI,,,Jai Balaji Industries Ltd.,,2024-SEP,PARENT_NIFTY_500,REMOVE,ind_prs23092024.pdf,Page 6,2) Nifty500 Shariah,ACTIVE,RAW
PEVT_01095,RAW_01095,"September 30, 2024",DELETION,KAYNES,,,Kaynes Technology India Ltd.,,2024-SEP,PARENT_NIFTY_500,REMOVE,ind_prs23092024.pdf,Page 6,2) Nifty500 Shariah,ACTIVE,RAW
PEVT_01096,RAW_01096,"September 30, 2024",DELETION,KFINTECH,,,Kfin Technologies Ltd.,,2024-SEP,PARENT_NIFTY_500,REMOVE,ind_prs23092024.pdf,Page 6,2) Nifty500 Shariah,ACTIVE,RAW
PEVT_01097,RAW_01097,"September 30, 2024",DELETION,KRBL,,,KRBL Ltd.,,2024-SEP,PARENT_NIFTY_500,REMOVE,ind_prs23092024.pdf,Page 6,2) Nifty500 Shariah,ACTIVE,RAW
PEVT_01098,RAW_01098,"September 30, 2024",DELETION,KIMS,,,Krishna Institute of Medical Sciences Ltd.,,2024-SEP,PARENT_NIFTY_500,REMOVE,ind_prs23092024.pdf,Page 6,2) Nifty500 Shariah,ACTIVE,RAW
PEVT_01099,RAW_01099,"September 30, 2024",DELETION,LXCHEM,,,Laxmi Organic Industries Ltd.,,2024-SEP,PARENT_NIFTY_500,REMOVE,ind_prs23092024.pdf,Page 6,2) Nifty500 Shariah,ACTIVE,RAW
PEVT_01100,RAW_01100,"September 30, 2024",DELETION,MEDPLUS,,,Medplus Health Services Ltd.,,2024-SEP,PARENT_NIFTY_500,REMOVE,ind_prs23092024.pdf,Page 6,2) Nifty500 Shariah,ACTIVE,RAW
PEVT_01101,RAW_01101,"September 30, 2024",DELETION,PCBL,,,PCBL Ltd.,,2024-SEP,PARENT_NIFTY_500,REMOVE,ind_prs23092024.pdf,Page 6,2) Nifty500 Shariah,ACTIVE,RAW
PEVT_01102,RAW_01102,"September 30, 2024",DELETION,PRINCEPIPE,,,Prince Pipes and Fittings Ltd.,,2024-SEP,PARENT_NIFTY_500,REMOVE,ind_prs23092024.pdf,Page 6,2) Nifty500 Shariah,ACTIVE,RAW
PEVT_01103,RAW_01103,"September 30, 2024",DELETION,RITES,,,RITES Ltd.,,2024-SEP,PARENT_NIFTY_500,REMOVE,ind_prs23092024.pdf,Page 6,2) Nifty500 Shariah,ACTIVE,RAW
PEVT_01104,RAW_01104,"September 30, 2024",DELETION,SAFARI,,,Safari Industries (India) Ltd.,,2024-SEP,PARENT_NIFTY_500,REMOVE,ind_prs23092024.pdf,Page 6,2) Nifty500 Shariah,ACTIVE,RAW
PEVT_01105,RAW_01105,"September 30, 2024",DELETION,VAIBHAVGBL,,,Vaibhav Global Ltd.,,2024-SEP,PARENT_NIFTY_500,REMOVE,ind_prs23092024.pdf,Page 6,2) Nifty500 Shariah,ACTIVE,RAW
PEVT_01106,RAW_01106,"September 30, 2024",DELETION,MANYAVAR,,,Vedant Fashions Ltd.,,2024-SEP,PARENT_NIFTY_500,REMOVE,ind_prs23092024.pdf,Page 6,2) Nifty500 Shariah,ACTIVE,RAW
PEVT_01107,RAW_01107,"September 30, 2024",DELETION,ZENSARTECH,,,Zensar Technolgies Ltd.,,2024-SEP,PARENT_NIFTY_500,REMOVE,ind_prs23092024.pdf,Page 6,2) Nifty500 Shariah,ACTIVE,RAW
PEVT_01108,RAW_01108,"September 30, 2024",ADDITION,ANANTRAJ,,,Anant Raj Ltd.,,2024-SEP,PARENT_NIFTY_500,ADD,ind_prs23092024.pdf,Page 6,2) Nifty500 Shariah,ACTIVE,RAW
PEVT_01109,RAW_01109,"September 30, 2024",ADDITION,BASF,,,BASF India Ltd.,,2024-SEP,PARENT_NIFTY_500,ADD,ind_prs23092024.pdf,Page 6,2) Nifty500 Shariah,ACTIVE,RAW
PEVT_01110,RAW_01110,"September 30, 2024",ADDITION,BPCL,,,Bharat Petroleum Corporation Ltd.,,2024-SEP,PARENT_NIFTY_500,ADD,ind_prs23092024.pdf,Page 6,2) Nifty500 Shariah,ACTIVE,RAW
PEVT_01111,RAW_01111,"September 30, 2024",ADDITION,BBTC,,,Bombay Burmah Trading Corporation Ltd.,,2024-SEP,PARENT_NIFTY_500,ADD,ind_prs23092024.pdf,Page 6,2) Nifty500 Shariah,ACTIVE,RAW
PEVT_01112,RAW_01112,"September 30, 2024",ADDITION,GET&D,,,GE T&D India Ltd.,,2024-SEP,PARENT_NIFTY_500,ADD,ind_prs23092024.pdf,Page 6,2) Nifty500 Shariah,ACTIVE,RAW
PEVT_01113,RAW_01113,"September 30, 2024",ADDITION,IOC,,,Indian Oil Corporation Ltd.,,2024-SEP,PARENT_NIFTY_500,ADD,ind_prs23092024.pdf,Page 6,2) Nifty500 Shariah,ACTIVE,RAW
PEVT_01114,RAW_01114,"September 30, 2024",ADDITION,INOXINDIA,,,INOX India Ltd.,,2024-SEP,PARENT_NIFTY_500,ADD,ind_prs23092024.pdf,Page 6,2) Nifty500 Shariah,ACTIVE,RAW
PEVT_01115,RAW_01115,"September 30, 2024",ADDITION,KIRLOSBROS,,,Kirloskar Brothers Ltd.,,2024-SEP,PARENT_NIFTY_500,ADD,ind_prs23092024.pdf,Page 6,2) Nifty500 Shariah,ACTIVE,RAW
PEVT_01116,RAW_01116,"September 30, 2024",ADDITION,NETWEB,,,Netweb Technologies India Ltd.,,2024-SEP,PARENT_NIFTY_500,ADD,ind_prs23092024.pdf,Page 6,2) Nifty500 Shariah,ACTIVE,RAW
PEVT_01117,RAW_01117,"September 30, 2024",ADDITION,RKFORGE,,,Ramkrishna Forgings Ltd.,,2024-SEP,PARENT_NIFTY_500,ADD,ind_prs23092024.pdf,Page 6,2) Nifty500 Shariah,ACTIVE,RAW
PEVT_01118,RAW_01118,"September 30, 2024",ADDITION,SCI,,,Shipping Corporation of India Ltd.,,2024-SEP,PARENT_NIFTY_500,ADD,ind_prs23092024.pdf,Page 6,2) Nifty500 Shariah,ACTIVE,RAW
PEVT_01119,RAW_01119,"September 30, 2024",ADDITION,SWSOLAR,,,Sterling and Wilson Renewable Energy Ltd.,,2024-SEP,PARENT_NIFTY_500,ADD,ind_prs23092024.pdf,Page 6,2) Nifty500 Shariah,ACTIVE,RAW
PEVT_01120,RAW_01120,"September 30, 2024",ADDITION,SUZLON,,,Suzlon Energy Ltd.,,2024-SEP,PARENT_NIFTY_500,ADD,ind_prs23092024.pdf,Page 6,2) Nifty500 Shariah,ACTIVE,RAW
PEVT_01121,RAW_01121,"September 30, 2024",ADDITION,VINATIORGA,,,Vinati Organics Ltd.,,2024-SEP,PARENT_NIFTY_500,ADD,ind_prs23092024.pdf,Page 6,2) Nifty500 Shariah,ACTIVE,RAW
PEVT_01122,RAW_01122,"September 30, 2024",DELETION,CUMMINSIND,,,Cummins India Ltd.,,2024-SEP,PARENT_NIFTY_500,REMOVE,ind_prs23092024.pdf,Page 7,2) Nifty500 Shariah,ACTIVE,RAW
PEVT_01123,RAW_01123,"March
31, 2022",DELETION,ALEMBICLTD,,,Alembic Ltd.,,2022-MAR,PARENT_NIFTY_500,REMOVE,ind_prs24022022_1.pdf,Page 3,3) NIFTY 500,ACTIVE,RAW
PEVT_01124,RAW_01124,"March
31, 2022",DELETION,ASHOKA,,,Ashoka Buildcon Ltd.,,2022-MAR,PARENT_NIFTY_500,REMOVE,ind_prs24022022_1.pdf,Page 3,3) NIFTY 500,ACTIVE,RAW
PEVT_01125,RAW_01125,"March
31, 2022",DELETION,BAJAJCON,,,Bajaj Consumer Care Ltd.,,2022-MAR,PARENT_NIFTY_500,REMOVE,ind_prs24022022_1.pdf,Page 3,3) NIFTY 500,ACTIVE,RAW
PEVT_01126,RAW_01126,"March
31, 2022",DELETION,BHARATRAS,,,Bharat Rasayan Ltd.,,2022-MAR,PARENT_NIFTY_500,REMOVE,ind_prs24022022_1.pdf,Page 3,3) NIFTY 500,ACTIVE,RAW
PEVT_01127,RAW_01127,"March
31, 2022",DELETION,CGCL,,,Capri Global Capital Ltd.,,2022-MAR,PARENT_NIFTY_500,REMOVE,ind_prs24022022_1.pdf,Page 3,3) NIFTY 500,ACTIVE,RAW
PEVT_01128,RAW_01128,"March
31, 2022",DELETION,DCBBANK,,,DCB Bank Ltd.,,2022-MAR,PARENT_NIFTY_500,REMOVE,ind_prs24022022_1.pdf,Page 3,3) NIFTY 500,ACTIVE,RAW
PEVT_01129,RAW_01129,"March
31, 2022",DELETION,DHANUKA,,,Dhanuka Agritech Ltd.,,2022-MAR,PARENT_NIFTY_500,REMOVE,ind_prs24022022_1.pdf,Page 3,3) NIFTY 500,ACTIVE,RAW
PEVT_01130,RAW_01130,"March
31, 2022",DELETION,FRETAIL,,,Future Retail Ltd.,,2022-MAR,PARENT_NIFTY_500,REMOVE,ind_prs24022022_1.pdf,Page 3,3) NIFTY 500,ACTIVE,RAW
PEVT_01131,RAW_01131,"March
31, 2022",DELETION,GILLETTE,,,Gillette India Ltd.,,2022-MAR,PARENT_NIFTY_500,REMOVE,ind_prs24022022_1.pdf,Page 3,3) NIFTY 500,ACTIVE,RAW
PEVT_01132,RAW_01132,"March
31, 2022",DELETION,GREAVESCOT,,,Greaves Cotton Ltd.,,2022-MAR,PARENT_NIFTY_500,REMOVE,ind_prs24022022_1.pdf,Page 3,3) NIFTY 500,ACTIVE,RAW
PEVT_01133,RAW_01133,"March
31, 2022",DELETION,HEIDELBERG,,,HeidelbergCement India Ltd.,,2022-MAR,PARENT_NIFTY_500,REMOVE,ind_prs24022022_1.pdf,Page 3,3) NIFTY 500,ACTIVE,RAW
PEVT_01134,RAW_01134,"March
31, 2022",DELETION,INGERRAND,,,Ingersoll Rand (India) Ltd.,,2022-MAR,PARENT_NIFTY_500,REMOVE,ind_prs24022022_1.pdf,Page 3,3) NIFTY 500,ACTIVE,RAW
PEVT_01135,RAW_01135,"March
31, 2022",DELETION,IOLCP,,,IOL Chem and Pharma Ltd.,,2022-MAR,PARENT_NIFTY_500,REMOVE,ind_prs24022022_1.pdf,Page 3,3) NIFTY 500,ACTIVE,RAW
PEVT_01136,RAW_01136,"March
31, 2022",DELETION,JINDALSAW,,,Jindal Saw Ltd.,,2022-MAR,PARENT_NIFTY_500,REMOVE,ind_prs24022022_1.pdf,Page 3,3) NIFTY 500,ACTIVE,RAW
PEVT_01137,RAW_01137,"March
31, 2022",DELETION,JKTYRE,,,JK Tyre & Industries Ltd.,,2022-MAR,PARENT_NIFTY_500,REMOVE,ind_prs24022022_1.pdf,Page 3,3) NIFTY 500,ACTIVE,RAW
PEVT_01138,RAW_01138,"March
31, 2022",DELETION,JCHAC,,,"Johnson Controls - Hitachi Air Conditioning India
Ltd.",,2022-MAR,PARENT_NIFTY_500,REMOVE,ind_prs24022022_1.pdf,Page 3,3) NIFTY 500,ACTIVE,RAW
PEVT_01139,RAW_01139,"March
31, 2022",DELETION,KSCL,,,Kaveri Seed Company Ltd.,,2022-MAR,PARENT_NIFTY_500,REMOVE,ind_prs24022022_1.pdf,Page 3,3) NIFTY 500,ACTIVE,RAW
PEVT_01140,RAW_01140,"March
31, 2022",DELETION,KSB,,,KSB Ltd.,,2022-MAR,PARENT_NIFTY_500,REMOVE,ind_prs24022022_1.pdf,Page 3,3) NIFTY 500,ACTIVE,RAW
PEVT_01141,RAW_01141,"March
31, 2022",DELETION,LAOPALA,,,La Opala RG Ltd.,,2022-MAR,PARENT_NIFTY_500,REMOVE,ind_prs24022022_1.pdf,Page 3,3) NIFTY 500,ACTIVE,RAW
PEVT_01142,RAW_01142,"March
31, 2022",DELETION,LEMONTREE,,,Lemon Tree Hotels Ltd.,,2022-MAR,PARENT_NIFTY_500,REMOVE,ind_prs24022022_1.pdf,Page 3,3) NIFTY 500,ACTIVE,RAW
PEVT_01143,RAW_01143,"March
31, 2022",DELETION,MINDACORP,,,Minda Corporation Ltd.,,2022-MAR,PARENT_NIFTY_500,REMOVE,ind_prs24022022_1.pdf,Page 3,3) NIFTY 500,ACTIVE,RAW
PEVT_01144,RAW_01144,"March
31, 2022",DELETION,MIDHANI,,,Mishra Dhatu Nigam Ltd.,,2022-MAR,PARENT_NIFTY_500,REMOVE,ind_prs24022022_1.pdf,Page 3,3) NIFTY 500,ACTIVE,RAW
PEVT_01145,RAW_01145,"March
31, 2022",DELETION,NFL,,,National Fertilizers Ltd.,,2022-MAR,PARENT_NIFTY_500,REMOVE,ind_prs24022022_1.pdf,Page 3,3) NIFTY 500,ACTIVE,RAW
PEVT_01146,RAW_01146,"March
31, 2022",DELETION,NILKAMAL,,,Nilkamal Ltd.,,2022-MAR,PARENT_NIFTY_500,REMOVE,ind_prs24022022_1.pdf,Page 3,3) NIFTY 500,ACTIVE,RAW
PEVT_01147,RAW_01147,"March
31, 2022",DELETION,SCHNEIDER,,,Schneider Electric Infrastructure Ltd.,,2022-MAR,PARENT_NIFTY_500,REMOVE,ind_prs24022022_1.pdf,Page 3,3) NIFTY 500,ACTIVE,RAW
PEVT_01148,RAW_01148,"March
31, 2022",DELETION,SHARDACROP,,,Sharda Cropchem Ltd.,,2022-MAR,PARENT_NIFTY_500,REMOVE,ind_prs24022022_1.pdf,Page 3,3) NIFTY 500,ACTIVE,RAW
PEVT_01149,RAW_01149,"March
31, 2022",DELETION,SPANDANA,,,Spandana Sphoorty Financial Ltd.,,2022-MAR,PARENT_NIFTY_500,REMOVE,ind_prs24022022_1.pdf,Page 3,3) NIFTY 500,ACTIVE,RAW
PEVT_01150,RAW_01150,"March
31, 2022",DELETION,STARCEMENT,,,Star Cement Ltd.,,2022-MAR,PARENT_NIFTY_500,REMOVE,ind_prs24022022_1.pdf,Page 3,3) NIFTY 500,ACTIVE,RAW
PEVT_01151,RAW_01151,"March
31, 2022",DELETION,TASTYBITE,,,Tasty Bite Eatables Ltd.,,2022-MAR,PARENT_NIFTY_500,REMOVE,ind_prs24022022_1.pdf,Page 3,3) NIFTY 500,ACTIVE,RAW
PEVT_01152,RAW_01152,"March
31, 2022",DELETION,UJJIVAN,,,Ujjivan Financial Services Ltd.,,2022-MAR,PARENT_NIFTY_500,REMOVE,ind_prs24022022_1.pdf,Page 3,3) NIFTY 500,ACTIVE,RAW
PEVT_01153,RAW_01153,"March
31, 2022",DELETION,UJJIVANSFB,,,Ujjivan Small Finance Bank Ltd.,,2022-MAR,PARENT_NIFTY_500,REMOVE,ind_prs24022022_1.pdf,Page 3,3) NIFTY 500,ACTIVE,RAW
PEVT_01154,RAW_01154,"March
31, 2022",DELETION,VALIANTORG,,,Valiant Organics Ltd.,,2022-MAR,PARENT_NIFTY_500,REMOVE,ind_prs24022022_1.pdf,Page 3,3) NIFTY 500,ACTIVE,RAW
PEVT_01155,RAW_01155,"March
31, 2022",ADDITION,ABSLAMC,,,Aditya Birla Sun Life AMC Ltd.,,2022-MAR,PARENT_NIFTY_500,ADD,ind_prs24022022_1.pdf,Page 4,3) NIFTY 500,ACTIVE,RAW
PEVT_01156,RAW_01156,"March
31, 2022",ADDITION,ALLCARGO,,,Allcargo Logistics Ltd.,,2022-MAR,PARENT_NIFTY_500,ADD,ind_prs24022022_1.pdf,Page 4,3) NIFTY 500,ACTIVE,RAW
PEVT_01157,RAW_01157,"March
31, 2022",ADDITION,APTUS,,,Aptus Value Housing Finance India Ltd.,,2022-MAR,PARENT_NIFTY_500,ADD,ind_prs24022022_1.pdf,Page 4,3) NIFTY 500,ACTIVE,RAW
PEVT_01158,RAW_01158,"March
31, 2022",ADDITION,BORORENEW,,,Borosil Renewables Ltd.,,2022-MAR,PARENT_NIFTY_500,ADD,ind_prs24022022_1.pdf,Page 4,3) NIFTY 500,ACTIVE,RAW
PEVT_01159,RAW_01159,"March
31, 2022",ADDITION,BCG,,,Brightcom Group Ltd.,,2022-MAR,PARENT_NIFTY_500,ADD,ind_prs24022022_1.pdf,Page 4,3) NIFTY 500,ACTIVE,RAW
PEVT_01160,RAW_01160,"March
31, 2022",ADDITION,MAPMYINDIA,,,C.E. Info Systems Ltd.,,2022-MAR,PARENT_NIFTY_500,ADD,ind_prs24022022_1.pdf,Page 4,3) NIFTY 500,ACTIVE,RAW
PEVT_01161,RAW_01161,"March
31, 2022",ADDITION,CHEMPLASTS,,,Chemplast Sanmar Ltd.,,2022-MAR,PARENT_NIFTY_500,ADD,ind_prs24022022_1.pdf,Page 4,3) NIFTY 500,ACTIVE,RAW
PEVT_01162,RAW_01162,"March
31, 2022",ADDITION,CLEAN,,,Clean Science and Technology Ltd.,,2022-MAR,PARENT_NIFTY_500,ADD,ind_prs24022022_1.pdf,Page 4,3) NIFTY 500,ACTIVE,RAW
PEVT_01163,RAW_01163,"March
31, 2022",ADDITION,DEVYANI,,,Devyani International Ltd.,,2022-MAR,PARENT_NIFTY_500,ADD,ind_prs24022022_1.pdf,Page 4,3) NIFTY 500,ACTIVE,RAW
PEVT_01164,RAW_01164,"March
31, 2022",ADDITION,EASEMYTRIP,,,Easy Trip Planners Ltd.,,2022-MAR,PARENT_NIFTY_500,ADD,ind_prs24022022_1.pdf,Page 4,3) NIFTY 500,ACTIVE,RAW
PEVT_01165,RAW_01165,"March
31, 2022",ADDITION,NYKAA,,,FSN E-Commerce Ventures Ltd.,,2022-MAR,PARENT_NIFTY_500,ADD,ind_prs24022022_1.pdf,Page 4,3) NIFTY 500,ACTIVE,RAW
PEVT_01166,RAW_01166,"March
31, 2022",ADDITION,GRINFRA,,,G R Infraprojects Ltd.,,2022-MAR,PARENT_NIFTY_500,ADD,ind_prs24022022_1.pdf,Page 4,3) NIFTY 500,ACTIVE,RAW
PEVT_01167,RAW_01167,"March
31, 2022",ADDITION,GLS,,,Glenmark Life Sciences Ltd.,,2022-MAR,PARENT_NIFTY_500,ADD,ind_prs24022022_1.pdf,Page 4,3) NIFTY 500,ACTIVE,RAW
PEVT_01168,RAW_01168,"March
31, 2022",ADDITION,GOCOLORS,,,Go Fashion (India) Ltd.,,2022-MAR,PARENT_NIFTY_500,ADD,ind_prs24022022_1.pdf,Page 4,3) NIFTY 500,ACTIVE,RAW
PEVT_01169,RAW_01169,"March
31, 2022",ADDITION,HLEGLAS,,,HLE Glascoat Ltd.,,2022-MAR,PARENT_NIFTY_500,ADD,ind_prs24022022_1.pdf,Page 4,3) NIFTY 500,ACTIVE,RAW
PEVT_01170,RAW_01170,"March
31, 2022",ADDITION,KIMS,,,Krishna Institute of Medical Sciences Ltd.,,2022-MAR,PARENT_NIFTY_500,ADD,ind_prs24022022_1.pdf,Page 4,3) NIFTY 500,ACTIVE,RAW
PEVT_01171,RAW_01171,"March
31, 2022",ADDITION,LATENTVIEW,,,Latent View Analytics Ltd.,,2022-MAR,PARENT_NIFTY_500,ADD,ind_prs24022022_1.pdf,Page 4,3) NIFTY 500,ACTIVE,RAW
PEVT_01172,RAW_01172,"March
31, 2022",ADDITION,MEDPLUS,,,Medplus Health Services Ltd.,,2022-MAR,PARENT_NIFTY_500,ADD,ind_prs24022022_1.pdf,Page 4,3) NIFTY 500,ACTIVE,RAW
PEVT_01173,RAW_01173,"March
31, 2022",ADDITION,METROBRAND,,,Metro Brands Ltd.,,2022-MAR,PARENT_NIFTY_500,ADD,ind_prs24022022_1.pdf,Page 4,3) NIFTY 500,ACTIVE,RAW
PEVT_01174,RAW_01174,"March
31, 2022",ADDITION,NUVOCO,,,Nuvoco Vistas Corporation Ltd.,,2022-MAR,PARENT_NIFTY_500,ADD,ind_prs24022022_1.pdf,Page 4,3) NIFTY 500,ACTIVE,RAW
PEVT_01175,RAW_01175,"March
31, 2022",ADDITION,PAYTM,,,One 97 Communications Ltd.,,2022-MAR,PARENT_NIFTY_500,ADD,ind_prs24022022_1.pdf,Page 4,3) NIFTY 500,ACTIVE,RAW
PEVT_01176,RAW_01176,"March
31, 2022",ADDITION,POLICYBZR,,,PB Fintech Ltd.,,2022-MAR,PARENT_NIFTY_500,ADD,ind_prs24022022_1.pdf,Page 4,3) NIFTY 500,ACTIVE,RAW
PEVT_01177,RAW_01177,"March
31, 2022",ADDITION,PRIVISCL,,,Privi Speciality Chemicals Ltd.,,2022-MAR,PARENT_NIFTY_500,ADD,ind_prs24022022_1.pdf,Page 4,3) NIFTY 500,ACTIVE,RAW
PEVT_01178,RAW_01178,"March
31, 2022",ADDITION,RTNINDIA,,,RattanIndia Enterprises Ltd.,,2022-MAR,PARENT_NIFTY_500,ADD,ind_prs24022022_1.pdf,Page 4,3) NIFTY 500,ACTIVE,RAW
PEVT_01179,RAW_01179,"March
31, 2022",ADDITION,SAPPHIRE,,,Sapphire Foods India Ltd.,,2022-MAR,PARENT_NIFTY_500,ADD,ind_prs24022022_1.pdf,Page 4,3) NIFTY 500,ACTIVE,RAW
PEVT_01180,RAW_01180,"March
31, 2022",ADDITION,SAREGAMA,,,Saregama India Ltd,,2022-MAR,PARENT_NIFTY_500,ADD,ind_prs24022022_1.pdf,Page 4,3) NIFTY 500,ACTIVE,RAW
PEVT_01181,RAW_01181,"March
31, 2022",ADDITION,RENUKA,,,Shree Renuka Sugars Ltd.,,2022-MAR,PARENT_NIFTY_500,ADD,ind_prs24022022_1.pdf,Page 4,3) NIFTY 500,ACTIVE,RAW
PEVT_01182,RAW_01182,"March
31, 2022",ADDITION,SHYAMMETL,,,Shyam Metalics and Energy Ltd.,,2022-MAR,PARENT_NIFTY_500,ADD,ind_prs24022022_1.pdf,Page 4,3) NIFTY 500,ACTIVE,RAW
PEVT_01183,RAW_01183,"March
31, 2022",ADDITION,STARHEALTH,,,Star Health and Allied Insurance Company Ltd.,,2022-MAR,PARENT_NIFTY_500,ADD,ind_prs24022022_1.pdf,Page 4,3) NIFTY 500,ACTIVE,RAW
PEVT_01184,RAW_01184,"March
31, 2022",ADDITION,TATAINVEST,,,Tata Investment Corporation Ltd.,,2022-MAR,PARENT_NIFTY_500,ADD,ind_prs24022022_1.pdf,Page 4,3) NIFTY 500,ACTIVE,RAW
PEVT_01185,RAW_01185,"March
31, 2022",ADDITION,VIJAYA,,,Vijaya Diagnostic Centre Ltd.,,2022-MAR,PARENT_NIFTY_500,ADD,ind_prs24022022_1.pdf,Page 4,3) NIFTY 500,ACTIVE,RAW
PEVT_01186,RAW_01186,"March
31, 2022",ADDITION,ZOMATO,,,Zomato Ltd.,,2022-MAR,PARENT_NIFTY_500,ADD,ind_prs24022022_1.pdf,Page 4,3) NIFTY 500,ACTIVE,RAW
PEVT_01187,RAW_01187,"April 26, 2024",DELETION,BCG,,,Brightcom Group Ltd.,,2024-MAR,PARENT_NIFTY_500,REMOVE,ind_prs24042024.pdf,Page 2,3) Nifty500 Value 50,ACTIVE,RAW
PEVT_01188,RAW_01188,"April 26, 2024",DELETION,IIFL,,,IIFL Finance Ltd.,,2024-MAR,PARENT_NIFTY_500,REMOVE,ind_prs24042024.pdf,Page 2,3) Nifty500 Value 50,ACTIVE,RAW
PEVT_01189,RAW_01189,"May 31, 2022",DELETION,JSLHISAR,,,Jindal Stainless (Hisar) Ltd.,,2022-MAY,PARENT_NIFTY_500,REMOVE,ind_prs24052022.pdf,Page 1,1) Nifty 500,ACTIVE,RAW
PEVT_01190,RAW_01190,"May 31, 2022",DELETION,TRIVENI,,,Triveni Engineering & Industries Ltd.,,2022-MAY,PARENT_NIFTY_500,REMOVE,ind_prs24052022.pdf,Page 1,1) Nifty 500,ACTIVE,RAW
PEVT_01191,RAW_01191,"July 31, 2023",DELETION,ATGL,,,Adani Total Gas Ltd.,,2023-JUL,PARENT_NIFTY_500,REMOVE,ind_prs24072023.pdf,Page 1,1) Nifty500 Shariah,ACTIVE,RAW
PEVT_01192,RAW_01192,"July 31, 2023",DELETION,AWL,,,Adani Wilmar Ltd.,,2023-JUL,PARENT_NIFTY_500,REMOVE,ind_prs24072023.pdf,Page 1,1) Nifty500 Shariah,ACTIVE,RAW
PEVT_01193,RAW_01193,"July 31, 2023",DELETION,BALKRISIND,,,Balkrishna Industries Ltd.,,2023-JUL,PARENT_NIFTY_500,REMOVE,ind_prs24072023.pdf,Page 1,1) Nifty500 Shariah,ACTIVE,RAW
PEVT_01195,RAW_01195,"July 31, 2023",DELETION,SWSOLAR,,,Sterling and Wilson Renewable Energy Ltd.,,2023-JUL,PARENT_NIFTY_500,REMOVE,ind_prs24072023.pdf,Page 1,1) Nifty500 Shariah,ACTIVE,RAW
PEVT_01196,RAW_01196,"July 31, 2023",ADDITION,CROMPTON,,,Crompton Greaves Consumer Electricals Ltd.,,2023-JUL,PARENT_NIFTY_500,ADD,ind_prs24072023.pdf,Page 1,1) Nifty500 Shariah,ACTIVE,RAW
PEVT_01197,RAW_01197,"July 31, 2023",ADDITION,TATACHEM,,,Tata Chemicals Ltd.,,2023-JUL,PARENT_NIFTY_500,ADD,ind_prs24072023.pdf,Page 1,1) Nifty500 Shariah,ACTIVE,RAW
PEVT_01198,RAW_01198,"July 31, 2024",DELETION,AMBUJACEM,,,Ambuja Cements Ltd.,,2024-JUL,PARENT_NIFTY_500,REMOVE,ind_prs24072024.pdf,Page 1,2) Nifty500 Shariah,ACTIVE,RAW
PEVT_01199,RAW_01199,"July 31, 2024",DELETION,CERA,,,Cera Sanitaryware Ltd,,2024-JUL,PARENT_NIFTY_500,REMOVE,ind_prs24072024.pdf,Page 1,2) Nifty500 Shariah,ACTIVE,RAW
PEVT_01200,RAW_01200,"July 31, 2024",DELETION,LALPATHLAB,,,Dr. Lal Path Labs Ltd.,,2024-JUL,PARENT_NIFTY_500,REMOVE,ind_prs24072024.pdf,Page 1,2) Nifty500 Shariah,ACTIVE,RAW
PEVT_01201,RAW_01201,"July 31, 2024",DELETION,INFY,,,Infosys Ltd.,,2024-JUL,PARENT_NIFTY_500,REMOVE,ind_prs24072024.pdf,Page 1,2) Nifty500 Shariah,ACTIVE,RAW
PEVT_01202,RAW_01202,"July 31, 2024",DELETION,WIPRO,,,Wipro Ltd.,,2024-JUL,PARENT_NIFTY_500,REMOVE,ind_prs24072024.pdf,Page 1,2) Nifty500 Shariah,ACTIVE,RAW
PEVT_01203,RAW_01203,"July 31, 2024",ADDITION,DALBHARAT,,,Dalmia Bharat Ltd.,,2024-JUL,PARENT_NIFTY_500,ADD,ind_prs24072024.pdf,Page 1,2) Nifty500 Shariah,ACTIVE,RAW
PEVT_01204,RAW_01204,"July 31, 2024",DELETION,GODREJCP,,,Godrej Consumer Products Ltd.,,2024-JUL,PARENT_NIFTY_500,REMOVE,ind_prs24072024.pdf,Page 2,2) Nifty500 Shariah,ACTIVE,RAW
PEVT_01205,RAW_01205,"July 31, 2024",DELETION,PERSISTENT,,,Persistent Systems Ltd.,,2024-JUL,PARENT_NIFTY_500,REMOVE,ind_prs24072024.pdf,Page 2,2) Nifty500 Shariah,ACTIVE,RAW
PEVT_01206,RAW_01206,"July 31, 2025",DELETION,ACC,,,ACC Ltd.,,2025-JUL,PARENT_NIFTY_500,REMOVE,ind_prs24072025.pdf,Page 1,2) Nifty500 Shariah,ACTIVE,RAW
PEVT_01207,RAW_01207,"July 31, 2025",DELETION,IGIL,,,International Gemmological Institute (India) Ltd.,,2025-JUL,PARENT_NIFTY_500,REMOVE,ind_prs24072025.pdf,Page 1,2) Nifty500 Shariah,ACTIVE,RAW
PEVT_01208,RAW_01208,"July 31, 2025",DELETION,INFY,,,Infosys Ltd.,,2025-JUL,PARENT_NIFTY_500,REMOVE,ind_prs24072025.pdf,Page 1,2) Nifty500 Shariah,ACTIVE,RAW
PEVT_01209,RAW_01209,"July 31, 2025",DELETION,JINDALSAW,,,Jindal Saw Ltd.,,2025-JUL,PARENT_NIFTY_500,REMOVE,ind_prs24072025.pdf,Page 1,2) Nifty500 Shariah,ACTIVE,RAW
PEVT_01210,RAW_01210,"July 31, 2025",DELETION,TATAMOTORS,,,Tata Motors Ltd.,,2025-JUL,PARENT_NIFTY_500,REMOVE,ind_prs24072025.pdf,Page 1,2) Nifty500 Shariah,ACTIVE,RAW
PEVT_01211,RAW_01211,"July 31, 2025",DELETION,JSLL,,,Jeena Sikho Lifecare Ltd.,,2025-JUL,PARENT_NIFTY_500,REMOVE,ind_prs24072025.pdf,Page 2,2) Nifty500 Shariah,ACTIVE,RAW
PEVT_01212,RAW_01212,"August 08, 2022",DELETION,BRITANNIA,,,Britannia Industries Ltd.,,2022-SEP,PARENT_NIFTY_500,REMOVE,ind_prs26072022.pdf,Page 2,2) Nifty500 Shariah,ACTIVE,RAW
PEVT_01213,RAW_01213,"August 08, 2022",DELETION,NMDC,,,NMDC Ltd.,,2022-SEP,PARENT_NIFTY_500,REMOVE,ind_prs26072022.pdf,Page 2,2) Nifty500 Shariah,ACTIVE,RAW
PEVT_01214,RAW_01214,"August 08, 2022",DELETION,TATASTLLP,,,Tata Steel Long Products Ltd.,,2022-SEP,PARENT_NIFTY_500,REMOVE,ind_prs26072022.pdf,Page 2,2) Nifty500 Shariah,ACTIVE,RAW
PEVT_01215,RAW_01215,"August 08, 2022",ADDITION,BALAMINES,,,Balaji Amines Ltd.,,2022-SEP,PARENT_NIFTY_500,ADD,ind_prs26072022.pdf,Page 2,2) Nifty500 Shariah,ACTIVE,RAW
PEVT_01216,RAW_01216,"August 08, 2022",ADDITION,CHEMPLASTS,,,Chemplast Sanmar Ltd.,,2022-SEP,PARENT_NIFTY_500,ADD,ind_prs26072022.pdf,Page 2,2) Nifty500 Shariah,ACTIVE,RAW
PEVT_01217,RAW_01217,"August 08, 2022",ADDITION,LALPATHLAB,,,Dr. Lal Path Labs Ltd.,,2022-SEP,PARENT_NIFTY_500,ADD,ind_prs26072022.pdf,Page 2,2) Nifty500 Shariah,ACTIVE,RAW
PEVT_01218,RAW_01218,"August 08, 2022",ADDITION,INFIBEAM,,,Infibeam Avenues Ltd.,,2022-SEP,PARENT_NIFTY_500,ADD,ind_prs26072022.pdf,Page 2,2) Nifty500 Shariah,ACTIVE,RAW
PEVT_01219,RAW_01219,"August 08, 2022",ADDITION,LAXMIMACH,,,Lakshmi Machine Works Ltd.,,2022-SEP,PARENT_NIFTY_500,ADD,ind_prs26072022.pdf,Page 2,2) Nifty500 Shariah,ACTIVE,RAW
PEVT_01220,RAW_01220,"August 08, 2022",ADDITION,PERSISTENT,,,Persistent Systems Ltd.,,2022-SEP,PARENT_NIFTY_500,ADD,ind_prs26072022.pdf,Page 2,2) Nifty500 Shariah,ACTIVE,RAW
PEVT_01221,RAW_01221,"August 08, 2022",ADDITION,SYNGENE,,,Syngene International Ltd.,,2022-SEP,PARENT_NIFTY_500,ADD,ind_prs26072022.pdf,Page 2,2) Nifty500 Shariah,ACTIVE,RAW
PEVT_01222,RAW_01222,"August 08, 2022",ADDITION,TATASTEEL,,,Tata Steel Ltd.,,2022-SEP,PARENT_NIFTY_500,ADD,ind_prs26072022.pdf,Page 2,2) Nifty500 Shariah,ACTIVE,RAW
PEVT_01223,RAW_01223,"August 08, 2022",ADDITION,TRIDENT,,,Trident Ltd.,,2022-SEP,PARENT_NIFTY_500,ADD,ind_prs26072022.pdf,Page 2,2) Nifty500 Shariah,ACTIVE,RAW
PEVT_01224,RAW_01224,"August 08, 2022",ADDITION,WIPRO,,,Wipro Ltd.,,2022-SEP,PARENT_NIFTY_500,ADD,ind_prs26072022.pdf,Page 2,2) Nifty500 Shariah,ACTIVE,RAW
PEVT_01225,RAW_01225,"August 08, 2022",DELETION,VOLTAS,,,Voltas Ltd.,,2022-SEP,PARENT_NIFTY_500,REMOVE,ind_prs26072022.pdf,Page 2,2) Nifty500 Shariah,ACTIVE,RAW
PEVT_01226,RAW_01226,"November 02, 2020",DELETION,ALLCARGO,,,Allcargo Logistics Ltd.,,2020-NOV,PARENT_NIFTY_500,REMOVE,ind_prs26102020.pdf,Page 1,1) NIFTY 500,ACTIVE,RAW
PEVT_01227,RAW_01227,"November 02, 2020",DELETION,NETWORK18,,,Network18 Media & Investments Ltd.,,2020-NOV,PARENT_NIFTY_500,REMOVE,ind_prs26102020.pdf,Page 1,1) NIFTY 500,ACTIVE,RAW
PEVT_01228,RAW_01228,"May 26, 2017",DELETION,ABIRLANUVO,,,Aditya Birla Nuvo Ltd.,,2017-MAY,PARENT_NIFTY_500,REMOVE,ind_prs27042017.pdf,Page 1,2) NIFTY 500 Index,ACTIVE,RAW
PEVT_01229,RAW_01229,"May 26, 2017",DELETION,GRASIM,,,Grasim Industries Ltd.,,2017-MAY,PARENT_NIFTY_500,REMOVE,ind_prs27042017.pdf,Page 1,2) NIFTY 500 Index,ACTIVE,RAW
PEVT_01230,RAW_01230,"May 26, 2017",DELETION,TUBEINVEST,,,Tube Investments of India Ltd.,,2017-MAY,PARENT_NIFTY_500,REMOVE,ind_prs27042017.pdf,Page 1,2) NIFTY 500 Index,ACTIVE,RAW
PEVT_01231,RAW_01231,"May 26, 2017",ADDITION,LAURUSLABS,,,Laurus Labs Ltd.,,2017-MAY,PARENT_NIFTY_500,ADD,ind_prs27042017.pdf,Page 2,2) NIFTY 500 Index,ACTIVE,RAW
PEVT_01232,RAW_01232,"May 26, 2017",ADDITION,PNBHOUSING,,,PNB Housing Finance Ltd.,,2017-MAY,PARENT_NIFTY_500,ADD,ind_prs27042017.pdf,Page 2,2) NIFTY 500 Index,ACTIVE,RAW
PEVT_01233,RAW_01233,"May 26, 2017",ADDITION,VBL,,,Varun Beverages Ltd.,,2017-MAY,PARENT_NIFTY_500,ADD,ind_prs27042017.pdf,Page 2,2) NIFTY 500 Index,ACTIVE,RAW
PEVT_01234,RAW_01234,"March 28, 2024",DELETION,AARTIDRUGS,,,Aarti Drugs Ltd.,,2024-MAR,PARENT_NIFTY_500,REMOVE,ind_prs28022024.pdf,Page 2,3) Nifty 500,ACTIVE,RAW
PEVT_01235,RAW_01235,"March 28, 2024",DELETION,BCG,,,Brightcom Group Ltd.,,2024-MAR,PARENT_NIFTY_500,REMOVE,ind_prs28022024.pdf,Page 2,3) Nifty 500,ACTIVE,RAW
PEVT_01236,RAW_01236,"March 28, 2024",DELETION,DELTACORP,,,Delta Corp Ltd.,,2024-MAR,PARENT_NIFTY_500,REMOVE,ind_prs28022024.pdf,Page 2,3) Nifty 500,ACTIVE,RAW
PEVT_01237,RAW_01237,"March 28, 2024",DELETION,EPIGRAL,,,Epigral Ltd.,,2024-MAR,PARENT_NIFTY_500,REMOVE,ind_prs28022024.pdf,Page 2,3) Nifty 500,ACTIVE,RAW
PEVT_01238,RAW_01238,"March 28, 2024",DELETION,GRINFRA,,,G R Infraprojects Ltd.,,2024-MAR,PARENT_NIFTY_500,REMOVE,ind_prs28022024.pdf,Page 2,3) Nifty 500,ACTIVE,RAW
PEVT_01239,RAW_01239,"March 28, 2024",DELETION,GALAXYSURF,,,Galaxy Surfactants Ltd.,,2024-MAR,PARENT_NIFTY_500,REMOVE,ind_prs28022024.pdf,Page 2,3) Nifty 500,ACTIVE,RAW
PEVT_01240,RAW_01240,"March 28, 2024",DELETION,GOCOLORS,,,Go Fashion (India) Ltd.,,2024-MAR,PARENT_NIFTY_500,REMOVE,ind_prs28022024.pdf,Page 2,3) Nifty 500,ACTIVE,RAW
PEVT_01241,RAW_01241,"March 28, 2024",DELETION,GUJALKALI,,,Gujarat Alkalies & Chemicals Ltd.,,2024-MAR,PARENT_NIFTY_500,REMOVE,ind_prs28022024.pdf,Page 2,3) Nifty 500,ACTIVE,RAW
PEVT_01242,RAW_01242,"March 28, 2024",DELETION,HLEGLAS,,,HLE Glascoat Ltd.,,2024-MAR,PARENT_NIFTY_500,REMOVE,ind_prs28022024.pdf,Page 2,3) Nifty 500,ACTIVE,RAW
PEVT_01243,RAW_01243,"March 28, 2024",DELETION,INFIBEAM,,,Infibeam Avenues Ltd.,,2024-MAR,PARENT_NIFTY_500,REMOVE,ind_prs28022024.pdf,Page 2,3) Nifty 500,ACTIVE,RAW
PEVT_01244,RAW_01244,"March 28, 2024",DELETION,INGERRAND,,,Ingersoll Rand (India) Ltd.,,2024-MAR,PARENT_NIFTY_500,REMOVE,ind_prs28022024.pdf,Page 2,3) Nifty 500,ACTIVE,RAW
PEVT_01245,RAW_01245,"March 28, 2024",DELETION,JAMNAAUTO,,,Jamna Auto Industries Ltd.,,2024-MAR,PARENT_NIFTY_500,REMOVE,ind_prs28022024.pdf,Page 2,3) Nifty 500,ACTIVE,RAW
PEVT_01246,RAW_01246,"March 28, 2024",DELETION,LAXMIMACH,,,Lakshmi Machine Works Ltd.,,2024-MAR,PARENT_NIFTY_500,REMOVE,ind_prs28022024.pdf,Page 2,3) Nifty 500,ACTIVE,RAW
PEVT_01247,RAW_01247,"March 28, 2024",DELETION,LUXIND,,,Lux Industries Ltd.,,2024-MAR,PARENT_NIFTY_500,REMOVE,ind_prs28022024.pdf,Page 2,3) Nifty 500,ACTIVE,RAW
PEVT_01248,RAW_01248,"March 28, 2024",DELETION,NAZARA,,,Nazara Technologies Ltd.,,2024-MAR,PARENT_NIFTY_500,REMOVE,ind_prs28022024.pdf,Page 2,3) Nifty 500,ACTIVE,RAW
PEVT_01249,RAW_01249,"March 28, 2024",DELETION,ORIENTELEC,,,Orient Electric Ltd.,,2024-MAR,PARENT_NIFTY_500,REMOVE,ind_prs28022024.pdf,Page 2,3) Nifty 500,ACTIVE,RAW
PEVT_01250,RAW_01250,"March 28, 2024",DELETION,PFIZER,,,Pfizer Ltd.,,2024-MAR,PARENT_NIFTY_500,REMOVE,ind_prs28022024.pdf,Page 2,3) Nifty 500,ACTIVE,RAW
PEVT_01251,RAW_01251,"March 28, 2024",DELETION,POLYPLEX,,,Polyplex Corporation Ltd.,,2024-MAR,PARENT_NIFTY_500,REMOVE,ind_prs28022024.pdf,Page 2,3) Nifty 500,ACTIVE,RAW
PEVT_01252,RAW_01252,"March 28, 2024",DELETION,PGHL,,,Procter & Gamble Health Ltd.,,2024-MAR,PARENT_NIFTY_500,REMOVE,ind_prs28022024.pdf,Page 2,3) Nifty 500,ACTIVE,RAW
PEVT_01253,RAW_01253,"March 28, 2024",DELETION,RAIN,,,Rain Industries Ltd,,2024-MAR,PARENT_NIFTY_500,REMOVE,ind_prs28022024.pdf,Page 2,3) Nifty 500,ACTIVE,RAW
PEVT_01254,RAW_01254,"March 28, 2024",DELETION,RALLIS,,,Rallis India Ltd.,,2024-MAR,PARENT_NIFTY_500,REMOVE,ind_prs28022024.pdf,Page 3,3) Nifty 500,ACTIVE,RAW
PEVT_01255,RAW_01255,"March 28, 2024",DELETION,RELAXO,,,Relaxo Footwears Ltd.,,2024-MAR,PARENT_NIFTY_500,REMOVE,ind_prs28022024.pdf,Page 3,3) Nifty 500,ACTIVE,RAW
PEVT_01256,RAW_01256,"March 28, 2024",DELETION,ROSSARI,,,Rossari Biotech Ltd.,,2024-MAR,PARENT_NIFTY_500,REMOVE,ind_prs28022024.pdf,Page 3,3) Nifty 500,ACTIVE,RAW
PEVT_01257,RAW_01257,"March 28, 2024",DELETION,SHARDACROP,,,Sharda Cropchem Ltd.,,2024-MAR,PARENT_NIFTY_500,REMOVE,ind_prs28022024.pdf,Page 3,3) Nifty 500,ACTIVE,RAW
PEVT_01258,RAW_01258,"March 28, 2024",DELETION,SFL,,,Sheela Foam Ltd.,,2024-MAR,PARENT_NIFTY_500,REMOVE,ind_prs28022024.pdf,Page 3,3) Nifty 500,ACTIVE,RAW
PEVT_01259,RAW_01259,"March 28, 2024",DELETION,SHOPERSTOP,,,Shoppers Stop Ltd.,,2024-MAR,PARENT_NIFTY_500,REMOVE,ind_prs28022024.pdf,Page 3,3) Nifty 500,ACTIVE,RAW
PEVT_01260,RAW_01260,"March 28, 2024",DELETION,SUPRAJIT,,,Suprajit Engineering Ltd.,,2024-MAR,PARENT_NIFTY_500,REMOVE,ind_prs28022024.pdf,Page 3,3) Nifty 500,ACTIVE,RAW
PEVT_01261,RAW_01261,"March 28, 2024",DELETION,SYMPHONY,,,Symphony Ltd.,,2024-MAR,PARENT_NIFTY_500,REMOVE,ind_prs28022024.pdf,Page 3,3) Nifty 500,ACTIVE,RAW
PEVT_01262,RAW_01262,"March 28, 2024",DELETION,TEAMLEASE,,,Teamlease Services Ltd.,,2024-MAR,PARENT_NIFTY_500,REMOVE,ind_prs28022024.pdf,Page 3,3) Nifty 500,ACTIVE,RAW
PEVT_01263,RAW_01263,"March 28, 2024",DELETION,TTKPRESTIG,,,TTK Prestige Ltd.,,2024-MAR,PARENT_NIFTY_500,REMOVE,ind_prs28022024.pdf,Page 3,3) Nifty 500,ACTIVE,RAW
PEVT_01264,RAW_01264,"March 28, 2024",DELETION,VGUARD,,,V-Guard Industries Ltd.,,2024-MAR,PARENT_NIFTY_500,REMOVE,ind_prs28022024.pdf,Page 3,3) Nifty 500,ACTIVE,RAW
PEVT_01265,RAW_01265,"March 28, 2024",DELETION,VINATIORGA,,,Vinati Organics Ltd.,,2024-MAR,PARENT_NIFTY_500,REMOVE,ind_prs28022024.pdf,Page 3,3) Nifty 500,ACTIVE,RAW
PEVT_01266,RAW_01266,"March 28, 2024",DELETION,VMART,,,V-Mart Retail Ltd.,,2024-MAR,PARENT_NIFTY_500,REMOVE,ind_prs28022024.pdf,Page 3,3) Nifty 500,ACTIVE,RAW
PEVT_01267,RAW_01267,"March 28, 2024",DELETION,ZYDUSWELL,,,Zydus Wellness Ltd.,,2024-MAR,PARENT_NIFTY_500,REMOVE,ind_prs28022024.pdf,Page 3,3) Nifty 500,ACTIVE,RAW
PEVT_01268,RAW_01268,"March 28, 2024",ADDITION,ACE,,,Action Construction Equipment Ltd.,,2024-MAR,PARENT_NIFTY_500,ADD,ind_prs28022024.pdf,Page 3,3) Nifty 500,ACTIVE,RAW
PEVT_01269,RAW_01269,"March 28, 2024",ADDITION,ANANDRATHI,,,Anand Rathi Wealth Ltd.,,2024-MAR,PARENT_NIFTY_500,ADD,ind_prs28022024.pdf,Page 3,3) Nifty 500,ACTIVE,RAW
PEVT_01271,RAW_01271,"March 28, 2024",ADDITION,CAPLIPOINT,,,Caplin Point Laboratories Ltd.,,2024-MAR,PARENT_NIFTY_500,ADD,ind_prs28022024.pdf,Page 3,3) Nifty 500,ACTIVE,RAW
PEVT_01272,RAW_01272,"March 28, 2024",ADDITION,CELLO,,,Cello World Ltd.,,2024-MAR,PARENT_NIFTY_500,ADD,ind_prs28022024.pdf,Page 3,3) Nifty 500,ACTIVE,RAW
PEVT_01273,RAW_01273,"March 28, 2024",ADDITION,CHENNPETRO,,,Chennai Petroleum Corporation Ltd.,,2024-MAR,PARENT_NIFTY_500,ADD,ind_prs28022024.pdf,Page 3,3) Nifty 500,ACTIVE,RAW
PEVT_01274,RAW_01274,"March 28, 2024",ADDITION,DOMS,,,DOMS Industries Ltd.,,2024-MAR,PARENT_NIFTY_500,ADD,ind_prs28022024.pdf,Page 3,3) Nifty 500,ACTIVE,RAW
PEVT_01275,RAW_01275,"March 28, 2024",ADDITION,ELECON,,,Elecon Engineering Co. Ltd.,,2024-MAR,PARENT_NIFTY_500,ADD,ind_prs28022024.pdf,Page 3,3) Nifty 500,ACTIVE,RAW
PEVT_01276,RAW_01276,"March 28, 2024",ADDITION,GRSE,,,Garden Reach Shipbuilders & Engineers Ltd.,,2024-MAR,PARENT_NIFTY_500,ADD,ind_prs28022024.pdf,Page 3,3) Nifty 500,ACTIVE,RAW
PEVT_01277,RAW_01277,"March 28, 2024",ADDITION,GMDCLTD,,,Gujarat Mineral Development Corporation Ltd.,,2024-MAR,PARENT_NIFTY_500,ADD,ind_prs28022024.pdf,Page 3,3) Nifty 500,ACTIVE,RAW
PEVT_01278,RAW_01278,"March 28, 2024",ADDITION,HAPPYFORGE,,,Happy Forgings Ltd.,,2024-MAR,PARENT_NIFTY_500,ADD,ind_prs28022024.pdf,Page 3,3) Nifty 500,ACTIVE,RAW
PEVT_01279,RAW_01279,"March 28, 2024",ADDITION,HBLPOWER,,,HBL Power Systems Ltd.,,2024-MAR,PARENT_NIFTY_500,ADD,ind_prs28022024.pdf,Page 3,3) Nifty 500,ACTIVE,RAW
PEVT_01280,RAW_01280,"March 28, 2024",ADDITION,HSCL,,,Himadri Speciality Chemical Ltd.,,2024-MAR,PARENT_NIFTY_500,ADD,ind_prs28022024.pdf,Page 3,3) Nifty 500,ACTIVE,RAW
PEVT_01281,RAW_01281,"March 28, 2024",ADDITION,HONASA,,,Honasa Consumer Ltd.,,2024-MAR,PARENT_NIFTY_500,ADD,ind_prs28022024.pdf,Page 3,3) Nifty 500,ACTIVE,RAW
PEVT_01282,RAW_01282,"March 28, 2024",ADDITION,IREDA,,,Indian Renewable Energy Development Agency Ltd.,,2024-MAR,PARENT_NIFTY_500,ADD,ind_prs28022024.pdf,Page 3,3) Nifty 500,ACTIVE,RAW
PEVT_01283,RAW_01283,"March 28, 2024",ADDITION,INOXWIND,,,Inox Wind Ltd.,,2024-MAR,PARENT_NIFTY_500,ADD,ind_prs28022024.pdf,Page 3,3) Nifty 500,ACTIVE,RAW
PEVT_01284,RAW_01284,"March 28, 2024",ADDITION,JAIBALAJI,,,Jai Balaji Industries Ltd.,,2024-MAR,PARENT_NIFTY_500,ADD,ind_prs28022024.pdf,Page 3,3) Nifty 500,ACTIVE,RAW
PEVT_01285,RAW_01285,"March 28, 2024",ADDITION,J&KBANK,,,Jammu & Kashmir Bank Ltd.,,2024-MAR,PARENT_NIFTY_500,ADD,ind_prs28022024.pdf,Page 3,3) Nifty 500,ACTIVE,RAW
PEVT_01286,RAW_01286,"March 28, 2024",ADDITION,JIOFIN,,,Jio Financial Services Ltd.,,2024-MAR,PARENT_NIFTY_500,ADD,ind_prs28022024.pdf,Page 3,3) Nifty 500,ACTIVE,RAW
PEVT_01287,RAW_01287,"March 28, 2024",ADDITION,JSWINFRA,,,JSW Infrastructure Ltd.,,2024-MAR,PARENT_NIFTY_500,ADD,ind_prs28022024.pdf,Page 4,3) Nifty 500,ACTIVE,RAW
PEVT_01288,RAW_01288,"March 28, 2024",ADDITION,JWL,,,Jupiter Wagons Ltd.,,2024-MAR,PARENT_NIFTY_500,ADD,ind_prs28022024.pdf,Page 4,3) Nifty 500,ACTIVE,RAW
PEVT_01289,RAW_01289,"March 28, 2024",ADDITION,LLOYDSME,,,Lloyds Metals And Energy Ltd.,,2024-MAR,PARENT_NIFTY_500,ADD,ind_prs28022024.pdf,Page 4,3) Nifty 500,ACTIVE,RAW
PEVT_01290,RAW_01290,"March 28, 2024",ADDITION,MAHSEAMLES,,,Maharashtra Seamless Ltd.,,2024-MAR,PARENT_NIFTY_500,ADD,ind_prs28022024.pdf,Page 4,3) Nifty 500,ACTIVE,RAW
PEVT_01291,RAW_01291,"March 28, 2024",ADDITION,NUVAMA,,,Nuvama Wealth Management Ltd.,,2024-MAR,PARENT_NIFTY_500,ADD,ind_prs28022024.pdf,Page 4,3) Nifty 500,ACTIVE,RAW
PEVT_01292,RAW_01292,"March 28, 2024",ADDITION,RRKABEL,,,R R Kabel Ltd.,,2024-MAR,PARENT_NIFTY_500,ADD,ind_prs28022024.pdf,Page 4,3) Nifty 500,ACTIVE,RAW
PEVT_01293,RAW_01293,"March 28, 2024",ADDITION,RAILTEL,,,Railtel Corporation Of India Ltd.,,2024-MAR,PARENT_NIFTY_500,ADD,ind_prs28022024.pdf,Page 4,3) Nifty 500,ACTIVE,RAW
PEVT_01294,RAW_01294,"March 28, 2024",ADDITION,RKFORGE,,,Ramkrishna Forgings Ltd.,,2024-MAR,PARENT_NIFTY_500,ADD,ind_prs28022024.pdf,Page 4,3) Nifty 500,ACTIVE,RAW
PEVT_01295,RAW_01295,"March 28, 2024",ADDITION,SBFC,,,SBFC Finance Ltd.,,2024-MAR,PARENT_NIFTY_500,ADD,ind_prs28022024.pdf,Page 4,3) Nifty 500,ACTIVE,RAW
PEVT_01296,RAW_01296,"March 28, 2024",ADDITION,SCHNEIDER,,,Schneider Electric Infrastructure Ltd.,,2024-MAR,PARENT_NIFTY_500,ADD,ind_prs28022024.pdf,Page 4,3) Nifty 500,ACTIVE,RAW
PEVT_01297,RAW_01297,"March 28, 2024",ADDITION,SIGNATURE,,,Signatureglobal (India) Ltd.,,2024-MAR,PARENT_NIFTY_500,ADD,ind_prs28022024.pdf,Page 4,3) Nifty 500,ACTIVE,RAW
PEVT_01298,RAW_01298,"March 28, 2024",ADDITION,TMB,,,Tamilnad Mercantile Bank Ltd.,,2024-MAR,PARENT_NIFTY_500,ADD,ind_prs28022024.pdf,Page 4,3) Nifty 500,ACTIVE,RAW
PEVT_01299,RAW_01299,"March 28, 2024",ADDITION,TATATECH,,,Tata Technologies Ltd.,,2024-MAR,PARENT_NIFTY_500,ADD,ind_prs28022024.pdf,Page 4,3) Nifty 500,ACTIVE,RAW
PEVT_01300,RAW_01300,"March 28, 2024",ADDITION,TITAGARH,,,Titagarh Rail Systems Ltd.,,2024-MAR,PARENT_NIFTY_500,ADD,ind_prs28022024.pdf,Page 4,3) Nifty 500,ACTIVE,RAW
PEVT_01301,RAW_01301,"March 28, 2024",ADDITION,TVSSCS,,,TVS Supply Chain Solutions Ltd.,,2024-MAR,PARENT_NIFTY_500,ADD,ind_prs28022024.pdf,Page 4,3) Nifty 500,ACTIVE,RAW
PEVT_01302,RAW_01302,"September 29, 2017",DELETION,RELCAPITAL,,,Reliance Capital Ltd.,,2017-SEP,PARENT_NIFTY_500,REMOVE,ind_prs29082017.pdf,Page 1,1) NIFTY 500 Index,ACTIVE,RAW
PEVT_01303,RAW_01303,"September 29, 2017",DELETION,MFSL,,,Max Financial Services Ltd.,,2017-SEP,PARENT_NIFTY_500,REMOVE,ind_prs29082017.pdf,Page 1,1) NIFTY 500 Index,ACTIVE,RAW
PEVT_01304,RAW_01304,"September 28, 2018",DELETION,KPIT,,,KPIT Technologies Ltd.,,2018-SEP,PARENT_NIFTY_500,REMOVE,ind_prs31082018.pdf,Page 1,1) NIFTY 500,ACTIVE,RAW
PEVT_01305,RAW_01305,"September 28, 2018",DELETION,SHILPAMED,,,Shilpa Medicare Ltd.,,2018-SEP,PARENT_NIFTY_500,REMOVE,ind_prs31082018.pdf,Page 1,1) NIFTY 500,ACTIVE,RAW
